#
# There is insufficient memory for the Java Runtime Environment to continue.
# Native memory allocation (mmap) failed to map 1681915904 bytes for G1 virtual space
# Possible reasons:
#   The system is out of physical RAM or swap space
#   The process is running with CompressedOops enabled, and the Java Heap may be blocking the growth of the native heap
# Possible solutions:
#   Reduce memory load on the system
#   Increase physical memory or swap space
#   Check if swap backing store is full
#   Decrease Java heap size (-Xmx/-Xms)
#   Decrease number of Java threads
#   Decrease Java thread stack sizes (-Xss)
#   Set larger code cache with -XX:ReservedCodeCacheSize=
#   JVM is running with Zero Based Compressed Oops mode in which the Java heap is
#     placed in the first 32GB address space. The Java Heap base address is the
#     maximum limit for the native heap growth. Please use -XX:HeapBaseMinAddress
#     to set the Java Heap base and to place the Java Heap above 32GB virtual address.
# This output file may be truncated or incomplete.
#
#  Out of Memory Error (os_windows.cpp:3527), pid=22828, tid=19580
#
# JRE version: Java(TM) SE Runtime Environment (19.0.1+10) (build 19.0.1+10-21)
# Java VM: Java HotSpot(TM) 64-Bit Server VM (19.0.1+10-21, mixed mode, sharing, tiered, compressed oops, compressed class ptrs, g1 gc, windows-amd64)
# No core dump will be written. Minidumps are not enabled by default on client versions of Windows
#

---------------  S U M M A R Y ------------

Command Line: -XX:MaxMetaspaceSize=4G -XX:ReservedCodeCacheSize=512m -XX:+HeapDumpOnOutOfMemoryError --add-opens=java.base/java.util=ALL-UNNAMED --add-opens=java.base/java.lang=ALL-UNNAMED --add-opens=java.base/java.lang.invoke=ALL-UNNAMED --add-opens=java.prefs/java.util.prefs=ALL-UNNAMED --add-exports=jdk.compiler/com.sun.tools.javac.api=ALL-UNNAMED --add-exports=jdk.compiler/com.sun.tools.javac.util=ALL-UNNAMED --add-opens=java.base/java.nio.charset=ALL-UNNAMED --add-opens=java.base/java.net=ALL-UNNAMED --add-opens=java.base/java.util.concurrent.atomic=ALL-UNNAMED -Xmx8G -Dfile.encoding=UTF-8 -Duser.country=IN -Duser.language=en -Duser.variant -javaagent:C:\Users\RAHUL\.gradle\wrapper\dists\gradle-8.10.2-all\7iv73wktx1xtkvlq19urqw1wm\gradle-8.10.2\lib\agents\gradle-instrumentation-agent-8.10.2.jar org.gradle.launcher.daemon.bootstrap.GradleDaemon 8.10.2

Host: AMD Ryzen 5 5600H with Radeon Graphics         , 12 cores, 7G,  Windows 11 , 64 bit Build 26100 (10.0.26100.5074)
Time: Mon Sep 15 12:12:25 2025 India Standard Time elapsed time: 4126.344030 seconds (0d 1h 8m 46s)

---------------  T H R E A D  ---------------

Current thread (0x0000025675300740):  VMThread "VM Thread" [stack: 0x000000d810500000,0x000000d810600000] [id=19580]

Stack: [0x000000d810500000,0x000000d810600000]
Native frames: (J=compiled Java code, j=interpreted, Vv=VM code, C=native code)
V  [jvm.dll+0x6ee8fa]
V  [jvm.dll+0x857a1e]
V  [jvm.dll+0x85940e]
V  [jvm.dll+0x859ac3]
V  [jvm.dll+0x28291f]
V  [jvm.dll+0x6eb6e9]
V  [jvm.dll+0x6e028a]
V  [jvm.dll+0x357136]
V  [jvm.dll+0x35eb96]
V  [jvm.dll+0x3b555e]
V  [jvm.dll+0x3b578f]
V  [jvm.dll+0x32c6ea]
V  [jvm.dll+0x32c797]
V  [jvm.dll+0x374b52]
V  [jvm.dll+0x37328f]
V  [jvm.dll+0x32bf10]
V  [jvm.dll+0x37282b]
V  [jvm.dll+0x85ef83]
V  [jvm.dll+0x85fd49]
V  [jvm.dll+0x86027d]
V  [jvm.dll+0x86070b]
V  [jvm.dll+0x8607c7]
V  [jvm.dll+0x8015fa]
V  [jvm.dll+0x6ed5eb]
C  [ucrtbase.dll+0x37b0]
C  [KERNEL32.DLL+0x2e8d7]
C  [ntdll.dll+0x8d9c]

VM_Operation (0x000000d81e5fdec0): G1CollectForAllocation, mode: safepoint, requested by thread 0x000002567c626910


---------------  P R O C E S S  ---------------

Threads class SMR info:
_java_thread_list=0x000002562b08fef0, length=221, elements={
0x0000025657a979d0, 0x000002567531bdf0, 0x000002567531d530, 0x00000256753230f0,
0x0000025675325a30, 0x0000025675327070, 0x000002567532a6c0, 0x00000256753385f0,
0x000002567c020090, 0x000002567c0207b0, 0x00000256752f0cd0, 0x000002567c2c5c40,
0x000002567cbfe9d0, 0x000002567dafd020, 0x000002567d9dfa80, 0x000002567da9d7b0,
0x000002567da9e250, 0x000002567da9bd20, 0x000002567da9c7c0, 0x0000025620d38b30,
0x0000025620d39080, 0x000002562182c880, 0x0000025621918ef0, 0x0000025621ff0af0,
0x0000025621fef060, 0x0000025621ff2ad0, 0x0000025621ff3020, 0x0000025621fef5b0,
0x0000025621ff4ab0, 0x0000025628631720, 0x0000025621feeb10, 0x000002562182e860,
0x000002562191d950, 0x000002562191e940, 0x000002562191a430, 0x000002562191f3e0,
0x0000025621ff5aa0, 0x0000025622d466e0, 0x00000256200aec20, 0x0000025628f13470,
0x00000256201886c0, 0x0000025620187c20, 0x0000025620188c10, 0x0000025628a15a10,
0x0000025628a13f80, 0x0000025628a14f70, 0x0000025629c4a040, 0x0000025629c4a590,
0x0000025629c4aae0, 0x0000025628a15f60, 0x0000025628a144d0, 0x0000025628a16a00,
0x0000025628a164b0, 0x0000025628a16f50, 0x0000025628a154c0, 0x0000025628a14a20,
0x0000025628a174a0, 0x000002567ead3ae0, 0x000002567ead5570, 0x000002567ead5ac0,
0x000002567ead5020, 0x000002567ead6560, 0x000002567ead7000, 0x0000025629c4b030,
0x000002567d2b9170, 0x000002567d2b61a0, 0x000002567d2b7c30, 0x0000025628f12480,
0x0000025628f11f30, 0x0000025628f129d0, 0x0000025628f12f20, 0x00000256204ea110,
0x00000256204e6bf0, 0x0000025622d451a0, 0x0000025622d46c30, 0x00000256200ad6e0,
0x00000256226da580, 0x00000256226d8af0, 0x00000256226d8050, 0x00000256226d75b0,
0x00000256226da030, 0x00000256226d9ae0, 0x00000256226d9040, 0x00000256226d7060,
0x00000256226db020, 0x00000256226d7b00, 0x00000256226dbac0, 0x000002567c405630,
0x00000256200adc30, 0x00000256200ae180, 0x00000256200ae6d0, 0x0000025621b20780,
0x00000256204e7140, 0x00000256204e9670, 0x00000256204e8680, 0x00000256204e7690,
0x00000256204e7be0, 0x00000256204e9bc0, 0x0000025622d47180, 0x0000025622d45c40,
0x0000025622d44c50, 0x000002567c404b90, 0x000002567c404640, 0x000002567c4040f0,
0x000002567c4050e0, 0x000002562222b5d0, 0x000002562222bb20, 0x000002562222c070,
0x000002562222c5c0, 0x00000256222290a0, 0x0000025621b1e250, 0x0000025621b1f240,
0x0000025621b1fce0, 0x0000025621b1ecf0, 0x0000025621b1dd00, 0x0000025621b20cd0,
0x0000025621b21220, 0x0000025621b1e7a0, 0x0000025621b20230, 0x0000025621b1f790,
0x00000256214c1b70, 0x00000256201876d0, 0x0000025620188170, 0x00000256201bdf20,
0x00000256201be470, 0x00000256201be9c0, 0x00000256201c09a0, 0x00000256201c1440,
0x00000256201bef10, 0x00000256201bf460, 0x00000256201bf9b0, 0x00000256201bff00,
0x00000256201c0450, 0x00000256201c0ef0, 0x000002567dec0870, 0x000002567debf880,
0x000002567dec0dc0, 0x000002567dec0320, 0x000002567debfdd0, 0x000002567debd8a0,
0x000002567debede0, 0x000002567debddf0, 0x000002567debe340, 0x000002567debf330,
0x00000256204e8bd0, 0x00000256204e8130, 0x00000256204e9120, 0x0000025620b74030,
0x0000025620b72af0, 0x0000025620b73590, 0x0000025620b725a0, 0x0000025620b73040,
0x0000025620b73ae0, 0x0000025620b74580, 0x0000025620b71060, 0x0000025622d476d0,
0x0000025622d44700, 0x0000025622d46190, 0x0000025622d456f0, 0x0000025622d47c20,
0x00000256214c4640, 0x00000256214c4b90, 0x00000256214c50e0, 0x00000256214c3ba0,
0x000002567cfe7fe0, 0x000002567cfe8a80, 0x000002567cfeaa60, 0x000002567cfeafb0,
0x000002567cfeb500, 0x000002567cfe8530, 0x000002567cfea510, 0x000002567cfe9a70,
0x000002567cfe8fd0, 0x000002567cfe9520, 0x000002567cfe9fc0, 0x00000256214c40f0,
0x000002562a4b8e80, 0x000002562a4b7e90, 0x000002562a4b6ea0, 0x000002562a4b83e0,
0x000002562a4b73f0, 0x000002562a4b7940, 0x000002562a4b8930, 0x000002562a4b93d0,
0x000002562a4ba3c0, 0x000002562a4b9920, 0x000002562a4b9e70, 0x000002562914a020,
0x000002562914bab0, 0x00000256214c00e0, 0x00000256214c2b60, 0x00000256214c1620,
0x00000256214c20c0, 0x0000025621413ae0, 0x00000256214125a0, 0x000002562222ab30,
0x000002567debe890, 0x0000025628ffa060, 0x000002567c6263c0, 0x000002567ead4ad0,
0x000002567ead4030, 0x000002567ead4580, 0x00000256226defe0, 0x00000256226df530,
0x00000256226dfa80, 0x00000256222295f0, 0x0000025622229b40, 0x000002562aefcf80,
0x000002562aefba40, 0x0000025628ff9070, 0x0000025628ffa5b0, 0x000002567c625920,
0x000002567c6288f0, 0x0000025628ff9b10, 0x000002567c626910, 0x00000256226ddaa0,
0x000002562aefafa0, 0x000002567d2b66f0, 0x000002567d2b6c40, 0x0000025629a28500,
0x0000025629a28a50
}
_to_delete_list=0x000002563a07f090, length=222, elements={
0x0000025657a979d0, 0x000002567531bdf0, 0x000002567531d530, 0x00000256753230f0,
0x0000025675325a30, 0x0000025675327070, 0x000002567532a6c0, 0x00000256753385f0,
0x000002567c020090, 0x000002567c0207b0, 0x00000256752f0cd0, 0x000002567c2c5c40,
0x000002567cbfe9d0, 0x000002567dafd020, 0x000002567d9dfa80, 0x000002567da9d7b0,
0x000002567da9e250, 0x000002567da9bd20, 0x000002567da9c7c0, 0x0000025620d38b30,
0x0000025620d39080, 0x000002562182c880, 0x0000025621918ef0, 0x0000025621ff0af0,
0x0000025621fef060, 0x0000025621ff2ad0, 0x0000025621ff3020, 0x0000025621fef5b0,
0x0000025621ff4ab0, 0x0000025628631720, 0x0000025621feeb10, 0x000002562182e860,
0x000002562191d950, 0x000002562191e940, 0x000002562191a430, 0x000002562191f3e0,
0x0000025621ff5aa0, 0x0000025622d466e0, 0x00000256200aec20, 0x0000025628f13470,
0x00000256201886c0, 0x0000025620187c20, 0x0000025620188c10, 0x0000025628a15a10,
0x0000025628a13f80, 0x0000025628a14f70, 0x0000025629c4a040, 0x0000025629c4a590,
0x0000025629c4aae0, 0x0000025628a15f60, 0x0000025628a144d0, 0x0000025628a16a00,
0x0000025628a164b0, 0x0000025628a16f50, 0x0000025628a154c0, 0x0000025628a14a20,
0x0000025628a174a0, 0x000002567ead3ae0, 0x000002567ead5570, 0x000002567ead5ac0,
0x000002567ead5020, 0x000002567ead6560, 0x000002567ead7000, 0x0000025629c4b030,
0x000002567d2b9170, 0x000002567d2b61a0, 0x000002567d2b7c30, 0x0000025628f12480,
0x0000025628f11f30, 0x0000025628f129d0, 0x0000025628f12f20, 0x00000256204ea110,
0x00000256204e6bf0, 0x0000025622d451a0, 0x0000025622d46c30, 0x00000256200ad6e0,
0x00000256226da580, 0x00000256226d8af0, 0x00000256226d8050, 0x00000256226d75b0,
0x00000256226da030, 0x00000256226d9ae0, 0x00000256226d9040, 0x00000256226d7060,
0x00000256226db020, 0x00000256226d7b00, 0x00000256226dbac0, 0x000002567c405630,
0x00000256200adc30, 0x00000256200ae180, 0x00000256200ae6d0, 0x0000025621b20780,
0x00000256204e7140, 0x00000256204e9670, 0x00000256204e8680, 0x00000256204e7690,
0x00000256204e7be0, 0x00000256204e9bc0, 0x0000025622d47180, 0x0000025622d45c40,
0x0000025622d44c50, 0x000002567c404b90, 0x000002567c404640, 0x000002567c4040f0,
0x000002567c4050e0, 0x000002562222b5d0, 0x000002562222bb20, 0x000002562222c070,
0x000002562222c5c0, 0x00000256222290a0, 0x0000025621b1e250, 0x0000025621b1f240,
0x0000025621b1fce0, 0x0000025621b1ecf0, 0x0000025621b1dd00, 0x0000025621b20cd0,
0x0000025621b21220, 0x0000025621b1e7a0, 0x0000025621b20230, 0x0000025621b1f790,
0x00000256214c1b70, 0x00000256201876d0, 0x0000025620188170, 0x00000256201bdf20,
0x00000256201be470, 0x00000256201be9c0, 0x00000256201c09a0, 0x00000256201c1440,
0x00000256201bef10, 0x00000256201bf460, 0x00000256201bf9b0, 0x00000256201bff00,
0x00000256201c0450, 0x00000256201c0ef0, 0x000002567dec0870, 0x000002567debf880,
0x000002567dec0dc0, 0x000002567dec0320, 0x000002567debfdd0, 0x000002567debd8a0,
0x000002567debede0, 0x000002567debddf0, 0x000002567debe340, 0x000002567debf330,
0x00000256204e8bd0, 0x00000256204e8130, 0x00000256204e9120, 0x0000025620b74030,
0x0000025620b72af0, 0x0000025620b73590, 0x0000025620b725a0, 0x0000025620b73040,
0x0000025620b73ae0, 0x0000025620b74580, 0x0000025620b71060, 0x0000025622d476d0,
0x0000025622d44700, 0x0000025622d46190, 0x0000025622d456f0, 0x0000025622d47c20,
0x00000256214c4640, 0x00000256214c4b90, 0x00000256214c50e0, 0x00000256214c3ba0,
0x000002567cfe7fe0, 0x000002567cfe8a80, 0x000002567cfeaa60, 0x000002567cfeafb0,
0x000002567cfeb500, 0x000002567cfe8530, 0x000002567cfea510, 0x000002567cfe9a70,
0x000002567cfe8fd0, 0x000002567cfe9520, 0x000002567cfe9fc0, 0x00000256214c40f0,
0x000002562a4b8e80, 0x000002562a4b7e90, 0x000002562a4b6ea0, 0x000002562a4b83e0,
0x000002562a4b73f0, 0x000002562a4b7940, 0x000002562a4b8930, 0x000002562a4b93d0,
0x000002562a4ba3c0, 0x000002562a4b9920, 0x000002562a4b9e70, 0x000002562914a020,
0x000002562914bab0, 0x00000256214c00e0, 0x00000256214c2b60, 0x00000256214c1620,
0x00000256214c20c0, 0x0000025621413ae0, 0x00000256214125a0, 0x000002562222ab30,
0x000002567debe890, 0x0000025628ffa060, 0x000002567c6263c0, 0x000002567ead4ad0,
0x000002567ead4030, 0x000002567ead4580, 0x00000256226defe0, 0x00000256226df530,
0x00000256226dfa80, 0x00000256222295f0, 0x0000025622229b40, 0x000002562aefcf80,
0x000002562aefba40, 0x0000025628ff9070, 0x0000025628ffa5b0, 0x000002567c625920,
0x000002567c6288f0, 0x0000025628ff9b10, 0x000002567c626910, 0x00000256226ddaa0,
0x000002562aefafa0, 0x000002567d2b66f0, 0x000002567d2b6c40, 0x0000025629a28500,
0x0000025629a28a50, 0x0000025628c53830
}

Java Threads: ( => current thread )
  0x0000025657a979d0 JavaThread "main" [_thread_blocked, id=13516, stack(0x000000d80ff00000,0x000000d810000000)]
  0x000002567531bdf0 JavaThread "Reference Handler" daemon [_thread_blocked, id=23904, stack(0x000000d810600000,0x000000d810700000)]
  0x000002567531d530 JavaThread "Finalizer" daemon [_thread_blocked, id=12452, stack(0x000000d810700000,0x000000d810800000)]
  0x00000256753230f0 JavaThread "Signal Dispatcher" daemon [_thread_blocked, id=15956, stack(0x000000d810800000,0x000000d810900000)]
  0x0000025675325a30 JavaThread "Attach Listener" daemon [_thread_blocked, id=1268, stack(0x000000d810900000,0x000000d810a00000)]
  0x0000025675327070 JavaThread "Service Thread" daemon [_thread_blocked, id=17784, stack(0x000000d810a00000,0x000000d810b00000)]
  0x000002567532a6c0 JavaThread "Monitor Deflation Thread" daemon [_thread_blocked, id=18028, stack(0x000000d810b00000,0x000000d810c00000)]
  0x00000256753385f0 JavaThread "C2 CompilerThread0" daemon [_thread_blocked, id=10760, stack(0x000000d810c00000,0x000000d810d00000)]
  0x000002567c020090 JavaThread "C1 CompilerThread0" daemon [_thread_blocked, id=23492, stack(0x000000d810d00000,0x000000d810e00000)]
  0x000002567c0207b0 JavaThread "Sweeper thread" daemon [_thread_blocked, id=22852, stack(0x000000d810e00000,0x000000d810f00000)]
  0x00000256752f0cd0 JavaThread "Common-Cleaner" daemon [_thread_blocked, id=11620, stack(0x000000d810f00000,0x000000d811000000)]
  0x000002567c2c5c40 JavaThread "Notification Thread" daemon [_thread_blocked, id=21272, stack(0x000000d811000000,0x000000d811100000)]
  0x000002567cbfe9d0 JavaThread "Daemon health stats" [_thread_blocked, id=17240, stack(0x000000d811900000,0x000000d811a00000)]
  0x000002567dafd020 JavaThread "Incoming local TCP Connector on port 54047" [_thread_in_native, id=16236, stack(0x000000d811a00000,0x000000d811b00000)]
  0x000002567d9dfa80 JavaThread "Daemon periodic checks" [_thread_blocked, id=5128, stack(0x000000d811b00000,0x000000d811c00000)]
  0x000002567da9d7b0 JavaThread "Cache worker for journal cache (C:\Users\RAHUL\.gradle\caches\journal-1)" [_thread_blocked, id=880, stack(0x000000d812400000,0x000000d812500000)]
  0x000002567da9e250 JavaThread "File lock request listener" [_thread_in_native, id=6760, stack(0x000000d812500000,0x000000d812600000)]
  0x000002567da9bd20 JavaThread "Cache worker for file hash cache (C:\Users\RAHUL\.gradle\caches\8.10.2\fileHashes)" [_thread_blocked, id=22884, stack(0x000000d812300000,0x000000d812400000)]
  0x000002567da9c7c0 JavaThread "File watcher server" daemon [_thread_blocked, id=16716, stack(0x000000d812e00000,0x000000d812f00000)]
  0x0000025620d38b30 JavaThread "File watcher consumer" daemon [_thread_blocked, id=27304, stack(0x000000d812f00000,0x000000d813000000)]
  0x0000025620d39080 JavaThread "Cache worker for file content cache (C:\Users\RAHUL\.gradle\caches\8.10.2\fileContent)" [_thread_blocked, id=19444, stack(0x000000d813100000,0x000000d813200000)]
  0x000002562182c880 JavaThread "Memory manager" [_thread_blocked, id=22240, stack(0x000000d815700000,0x000000d815800000)]
  0x0000025621918ef0 JavaThread "jar transforms" [_thread_blocked, id=736, stack(0x000000d81a800000,0x000000d81a900000)]
  0x0000025621ff0af0 JavaThread "jar transforms Thread 2" [_thread_blocked, id=4480, stack(0x000000d81be00000,0x000000d81bf00000)]
  0x0000025621fef060 JavaThread "jar transforms Thread 3" [_thread_blocked, id=1796, stack(0x000000d81bf00000,0x000000d81c000000)]
  0x0000025621ff2ad0 JavaThread "jar transforms Thread 4" [_thread_blocked, id=3928, stack(0x000000d81c000000,0x000000d81c100000)]
  0x0000025621ff3020 JavaThread "jar transforms Thread 5" [_thread_blocked, id=14772, stack(0x000000d81c100000,0x000000d81c200000)]
  0x0000025621fef5b0 JavaThread "jar transforms Thread 6" [_thread_blocked, id=2776, stack(0x000000d81c200000,0x000000d81c300000)]
  0x0000025621ff4ab0 JavaThread "pool-3-thread-1" [_thread_blocked, id=14300, stack(0x000000d81c500000,0x000000d81c600000)]
  0x0000025628631720 JavaThread "pool-7-thread-1" [_thread_blocked, id=17952, stack(0x000000d81ba00000,0x000000d81bb00000)]
  0x0000025621feeb10 JavaThread "pool-10-thread-1" [_thread_blocked, id=4848, stack(0x000000d81bb00000,0x000000d81bc00000)]
  0x000002562182e860 JavaThread "pool-14-thread-1" [_thread_blocked, id=22508, stack(0x000000d81b900000,0x000000d81ba00000)]
  0x000002562191d950 JavaThread "pool-18-thread-1" [_thread_blocked, id=15644, stack(0x000000d81bc00000,0x000000d81bd00000)]
  0x000002562191e940 JavaThread "pool-22-thread-1" [_thread_blocked, id=26984, stack(0x000000d81bd00000,0x000000d81be00000)]
  0x000002562191a430 JavaThread "pool-25-thread-1" [_thread_blocked, id=16580, stack(0x000000d81c600000,0x000000d81c700000)]
  0x000002562191f3e0 JavaThread "pool-29-thread-1" [_thread_blocked, id=2260, stack(0x000000d81c300000,0x000000d81c400000)]
  0x0000025621ff5aa0 JavaThread "pool-32-thread-1" [_thread_blocked, id=17308, stack(0x000000d81c400000,0x000000d81c500000)]
  0x0000025622d466e0 JavaThread "pool-36-thread-1" [_thread_blocked, id=17464, stack(0x000000d81c700000,0x000000d81c800000)]
  0x00000256200aec20 JavaThread "pool-39-thread-1" [_thread_blocked, id=6248, stack(0x000000d81ce00000,0x000000d81cf00000)]
  0x0000025628f13470 JavaThread "Daemon Thread 10" [_thread_blocked, id=22396, stack(0x000000d80fc00000,0x000000d80fd00000)]
  0x00000256201886c0 JavaThread "Handler for socket connection from /127.0.0.1:54047 to /127.0.0.1:63529" [_thread_in_native, id=16140, stack(0x000000d80fd00000,0x000000d80fe00000)]
  0x0000025620187c20 JavaThread "Cancel handler" [_thread_blocked, id=17272, stack(0x000000d80fe00000,0x000000d80ff00000)]
  0x0000025620188c10 JavaThread "Daemon worker Thread 10" [_thread_blocked, id=12268, stack(0x000000d811c00000,0x000000d811d00000)]
  0x0000025628a15a10 JavaThread "Asynchronous log dispatcher for DefaultDaemonConnection: socket connection from /127.0.0.1:54047 to /127.0.0.1:63529" [_thread_blocked, id=27312, stack(0x000000d811d00000,0x000000d811e00000)]
  0x0000025628a13f80 JavaThread "Stdin handler" [_thread_blocked, id=24536, stack(0x000000d811e00000,0x000000d811f00000)]
  0x0000025628a14f70 JavaThread "Daemon client event forwarder" [_thread_blocked, id=23332, stack(0x000000d811f00000,0x000000d812000000)]
  0x0000025629c4a040 JavaThread "Cache worker for file hash cache (L:\flutter Projects\moodmate\moodmate\android\.gradle\8.10.2\fileHashes)" [_thread_blocked, id=11688, stack(0x000000d812000000,0x000000d812100000)]
  0x0000025629c4a590 JavaThread "Cache worker for Build Output Cleanup Cache (L:\flutter Projects\moodmate\moodmate\android\.gradle\buildOutputCleanup)" [_thread_blocked, id=18000, stack(0x000000d812100000,0x000000d812200000)]
  0x0000025629c4aae0 JavaThread "Cache worker for checksums cache (L:\flutter Projects\moodmate\moodmate\android\.gradle\8.10.2\checksums)" [_thread_blocked, id=7560, stack(0x000000d812200000,0x000000d812300000)]
  0x0000025628a15f60 JavaThread "Cache worker for cache directory md-rule (C:\Users\RAHUL\.gradle\caches\8.10.2\md-rule)" [_thread_blocked, id=3040, stack(0x000000d812600000,0x000000d812700000)]
  0x0000025628a144d0 JavaThread "Cache worker for cache directory md-supplier (C:\Users\RAHUL\.gradle\caches\8.10.2\md-supplier)" [_thread_blocked, id=13180, stack(0x000000d812b00000,0x000000d812c00000)]
  0x0000025628a16a00 JavaThread "Cache worker for Build Output Cleanup Cache (L:\flutter sdk\flutter\packages\flutter_tools\gradle\.gradle\buildOutputCleanup)" [_thread_blocked, id=23820, stack(0x000000d812c00000,0x000000d812d00000)]
  0x0000025628a164b0 JavaThread "Unconstrained build operations" [_thread_blocked, id=25828, stack(0x000000d812d00000,0x000000d812e00000)]
  0x0000025628a16f50 JavaThread "Unconstrained build operations Thread 2" [_thread_blocked, id=19696, stack(0x000000d813000000,0x000000d813100000)]
  0x0000025628a154c0 JavaThread "Unconstrained build operations Thread 3" [_thread_blocked, id=14392, stack(0x000000d813200000,0x000000d813300000)]
  0x0000025628a14a20 JavaThread "Unconstrained build operations Thread 4" [_thread_blocked, id=11640, stack(0x000000d813300000,0x000000d813400000)]
  0x0000025628a174a0 JavaThread "Unconstrained build operations Thread 5" [_thread_blocked, id=12648, stack(0x000000d813400000,0x000000d813500000)]
  0x000002567ead3ae0 JavaThread "Unconstrained build operations Thread 6" [_thread_blocked, id=11744, stack(0x000000d813500000,0x000000d813600000)]
  0x000002567ead5570 JavaThread "Unconstrained build operations Thread 7" [_thread_blocked, id=24384, stack(0x000000d813600000,0x000000d813700000)]
  0x000002567ead5ac0 JavaThread "Unconstrained build operations Thread 8" [_thread_blocked, id=27004, stack(0x000000d813700000,0x000000d813800000)]
  0x000002567ead5020 JavaThread "Unconstrained build operations Thread 9" [_thread_blocked, id=15068, stack(0x000000d813800000,0x000000d813900000)]
  0x000002567ead6560 JavaThread "Unconstrained build operations Thread 10" [_thread_blocked, id=18180, stack(0x000000d813900000,0x000000d813a00000)]
  0x000002567ead7000 JavaThread "Unconstrained build operations Thread 11" [_thread_blocked, id=15656, stack(0x000000d813a00000,0x000000d813b00000)]
  0x0000025629c4b030 JavaThread "Unconstrained build operations Thread 12" [_thread_blocked, id=19256, stack(0x000000d813b00000,0x000000d813c00000)]
  0x000002567d2b9170 JavaThread "Unconstrained build operations Thread 13" [_thread_blocked, id=22468, stack(0x000000d813c00000,0x000000d813d00000)]
  0x000002567d2b61a0 JavaThread "Unconstrained build operations Thread 14" [_thread_blocked, id=23252, stack(0x000000d813d00000,0x000000d813e00000)]
  0x000002567d2b7c30 JavaThread "Unconstrained build operations Thread 15" [_thread_blocked, id=6672, stack(0x000000d813e00000,0x000000d813f00000)]
  0x0000025628f12480 JavaThread "Unconstrained build operations Thread 16" [_thread_blocked, id=3452, stack(0x000000d813f00000,0x000000d814000000)]
  0x0000025628f11f30 JavaThread "Unconstrained build operations Thread 17" [_thread_blocked, id=19004, stack(0x000000d814000000,0x000000d814100000)]
  0x0000025628f129d0 JavaThread "Unconstrained build operations Thread 18" [_thread_blocked, id=27388, stack(0x000000d814100000,0x000000d814200000)]
  0x0000025628f12f20 JavaThread "Unconstrained build operations Thread 19" [_thread_blocked, id=14360, stack(0x000000d814200000,0x000000d814300000)]
  0x00000256204ea110 JavaThread "Unconstrained build operations Thread 20" [_thread_blocked, id=20612, stack(0x000000d814300000,0x000000d814400000)]
  0x00000256204e6bf0 JavaThread "Unconstrained build operations Thread 21" [_thread_blocked, id=26576, stack(0x000000d814400000,0x000000d814500000)]
  0x0000025622d451a0 JavaThread "Unconstrained build operations Thread 22" [_thread_blocked, id=23664, stack(0x000000d814500000,0x000000d814600000)]
  0x0000025622d46c30 JavaThread "build event listener" [_thread_blocked, id=27236, stack(0x000000d814600000,0x000000d814700000)]
  0x00000256200ad6e0 JavaThread "included builds" [_thread_blocked, id=6520, stack(0x000000d814700000,0x000000d814800000)]
  0x00000256226da580 JavaThread "Execution worker" [_thread_blocked, id=19272, stack(0x000000d814800000,0x000000d814900000)]
  0x00000256226d8af0 JavaThread "Execution worker Thread 2" [_thread_blocked, id=24300, stack(0x000000d814900000,0x000000d814a00000)]
  0x00000256226d8050 JavaThread "Execution worker Thread 3" [_thread_blocked, id=2352, stack(0x000000d814a00000,0x000000d814b00000)]
  0x00000256226d75b0 JavaThread "Execution worker Thread 4" [_thread_blocked, id=11476, stack(0x000000d814b00000,0x000000d814c00000)]
  0x00000256226da030 JavaThread "Execution worker Thread 5" [_thread_blocked, id=15840, stack(0x000000d814c00000,0x000000d814d00000)]
  0x00000256226d9ae0 JavaThread "Execution worker Thread 6" [_thread_blocked, id=27592, stack(0x000000d814d00000,0x000000d814e00000)]
  0x00000256226d9040 JavaThread "Execution worker Thread 7" [_thread_blocked, id=14580, stack(0x000000d814e00000,0x000000d814f00000)]
  0x00000256226d7060 JavaThread "Execution worker Thread 8" [_thread_blocked, id=23912, stack(0x000000d814f00000,0x000000d815000000)]
  0x00000256226db020 JavaThread "Execution worker Thread 9" [_thread_blocked, id=25148, stack(0x000000d815000000,0x000000d815100000)]
  0x00000256226d7b00 JavaThread "Execution worker Thread 10" [_thread_blocked, id=7276, stack(0x000000d815100000,0x000000d815200000)]
  0x00000256226dbac0 JavaThread "Execution worker Thread 11" [_thread_blocked, id=26760, stack(0x000000d815200000,0x000000d815300000)]
  0x000002567c405630 JavaThread "Cache worker for execution history cache (L:\flutter sdk\flutter\packages\flutter_tools\gradle\.gradle\8.10.2\executionHistory)" [_thread_blocked, id=14924, stack(0x000000d815300000,0x000000d815400000)]
  0x00000256200adc30 JavaThread "Unconstrained build operations Thread 23" [_thread_blocked, id=20952, stack(0x000000d815400000,0x000000d815500000)]
  0x00000256200ae180 JavaThread "Unconstrained build operations Thread 24" [_thread_blocked, id=9836, stack(0x000000d815500000,0x000000d815600000)]
  0x00000256200ae6d0 JavaThread "Unconstrained build operations Thread 25" [_thread_blocked, id=1952, stack(0x000000d815600000,0x000000d815700000)]
  0x0000025621b20780 JavaThread "Unconstrained build operations Thread 26" [_thread_blocked, id=8876, stack(0x000000d815800000,0x000000d815900000)]
  0x00000256204e7140 JavaThread "Unconstrained build operations Thread 27" [_thread_blocked, id=24428, stack(0x000000d815900000,0x000000d815a00000)]
  0x00000256204e9670 JavaThread "Unconstrained build operations Thread 28" [_thread_blocked, id=20324, stack(0x000000d815a00000,0x000000d815b00000)]
  0x00000256204e8680 JavaThread "Unconstrained build operations Thread 29" [_thread_blocked, id=24796, stack(0x000000d815b00000,0x000000d815c00000)]
  0x00000256204e7690 JavaThread "Unconstrained build operations Thread 30" [_thread_blocked, id=11552, stack(0x000000d815c00000,0x000000d815d00000)]
  0x00000256204e7be0 JavaThread "Unconstrained build operations Thread 31" [_thread_blocked, id=20188, stack(0x000000d815d00000,0x000000d815e00000)]
  0x00000256204e9bc0 JavaThread "Unconstrained build operations Thread 32" [_thread_blocked, id=23192, stack(0x000000d815e00000,0x000000d815f00000)]
  0x0000025622d47180 JavaThread "Unconstrained build operations Thread 33" [_thread_blocked, id=13280, stack(0x000000d815f00000,0x000000d816000000)]
  0x0000025622d45c40 JavaThread "Unconstrained build operations Thread 34" [_thread_blocked, id=27232, stack(0x000000d816000000,0x000000d816100000)]
  0x0000025622d44c50 JavaThread "Unconstrained build operations Thread 35" [_thread_blocked, id=27184, stack(0x000000d816100000,0x000000d816200000)]
  0x000002567c404b90 JavaThread "Unconstrained build operations Thread 36" [_thread_blocked, id=24084, stack(0x000000d816200000,0x000000d816300000)]
  0x000002567c404640 JavaThread "Unconstrained build operations Thread 37" [_thread_blocked, id=3436, stack(0x000000d816300000,0x000000d816400000)]
  0x000002567c4040f0 JavaThread "Unconstrained build operations Thread 38" [_thread_blocked, id=20096, stack(0x000000d816400000,0x000000d816500000)]
  0x000002567c4050e0 JavaThread "Unconstrained build operations Thread 39" [_thread_blocked, id=6276, stack(0x000000d816500000,0x000000d816600000)]
  0x000002562222b5d0 JavaThread "Unconstrained build operations Thread 40" [_thread_blocked, id=21160, stack(0x000000d816600000,0x000000d816700000)]
  0x000002562222bb20 JavaThread "Unconstrained build operations Thread 41" [_thread_blocked, id=18368, stack(0x000000d816700000,0x000000d816800000)]
  0x000002562222c070 JavaThread "Unconstrained build operations Thread 42" [_thread_blocked, id=19932, stack(0x000000d816800000,0x000000d816900000)]
  0x000002562222c5c0 JavaThread "Unconstrained build operations Thread 43" [_thread_blocked, id=15800, stack(0x000000d816900000,0x000000d816a00000)]
  0x00000256222290a0 JavaThread "Unconstrained build operations Thread 44" [_thread_blocked, id=24312, stack(0x000000d816a00000,0x000000d816b00000)]
  0x0000025621b1e250 JavaThread "Unconstrained build operations Thread 45" [_thread_blocked, id=12528, stack(0x000000d816b00000,0x000000d816c00000)]
  0x0000025621b1f240 JavaThread "Unconstrained build operations Thread 46" [_thread_blocked, id=14588, stack(0x000000d816c00000,0x000000d816d00000)]
  0x0000025621b1fce0 JavaThread "Unconstrained build operations Thread 47" [_thread_blocked, id=27488, stack(0x000000d816d00000,0x000000d816e00000)]
  0x0000025621b1ecf0 JavaThread "Unconstrained build operations Thread 48" [_thread_blocked, id=19508, stack(0x000000d816e00000,0x000000d816f00000)]
  0x0000025621b1dd00 JavaThread "Unconstrained build operations Thread 49" [_thread_blocked, id=15196, stack(0x000000d816f00000,0x000000d817000000)]
  0x0000025621b20cd0 JavaThread "Unconstrained build operations Thread 50" [_thread_blocked, id=3920, stack(0x000000d817000000,0x000000d817100000)]
  0x0000025621b21220 JavaThread "Unconstrained build operations Thread 51" [_thread_blocked, id=23968, stack(0x000000d817100000,0x000000d817200000)]
  0x0000025621b1e7a0 JavaThread "Unconstrained build operations Thread 52" [_thread_blocked, id=14860, stack(0x000000d817200000,0x000000d817300000)]
  0x0000025621b20230 JavaThread "Unconstrained build operations Thread 53" [_thread_blocked, id=20336, stack(0x000000d817300000,0x000000d817400000)]
  0x0000025621b1f790 JavaThread "Unconstrained build operations Thread 54" [_thread_blocked, id=24516, stack(0x000000d817400000,0x000000d817500000)]
  0x00000256214c1b70 JavaThread "Unconstrained build operations Thread 55" [_thread_blocked, id=2188, stack(0x000000d817500000,0x000000d817600000)]
  0x00000256201876d0 JavaThread "Unconstrained build operations Thread 56" [_thread_blocked, id=26160, stack(0x000000d817600000,0x000000d817700000)]
  0x0000025620188170 JavaThread "Unconstrained build operations Thread 57" [_thread_blocked, id=17412, stack(0x000000d817700000,0x000000d817800000)]
  0x00000256201bdf20 JavaThread "Unconstrained build operations Thread 58" [_thread_blocked, id=25104, stack(0x000000d817800000,0x000000d817900000)]
  0x00000256201be470 JavaThread "Unconstrained build operations Thread 59" [_thread_blocked, id=23180, stack(0x000000d817900000,0x000000d817a00000)]
  0x00000256201be9c0 JavaThread "Unconstrained build operations Thread 60" [_thread_blocked, id=11868, stack(0x000000d817a00000,0x000000d817b00000)]
  0x00000256201c09a0 JavaThread "Unconstrained build operations Thread 61" [_thread_blocked, id=25324, stack(0x000000d817b00000,0x000000d817c00000)]
  0x00000256201c1440 JavaThread "Unconstrained build operations Thread 62" [_thread_blocked, id=16468, stack(0x000000d817c00000,0x000000d817d00000)]
  0x00000256201bef10 JavaThread "Unconstrained build operations Thread 63" [_thread_blocked, id=23060, stack(0x000000d817d00000,0x000000d817e00000)]
  0x00000256201bf460 JavaThread "Unconstrained build operations Thread 64" [_thread_blocked, id=20116, stack(0x000000d817e00000,0x000000d817f00000)]
  0x00000256201bf9b0 JavaThread "Unconstrained build operations Thread 65" [_thread_blocked, id=22900, stack(0x000000d817f00000,0x000000d818000000)]
  0x00000256201bff00 JavaThread "Unconstrained build operations Thread 66" [_thread_blocked, id=17532, stack(0x000000d818000000,0x000000d818100000)]
  0x00000256201c0450 JavaThread "build event listener" [_thread_blocked, id=15728, stack(0x000000d818100000,0x000000d818200000)]
  0x00000256201c0ef0 JavaThread "Unconstrained build operations Thread 67" [_thread_blocked, id=14532, stack(0x000000d818200000,0x000000d818300000)]
  0x000002567dec0870 JavaThread "Unconstrained build operations Thread 68" [_thread_blocked, id=26112, stack(0x000000d818300000,0x000000d818400000)]
  0x000002567debf880 JavaThread "Unconstrained build operations Thread 69" [_thread_blocked, id=20404, stack(0x000000d818400000,0x000000d818500000)]
  0x000002567dec0dc0 JavaThread "Unconstrained build operations Thread 70" [_thread_blocked, id=25588, stack(0x000000d818500000,0x000000d818600000)]
  0x000002567dec0320 JavaThread "Unconstrained build operations Thread 71" [_thread_blocked, id=16584, stack(0x000000d818600000,0x000000d818700000)]
  0x000002567debfdd0 JavaThread "Unconstrained build operations Thread 72" [_thread_blocked, id=25728, stack(0x000000d818700000,0x000000d818800000)]
  0x000002567debd8a0 JavaThread "Unconstrained build operations Thread 73" [_thread_blocked, id=11672, stack(0x000000d818800000,0x000000d818900000)]
  0x000002567debede0 JavaThread "Unconstrained build operations Thread 74" [_thread_blocked, id=16304, stack(0x000000d818900000,0x000000d818a00000)]
  0x000002567debddf0 JavaThread "Unconstrained build operations Thread 75" [_thread_blocked, id=10332, stack(0x000000d818a00000,0x000000d818b00000)]
  0x000002567debe340 JavaThread "Unconstrained build operations Thread 76" [_thread_blocked, id=16428, stack(0x000000d818b00000,0x000000d818c00000)]
  0x000002567debf330 JavaThread "Unconstrained build operations Thread 77" [_thread_blocked, id=1776, stack(0x000000d818c00000,0x000000d818d00000)]
  0x00000256204e8bd0 JavaThread "Unconstrained build operations Thread 78" [_thread_blocked, id=12008, stack(0x000000d818d00000,0x000000d818e00000)]
  0x00000256204e8130 JavaThread "Unconstrained build operations Thread 79" [_thread_blocked, id=6420, stack(0x000000d818e00000,0x000000d818f00000)]
  0x00000256204e9120 JavaThread "Unconstrained build operations Thread 80" [_thread_blocked, id=2744, stack(0x000000d818f00000,0x000000d819000000)]
  0x0000025620b74030 JavaThread "Unconstrained build operations Thread 81" [_thread_blocked, id=2416, stack(0x000000d819000000,0x000000d819100000)]
  0x0000025620b72af0 JavaThread "Unconstrained build operations Thread 82" [_thread_blocked, id=3456, stack(0x000000d819100000,0x000000d819200000)]
  0x0000025620b73590 JavaThread "Unconstrained build operations Thread 83" [_thread_blocked, id=27568, stack(0x000000d819200000,0x000000d819300000)]
  0x0000025620b725a0 JavaThread "Unconstrained build operations Thread 84" [_thread_blocked, id=11676, stack(0x000000d819300000,0x000000d819400000)]
  0x0000025620b73040 JavaThread "Unconstrained build operations Thread 85" [_thread_blocked, id=12652, stack(0x000000d819400000,0x000000d819500000)]
  0x0000025620b73ae0 JavaThread "Unconstrained build operations Thread 86" [_thread_blocked, id=26628, stack(0x000000d819500000,0x000000d819600000)]
  0x0000025620b74580 JavaThread "Unconstrained build operations Thread 87" [_thread_blocked, id=2304, stack(0x000000d819600000,0x000000d819700000)]
  0x0000025620b71060 JavaThread "Unconstrained build operations Thread 88" [_thread_blocked, id=20568, stack(0x000000d819700000,0x000000d819800000)]
  0x0000025622d476d0 JavaThread "Unconstrained build operations Thread 89" [_thread_blocked, id=3612, stack(0x000000d819800000,0x000000d819900000)]
  0x0000025622d44700 JavaThread "Unconstrained build operations Thread 90" [_thread_blocked, id=11724, stack(0x000000d819900000,0x000000d819a00000)]
  0x0000025622d46190 JavaThread "Unconstrained build operations Thread 91" [_thread_blocked, id=21520, stack(0x000000d819a00000,0x000000d819b00000)]
  0x0000025622d456f0 JavaThread "Unconstrained build operations Thread 92" [_thread_blocked, id=24440, stack(0x000000d819b00000,0x000000d819c00000)]
  0x0000025622d47c20 JavaThread "Unconstrained build operations Thread 93" [_thread_blocked, id=2768, stack(0x000000d819c00000,0x000000d819d00000)]
  0x00000256214c4640 JavaThread "Unconstrained build operations Thread 94" [_thread_blocked, id=15680, stack(0x000000d819d00000,0x000000d819e00000)]
  0x00000256214c4b90 JavaThread "Unconstrained build operations Thread 95" [_thread_blocked, id=10436, stack(0x000000d819e00000,0x000000d819f00000)]
  0x00000256214c50e0 JavaThread "Unconstrained build operations Thread 96" [_thread_blocked, id=24844, stack(0x000000d819f00000,0x000000d81a000000)]
  0x00000256214c3ba0 JavaThread "Unconstrained build operations Thread 97" [_thread_blocked, id=23964, stack(0x000000d81a000000,0x000000d81a100000)]
  0x000002567cfe7fe0 JavaThread "Unconstrained build operations Thread 98" [_thread_blocked, id=6196, stack(0x000000d81a100000,0x000000d81a200000)]
  0x000002567cfe8a80 JavaThread "Unconstrained build operations Thread 99" [_thread_blocked, id=14252, stack(0x000000d81a200000,0x000000d81a300000)]
  0x000002567cfeaa60 JavaThread "Unconstrained build operations Thread 100" [_thread_blocked, id=12148, stack(0x000000d81a300000,0x000000d81a400000)]
  0x000002567cfeafb0 JavaThread "Unconstrained build operations Thread 101" [_thread_blocked, id=16028, stack(0x000000d81a400000,0x000000d81a500000)]
  0x000002567cfeb500 JavaThread "Unconstrained build operations Thread 102" [_thread_blocked, id=2320, stack(0x000000d81a500000,0x000000d81a600000)]
  0x000002567cfe8530 JavaThread "Unconstrained build operations Thread 103" [_thread_blocked, id=5924, stack(0x000000d81a600000,0x000000d81a700000)]
  0x000002567cfea510 JavaThread "Unconstrained build operations Thread 104" [_thread_blocked, id=24812, stack(0x000000d81a700000,0x000000d81a800000)]
  0x000002567cfe9a70 JavaThread "Unconstrained build operations Thread 105" [_thread_blocked, id=23256, stack(0x000000d81a900000,0x000000d81aa00000)]
  0x000002567cfe8fd0 JavaThread "Unconstrained build operations Thread 106" [_thread_blocked, id=9908, stack(0x000000d81aa00000,0x000000d81ab00000)]
  0x000002567cfe9520 JavaThread "Unconstrained build operations Thread 107" [_thread_blocked, id=15544, stack(0x000000d81ab00000,0x000000d81ac00000)]
  0x000002567cfe9fc0 JavaThread "Unconstrained build operations Thread 108" [_thread_blocked, id=18268, stack(0x000000d81ac00000,0x000000d81ad00000)]
  0x00000256214c40f0 JavaThread "Unconstrained build operations Thread 109" [_thread_blocked, id=14036, stack(0x000000d81ad00000,0x000000d81ae00000)]
  0x000002562a4b8e80 JavaThread "Unconstrained build operations Thread 110" [_thread_blocked, id=14584, stack(0x000000d81ae00000,0x000000d81af00000)]
  0x000002562a4b7e90 JavaThread "Unconstrained build operations Thread 111" [_thread_blocked, id=19400, stack(0x000000d81af00000,0x000000d81b000000)]
  0x000002562a4b6ea0 JavaThread "Unconstrained build operations Thread 112" [_thread_blocked, id=16924, stack(0x000000d81b000000,0x000000d81b100000)]
  0x000002562a4b83e0 JavaThread "Unconstrained build operations Thread 113" [_thread_blocked, id=13292, stack(0x000000d81b100000,0x000000d81b200000)]
  0x000002562a4b73f0 JavaThread "Unconstrained build operations Thread 114" [_thread_blocked, id=9604, stack(0x000000d81b200000,0x000000d81b300000)]
  0x000002562a4b7940 JavaThread "Unconstrained build operations Thread 115" [_thread_blocked, id=7032, stack(0x000000d81b300000,0x000000d81b400000)]
  0x000002562a4b8930 JavaThread "Unconstrained build operations Thread 116" [_thread_blocked, id=6676, stack(0x000000d81b400000,0x000000d81b500000)]
  0x000002562a4b93d0 JavaThread "Unconstrained build operations Thread 117" [_thread_blocked, id=18080, stack(0x000000d81b500000,0x000000d81b600000)]
  0x000002562a4ba3c0 JavaThread "Unconstrained build operations Thread 118" [_thread_blocked, id=18548, stack(0x000000d81b600000,0x000000d81b700000)]
  0x000002562a4b9920 JavaThread "Unconstrained build operations Thread 119" [_thread_blocked, id=8196, stack(0x000000d81b700000,0x000000d81b800000)]
  0x000002562a4b9e70 JavaThread "Unconstrained build operations Thread 120" [_thread_blocked, id=17528, stack(0x000000d81b800000,0x000000d81b900000)]
  0x000002562914a020 JavaThread "pool-43-thread-1" [_thread_blocked, id=13676, stack(0x000000d81c900000,0x000000d81ca00000)]
  0x000002562914bab0 JavaThread "build event listener" [_thread_blocked, id=9116, stack(0x000000d81ca00000,0x000000d81cb00000)]
  0x00000256214c00e0 JavaThread "Cache worker for execution history cache (L:\flutter Projects\moodmate\moodmate\android\.gradle\8.10.2\executionHistory)" [_thread_blocked, id=20544, stack(0x000000d81cb00000,0x000000d81cc00000)]
  0x00000256214c2b60 JavaThread "Exec process Thread 22" [_thread_blocked, id=20328, stack(0x000000d81c800000,0x000000d81c900000)]
  0x00000256214c1620 JavaThread "Exec process Thread 23" [_thread_blocked, id=15192, stack(0x000000d81cc00000,0x000000d81cd00000)]
  0x00000256214c20c0 JavaThread "Exec process Thread 24" [_thread_blocked, id=11776, stack(0x000000d81cd00000,0x000000d81ce00000)]
  0x0000025621413ae0 JavaThread "WorkerExecutor Queue" [_thread_blocked, id=18752, stack(0x000000d81cf00000,0x000000d81d000000)]
  0x00000256214125a0 JavaThread "WorkerExecutor Queue Thread 2" [_thread_blocked, id=27144, stack(0x000000d81d000000,0x000000d81d100000)]
  0x000002562222ab30 JavaThread "WorkerExecutor Queue Thread 3" [_thread_blocked, id=21328, stack(0x000000d81d200000,0x000000d81d300000)]
  0x000002567debe890 JavaThread "WorkerExecutor Queue Thread 4" [_thread_blocked, id=18700, stack(0x000000d81d300000,0x000000d81d400000)]
  0x0000025628ffa060 JavaThread "WorkerExecutor Queue Thread 5" [_thread_blocked, id=18188, stack(0x000000d81d400000,0x000000d81d500000)]
  0x000002567c6263c0 JavaThread "WorkerExecutor Queue Thread 6" [_thread_blocked, id=27436, stack(0x000000d81d500000,0x000000d81d600000)]
  0x000002567ead4ad0 JavaThread "WorkerExecutor Queue Thread 7" [_thread_blocked, id=17252, stack(0x000000d81d600000,0x000000d81d700000)]
  0x000002567ead4030 JavaThread "WorkerExecutor Queue Thread 8" [_thread_blocked, id=9104, stack(0x000000d81d700000,0x000000d81d800000)]
  0x000002567ead4580 JavaThread "WorkerExecutor Queue Thread 9" [_thread_blocked, id=25556, stack(0x000000d81d800000,0x000000d81d900000)]
  0x00000256226defe0 JavaThread "WorkerExecutor Queue Thread 10" [_thread_blocked, id=27376, stack(0x000000d81d900000,0x000000d81da00000)]
  0x00000256226df530 JavaThread "WorkerExecutor Queue Thread 11" [_thread_blocked, id=15012, stack(0x000000d81da00000,0x000000d81db00000)]
  0x00000256226dfa80 JavaThread "WorkerExecutor Queue Thread 12" [_thread_blocked, id=21552, stack(0x000000d81db00000,0x000000d81dc00000)]
  0x00000256222295f0 JavaThread "Exec process Thread 25" [_thread_blocked, id=24988, stack(0x000000d81dd00000,0x000000d81de00000)]
  0x0000025622229b40 JavaThread "Exec process Thread 26" [_thread_blocked, id=13044, stack(0x000000d81de00000,0x000000d81df00000)]
  0x000002562aefcf80 JavaThread "Exec process Thread 27" [_thread_blocked, id=23028, stack(0x000000d81df00000,0x000000d81e000000)]
  0x000002562aefba40 JavaThread "Exec process Thread 28" [_thread_blocked, id=4836, stack(0x000000d81e000000,0x000000d81e100000)]
  0x0000025628ff9070 JavaThread "Exec process Thread 29" [_thread_blocked, id=6724, stack(0x000000d81e100000,0x000000d81e200000)]
  0x0000025628ffa5b0 JavaThread "Exec process Thread 30" [_thread_blocked, id=6860, stack(0x000000d81e200000,0x000000d81e300000)]
  0x000002567c625920 JavaThread "ForkJoinPool-1-worker-1" daemon [_thread_blocked, id=17688, stack(0x000000d81dc00000,0x000000d81dd00000)]
  0x000002567c6288f0 JavaThread "ForkJoinPool-1-worker-2" daemon [_thread_blocked, id=10508, stack(0x000000d81e300000,0x000000d81e400000)]
  0x0000025628ff9b10 JavaThread "ForkJoinPool-1-worker-4" daemon [_thread_blocked, id=24884, stack(0x000000d81e400000,0x000000d81e500000)]
  0x000002567c626910 JavaThread "ForkJoinPool-1-worker-3" daemon [_thread_blocked, id=9868, stack(0x000000d81e500000,0x000000d81e600000)]
  0x00000256226ddaa0 JavaThread "ForkJoinPool-1-worker-5" daemon [_thread_blocked, id=22912, stack(0x000000d81e600000,0x000000d81e700000)]
  0x000002562aefafa0 JavaThread "ForkJoinPool-1-worker-6" daemon [_thread_blocked, id=3408, stack(0x000000d81e700000,0x000000d81e800000)]
  0x000002567d2b66f0 JavaThread "Java2D Disposer" daemon [_thread_blocked, id=13268, stack(0x000000d81ec00000,0x000000d81ed00000)]
  0x000002567d2b6c40 JavaThread "AWT-Windows" daemon [_thread_in_native, id=4336, stack(0x000000d81ee00000,0x000000d81ef00000)]
  0x0000025629a28500 JavaThread "Periodic tasks thread" daemon [_thread_blocked, id=24832, stack(0x000000d81ed00000,0x000000d81ee00000)]
  0x0000025629a28a50 JavaThread "ApplicationImpl pooled thread 1" [_thread_blocked, id=14232, stack(0x000000d81ef00000,0x000000d81f000000)]

Other Threads:
=>0x0000025675300740 VMThread "VM Thread" [stack: 0x000000d810500000,0x000000d810600000] [id=19580]
  0x0000025657a987c0 WatcherThread "VM Periodic Task Thread" [stack: 0x000000d811100000,0x000000d811200000] [id=1668]
  0x0000025657b498b0 WorkerThread "GC Thread#0" [stack: 0x000000d810000000,0x000000d810100000] [id=25576]
  0x000002567c5be8d0 WorkerThread "GC Thread#1" [stack: 0x000000d811300000,0x000000d811400000] [id=21524]
  0x000002567c41c690 WorkerThread "GC Thread#2" [stack: 0x000000d811400000,0x000000d811500000] [id=6164]
  0x000002567c41cc30 WorkerThread "GC Thread#3" [stack: 0x000000d811500000,0x000000d811600000] [id=18516]
  0x000002567c41d4a0 WorkerThread "GC Thread#4" [stack: 0x000000d811600000,0x000000d811700000] [id=13904]
  0x000002567d9b5bf0 WorkerThread "GC Thread#5" [stack: 0x000000d811200000,0x000000d811300000] [id=23112]
  0x000002567d9b6460 WorkerThread "GC Thread#6" [stack: 0x000000d811700000,0x000000d811800000] [id=1344]
  0x000002567d9b7db0 WorkerThread "GC Thread#7" [stack: 0x000000d811800000,0x000000d811900000] [id=18144]
  0x000002567d9b6cd0 WorkerThread "GC Thread#8" [stack: 0x000000d812700000,0x000000d812800000] [id=24808]
  0x000002567d9b5920 WorkerThread "GC Thread#9" [stack: 0x000000d812800000,0x000000d812900000] [id=14416]
  0x0000025657b4e4c0 ConcurrentGCThread "G1 Main Marker" [stack: 0x000000d810100000,0x000000d810200000] [id=10296]
  0x000002567515d8f0 WorkerThread "G1 Conc#0" [stack: 0x000000d810200000,0x000000d810300000] [id=13484]
  0x000002567d9b8620 WorkerThread "G1 Conc#1" [stack: 0x000000d812900000,0x000000d812a00000] [id=14248]
  0x000002567d9b5ec0 WorkerThread "G1 Conc#2" [stack: 0x000000d812a00000,0x000000d812b00000] [id=16044]
  0x00000256751b9850 ConcurrentGCThread "G1 Refine#0" [stack: 0x000000d810300000,0x000000d810400000] [id=8396]
  0x0000025629074100 ConcurrentGCThread "G1 Refine#1" [stack: 0x000000d81e800000,0x000000d81e900000] [id=16012]
  0x0000025629075480 ConcurrentGCThread "G1 Refine#2" [stack: 0x000000d81e900000,0x000000d81ea00000] [id=18116]
  0x0000025629075e40 ConcurrentGCThread "G1 Refine#3" [stack: 0x000000d81eb00000,0x000000d81ec00000] [id=18576]
  0x00000256751bb150 ConcurrentGCThread "G1 Service" [stack: 0x000000d810400000,0x000000d810500000] [id=27580]

Threads with active compile tasks:
C2 CompilerThread0  4126479 49461       4       com.android.tools.r8.internal.u9::a (1719 bytes)

VM state: at safepoint (normal execution)

VM Mutex/Monitor currently owned by a thread:  ([mutex/lock_event])
[0x0000025657a95e90] Threads_lock - owner thread: 0x0000025675300740
[0x0000025657a96d30] Heap_lock - owner thread: 0x000002567c626910

Heap address: 0x0000000600000000, size: 8192 MB, Compressed Oops mode: Zero based, Oop shift amount: 3

CDS archive(s) mapped at: [0x0000000800000000-0x0000000800c40000-0x0000000800c40000), size 12845056, SharedBaseAddress: 0x0000000800000000, ArchiveRelocationMode: 0.
Compressed class space mapped at: 0x0000000801000000-0x0000000841000000, reserved size: 1073741824
Narrow klass base: 0x0000000800000000, Narrow klass shift: 0, Narrow klass range: 0x100000000

GC Precious Log:
 CardTable entry size: 512
 Card Set container configuration: InlinePtr #cards 4 size 8 Array Of Cards #cards 32 size 80 Howl #buckets 8 coarsen threshold 7372 Howl Bitmap #cards 1024 size 144 coarsen threshold 921 Card regions per heap region 1 cards per card region 8192
 CPUs: 12 total, 12 available
 Memory: 7521M
 Large Page Support: Disabled
 NUMA Support: Disabled
 Compressed Oops: Enabled (Zero based)
 Heap Region Size: 4M
 Heap Min Capacity: 8M
 Heap Initial Capacity: 120M
 Heap Max Capacity: 8G
 Pre-touch: Disabled
 Parallel Workers: 10
 Concurrent Workers: 3
 Concurrent Refinement Workers: 10
 Periodic GC: Disabled

Heap:
 garbage-first heap   total 4288512K, used 503338K [0x0000000600000000, 0x0000000800000000)
  region size 4096K, 4 young (16384K), 4 survivors (16384K)
 Metaspace       used 248061K, committed 251072K, reserved 1310720K
  class space    used 30995K, committed 32576K, reserved 1048576K

Heap Regions: E=young(eden), S=young(survivor), O=old, HS=humongous(starts), HC=humongous(continues), CS=collection set, F=free, OA=open archive, CA=closed archive, TAMS=top-at-mark-start (previous, next)
|   0|0x0000000600000000, 0x0000000600400000, 0x0000000600400000|100%|HS|  |TAMS 0x0000000600400000, 0x0000000600400000| Complete 
|   1|0x0000000600400000, 0x0000000600800000, 0x0000000600800000|100%| O|  |TAMS 0x0000000600800000, 0x0000000600800000| Untracked 
|   2|0x0000000600800000, 0x0000000600c00000, 0x0000000600c00000|100%| O|  |TAMS 0x0000000600c00000, 0x0000000600c00000| Untracked 
|   3|0x0000000600c00000, 0x0000000601000000, 0x0000000601000000|100%| O|  |TAMS 0x0000000601000000, 0x0000000601000000| Untracked 
|   4|0x0000000601000000, 0x0000000601400000, 0x0000000601400000|100%| O|  |TAMS 0x0000000601400000, 0x0000000601400000| Untracked 
|   5|0x0000000601400000, 0x0000000601800000, 0x0000000601800000|100%| O|  |TAMS 0x0000000601800000, 0x0000000601800000| Untracked 
|   6|0x0000000601800000, 0x0000000601c00000, 0x0000000601c00000|100%| O|  |TAMS 0x0000000601c00000, 0x0000000601c00000| Untracked 
|   7|0x0000000601c00000, 0x0000000602000000, 0x0000000602000000|100%|HS|  |TAMS 0x0000000602000000, 0x0000000602000000| Complete 
|   8|0x0000000602000000, 0x0000000602400000, 0x0000000602400000|100%| O|  |TAMS 0x0000000602400000, 0x0000000602400000| Untracked 
|   9|0x0000000602400000, 0x0000000602800000, 0x0000000602800000|100%| O|  |TAMS 0x0000000602800000, 0x0000000602800000| Untracked 
|  10|0x0000000602800000, 0x0000000602c00000, 0x0000000602c00000|100%|HS|  |TAMS 0x0000000602c00000, 0x0000000602c00000| Complete 
|  11|0x0000000602c00000, 0x0000000603000000, 0x0000000603000000|100%| O|  |TAMS 0x0000000603000000, 0x0000000603000000| Untracked 
|  12|0x0000000603000000, 0x0000000603400000, 0x0000000603400000|100%| O|  |TAMS 0x0000000603400000, 0x0000000603400000| Untracked 
|  13|0x0000000603400000, 0x0000000603800000, 0x0000000603800000|100%| O|  |TAMS 0x0000000603800000, 0x0000000603800000| Untracked 
|  14|0x0000000603800000, 0x0000000603c00000, 0x0000000603c00000|100%| O|  |TAMS 0x0000000603c00000, 0x0000000603c00000| Untracked 
|  15|0x0000000603c00000, 0x0000000604000000, 0x0000000604000000|100%| O|  |TAMS 0x0000000604000000, 0x0000000604000000| Untracked 
|  16|0x0000000604000000, 0x0000000604400000, 0x0000000604400000|100%|HS|  |TAMS 0x0000000604400000, 0x0000000604400000| Complete 
|  17|0x0000000604400000, 0x0000000604800000, 0x0000000604800000|100%| O|  |TAMS 0x0000000604800000, 0x0000000604800000| Untracked 
|  18|0x0000000604800000, 0x0000000604c00000, 0x0000000604c00000|100%| O|  |TAMS 0x0000000604c00000, 0x0000000604c00000| Untracked 
|  19|0x0000000604c00000, 0x0000000605000000, 0x0000000605000000|100%| O|  |TAMS 0x0000000605000000, 0x0000000605000000| Untracked 
|  20|0x0000000605000000, 0x0000000605400000, 0x0000000605400000|100%| O|  |TAMS 0x0000000605400000, 0x0000000605400000| Untracked 
|  21|0x0000000605400000, 0x0000000605800000, 0x0000000605800000|100%| O|  |TAMS 0x0000000605800000, 0x0000000605800000| Untracked 
|  22|0x0000000605800000, 0x0000000605c00000, 0x0000000605c00000|100%| O|  |TAMS 0x0000000605c00000, 0x0000000605c00000| Untracked 
|  23|0x0000000605c00000, 0x0000000606000000, 0x0000000606000000|100%| O|  |TAMS 0x0000000606000000, 0x0000000606000000| Untracked 
|  24|0x0000000606000000, 0x0000000606400000, 0x0000000606400000|100%| O|  |TAMS 0x0000000606400000, 0x0000000606400000| Untracked 
|  25|0x0000000606400000, 0x0000000606800000, 0x0000000606800000|100%| O|  |TAMS 0x0000000606800000, 0x0000000606800000| Untracked 
|  26|0x0000000606800000, 0x0000000606c00000, 0x0000000606c00000|100%| O|  |TAMS 0x0000000606c00000, 0x0000000606c00000| Untracked 
|  27|0x0000000606c00000, 0x0000000607000000, 0x0000000607000000|100%| O|  |TAMS 0x0000000607000000, 0x0000000607000000| Untracked 
|  28|0x0000000607000000, 0x0000000607400000, 0x0000000607400000|100%|HS|  |TAMS 0x0000000607400000, 0x0000000607400000| Complete 
|  29|0x0000000607400000, 0x0000000607800000, 0x0000000607800000|100%| O|  |TAMS 0x0000000607400000, 0x0000000607800000| Untracked 
|  30|0x0000000607800000, 0x0000000607c00000, 0x0000000607c00000|100%| O|  |TAMS 0x0000000607c00000, 0x0000000607c00000| Untracked 
|  31|0x0000000607c00000, 0x0000000608000000, 0x0000000608000000|100%| O|  |TAMS 0x0000000608000000, 0x0000000608000000| Untracked 
|  32|0x0000000608000000, 0x0000000608400000, 0x0000000608400000|100%| O|  |TAMS 0x0000000608400000, 0x0000000608400000| Untracked 
|  33|0x0000000608400000, 0x0000000608800000, 0x0000000608800000|100%| O|  |TAMS 0x0000000608800000, 0x0000000608800000| Untracked 
|  34|0x0000000608800000, 0x0000000608c00000, 0x0000000608c00000|100%| O|  |TAMS 0x0000000608c00000, 0x0000000608c00000| Untracked 
|  35|0x0000000608c00000, 0x0000000609000000, 0x0000000609000000|100%| O|  |TAMS 0x0000000609000000, 0x0000000609000000| Untracked 
|  36|0x0000000609000000, 0x0000000609400000, 0x0000000609400000|100%| O|  |TAMS 0x0000000609400000, 0x0000000609400000| Untracked 
|  37|0x0000000609400000, 0x0000000609800000, 0x0000000609800000|100%| O|  |TAMS 0x0000000609800000, 0x0000000609800000| Untracked 
|  38|0x0000000609800000, 0x0000000609c00000, 0x0000000609c00000|100%| O|  |TAMS 0x0000000609800000, 0x0000000609c00000| Untracked 
|  39|0x0000000609c00000, 0x000000060a000000, 0x000000060a000000|100%| O|  |TAMS 0x0000000609c00000, 0x000000060a000000| Untracked 
|  40|0x000000060a000000, 0x000000060a000000, 0x000000060a400000|  0%| F|  |TAMS 0x000000060a000000, 0x000000060a000000| Untracked 
|  41|0x000000060a400000, 0x000000060a800000, 0x000000060a800000|100%| O|  |TAMS 0x000000060a800000, 0x000000060a800000| Untracked 
|  42|0x000000060a800000, 0x000000060ac00000, 0x000000060ac00000|100%| O|  |TAMS 0x000000060ac00000, 0x000000060ac00000| Untracked 
|  43|0x000000060ac00000, 0x000000060b000000, 0x000000060b000000|100%|HS|  |TAMS 0x000000060b000000, 0x000000060b000000| Complete 
|  44|0x000000060b000000, 0x000000060b400000, 0x000000060b400000|100%| O|  |TAMS 0x000000060b400000, 0x000000060b400000| Untracked 
|  45|0x000000060b400000, 0x000000060b800000, 0x000000060b800000|100%| O|  |TAMS 0x000000060b800000, 0x000000060b800000| Untracked 
|  46|0x000000060b800000, 0x000000060bc00000, 0x000000060bc00000|100%|HS|  |TAMS 0x000000060bc00000, 0x000000060bc00000| Complete 
|  47|0x000000060bc00000, 0x000000060c000000, 0x000000060c000000|100%| O|  |TAMS 0x000000060bc00000, 0x000000060c000000| Untracked 
|  48|0x000000060c000000, 0x000000060c400000, 0x000000060c400000|100%| O|  |TAMS 0x000000060c400000, 0x000000060c400000| Untracked 
|  49|0x000000060c400000, 0x000000060c800000, 0x000000060c800000|100%| O|  |TAMS 0x000000060c800000, 0x000000060c800000| Untracked 
|  50|0x000000060c800000, 0x000000060cc00000, 0x000000060cc00000|100%| O|  |TAMS 0x000000060cc00000, 0x000000060cc00000| Untracked 
|  51|0x000000060cc00000, 0x000000060d000000, 0x000000060d000000|100%| O|  |TAMS 0x000000060d000000, 0x000000060d000000| Untracked 
|  52|0x000000060d000000, 0x000000060d153800, 0x000000060d400000| 33%| O|  |TAMS 0x000000060d000000, 0x000000060d153800| Untracked 
|  53|0x000000060d400000, 0x000000060d800000, 0x000000060d800000|100%| O|  |TAMS 0x000000060d800000, 0x000000060d800000| Untracked 
|  54|0x000000060d800000, 0x000000060dc00000, 0x000000060dc00000|100%| O|  |TAMS 0x000000060dc00000, 0x000000060dc00000| Untracked 
|  55|0x000000060dc00000, 0x000000060e000000, 0x000000060e000000|100%| O|  |TAMS 0x000000060e000000, 0x000000060e000000| Untracked 
|  56|0x000000060e000000, 0x000000060e400000, 0x000000060e400000|100%| O|  |TAMS 0x000000060e000000, 0x000000060e400000| Untracked 
|  57|0x000000060e400000, 0x000000060e800000, 0x000000060e800000|100%| O|  |TAMS 0x000000060e800000, 0x000000060e800000| Untracked 
|  58|0x000000060e800000, 0x000000060ec00000, 0x000000060ec00000|100%| O|  |TAMS 0x000000060ec00000, 0x000000060ec00000| Untracked 
|  59|0x000000060ec00000, 0x000000060f000000, 0x000000060f000000|100%| O|  |TAMS 0x000000060f000000, 0x000000060f000000| Untracked 
|  60|0x000000060f000000, 0x000000060f400000, 0x000000060f400000|100%| O|  |TAMS 0x000000060f400000, 0x000000060f400000| Untracked 
|  61|0x000000060f400000, 0x000000060f800000, 0x000000060f800000|100%| O|  |TAMS 0x000000060f800000, 0x000000060f800000| Untracked 
|  62|0x000000060f800000, 0x000000060fc00000, 0x000000060fc00000|100%| O|  |TAMS 0x000000060fc00000, 0x000000060fc00000| Untracked 
|  63|0x000000060fc00000, 0x0000000610000000, 0x0000000610000000|100%| O|  |TAMS 0x0000000610000000, 0x0000000610000000| Untracked 
|  64|0x0000000610000000, 0x0000000610400000, 0x0000000610400000|100%| O|  |TAMS 0x0000000610400000, 0x0000000610400000| Untracked 
|  65|0x0000000610400000, 0x0000000610800000, 0x0000000610800000|100%| O|  |TAMS 0x0000000610800000, 0x0000000610800000| Untracked 
|  66|0x0000000610800000, 0x0000000610c00000, 0x0000000610c00000|100%| O|  |TAMS 0x0000000610c00000, 0x0000000610c00000| Untracked 
|  67|0x0000000610c00000, 0x0000000611000000, 0x0000000611000000|100%| O|  |TAMS 0x0000000611000000, 0x0000000611000000| Untracked 
|  68|0x0000000611000000, 0x0000000611400000, 0x0000000611400000|100%| O|  |TAMS 0x0000000611400000, 0x0000000611400000| Untracked 
|  69|0x0000000611400000, 0x0000000611800000, 0x0000000611800000|100%| O|  |TAMS 0x0000000611800000, 0x0000000611800000| Untracked 
|  70|0x0000000611800000, 0x0000000611c00000, 0x0000000611c00000|100%| O|  |TAMS 0x0000000611c00000, 0x0000000611c00000| Untracked 
|  71|0x0000000611c00000, 0x0000000612000000, 0x0000000612000000|100%| O|  |TAMS 0x0000000612000000, 0x0000000612000000| Untracked 
|  72|0x0000000612000000, 0x0000000612400000, 0x0000000612400000|100%| O|  |TAMS 0x0000000612400000, 0x0000000612400000| Untracked 
|  73|0x0000000612400000, 0x0000000612800000, 0x0000000612800000|100%| O|  |TAMS 0x0000000612800000, 0x0000000612800000| Untracked 
|  74|0x0000000612800000, 0x0000000612c00000, 0x0000000612c00000|100%| O|  |TAMS 0x0000000612c00000, 0x0000000612c00000| Untracked 
|  75|0x0000000612c00000, 0x0000000612c00000, 0x0000000613000000|  0%| F|  |TAMS 0x0000000612c00000, 0x0000000612c00000| Untracked 
|  76|0x0000000613000000, 0x0000000613400000, 0x0000000613400000|100%| O|  |TAMS 0x0000000613400000, 0x0000000613400000| Untracked 
|  77|0x0000000613400000, 0x0000000613800000, 0x0000000613800000|100%| O|  |TAMS 0x0000000613800000, 0x0000000613800000| Untracked 
|  78|0x0000000613800000, 0x0000000613c00000, 0x0000000613c00000|100%| O|  |TAMS 0x0000000613c00000, 0x0000000613c00000| Untracked 
|  79|0x0000000613c00000, 0x0000000614000000, 0x0000000614000000|100%| O|  |TAMS 0x0000000613d1bc00, 0x0000000614000000| Untracked 
|  80|0x0000000614000000, 0x0000000614400000, 0x0000000614400000|100%| O|  |TAMS 0x0000000614000000, 0x0000000614400000| Untracked 
|  81|0x0000000614400000, 0x0000000614400000, 0x0000000614800000|  0%| F|  |TAMS 0x0000000614400000, 0x0000000614400000| Untracked 
|  82|0x0000000614800000, 0x0000000614800000, 0x0000000614c00000|  0%| F|  |TAMS 0x0000000614800000, 0x0000000614800000| Untracked 
|  83|0x0000000614c00000, 0x0000000615000000, 0x0000000615000000|100%| O|  |TAMS 0x0000000615000000, 0x0000000615000000| Untracked 
|  84|0x0000000615000000, 0x0000000615400000, 0x0000000615400000|100%| O|  |TAMS 0x0000000615400000, 0x0000000615400000| Untracked 
|  85|0x0000000615400000, 0x0000000615800000, 0x0000000615800000|100%| O|  |TAMS 0x0000000615800000, 0x0000000615800000| Untracked 
|  86|0x0000000615800000, 0x0000000615c00000, 0x0000000615c00000|100%| O|  |TAMS 0x0000000615c00000, 0x0000000615c00000| Untracked 
|  87|0x0000000615c00000, 0x0000000616000000, 0x0000000616000000|100%| O|  |TAMS 0x0000000616000000, 0x0000000616000000| Untracked 
|  88|0x0000000616000000, 0x0000000616400000, 0x0000000616400000|100%| O|  |TAMS 0x0000000616400000, 0x0000000616400000| Untracked 
|  89|0x0000000616400000, 0x0000000616800000, 0x0000000616800000|100%| O|  |TAMS 0x0000000616800000, 0x0000000616800000| Untracked 
|  90|0x0000000616800000, 0x0000000616c00000, 0x0000000616c00000|100%| O|  |TAMS 0x0000000616c00000, 0x0000000616c00000| Untracked 
|  91|0x0000000616c00000, 0x0000000617000000, 0x0000000617000000|100%| O|  |TAMS 0x0000000617000000, 0x0000000617000000| Untracked 
|  92|0x0000000617000000, 0x0000000617400000, 0x0000000617400000|100%| O|  |TAMS 0x0000000617400000, 0x0000000617400000| Untracked 
|  93|0x0000000617400000, 0x0000000617800000, 0x0000000617800000|100%| O|  |TAMS 0x0000000617800000, 0x0000000617800000| Untracked 
|  94|0x0000000617800000, 0x0000000617c00000, 0x0000000617c00000|100%| O|  |TAMS 0x0000000617c00000, 0x0000000617c00000| Untracked 
|  95|0x0000000617c00000, 0x0000000618000000, 0x0000000618000000|100%| O|  |TAMS 0x0000000618000000, 0x0000000618000000| Untracked 
|  96|0x0000000618000000, 0x0000000618400000, 0x0000000618400000|100%| O|  |TAMS 0x0000000618400000, 0x0000000618400000| Untracked 
|  97|0x0000000618400000, 0x0000000618400000, 0x0000000618800000|  0%| F|  |TAMS 0x0000000618400000, 0x0000000618400000| Untracked 
|  98|0x0000000618800000, 0x0000000618800000, 0x0000000618c00000|  0%| F|  |TAMS 0x0000000618800000, 0x0000000618800000| Untracked 
|  99|0x0000000618c00000, 0x0000000619000000, 0x0000000619000000|100%| O|  |TAMS 0x0000000619000000, 0x0000000619000000| Untracked 
| 100|0x0000000619000000, 0x0000000619000000, 0x0000000619400000|  0%| F|  |TAMS 0x0000000619000000, 0x0000000619000000| Untracked 
| 101|0x0000000619400000, 0x0000000619400000, 0x0000000619800000|  0%| F|  |TAMS 0x0000000619400000, 0x0000000619400000| Untracked 
| 102|0x0000000619800000, 0x0000000619c00000, 0x0000000619c00000|100%| O|  |TAMS 0x0000000619c00000, 0x0000000619c00000| Untracked 
| 103|0x0000000619c00000, 0x0000000619c00000, 0x000000061a000000|  0%| F|  |TAMS 0x0000000619c00000, 0x0000000619c00000| Untracked 
| 104|0x000000061a000000, 0x000000061a400000, 0x000000061a400000|100%| O|  |TAMS 0x000000061a400000, 0x000000061a400000| Untracked 
| 105|0x000000061a400000, 0x000000061a800000, 0x000000061a800000|100%| O|  |TAMS 0x000000061a800000, 0x000000061a800000| Untracked 
| 106|0x000000061a800000, 0x000000061ac00000, 0x000000061ac00000|100%| O|  |TAMS 0x000000061ac00000, 0x000000061ac00000| Untracked 
| 107|0x000000061ac00000, 0x000000061b000000, 0x000000061b000000|100%| O|  |TAMS 0x000000061b000000, 0x000000061b000000| Untracked 
| 108|0x000000061b000000, 0x000000061b400000, 0x000000061b400000|100%| O|  |TAMS 0x000000061b400000, 0x000000061b400000| Untracked 
| 109|0x000000061b400000, 0x000000061b800000, 0x000000061b800000|100%| O|  |TAMS 0x000000061b800000, 0x000000061b800000| Untracked 
| 110|0x000000061b800000, 0x000000061bc00000, 0x000000061bc00000|100%| O|  |TAMS 0x000000061bc00000, 0x000000061bc00000| Untracked 
| 111|0x000000061bc00000, 0x000000061c000000, 0x000000061c000000|100%| O|  |TAMS 0x000000061c000000, 0x000000061c000000| Untracked 
| 112|0x000000061c000000, 0x000000061c000000, 0x000000061c400000|  0%| F|  |TAMS 0x000000061c000000, 0x000000061c000000| Untracked 
| 113|0x000000061c400000, 0x000000061c800000, 0x000000061c800000|100%| O|  |TAMS 0x000000061c800000, 0x000000061c800000| Untracked 
| 114|0x000000061c800000, 0x000000061cc00000, 0x000000061cc00000|100%| O|  |TAMS 0x000000061cc00000, 0x000000061cc00000| Untracked 
| 115|0x000000061cc00000, 0x000000061cc00000, 0x000000061d000000|  0%| F|  |TAMS 0x000000061cc00000, 0x000000061cc00000| Untracked 
| 116|0x000000061d000000, 0x000000061d400000, 0x000000061d400000|100%| O|  |TAMS 0x000000061d400000, 0x000000061d400000| Untracked 
| 117|0x000000061d400000, 0x000000061d800000, 0x000000061d800000|100%| O|  |TAMS 0x000000061d800000, 0x000000061d800000| Untracked 
| 118|0x000000061d800000, 0x000000061d800000, 0x000000061dc00000|  0%| F|  |TAMS 0x000000061d800000, 0x000000061d800000| Untracked 
| 119|0x000000061dc00000, 0x000000061e000000, 0x000000061e000000|100%| O|  |TAMS 0x000000061e000000, 0x000000061e000000| Untracked 
| 120|0x000000061e000000, 0x000000061e400000, 0x000000061e400000|100%|HS|  |TAMS 0x000000061e400000, 0x000000061e400000| Complete 
| 121|0x000000061e400000, 0x000000061e800000, 0x000000061e800000|100%|HC|  |TAMS 0x000000061e800000, 0x000000061e800000| Complete 
| 122|0x000000061e800000, 0x000000061ec00000, 0x000000061ec00000|100%| O|  |TAMS 0x000000061ec00000, 0x000000061ec00000| Untracked 
| 123|0x000000061ec00000, 0x000000061f000000, 0x000000061f000000|100%| O|  |TAMS 0x000000061f000000, 0x000000061f000000| Untracked 
| 124|0x000000061f000000, 0x000000061f000000, 0x000000061f400000|  0%| F|  |TAMS 0x000000061f000000, 0x000000061f000000| Untracked 
| 125|0x000000061f400000, 0x000000061f400000, 0x000000061f800000|  0%| F|  |TAMS 0x000000061f400000, 0x000000061f400000| Untracked 
| 126|0x000000061f800000, 0x000000061f800000, 0x000000061fc00000|  0%| F|  |TAMS 0x000000061f800000, 0x000000061f800000| Untracked 
| 127|0x000000061fc00000, 0x0000000620000000, 0x0000000620000000|100%| O|  |TAMS 0x0000000620000000, 0x0000000620000000| Untracked 
| 128|0x0000000620000000, 0x0000000620000000, 0x0000000620400000|  0%| F|  |TAMS 0x0000000620000000, 0x0000000620000000| Untracked 
| 129|0x0000000620400000, 0x0000000620400000, 0x0000000620800000|  0%| F|  |TAMS 0x0000000620400000, 0x0000000620400000| Untracked 
| 130|0x0000000620800000, 0x0000000620800000, 0x0000000620c00000|  0%| F|  |TAMS 0x0000000620800000, 0x0000000620800000| Untracked 
| 131|0x0000000620c00000, 0x0000000620c00000, 0x0000000621000000|  0%| F|  |TAMS 0x0000000620c00000, 0x0000000620c00000| Untracked 
| 132|0x0000000621000000, 0x0000000621000000, 0x0000000621400000|  0%| F|  |TAMS 0x0000000621000000, 0x0000000621000000| Untracked 
| 133|0x0000000621400000, 0x0000000621400000, 0x0000000621800000|  0%| F|  |TAMS 0x0000000621400000, 0x0000000621400000| Untracked 
| 134|0x0000000621800000, 0x0000000621800000, 0x0000000621c00000|  0%| F|  |TAMS 0x0000000621800000, 0x0000000621800000| Untracked 
| 135|0x0000000621c00000, 0x0000000621c00000, 0x0000000622000000|  0%| F|  |TAMS 0x0000000621c00000, 0x0000000621c00000| Untracked 
| 136|0x0000000622000000, 0x0000000622000000, 0x0000000622400000|  0%| F|  |TAMS 0x0000000622000000, 0x0000000622000000| Untracked 
| 137|0x0000000622400000, 0x0000000622400000, 0x0000000622800000|  0%| F|  |TAMS 0x0000000622400000, 0x0000000622400000| Untracked 
| 138|0x0000000622800000, 0x0000000622800000, 0x0000000622c00000|  0%| F|  |TAMS 0x0000000622800000, 0x0000000622800000| Untracked 
| 139|0x0000000622c00000, 0x0000000622c00000, 0x0000000623000000|  0%| F|  |TAMS 0x0000000622c00000, 0x0000000622c00000| Untracked 
| 140|0x0000000623000000, 0x0000000623000000, 0x0000000623400000|  0%| F|  |TAMS 0x0000000623000000, 0x0000000623000000| Untracked 
| 141|0x0000000623400000, 0x0000000623400000, 0x0000000623800000|  0%| F|  |TAMS 0x0000000623400000, 0x0000000623400000| Untracked 
| 142|0x0000000623800000, 0x0000000623800000, 0x0000000623c00000|  0%| F|  |TAMS 0x0000000623800000, 0x0000000623800000| Untracked 
| 143|0x0000000623c00000, 0x0000000623c00000, 0x0000000624000000|  0%| F|  |TAMS 0x0000000623c00000, 0x0000000623c00000| Untracked 
| 144|0x0000000624000000, 0x0000000624400000, 0x0000000624400000|100%| O|  |TAMS 0x0000000624400000, 0x0000000624400000| Untracked 
| 145|0x0000000624400000, 0x0000000624800000, 0x0000000624800000|100%| O|  |TAMS 0x0000000624800000, 0x0000000624800000| Untracked 
| 146|0x0000000624800000, 0x0000000624c00000, 0x0000000624c00000|100%| O|  |TAMS 0x0000000624c00000, 0x0000000624c00000| Untracked 
| 147|0x0000000624c00000, 0x0000000624c00000, 0x0000000625000000|  0%| F|  |TAMS 0x0000000624c00000, 0x0000000624c00000| Untracked 
| 148|0x0000000625000000, 0x0000000625000000, 0x0000000625400000|  0%| F|  |TAMS 0x0000000625000000, 0x0000000625000000| Untracked 
| 149|0x0000000625400000, 0x0000000625400000, 0x0000000625800000|  0%| F|  |TAMS 0x0000000625400000, 0x0000000625400000| Untracked 
| 150|0x0000000625800000, 0x0000000625800000, 0x0000000625c00000|  0%| F|  |TAMS 0x0000000625800000, 0x0000000625800000| Untracked 
| 151|0x0000000625c00000, 0x0000000625c00000, 0x0000000626000000|  0%| F|  |TAMS 0x0000000625c00000, 0x0000000625c00000| Untracked 
| 152|0x0000000626000000, 0x0000000626000000, 0x0000000626400000|  0%| F|  |TAMS 0x0000000626000000, 0x0000000626000000| Untracked 
| 153|0x0000000626400000, 0x0000000626800000, 0x0000000626800000|100%| O|  |TAMS 0x0000000626800000, 0x0000000626800000| Untracked 
| 154|0x0000000626800000, 0x0000000626c00000, 0x0000000626c00000|100%| O|  |TAMS 0x0000000626c00000, 0x0000000626c00000| Untracked 
| 155|0x0000000626c00000, 0x0000000627000000, 0x0000000627000000|100%| O|  |TAMS 0x0000000627000000, 0x0000000627000000| Untracked 
| 156|0x0000000627000000, 0x0000000627400000, 0x0000000627400000|100%| O|  |TAMS 0x0000000627400000, 0x0000000627400000| Untracked 
| 157|0x0000000627400000, 0x0000000627400000, 0x0000000627800000|  0%| F|  |TAMS 0x0000000627400000, 0x0000000627400000| Untracked 
| 158|0x0000000627800000, 0x0000000627800000, 0x0000000627c00000|  0%| F|  |TAMS 0x0000000627800000, 0x0000000627800000| Untracked 
| 159|0x0000000627c00000, 0x0000000627c00000, 0x0000000628000000|  0%| F|  |TAMS 0x0000000627c00000, 0x0000000627c00000| Untracked 
| 160|0x0000000628000000, 0x0000000628000000, 0x0000000628400000|  0%| F|  |TAMS 0x0000000628000000, 0x0000000628000000| Untracked 
| 161|0x0000000628400000, 0x0000000628400000, 0x0000000628800000|  0%| F|  |TAMS 0x0000000628400000, 0x0000000628400000| Untracked 
| 162|0x0000000628800000, 0x0000000628800000, 0x0000000628c00000|  0%| F|  |TAMS 0x0000000628800000, 0x0000000628800000| Untracked 
| 163|0x0000000628c00000, 0x0000000628c00000, 0x0000000629000000|  0%| F|  |TAMS 0x0000000628c00000, 0x0000000628c00000| Untracked 
| 164|0x0000000629000000, 0x0000000629000000, 0x0000000629400000|  0%| F|  |TAMS 0x0000000629000000, 0x0000000629000000| Untracked 
| 165|0x0000000629400000, 0x0000000629400000, 0x0000000629800000|  0%| F|  |TAMS 0x0000000629400000, 0x0000000629400000| Untracked 
| 166|0x0000000629800000, 0x0000000629800000, 0x0000000629c00000|  0%| F|  |TAMS 0x0000000629800000, 0x0000000629800000| Untracked 
| 167|0x0000000629c00000, 0x0000000629c00000, 0x000000062a000000|  0%| F|  |TAMS 0x0000000629c00000, 0x0000000629c00000| Untracked 
| 168|0x000000062a000000, 0x000000062a000000, 0x000000062a400000|  0%| F|  |TAMS 0x000000062a000000, 0x000000062a000000| Untracked 
| 169|0x000000062a400000, 0x000000062a400000, 0x000000062a800000|  0%| F|  |TAMS 0x000000062a400000, 0x000000062a400000| Untracked 
| 170|0x000000062a800000, 0x000000062a800000, 0x000000062ac00000|  0%| F|  |TAMS 0x000000062a800000, 0x000000062a800000| Untracked 
| 171|0x000000062ac00000, 0x000000062ac00000, 0x000000062b000000|  0%| F|  |TAMS 0x000000062ac00000, 0x000000062ac00000| Untracked 
| 172|0x000000062b000000, 0x000000062b000000, 0x000000062b400000|  0%| F|  |TAMS 0x000000062b000000, 0x000000062b000000| Untracked 
| 173|0x000000062b400000, 0x000000062b400000, 0x000000062b800000|  0%| F|  |TAMS 0x000000062b400000, 0x000000062b400000| Untracked 
| 174|0x000000062b800000, 0x000000062b800000, 0x000000062bc00000|  0%| F|  |TAMS 0x000000062b800000, 0x000000062b800000| Untracked 
| 175|0x000000062bc00000, 0x000000062bc00000, 0x000000062c000000|  0%| F|  |TAMS 0x000000062bc00000, 0x000000062bc00000| Untracked 
| 176|0x000000062c000000, 0x000000062c000000, 0x000000062c400000|  0%| F|  |TAMS 0x000000062c000000, 0x000000062c000000| Untracked 
| 177|0x000000062c400000, 0x000000062c400000, 0x000000062c800000|  0%| F|  |TAMS 0x000000062c400000, 0x000000062c400000| Untracked 
| 178|0x000000062c800000, 0x000000062c800000, 0x000000062cc00000|  0%| F|  |TAMS 0x000000062c800000, 0x000000062c800000| Untracked 
| 179|0x000000062cc00000, 0x000000062cc00000, 0x000000062d000000|  0%| F|  |TAMS 0x000000062cc00000, 0x000000062cc00000| Untracked 
| 180|0x000000062d000000, 0x000000062d000000, 0x000000062d400000|  0%| F|  |TAMS 0x000000062d000000, 0x000000062d000000| Untracked 
| 181|0x000000062d400000, 0x000000062d400000, 0x000000062d800000|  0%| F|  |TAMS 0x000000062d400000, 0x000000062d400000| Untracked 
| 182|0x000000062d800000, 0x000000062d800000, 0x000000062dc00000|  0%| F|  |TAMS 0x000000062d800000, 0x000000062d800000| Untracked 
| 183|0x000000062dc00000, 0x000000062dc00000, 0x000000062e000000|  0%| F|  |TAMS 0x000000062dc00000, 0x000000062dc00000| Untracked 
| 184|0x000000062e000000, 0x000000062e000000, 0x000000062e400000|  0%| F|  |TAMS 0x000000062e000000, 0x000000062e000000| Untracked 
| 185|0x000000062e400000, 0x000000062e400000, 0x000000062e800000|  0%| F|  |TAMS 0x000000062e400000, 0x000000062e400000| Untracked 
| 186|0x000000062e800000, 0x000000062e800000, 0x000000062ec00000|  0%| F|  |TAMS 0x000000062e800000, 0x000000062e800000| Untracked 
| 187|0x000000062ec00000, 0x000000062ec00000, 0x000000062f000000|  0%| F|  |TAMS 0x000000062ec00000, 0x000000062ec00000| Untracked 
| 188|0x000000062f000000, 0x000000062f000000, 0x000000062f400000|  0%| F|  |TAMS 0x000000062f000000, 0x000000062f000000| Untracked 
| 189|0x000000062f400000, 0x000000062f400000, 0x000000062f800000|  0%| F|  |TAMS 0x000000062f400000, 0x000000062f400000| Untracked 
| 190|0x000000062f800000, 0x000000062f800000, 0x000000062fc00000|  0%| F|  |TAMS 0x000000062f800000, 0x000000062f800000| Untracked 
| 191|0x000000062fc00000, 0x000000062fc00000, 0x0000000630000000|  0%| F|  |TAMS 0x000000062fc00000, 0x000000062fc00000| Untracked 
| 192|0x0000000630000000, 0x0000000630000000, 0x0000000630400000|  0%| F|  |TAMS 0x0000000630000000, 0x0000000630000000| Untracked 
| 193|0x0000000630400000, 0x0000000630400000, 0x0000000630800000|  0%| F|  |TAMS 0x0000000630400000, 0x0000000630400000| Untracked 
| 194|0x0000000630800000, 0x0000000630800000, 0x0000000630c00000|  0%| F|  |TAMS 0x0000000630800000, 0x0000000630800000| Untracked 
| 195|0x0000000630c00000, 0x0000000630c00000, 0x0000000631000000|  0%| F|  |TAMS 0x0000000630c00000, 0x0000000630c00000| Untracked 
| 196|0x0000000631000000, 0x0000000631000000, 0x0000000631400000|  0%| F|  |TAMS 0x0000000631000000, 0x0000000631000000| Untracked 
| 197|0x0000000631400000, 0x0000000631400000, 0x0000000631800000|  0%| F|  |TAMS 0x0000000631400000, 0x0000000631400000| Untracked 
| 198|0x0000000631800000, 0x0000000631800000, 0x0000000631c00000|  0%| F|  |TAMS 0x0000000631800000, 0x0000000631800000| Untracked 
| 199|0x0000000631c00000, 0x0000000631c00000, 0x0000000632000000|  0%| F|  |TAMS 0x0000000631c00000, 0x0000000631c00000| Untracked 
| 200|0x0000000632000000, 0x0000000632000000, 0x0000000632400000|  0%| F|  |TAMS 0x0000000632000000, 0x0000000632000000| Untracked 
| 201|0x0000000632400000, 0x0000000632400000, 0x0000000632800000|  0%| F|  |TAMS 0x0000000632400000, 0x0000000632400000| Untracked 
| 202|0x0000000632800000, 0x0000000632800000, 0x0000000632c00000|  0%| F|  |TAMS 0x0000000632800000, 0x0000000632800000| Untracked 
| 203|0x0000000632c00000, 0x0000000632c00000, 0x0000000633000000|  0%| F|  |TAMS 0x0000000632c00000, 0x0000000632c00000| Untracked 
| 204|0x0000000633000000, 0x0000000633000000, 0x0000000633400000|  0%| F|  |TAMS 0x0000000633000000, 0x0000000633000000| Untracked 
| 205|0x0000000633400000, 0x0000000633400000, 0x0000000633800000|  0%| F|  |TAMS 0x0000000633400000, 0x0000000633400000| Untracked 
| 206|0x0000000633800000, 0x0000000633800000, 0x0000000633c00000|  0%| F|  |TAMS 0x0000000633800000, 0x0000000633800000| Untracked 
| 207|0x0000000633c00000, 0x0000000633c00000, 0x0000000634000000|  0%| F|  |TAMS 0x0000000633c00000, 0x0000000633c00000| Untracked 
| 208|0x0000000634000000, 0x0000000634000000, 0x0000000634400000|  0%| F|  |TAMS 0x0000000634000000, 0x0000000634000000| Untracked 
| 209|0x0000000634400000, 0x0000000634400000, 0x0000000634800000|  0%| F|  |TAMS 0x0000000634400000, 0x0000000634400000| Untracked 
| 210|0x0000000634800000, 0x0000000634800000, 0x0000000634c00000|  0%| F|  |TAMS 0x0000000634800000, 0x0000000634800000| Untracked 
| 211|0x0000000634c00000, 0x0000000634c00000, 0x0000000635000000|  0%| F|  |TAMS 0x0000000634c00000, 0x0000000634c00000| Untracked 
| 212|0x0000000635000000, 0x0000000635000000, 0x0000000635400000|  0%| F|  |TAMS 0x0000000635000000, 0x0000000635000000| Untracked 
| 213|0x0000000635400000, 0x0000000635400000, 0x0000000635800000|  0%| F|  |TAMS 0x0000000635400000, 0x0000000635400000| Untracked 
| 214|0x0000000635800000, 0x0000000635800000, 0x0000000635c00000|  0%| F|  |TAMS 0x0000000635800000, 0x0000000635800000| Untracked 
| 215|0x0000000635c00000, 0x0000000635c00000, 0x0000000636000000|  0%| F|  |TAMS 0x0000000635c00000, 0x0000000635c00000| Untracked 
| 216|0x0000000636000000, 0x0000000636000000, 0x0000000636400000|  0%| F|  |TAMS 0x0000000636000000, 0x0000000636000000| Untracked 
| 217|0x0000000636400000, 0x0000000636400000, 0x0000000636800000|  0%| F|  |TAMS 0x0000000636400000, 0x0000000636400000| Untracked 
| 218|0x0000000636800000, 0x0000000636800000, 0x0000000636c00000|  0%| F|  |TAMS 0x0000000636800000, 0x0000000636800000| Untracked 
| 219|0x0000000636c00000, 0x0000000636c00000, 0x0000000637000000|  0%| F|  |TAMS 0x0000000636c00000, 0x0000000636c00000| Untracked 
| 220|0x0000000637000000, 0x0000000637000000, 0x0000000637400000|  0%| F|  |TAMS 0x0000000637000000, 0x0000000637000000| Untracked 
| 221|0x0000000637400000, 0x0000000637400000, 0x0000000637800000|  0%| F|  |TAMS 0x0000000637400000, 0x0000000637400000| Untracked 
| 222|0x0000000637800000, 0x0000000637800000, 0x0000000637c00000|  0%| F|  |TAMS 0x0000000637800000, 0x0000000637800000| Untracked 
| 223|0x0000000637c00000, 0x0000000637c00000, 0x0000000638000000|  0%| F|  |TAMS 0x0000000637c00000, 0x0000000637c00000| Untracked 
| 224|0x0000000638000000, 0x0000000638000000, 0x0000000638400000|  0%| F|  |TAMS 0x0000000638000000, 0x0000000638000000| Untracked 
| 225|0x0000000638400000, 0x0000000638400000, 0x0000000638800000|  0%| F|  |TAMS 0x0000000638400000, 0x0000000638400000| Untracked 
| 226|0x0000000638800000, 0x0000000638800000, 0x0000000638c00000|  0%| F|  |TAMS 0x0000000638800000, 0x0000000638800000| Untracked 
| 227|0x0000000638c00000, 0x0000000638c00000, 0x0000000639000000|  0%| F|  |TAMS 0x0000000638c00000, 0x0000000638c00000| Untracked 
| 228|0x0000000639000000, 0x0000000639000000, 0x0000000639400000|  0%| F|  |TAMS 0x0000000639000000, 0x0000000639000000| Untracked 
| 229|0x0000000639400000, 0x0000000639400000, 0x0000000639800000|  0%| F|  |TAMS 0x0000000639400000, 0x0000000639400000| Untracked 
| 230|0x0000000639800000, 0x0000000639800000, 0x0000000639c00000|  0%| F|  |TAMS 0x0000000639800000, 0x0000000639800000| Untracked 
| 231|0x0000000639c00000, 0x0000000639c00000, 0x000000063a000000|  0%| F|  |TAMS 0x0000000639c00000, 0x0000000639c00000| Untracked 
| 232|0x000000063a000000, 0x000000063a000000, 0x000000063a400000|  0%| F|  |TAMS 0x000000063a000000, 0x000000063a000000| Untracked 
| 233|0x000000063a400000, 0x000000063a400000, 0x000000063a800000|  0%| F|  |TAMS 0x000000063a400000, 0x000000063a400000| Untracked 
| 234|0x000000063a800000, 0x000000063a800000, 0x000000063ac00000|  0%| F|  |TAMS 0x000000063a800000, 0x000000063a800000| Untracked 
| 235|0x000000063ac00000, 0x000000063ac00000, 0x000000063b000000|  0%| F|  |TAMS 0x000000063ac00000, 0x000000063ac00000| Untracked 
| 236|0x000000063b000000, 0x000000063b000000, 0x000000063b400000|  0%| F|  |TAMS 0x000000063b000000, 0x000000063b000000| Untracked 
| 237|0x000000063b400000, 0x000000063b400000, 0x000000063b800000|  0%| F|  |TAMS 0x000000063b400000, 0x000000063b400000| Untracked 
| 238|0x000000063b800000, 0x000000063b800000, 0x000000063bc00000|  0%| F|  |TAMS 0x000000063b800000, 0x000000063b800000| Untracked 
| 239|0x000000063bc00000, 0x000000063bc00000, 0x000000063c000000|  0%| F|  |TAMS 0x000000063bc00000, 0x000000063bc00000| Untracked 
| 240|0x000000063c000000, 0x000000063c000000, 0x000000063c400000|  0%| F|  |TAMS 0x000000063c000000, 0x000000063c000000| Untracked 
| 241|0x000000063c400000, 0x000000063c400000, 0x000000063c800000|  0%| F|  |TAMS 0x000000063c400000, 0x000000063c400000| Untracked 
| 242|0x000000063c800000, 0x000000063c800000, 0x000000063cc00000|  0%| F|  |TAMS 0x000000063c800000, 0x000000063c800000| Untracked 
| 243|0x000000063cc00000, 0x000000063cc00000, 0x000000063d000000|  0%| F|  |TAMS 0x000000063cc00000, 0x000000063cc00000| Untracked 
| 244|0x000000063d000000, 0x000000063d000000, 0x000000063d400000|  0%| F|  |TAMS 0x000000063d000000, 0x000000063d000000| Untracked 
| 245|0x000000063d400000, 0x000000063d400000, 0x000000063d800000|  0%| F|  |TAMS 0x000000063d400000, 0x000000063d400000| Untracked 
| 246|0x000000063d800000, 0x000000063d800000, 0x000000063dc00000|  0%| F|  |TAMS 0x000000063d800000, 0x000000063d800000| Untracked 
| 247|0x000000063dc00000, 0x000000063dc00000, 0x000000063e000000|  0%| F|  |TAMS 0x000000063dc00000, 0x000000063dc00000| Untracked 
| 248|0x000000063e000000, 0x000000063e000000, 0x000000063e400000|  0%| F|  |TAMS 0x000000063e000000, 0x000000063e000000| Untracked 
| 249|0x000000063e400000, 0x000000063e400000, 0x000000063e800000|  0%| F|  |TAMS 0x000000063e400000, 0x000000063e400000| Untracked 
| 250|0x000000063e800000, 0x000000063e800000, 0x000000063ec00000|  0%| F|  |TAMS 0x000000063e800000, 0x000000063e800000| Untracked 
| 251|0x000000063ec00000, 0x000000063ec00000, 0x000000063f000000|  0%| F|  |TAMS 0x000000063ec00000, 0x000000063ec00000| Untracked 
| 252|0x000000063f000000, 0x000000063f000000, 0x000000063f400000|  0%| F|  |TAMS 0x000000063f000000, 0x000000063f000000| Untracked 
| 253|0x000000063f400000, 0x000000063f400000, 0x000000063f800000|  0%| F|  |TAMS 0x000000063f400000, 0x000000063f400000| Untracked 
| 254|0x000000063f800000, 0x000000063f800000, 0x000000063fc00000|  0%| F|  |TAMS 0x000000063f800000, 0x000000063f800000| Untracked 
| 255|0x000000063fc00000, 0x000000063fc00000, 0x0000000640000000|  0%| F|  |TAMS 0x000000063fc00000, 0x000000063fc00000| Untracked 
| 256|0x0000000640000000, 0x0000000640000000, 0x0000000640400000|  0%| F|  |TAMS 0x0000000640000000, 0x0000000640000000| Untracked 
| 257|0x0000000640400000, 0x0000000640400000, 0x0000000640800000|  0%| F|  |TAMS 0x0000000640400000, 0x0000000640400000| Untracked 
| 258|0x0000000640800000, 0x0000000640800000, 0x0000000640c00000|  0%| F|  |TAMS 0x0000000640800000, 0x0000000640800000| Untracked 
| 259|0x0000000640c00000, 0x0000000640c00000, 0x0000000641000000|  0%| F|  |TAMS 0x0000000640c00000, 0x0000000640c00000| Untracked 
| 260|0x0000000641000000, 0x0000000641000000, 0x0000000641400000|  0%| F|  |TAMS 0x0000000641000000, 0x0000000641000000| Untracked 
| 261|0x0000000641400000, 0x0000000641400000, 0x0000000641800000|  0%| F|  |TAMS 0x0000000641400000, 0x0000000641400000| Untracked 
| 262|0x0000000641800000, 0x0000000641800000, 0x0000000641c00000|  0%| F|  |TAMS 0x0000000641800000, 0x0000000641800000| Untracked 
| 263|0x0000000641c00000, 0x0000000641c00000, 0x0000000642000000|  0%| F|  |TAMS 0x0000000641c00000, 0x0000000641c00000| Untracked 
| 264|0x0000000642000000, 0x0000000642000000, 0x0000000642400000|  0%| F|  |TAMS 0x0000000642000000, 0x0000000642000000| Untracked 
| 265|0x0000000642400000, 0x0000000642400000, 0x0000000642800000|  0%| F|  |TAMS 0x0000000642400000, 0x0000000642400000| Untracked 
| 266|0x0000000642800000, 0x0000000642800000, 0x0000000642c00000|  0%| F|  |TAMS 0x0000000642800000, 0x0000000642800000| Untracked 
| 267|0x0000000642c00000, 0x0000000642c00000, 0x0000000643000000|  0%| F|  |TAMS 0x0000000642c00000, 0x0000000642c00000| Untracked 
| 268|0x0000000643000000, 0x0000000643000000, 0x0000000643400000|  0%| F|  |TAMS 0x0000000643000000, 0x0000000643000000| Untracked 
| 269|0x0000000643400000, 0x0000000643400000, 0x0000000643800000|  0%| F|  |TAMS 0x0000000643400000, 0x0000000643400000| Untracked 
| 270|0x0000000643800000, 0x0000000643800000, 0x0000000643c00000|  0%| F|  |TAMS 0x0000000643800000, 0x0000000643800000| Untracked 
| 271|0x0000000643c00000, 0x0000000643c00000, 0x0000000644000000|  0%| F|  |TAMS 0x0000000643c00000, 0x0000000643c00000| Untracked 
| 272|0x0000000644000000, 0x0000000644000000, 0x0000000644400000|  0%| F|  |TAMS 0x0000000644000000, 0x0000000644000000| Untracked 
| 273|0x0000000644400000, 0x0000000644400000, 0x0000000644800000|  0%| F|  |TAMS 0x0000000644400000, 0x0000000644400000| Untracked 
| 274|0x0000000644800000, 0x0000000644800000, 0x0000000644c00000|  0%| F|  |TAMS 0x0000000644800000, 0x0000000644800000| Untracked 
| 275|0x0000000644c00000, 0x0000000644c00000, 0x0000000645000000|  0%| F|  |TAMS 0x0000000644c00000, 0x0000000644c00000| Untracked 
| 276|0x0000000645000000, 0x0000000645000000, 0x0000000645400000|  0%| F|  |TAMS 0x0000000645000000, 0x0000000645000000| Untracked 
| 277|0x0000000645400000, 0x0000000645400000, 0x0000000645800000|  0%| F|  |TAMS 0x0000000645400000, 0x0000000645400000| Untracked 
| 278|0x0000000645800000, 0x0000000645800000, 0x0000000645c00000|  0%| F|  |TAMS 0x0000000645800000, 0x0000000645800000| Untracked 
| 279|0x0000000645c00000, 0x0000000645c00000, 0x0000000646000000|  0%| F|  |TAMS 0x0000000645c00000, 0x0000000645c00000| Untracked 
| 280|0x0000000646000000, 0x0000000646000000, 0x0000000646400000|  0%| F|  |TAMS 0x0000000646000000, 0x0000000646000000| Untracked 
| 281|0x0000000646400000, 0x0000000646400000, 0x0000000646800000|  0%| F|  |TAMS 0x0000000646400000, 0x0000000646400000| Untracked 
| 282|0x0000000646800000, 0x0000000646800000, 0x0000000646c00000|  0%| F|  |TAMS 0x0000000646800000, 0x0000000646800000| Untracked 
| 283|0x0000000646c00000, 0x0000000646c00000, 0x0000000647000000|  0%| F|  |TAMS 0x0000000646c00000, 0x0000000646c00000| Untracked 
| 284|0x0000000647000000, 0x0000000647000000, 0x0000000647400000|  0%| F|  |TAMS 0x0000000647000000, 0x0000000647000000| Untracked 
| 285|0x0000000647400000, 0x0000000647400000, 0x0000000647800000|  0%| F|  |TAMS 0x0000000647400000, 0x0000000647400000| Untracked 
| 286|0x0000000647800000, 0x0000000647800000, 0x0000000647c00000|  0%| F|  |TAMS 0x0000000647800000, 0x0000000647800000| Untracked 
| 287|0x0000000647c00000, 0x0000000647c00000, 0x0000000648000000|  0%| F|  |TAMS 0x0000000647c00000, 0x0000000647c00000| Untracked 
| 288|0x0000000648000000, 0x0000000648000000, 0x0000000648400000|  0%| F|  |TAMS 0x0000000648000000, 0x0000000648000000| Untracked 
| 289|0x0000000648400000, 0x0000000648400000, 0x0000000648800000|  0%| F|  |TAMS 0x0000000648400000, 0x0000000648400000| Untracked 
| 290|0x0000000648800000, 0x0000000648800000, 0x0000000648c00000|  0%| F|  |TAMS 0x0000000648800000, 0x0000000648800000| Untracked 
| 291|0x0000000648c00000, 0x0000000648c00000, 0x0000000649000000|  0%| F|  |TAMS 0x0000000648c00000, 0x0000000648c00000| Untracked 
| 292|0x0000000649000000, 0x0000000649000000, 0x0000000649400000|  0%| F|  |TAMS 0x0000000649000000, 0x0000000649000000| Untracked 
| 293|0x0000000649400000, 0x0000000649400000, 0x0000000649800000|  0%| F|  |TAMS 0x0000000649400000, 0x0000000649400000| Untracked 
| 294|0x0000000649800000, 0x0000000649800000, 0x0000000649c00000|  0%| F|  |TAMS 0x0000000649800000, 0x0000000649800000| Untracked 
| 295|0x0000000649c00000, 0x0000000649c00000, 0x000000064a000000|  0%| F|  |TAMS 0x0000000649c00000, 0x0000000649c00000| Untracked 
| 296|0x000000064a000000, 0x000000064a000000, 0x000000064a400000|  0%| F|  |TAMS 0x000000064a000000, 0x000000064a000000| Untracked 
| 297|0x000000064a400000, 0x000000064a400000, 0x000000064a800000|  0%| F|  |TAMS 0x000000064a400000, 0x000000064a400000| Untracked 
| 298|0x000000064a800000, 0x000000064a800000, 0x000000064ac00000|  0%| F|  |TAMS 0x000000064a800000, 0x000000064a800000| Untracked 
| 299|0x000000064ac00000, 0x000000064ac00000, 0x000000064b000000|  0%| F|  |TAMS 0x000000064ac00000, 0x000000064ac00000| Untracked 
| 300|0x000000064b000000, 0x000000064b000000, 0x000000064b400000|  0%| F|  |TAMS 0x000000064b000000, 0x000000064b000000| Untracked 
| 301|0x000000064b400000, 0x000000064b400000, 0x000000064b800000|  0%| F|  |TAMS 0x000000064b400000, 0x000000064b400000| Untracked 
| 302|0x000000064b800000, 0x000000064b800000, 0x000000064bc00000|  0%| F|  |TAMS 0x000000064b800000, 0x000000064b800000| Untracked 
| 303|0x000000064bc00000, 0x000000064bc00000, 0x000000064c000000|  0%| F|  |TAMS 0x000000064bc00000, 0x000000064bc00000| Untracked 
| 304|0x000000064c000000, 0x000000064c000000, 0x000000064c400000|  0%| F|  |TAMS 0x000000064c000000, 0x000000064c000000| Untracked 
| 305|0x000000064c400000, 0x000000064c400000, 0x000000064c800000|  0%| F|  |TAMS 0x000000064c400000, 0x000000064c400000| Untracked 
| 306|0x000000064c800000, 0x000000064c800000, 0x000000064cc00000|  0%| F|  |TAMS 0x000000064c800000, 0x000000064c800000| Untracked 
| 307|0x000000064cc00000, 0x000000064cc00000, 0x000000064d000000|  0%| F|  |TAMS 0x000000064cc00000, 0x000000064cc00000| Untracked 
| 308|0x000000064d000000, 0x000000064d000000, 0x000000064d400000|  0%| F|  |TAMS 0x000000064d000000, 0x000000064d000000| Untracked 
| 309|0x000000064d400000, 0x000000064d400000, 0x000000064d800000|  0%| F|  |TAMS 0x000000064d400000, 0x000000064d400000| Untracked 
| 310|0x000000064d800000, 0x000000064d800000, 0x000000064dc00000|  0%| F|  |TAMS 0x000000064d800000, 0x000000064d800000| Untracked 
| 311|0x000000064dc00000, 0x000000064dc00000, 0x000000064e000000|  0%| F|  |TAMS 0x000000064dc00000, 0x000000064dc00000| Untracked 
| 312|0x000000064e000000, 0x000000064e000000, 0x000000064e400000|  0%| F|  |TAMS 0x000000064e000000, 0x000000064e000000| Untracked 
| 313|0x000000064e400000, 0x000000064e400000, 0x000000064e800000|  0%| F|  |TAMS 0x000000064e400000, 0x000000064e400000| Untracked 
| 314|0x000000064e800000, 0x000000064e800000, 0x000000064ec00000|  0%| F|  |TAMS 0x000000064e800000, 0x000000064e800000| Untracked 
| 315|0x000000064ec00000, 0x000000064ec00000, 0x000000064f000000|  0%| F|  |TAMS 0x000000064ec00000, 0x000000064ec00000| Untracked 
| 316|0x000000064f000000, 0x000000064f000000, 0x000000064f400000|  0%| F|  |TAMS 0x000000064f000000, 0x000000064f000000| Untracked 
| 317|0x000000064f400000, 0x000000064f400000, 0x000000064f800000|  0%| F|  |TAMS 0x000000064f400000, 0x000000064f400000| Untracked 
| 318|0x000000064f800000, 0x000000064f800000, 0x000000064fc00000|  0%| F|  |TAMS 0x000000064f800000, 0x000000064f800000| Untracked 
| 319|0x000000064fc00000, 0x000000064fc00000, 0x0000000650000000|  0%| F|  |TAMS 0x000000064fc00000, 0x000000064fc00000| Untracked 
| 320|0x0000000650000000, 0x0000000650000000, 0x0000000650400000|  0%| F|  |TAMS 0x0000000650000000, 0x0000000650000000| Untracked 
| 321|0x0000000650400000, 0x0000000650400000, 0x0000000650800000|  0%| F|  |TAMS 0x0000000650400000, 0x0000000650400000| Untracked 
| 322|0x0000000650800000, 0x0000000650800000, 0x0000000650c00000|  0%| F|  |TAMS 0x0000000650800000, 0x0000000650800000| Untracked 
| 323|0x0000000650c00000, 0x0000000650c00000, 0x0000000651000000|  0%| F|  |TAMS 0x0000000650c00000, 0x0000000650c00000| Untracked 
| 324|0x0000000651000000, 0x0000000651000000, 0x0000000651400000|  0%| F|  |TAMS 0x0000000651000000, 0x0000000651000000| Untracked 
| 325|0x0000000651400000, 0x0000000651400000, 0x0000000651800000|  0%| F|  |TAMS 0x0000000651400000, 0x0000000651400000| Untracked 
| 326|0x0000000651800000, 0x0000000651800000, 0x0000000651c00000|  0%| F|  |TAMS 0x0000000651800000, 0x0000000651800000| Untracked 
| 327|0x0000000651c00000, 0x0000000651c00000, 0x0000000652000000|  0%| F|  |TAMS 0x0000000651c00000, 0x0000000651c00000| Untracked 
| 328|0x0000000652000000, 0x0000000652000000, 0x0000000652400000|  0%| F|  |TAMS 0x0000000652000000, 0x0000000652000000| Untracked 
| 329|0x0000000652400000, 0x0000000652400000, 0x0000000652800000|  0%| F|  |TAMS 0x0000000652400000, 0x0000000652400000| Untracked 
| 330|0x0000000652800000, 0x0000000652800000, 0x0000000652c00000|  0%| F|  |TAMS 0x0000000652800000, 0x0000000652800000| Untracked 
| 331|0x0000000652c00000, 0x0000000652c00000, 0x0000000653000000|  0%| F|  |TAMS 0x0000000652c00000, 0x0000000652c00000| Untracked 
| 332|0x0000000653000000, 0x0000000653000000, 0x0000000653400000|  0%| F|  |TAMS 0x0000000653000000, 0x0000000653000000| Untracked 
| 333|0x0000000653400000, 0x0000000653400000, 0x0000000653800000|  0%| F|  |TAMS 0x0000000653400000, 0x0000000653400000| Untracked 
| 334|0x0000000653800000, 0x0000000653800000, 0x0000000653c00000|  0%| F|  |TAMS 0x0000000653800000, 0x0000000653800000| Untracked 
| 335|0x0000000653c00000, 0x0000000653c00000, 0x0000000654000000|  0%| F|  |TAMS 0x0000000653c00000, 0x0000000653c00000| Untracked 
| 336|0x0000000654000000, 0x0000000654000000, 0x0000000654400000|  0%| F|  |TAMS 0x0000000654000000, 0x0000000654000000| Untracked 
| 337|0x0000000654400000, 0x0000000654400000, 0x0000000654800000|  0%| F|  |TAMS 0x0000000654400000, 0x0000000654400000| Untracked 
| 338|0x0000000654800000, 0x0000000654800000, 0x0000000654c00000|  0%| F|  |TAMS 0x0000000654800000, 0x0000000654800000| Untracked 
| 339|0x0000000654c00000, 0x0000000654c00000, 0x0000000655000000|  0%| F|  |TAMS 0x0000000654c00000, 0x0000000654c00000| Untracked 
| 340|0x0000000655000000, 0x0000000655000000, 0x0000000655400000|  0%| F|  |TAMS 0x0000000655000000, 0x0000000655000000| Untracked 
| 341|0x0000000655400000, 0x0000000655400000, 0x0000000655800000|  0%| F|  |TAMS 0x0000000655400000, 0x0000000655400000| Untracked 
| 342|0x0000000655800000, 0x0000000655800000, 0x0000000655c00000|  0%| F|  |TAMS 0x0000000655800000, 0x0000000655800000| Untracked 
| 343|0x0000000655c00000, 0x0000000655c00000, 0x0000000656000000|  0%| F|  |TAMS 0x0000000655c00000, 0x0000000655c00000| Untracked 
| 344|0x0000000656000000, 0x0000000656000000, 0x0000000656400000|  0%| F|  |TAMS 0x0000000656000000, 0x0000000656000000| Untracked 
| 345|0x0000000656400000, 0x0000000656400000, 0x0000000656800000|  0%| F|  |TAMS 0x0000000656400000, 0x0000000656400000| Untracked 
| 346|0x0000000656800000, 0x0000000656800000, 0x0000000656c00000|  0%| F|  |TAMS 0x0000000656800000, 0x0000000656800000| Untracked 
| 347|0x0000000656c00000, 0x0000000656c00000, 0x0000000657000000|  0%| F|  |TAMS 0x0000000656c00000, 0x0000000656c00000| Untracked 
| 348|0x0000000657000000, 0x0000000657000000, 0x0000000657400000|  0%| F|  |TAMS 0x0000000657000000, 0x0000000657000000| Untracked 
| 349|0x0000000657400000, 0x0000000657400000, 0x0000000657800000|  0%| F|  |TAMS 0x0000000657400000, 0x0000000657400000| Untracked 
| 350|0x0000000657800000, 0x0000000657800000, 0x0000000657c00000|  0%| F|  |TAMS 0x0000000657800000, 0x0000000657800000| Untracked 
| 351|0x0000000657c00000, 0x0000000657c00000, 0x0000000658000000|  0%| F|  |TAMS 0x0000000657c00000, 0x0000000657c00000| Untracked 
| 352|0x0000000658000000, 0x0000000658000000, 0x0000000658400000|  0%| F|  |TAMS 0x0000000658000000, 0x0000000658000000| Untracked 
| 353|0x0000000658400000, 0x0000000658400000, 0x0000000658800000|  0%| F|  |TAMS 0x0000000658400000, 0x0000000658400000| Untracked 
| 354|0x0000000658800000, 0x0000000658800000, 0x0000000658c00000|  0%| F|  |TAMS 0x0000000658800000, 0x0000000658800000| Untracked 
| 355|0x0000000658c00000, 0x0000000658c00000, 0x0000000659000000|  0%| F|  |TAMS 0x0000000658c00000, 0x0000000658c00000| Untracked 
| 356|0x0000000659000000, 0x0000000659000000, 0x0000000659400000|  0%| F|  |TAMS 0x0000000659000000, 0x0000000659000000| Untracked 
| 357|0x0000000659400000, 0x0000000659400000, 0x0000000659800000|  0%| F|  |TAMS 0x0000000659400000, 0x0000000659400000| Untracked 
| 358|0x0000000659800000, 0x0000000659800000, 0x0000000659c00000|  0%| F|  |TAMS 0x0000000659800000, 0x0000000659800000| Untracked 
| 359|0x0000000659c00000, 0x0000000659c00000, 0x000000065a000000|  0%| F|  |TAMS 0x0000000659c00000, 0x0000000659c00000| Untracked 
| 360|0x000000065a000000, 0x000000065a000000, 0x000000065a400000|  0%| F|  |TAMS 0x000000065a000000, 0x000000065a000000| Untracked 
| 361|0x000000065a400000, 0x000000065a400000, 0x000000065a800000|  0%| F|  |TAMS 0x000000065a400000, 0x000000065a400000| Untracked 
| 362|0x000000065a800000, 0x000000065a800000, 0x000000065ac00000|  0%| F|  |TAMS 0x000000065a800000, 0x000000065a800000| Untracked 
| 363|0x000000065ac00000, 0x000000065ac00000, 0x000000065b000000|  0%| F|  |TAMS 0x000000065ac00000, 0x000000065ac00000| Untracked 
| 364|0x000000065b000000, 0x000000065b000000, 0x000000065b400000|  0%| F|  |TAMS 0x000000065b000000, 0x000000065b000000| Untracked 
| 365|0x000000065b400000, 0x000000065b400000, 0x000000065b800000|  0%| F|  |TAMS 0x000000065b400000, 0x000000065b400000| Untracked 
| 366|0x000000065b800000, 0x000000065b800000, 0x000000065bc00000|  0%| F|  |TAMS 0x000000065b800000, 0x000000065b800000| Untracked 
| 367|0x000000065bc00000, 0x000000065bc00000, 0x000000065c000000|  0%| F|  |TAMS 0x000000065bc00000, 0x000000065bc00000| Untracked 
| 368|0x000000065c000000, 0x000000065c000000, 0x000000065c400000|  0%| F|  |TAMS 0x000000065c000000, 0x000000065c000000| Untracked 
| 369|0x000000065c400000, 0x000000065c400000, 0x000000065c800000|  0%| F|  |TAMS 0x000000065c400000, 0x000000065c400000| Untracked 
| 370|0x000000065c800000, 0x000000065c800000, 0x000000065cc00000|  0%| F|  |TAMS 0x000000065c800000, 0x000000065c800000| Untracked 
| 371|0x000000065cc00000, 0x000000065cc00000, 0x000000065d000000|  0%| F|  |TAMS 0x000000065cc00000, 0x000000065cc00000| Untracked 
| 372|0x000000065d000000, 0x000000065d000000, 0x000000065d400000|  0%| F|  |TAMS 0x000000065d000000, 0x000000065d000000| Untracked 
| 373|0x000000065d400000, 0x000000065d400000, 0x000000065d800000|  0%| F|  |TAMS 0x000000065d400000, 0x000000065d400000| Untracked 
| 374|0x000000065d800000, 0x000000065d800000, 0x000000065dc00000|  0%| F|  |TAMS 0x000000065d800000, 0x000000065d800000| Untracked 
| 375|0x000000065dc00000, 0x000000065dc00000, 0x000000065e000000|  0%| F|  |TAMS 0x000000065dc00000, 0x000000065dc00000| Untracked 
| 376|0x000000065e000000, 0x000000065e000000, 0x000000065e400000|  0%| F|  |TAMS 0x000000065e000000, 0x000000065e000000| Untracked 
| 377|0x000000065e400000, 0x000000065e400000, 0x000000065e800000|  0%| F|  |TAMS 0x000000065e400000, 0x000000065e400000| Untracked 
| 378|0x000000065e800000, 0x000000065e800000, 0x000000065ec00000|  0%| F|  |TAMS 0x000000065e800000, 0x000000065e800000| Untracked 
| 379|0x000000065ec00000, 0x000000065ec00000, 0x000000065f000000|  0%| F|  |TAMS 0x000000065ec00000, 0x000000065ec00000| Untracked 
| 380|0x000000065f000000, 0x000000065f000000, 0x000000065f400000|  0%| F|  |TAMS 0x000000065f000000, 0x000000065f000000| Untracked 
| 381|0x000000065f400000, 0x000000065f400000, 0x000000065f800000|  0%| F|  |TAMS 0x000000065f400000, 0x000000065f400000| Untracked 
| 382|0x000000065f800000, 0x000000065f800000, 0x000000065fc00000|  0%| F|  |TAMS 0x000000065f800000, 0x000000065f800000| Untracked 
| 383|0x000000065fc00000, 0x000000065fc00000, 0x0000000660000000|  0%| F|  |TAMS 0x000000065fc00000, 0x000000065fc00000| Untracked 
| 384|0x0000000660000000, 0x0000000660000000, 0x0000000660400000|  0%| F|  |TAMS 0x0000000660000000, 0x0000000660000000| Untracked 
| 385|0x0000000660400000, 0x0000000660400000, 0x0000000660800000|  0%| F|  |TAMS 0x0000000660400000, 0x0000000660400000| Untracked 
| 386|0x0000000660800000, 0x0000000660800000, 0x0000000660c00000|  0%| F|  |TAMS 0x0000000660800000, 0x0000000660800000| Untracked 
| 387|0x0000000660c00000, 0x0000000660c00000, 0x0000000661000000|  0%| F|  |TAMS 0x0000000660c00000, 0x0000000660c00000| Untracked 
| 388|0x0000000661000000, 0x0000000661000000, 0x0000000661400000|  0%| F|  |TAMS 0x0000000661000000, 0x0000000661000000| Untracked 
| 389|0x0000000661400000, 0x0000000661400000, 0x0000000661800000|  0%| F|  |TAMS 0x0000000661400000, 0x0000000661400000| Untracked 
| 390|0x0000000661800000, 0x0000000661800000, 0x0000000661c00000|  0%| F|  |TAMS 0x0000000661800000, 0x0000000661800000| Untracked 
| 391|0x0000000661c00000, 0x0000000661c00000, 0x0000000662000000|  0%| F|  |TAMS 0x0000000661c00000, 0x0000000661c00000| Untracked 
| 392|0x0000000662000000, 0x0000000662000000, 0x0000000662400000|  0%| F|  |TAMS 0x0000000662000000, 0x0000000662000000| Untracked 
| 393|0x0000000662400000, 0x0000000662400000, 0x0000000662800000|  0%| F|  |TAMS 0x0000000662400000, 0x0000000662400000| Untracked 
| 394|0x0000000662800000, 0x0000000662800000, 0x0000000662c00000|  0%| F|  |TAMS 0x0000000662800000, 0x0000000662800000| Untracked 
| 395|0x0000000662c00000, 0x0000000662c00000, 0x0000000663000000|  0%| F|  |TAMS 0x0000000662c00000, 0x0000000662c00000| Untracked 
| 396|0x0000000663000000, 0x0000000663000000, 0x0000000663400000|  0%| F|  |TAMS 0x0000000663000000, 0x0000000663000000| Untracked 
| 397|0x0000000663400000, 0x0000000663400000, 0x0000000663800000|  0%| F|  |TAMS 0x0000000663400000, 0x0000000663400000| Untracked 
| 398|0x0000000663800000, 0x0000000663800000, 0x0000000663c00000|  0%| F|  |TAMS 0x0000000663800000, 0x0000000663800000| Untracked 
| 399|0x0000000663c00000, 0x0000000663c00000, 0x0000000664000000|  0%| F|  |TAMS 0x0000000663c00000, 0x0000000663c00000| Untracked 
| 400|0x0000000664000000, 0x0000000664000000, 0x0000000664400000|  0%| F|  |TAMS 0x0000000664000000, 0x0000000664000000| Untracked 
| 401|0x0000000664400000, 0x0000000664400000, 0x0000000664800000|  0%| F|  |TAMS 0x0000000664400000, 0x0000000664400000| Untracked 
| 402|0x0000000664800000, 0x0000000664800000, 0x0000000664c00000|  0%| F|  |TAMS 0x0000000664800000, 0x0000000664800000| Untracked 
| 403|0x0000000664c00000, 0x0000000664c00000, 0x0000000665000000|  0%| F|  |TAMS 0x0000000664c00000, 0x0000000664c00000| Untracked 
| 404|0x0000000665000000, 0x0000000665000000, 0x0000000665400000|  0%| F|  |TAMS 0x0000000665000000, 0x0000000665000000| Untracked 
| 405|0x0000000665400000, 0x0000000665400000, 0x0000000665800000|  0%| F|  |TAMS 0x0000000665400000, 0x0000000665400000| Untracked 
| 406|0x0000000665800000, 0x0000000665800000, 0x0000000665c00000|  0%| F|  |TAMS 0x0000000665800000, 0x0000000665800000| Untracked 
| 407|0x0000000665c00000, 0x0000000665c00000, 0x0000000666000000|  0%| F|  |TAMS 0x0000000665c00000, 0x0000000665c00000| Untracked 
| 408|0x0000000666000000, 0x0000000666000000, 0x0000000666400000|  0%| F|  |TAMS 0x0000000666000000, 0x0000000666000000| Untracked 
| 409|0x0000000666400000, 0x0000000666400000, 0x0000000666800000|  0%| F|  |TAMS 0x0000000666400000, 0x0000000666400000| Untracked 
| 410|0x0000000666800000, 0x0000000666800000, 0x0000000666c00000|  0%| F|  |TAMS 0x0000000666800000, 0x0000000666800000| Untracked 
| 411|0x0000000666c00000, 0x0000000666c00000, 0x0000000667000000|  0%| F|  |TAMS 0x0000000666c00000, 0x0000000666c00000| Untracked 
| 412|0x0000000667000000, 0x0000000667000000, 0x0000000667400000|  0%| F|  |TAMS 0x0000000667000000, 0x0000000667000000| Untracked 
| 413|0x0000000667400000, 0x0000000667400000, 0x0000000667800000|  0%| F|  |TAMS 0x0000000667400000, 0x0000000667400000| Untracked 
| 414|0x0000000667800000, 0x0000000667800000, 0x0000000667c00000|  0%| F|  |TAMS 0x0000000667800000, 0x0000000667800000| Untracked 
| 415|0x0000000667c00000, 0x0000000667c00000, 0x0000000668000000|  0%| F|  |TAMS 0x0000000667c00000, 0x0000000667c00000| Untracked 
| 416|0x0000000668000000, 0x0000000668000000, 0x0000000668400000|  0%| F|  |TAMS 0x0000000668000000, 0x0000000668000000| Untracked 
| 417|0x0000000668400000, 0x0000000668400000, 0x0000000668800000|  0%| F|  |TAMS 0x0000000668400000, 0x0000000668400000| Untracked 
| 418|0x0000000668800000, 0x0000000668800000, 0x0000000668c00000|  0%| F|  |TAMS 0x0000000668800000, 0x0000000668800000| Untracked 
| 419|0x0000000668c00000, 0x0000000668c00000, 0x0000000669000000|  0%| F|  |TAMS 0x0000000668c00000, 0x0000000668c00000| Untracked 
| 420|0x0000000669000000, 0x0000000669000000, 0x0000000669400000|  0%| F|  |TAMS 0x0000000669000000, 0x0000000669000000| Untracked 
| 421|0x0000000669400000, 0x0000000669400000, 0x0000000669800000|  0%| F|  |TAMS 0x0000000669400000, 0x0000000669400000| Untracked 
| 422|0x0000000669800000, 0x0000000669800000, 0x0000000669c00000|  0%| F|  |TAMS 0x0000000669800000, 0x0000000669800000| Untracked 
| 423|0x0000000669c00000, 0x0000000669c00000, 0x000000066a000000|  0%| F|  |TAMS 0x0000000669c00000, 0x0000000669c00000| Untracked 
| 424|0x000000066a000000, 0x000000066a000000, 0x000000066a400000|  0%| F|  |TAMS 0x000000066a000000, 0x000000066a000000| Untracked 
| 425|0x000000066a400000, 0x000000066a400000, 0x000000066a800000|  0%| F|  |TAMS 0x000000066a400000, 0x000000066a400000| Untracked 
| 426|0x000000066a800000, 0x000000066a800000, 0x000000066ac00000|  0%| F|  |TAMS 0x000000066a800000, 0x000000066a800000| Untracked 
| 427|0x000000066ac00000, 0x000000066ac00000, 0x000000066b000000|  0%| F|  |TAMS 0x000000066ac00000, 0x000000066ac00000| Untracked 
| 428|0x000000066b000000, 0x000000066b000000, 0x000000066b400000|  0%| F|  |TAMS 0x000000066b000000, 0x000000066b000000| Untracked 
| 429|0x000000066b400000, 0x000000066b400000, 0x000000066b800000|  0%| F|  |TAMS 0x000000066b400000, 0x000000066b400000| Untracked 
| 430|0x000000066b800000, 0x000000066b800000, 0x000000066bc00000|  0%| F|  |TAMS 0x000000066b800000, 0x000000066b800000| Untracked 
| 431|0x000000066bc00000, 0x000000066bc00000, 0x000000066c000000|  0%| F|  |TAMS 0x000000066bc00000, 0x000000066bc00000| Untracked 
| 432|0x000000066c000000, 0x000000066c000000, 0x000000066c400000|  0%| F|  |TAMS 0x000000066c000000, 0x000000066c000000| Untracked 
| 433|0x000000066c400000, 0x000000066c400000, 0x000000066c800000|  0%| F|  |TAMS 0x000000066c400000, 0x000000066c400000| Untracked 
| 434|0x000000066c800000, 0x000000066c800000, 0x000000066cc00000|  0%| F|  |TAMS 0x000000066c800000, 0x000000066c800000| Untracked 
| 435|0x000000066cc00000, 0x000000066cc00000, 0x000000066d000000|  0%| F|  |TAMS 0x000000066cc00000, 0x000000066cc00000| Untracked 
| 436|0x000000066d000000, 0x000000066d000000, 0x000000066d400000|  0%| F|  |TAMS 0x000000066d000000, 0x000000066d000000| Untracked 
| 437|0x000000066d400000, 0x000000066d400000, 0x000000066d800000|  0%| F|  |TAMS 0x000000066d400000, 0x000000066d400000| Untracked 
| 438|0x000000066d800000, 0x000000066d800000, 0x000000066dc00000|  0%| F|  |TAMS 0x000000066d800000, 0x000000066d800000| Untracked 
| 439|0x000000066dc00000, 0x000000066dc00000, 0x000000066e000000|  0%| F|  |TAMS 0x000000066dc00000, 0x000000066dc00000| Untracked 
| 440|0x000000066e000000, 0x000000066e000000, 0x000000066e400000|  0%| F|  |TAMS 0x000000066e000000, 0x000000066e000000| Untracked 
| 441|0x000000066e400000, 0x000000066e400000, 0x000000066e800000|  0%| F|  |TAMS 0x000000066e400000, 0x000000066e400000| Untracked 
| 442|0x000000066e800000, 0x000000066e800000, 0x000000066ec00000|  0%| F|  |TAMS 0x000000066e800000, 0x000000066e800000| Untracked 
| 443|0x000000066ec00000, 0x000000066ec00000, 0x000000066f000000|  0%| F|  |TAMS 0x000000066ec00000, 0x000000066ec00000| Untracked 
| 444|0x000000066f000000, 0x000000066f000000, 0x000000066f400000|  0%| F|  |TAMS 0x000000066f000000, 0x000000066f000000| Untracked 
| 445|0x000000066f400000, 0x000000066f400000, 0x000000066f800000|  0%| F|  |TAMS 0x000000066f400000, 0x000000066f400000| Untracked 
| 446|0x000000066f800000, 0x000000066f800000, 0x000000066fc00000|  0%| F|  |TAMS 0x000000066f800000, 0x000000066f800000| Untracked 
| 447|0x000000066fc00000, 0x000000066fc00000, 0x0000000670000000|  0%| F|  |TAMS 0x000000066fc00000, 0x000000066fc00000| Untracked 
| 448|0x0000000670000000, 0x0000000670000000, 0x0000000670400000|  0%| F|  |TAMS 0x0000000670000000, 0x0000000670000000| Untracked 
| 449|0x0000000670400000, 0x0000000670400000, 0x0000000670800000|  0%| F|  |TAMS 0x0000000670400000, 0x0000000670400000| Untracked 
| 450|0x0000000670800000, 0x0000000670800000, 0x0000000670c00000|  0%| F|  |TAMS 0x0000000670800000, 0x0000000670800000| Untracked 
| 451|0x0000000670c00000, 0x0000000670c00000, 0x0000000671000000|  0%| F|  |TAMS 0x0000000670c00000, 0x0000000670c00000| Untracked 
| 452|0x0000000671000000, 0x0000000671000000, 0x0000000671400000|  0%| F|  |TAMS 0x0000000671000000, 0x0000000671000000| Untracked 
| 453|0x0000000671400000, 0x0000000671400000, 0x0000000671800000|  0%| F|  |TAMS 0x0000000671400000, 0x0000000671400000| Untracked 
| 454|0x0000000671800000, 0x0000000671800000, 0x0000000671c00000|  0%| F|  |TAMS 0x0000000671800000, 0x0000000671800000| Untracked 
| 455|0x0000000671c00000, 0x0000000671c00000, 0x0000000672000000|  0%| F|  |TAMS 0x0000000671c00000, 0x0000000671c00000| Untracked 
| 456|0x0000000672000000, 0x0000000672000000, 0x0000000672400000|  0%| F|  |TAMS 0x0000000672000000, 0x0000000672000000| Untracked 
| 457|0x0000000672400000, 0x0000000672400000, 0x0000000672800000|  0%| F|  |TAMS 0x0000000672400000, 0x0000000672400000| Untracked 
| 458|0x0000000672800000, 0x0000000672800000, 0x0000000672c00000|  0%| F|  |TAMS 0x0000000672800000, 0x0000000672800000| Untracked 
| 459|0x0000000672c00000, 0x0000000672c00000, 0x0000000673000000|  0%| F|  |TAMS 0x0000000672c00000, 0x0000000672c00000| Untracked 
| 460|0x0000000673000000, 0x0000000673000000, 0x0000000673400000|  0%| F|  |TAMS 0x0000000673000000, 0x0000000673000000| Untracked 
| 461|0x0000000673400000, 0x0000000673400000, 0x0000000673800000|  0%| F|  |TAMS 0x0000000673400000, 0x0000000673400000| Untracked 
| 462|0x0000000673800000, 0x0000000673800000, 0x0000000673c00000|  0%| F|  |TAMS 0x0000000673800000, 0x0000000673800000| Untracked 
| 463|0x0000000673c00000, 0x0000000673c00000, 0x0000000674000000|  0%| F|  |TAMS 0x0000000673c00000, 0x0000000673c00000| Untracked 
| 464|0x0000000674000000, 0x0000000674000000, 0x0000000674400000|  0%| F|  |TAMS 0x0000000674000000, 0x0000000674000000| Untracked 
| 465|0x0000000674400000, 0x0000000674400000, 0x0000000674800000|  0%| F|  |TAMS 0x0000000674400000, 0x0000000674400000| Untracked 
| 466|0x0000000674800000, 0x0000000674800000, 0x0000000674c00000|  0%| F|  |TAMS 0x0000000674800000, 0x0000000674800000| Untracked 
| 467|0x0000000674c00000, 0x0000000674c00000, 0x0000000675000000|  0%| F|  |TAMS 0x0000000674c00000, 0x0000000674c00000| Untracked 
| 468|0x0000000675000000, 0x0000000675000000, 0x0000000675400000|  0%| F|  |TAMS 0x0000000675000000, 0x0000000675000000| Untracked 
| 469|0x0000000675400000, 0x0000000675400000, 0x0000000675800000|  0%| F|  |TAMS 0x0000000675400000, 0x0000000675400000| Untracked 
| 470|0x0000000675800000, 0x0000000675800000, 0x0000000675c00000|  0%| F|  |TAMS 0x0000000675800000, 0x0000000675800000| Untracked 
| 471|0x0000000675c00000, 0x0000000675c00000, 0x0000000676000000|  0%| F|  |TAMS 0x0000000675c00000, 0x0000000675c00000| Untracked 
| 472|0x0000000676000000, 0x0000000676000000, 0x0000000676400000|  0%| F|  |TAMS 0x0000000676000000, 0x0000000676000000| Untracked 
| 473|0x0000000676400000, 0x0000000676400000, 0x0000000676800000|  0%| F|  |TAMS 0x0000000676400000, 0x0000000676400000| Untracked 
| 474|0x0000000676800000, 0x0000000676800000, 0x0000000676c00000|  0%| F|  |TAMS 0x0000000676800000, 0x0000000676800000| Untracked 
| 475|0x0000000676c00000, 0x0000000676c00000, 0x0000000677000000|  0%| F|  |TAMS 0x0000000676c00000, 0x0000000676c00000| Untracked 
| 476|0x0000000677000000, 0x0000000677000000, 0x0000000677400000|  0%| F|  |TAMS 0x0000000677000000, 0x0000000677000000| Untracked 
| 477|0x0000000677400000, 0x0000000677400000, 0x0000000677800000|  0%| F|  |TAMS 0x0000000677400000, 0x0000000677400000| Untracked 
| 478|0x0000000677800000, 0x0000000677800000, 0x0000000677c00000|  0%| F|  |TAMS 0x0000000677800000, 0x0000000677800000| Untracked 
| 479|0x0000000677c00000, 0x0000000677c00000, 0x0000000678000000|  0%| F|  |TAMS 0x0000000677c00000, 0x0000000677c00000| Untracked 
| 480|0x0000000678000000, 0x0000000678000000, 0x0000000678400000|  0%| F|  |TAMS 0x0000000678000000, 0x0000000678000000| Untracked 
| 481|0x0000000678400000, 0x0000000678400000, 0x0000000678800000|  0%| F|  |TAMS 0x0000000678400000, 0x0000000678400000| Untracked 
| 482|0x0000000678800000, 0x0000000678800000, 0x0000000678c00000|  0%| F|  |TAMS 0x0000000678800000, 0x0000000678800000| Untracked 
| 483|0x0000000678c00000, 0x0000000678c00000, 0x0000000679000000|  0%| F|  |TAMS 0x0000000678c00000, 0x0000000678c00000| Untracked 
| 484|0x0000000679000000, 0x0000000679000000, 0x0000000679400000|  0%| F|  |TAMS 0x0000000679000000, 0x0000000679000000| Untracked 
| 485|0x0000000679400000, 0x0000000679400000, 0x0000000679800000|  0%| F|  |TAMS 0x0000000679400000, 0x0000000679400000| Untracked 
| 486|0x0000000679800000, 0x0000000679800000, 0x0000000679c00000|  0%| F|  |TAMS 0x0000000679800000, 0x0000000679800000| Untracked 
| 487|0x0000000679c00000, 0x0000000679c00000, 0x000000067a000000|  0%| F|  |TAMS 0x0000000679c00000, 0x0000000679c00000| Untracked 
| 488|0x000000067a000000, 0x000000067a000000, 0x000000067a400000|  0%| F|  |TAMS 0x000000067a000000, 0x000000067a000000| Untracked 
| 489|0x000000067a400000, 0x000000067a400000, 0x000000067a800000|  0%| F|  |TAMS 0x000000067a400000, 0x000000067a400000| Untracked 
| 490|0x000000067a800000, 0x000000067a800000, 0x000000067ac00000|  0%| F|  |TAMS 0x000000067a800000, 0x000000067a800000| Untracked 
| 491|0x000000067ac00000, 0x000000067ac00000, 0x000000067b000000|  0%| F|  |TAMS 0x000000067ac00000, 0x000000067ac00000| Untracked 
| 492|0x000000067b000000, 0x000000067b000000, 0x000000067b400000|  0%| F|  |TAMS 0x000000067b000000, 0x000000067b000000| Untracked 
| 493|0x000000067b400000, 0x000000067b400000, 0x000000067b800000|  0%| F|  |TAMS 0x000000067b400000, 0x000000067b400000| Untracked 
| 494|0x000000067b800000, 0x000000067b800000, 0x000000067bc00000|  0%| F|  |TAMS 0x000000067b800000, 0x000000067b800000| Untracked 
| 495|0x000000067bc00000, 0x000000067bc00000, 0x000000067c000000|  0%| F|  |TAMS 0x000000067bc00000, 0x000000067bc00000| Untracked 
| 496|0x000000067c000000, 0x000000067c000000, 0x000000067c400000|  0%| F|  |TAMS 0x000000067c000000, 0x000000067c000000| Untracked 
| 497|0x000000067c400000, 0x000000067c400000, 0x000000067c800000|  0%| F|  |TAMS 0x000000067c400000, 0x000000067c400000| Untracked 
| 498|0x000000067c800000, 0x000000067c800000, 0x000000067cc00000|  0%| F|  |TAMS 0x000000067c800000, 0x000000067c800000| Untracked 
| 499|0x000000067cc00000, 0x000000067cc00000, 0x000000067d000000|  0%| F|  |TAMS 0x000000067cc00000, 0x000000067cc00000| Untracked 
| 500|0x000000067d000000, 0x000000067d000000, 0x000000067d400000|  0%| F|  |TAMS 0x000000067d000000, 0x000000067d000000| Untracked 
| 501|0x000000067d400000, 0x000000067d400000, 0x000000067d800000|  0%| F|  |TAMS 0x000000067d400000, 0x000000067d400000| Untracked 
| 502|0x000000067d800000, 0x000000067d800000, 0x000000067dc00000|  0%| F|  |TAMS 0x000000067d800000, 0x000000067d800000| Untracked 
| 503|0x000000067dc00000, 0x000000067dc00000, 0x000000067e000000|  0%| F|  |TAMS 0x000000067dc00000, 0x000000067dc00000| Untracked 
| 504|0x000000067e000000, 0x000000067e000000, 0x000000067e400000|  0%| F|  |TAMS 0x000000067e000000, 0x000000067e000000| Untracked 
| 505|0x000000067e400000, 0x000000067e400000, 0x000000067e800000|  0%| F|  |TAMS 0x000000067e400000, 0x000000067e400000| Untracked 
| 506|0x000000067e800000, 0x000000067e800000, 0x000000067ec00000|  0%| F|  |TAMS 0x000000067e800000, 0x000000067e800000| Untracked 
| 507|0x000000067ec00000, 0x000000067ec00000, 0x000000067f000000|  0%| F|  |TAMS 0x000000067ec00000, 0x000000067ec00000| Untracked 
| 508|0x000000067f000000, 0x000000067f000000, 0x000000067f400000|  0%| F|  |TAMS 0x000000067f000000, 0x000000067f000000| Untracked 
| 509|0x000000067f400000, 0x000000067f400000, 0x000000067f800000|  0%| F|  |TAMS 0x000000067f400000, 0x000000067f400000| Untracked 
| 510|0x000000067f800000, 0x000000067f800000, 0x000000067fc00000|  0%| F|  |TAMS 0x000000067f800000, 0x000000067f800000| Untracked 
| 511|0x000000067fc00000, 0x000000067fc00000, 0x0000000680000000|  0%| F|  |TAMS 0x000000067fc00000, 0x000000067fc00000| Untracked 
| 512|0x0000000680000000, 0x0000000680000000, 0x0000000680400000|  0%| F|  |TAMS 0x0000000680000000, 0x0000000680000000| Untracked 
| 513|0x0000000680400000, 0x0000000680400000, 0x0000000680800000|  0%| F|  |TAMS 0x0000000680400000, 0x0000000680400000| Untracked 
| 514|0x0000000680800000, 0x0000000680800000, 0x0000000680c00000|  0%| F|  |TAMS 0x0000000680800000, 0x0000000680800000| Untracked 
| 515|0x0000000680c00000, 0x0000000680c00000, 0x0000000681000000|  0%| F|  |TAMS 0x0000000680c00000, 0x0000000680c00000| Untracked 
| 516|0x0000000681000000, 0x0000000681000000, 0x0000000681400000|  0%| F|  |TAMS 0x0000000681000000, 0x0000000681000000| Untracked 
| 517|0x0000000681400000, 0x0000000681400000, 0x0000000681800000|  0%| F|  |TAMS 0x0000000681400000, 0x0000000681400000| Untracked 
| 518|0x0000000681800000, 0x0000000681800000, 0x0000000681c00000|  0%| F|  |TAMS 0x0000000681800000, 0x0000000681800000| Untracked 
| 519|0x0000000681c00000, 0x0000000681c00000, 0x0000000682000000|  0%| F|  |TAMS 0x0000000681c00000, 0x0000000681c00000| Untracked 
| 520|0x0000000682000000, 0x0000000682000000, 0x0000000682400000|  0%| F|  |TAMS 0x0000000682000000, 0x0000000682000000| Untracked 
| 521|0x0000000682400000, 0x0000000682400000, 0x0000000682800000|  0%| F|  |TAMS 0x0000000682400000, 0x0000000682400000| Untracked 
| 522|0x0000000682800000, 0x0000000682800000, 0x0000000682c00000|  0%| F|  |TAMS 0x0000000682800000, 0x0000000682800000| Untracked 
| 523|0x0000000682c00000, 0x0000000682c00000, 0x0000000683000000|  0%| F|  |TAMS 0x0000000682c00000, 0x0000000682c00000| Untracked 
| 524|0x0000000683000000, 0x0000000683000000, 0x0000000683400000|  0%| F|  |TAMS 0x0000000683000000, 0x0000000683000000| Untracked 
| 525|0x0000000683400000, 0x0000000683400000, 0x0000000683800000|  0%| F|  |TAMS 0x0000000683400000, 0x0000000683400000| Untracked 
| 526|0x0000000683800000, 0x0000000683800000, 0x0000000683c00000|  0%| F|  |TAMS 0x0000000683800000, 0x0000000683800000| Untracked 
| 527|0x0000000683c00000, 0x0000000683c00000, 0x0000000684000000|  0%| F|  |TAMS 0x0000000683c00000, 0x0000000683c00000| Untracked 
| 528|0x0000000684000000, 0x0000000684000000, 0x0000000684400000|  0%| F|  |TAMS 0x0000000684000000, 0x0000000684000000| Untracked 
| 529|0x0000000684400000, 0x0000000684400000, 0x0000000684800000|  0%| F|  |TAMS 0x0000000684400000, 0x0000000684400000| Untracked 
| 530|0x0000000684800000, 0x0000000684800000, 0x0000000684c00000|  0%| F|  |TAMS 0x0000000684800000, 0x0000000684800000| Untracked 
| 531|0x0000000684c00000, 0x0000000684c00000, 0x0000000685000000|  0%| F|  |TAMS 0x0000000684c00000, 0x0000000684c00000| Untracked 
| 532|0x0000000685000000, 0x0000000685000000, 0x0000000685400000|  0%| F|  |TAMS 0x0000000685000000, 0x0000000685000000| Untracked 
| 533|0x0000000685400000, 0x0000000685400000, 0x0000000685800000|  0%| F|  |TAMS 0x0000000685400000, 0x0000000685400000| Untracked 
| 534|0x0000000685800000, 0x0000000685800000, 0x0000000685c00000|  0%| F|  |TAMS 0x0000000685800000, 0x0000000685800000| Untracked 
| 535|0x0000000685c00000, 0x0000000685c00000, 0x0000000686000000|  0%| F|  |TAMS 0x0000000685c00000, 0x0000000685c00000| Untracked 
| 536|0x0000000686000000, 0x0000000686000000, 0x0000000686400000|  0%| F|  |TAMS 0x0000000686000000, 0x0000000686000000| Untracked 
| 537|0x0000000686400000, 0x0000000686400000, 0x0000000686800000|  0%| F|  |TAMS 0x0000000686400000, 0x0000000686400000| Untracked 
| 538|0x0000000686800000, 0x0000000686800000, 0x0000000686c00000|  0%| F|  |TAMS 0x0000000686800000, 0x0000000686800000| Untracked 
| 539|0x0000000686c00000, 0x0000000686c00000, 0x0000000687000000|  0%| F|  |TAMS 0x0000000686c00000, 0x0000000686c00000| Untracked 
| 540|0x0000000687000000, 0x0000000687000000, 0x0000000687400000|  0%| F|  |TAMS 0x0000000687000000, 0x0000000687000000| Untracked 
| 541|0x0000000687400000, 0x0000000687400000, 0x0000000687800000|  0%| F|  |TAMS 0x0000000687400000, 0x0000000687400000| Untracked 
| 542|0x0000000687800000, 0x0000000687800000, 0x0000000687c00000|  0%| F|  |TAMS 0x0000000687800000, 0x0000000687800000| Untracked 
| 543|0x0000000687c00000, 0x0000000687c00000, 0x0000000688000000|  0%| F|  |TAMS 0x0000000687c00000, 0x0000000687c00000| Untracked 
| 544|0x0000000688000000, 0x0000000688000000, 0x0000000688400000|  0%| F|  |TAMS 0x0000000688000000, 0x0000000688000000| Untracked 
| 545|0x0000000688400000, 0x0000000688400000, 0x0000000688800000|  0%| F|  |TAMS 0x0000000688400000, 0x0000000688400000| Untracked 
| 546|0x0000000688800000, 0x0000000688800000, 0x0000000688c00000|  0%| F|  |TAMS 0x0000000688800000, 0x0000000688800000| Untracked 
| 547|0x0000000688c00000, 0x0000000688c00000, 0x0000000689000000|  0%| F|  |TAMS 0x0000000688c00000, 0x0000000688c00000| Untracked 
| 548|0x0000000689000000, 0x0000000689000000, 0x0000000689400000|  0%| F|  |TAMS 0x0000000689000000, 0x0000000689000000| Untracked 
| 549|0x0000000689400000, 0x0000000689400000, 0x0000000689800000|  0%| F|  |TAMS 0x0000000689400000, 0x0000000689400000| Untracked 
| 550|0x0000000689800000, 0x0000000689800000, 0x0000000689c00000|  0%| F|  |TAMS 0x0000000689800000, 0x0000000689800000| Untracked 
| 551|0x0000000689c00000, 0x0000000689c00000, 0x000000068a000000|  0%| F|  |TAMS 0x0000000689c00000, 0x0000000689c00000| Untracked 
| 552|0x000000068a000000, 0x000000068a000000, 0x000000068a400000|  0%| F|  |TAMS 0x000000068a000000, 0x000000068a000000| Untracked 
| 553|0x000000068a400000, 0x000000068a400000, 0x000000068a800000|  0%| F|  |TAMS 0x000000068a400000, 0x000000068a400000| Untracked 
| 554|0x000000068a800000, 0x000000068a800000, 0x000000068ac00000|  0%| F|  |TAMS 0x000000068a800000, 0x000000068a800000| Untracked 
| 555|0x000000068ac00000, 0x000000068ac00000, 0x000000068b000000|  0%| F|  |TAMS 0x000000068ac00000, 0x000000068ac00000| Untracked 
| 556|0x000000068b000000, 0x000000068b000000, 0x000000068b400000|  0%| F|  |TAMS 0x000000068b000000, 0x000000068b000000| Untracked 
| 557|0x000000068b400000, 0x000000068b400000, 0x000000068b800000|  0%| F|  |TAMS 0x000000068b400000, 0x000000068b400000| Untracked 
| 558|0x000000068b800000, 0x000000068b800000, 0x000000068bc00000|  0%| F|  |TAMS 0x000000068b800000, 0x000000068b800000| Untracked 
| 559|0x000000068bc00000, 0x000000068bc00000, 0x000000068c000000|  0%| F|  |TAMS 0x000000068bc00000, 0x000000068bc00000| Untracked 
| 560|0x000000068c000000, 0x000000068c000000, 0x000000068c400000|  0%| F|  |TAMS 0x000000068c000000, 0x000000068c000000| Untracked 
| 561|0x000000068c400000, 0x000000068c400000, 0x000000068c800000|  0%| F|  |TAMS 0x000000068c400000, 0x000000068c400000| Untracked 
| 562|0x000000068c800000, 0x000000068c800000, 0x000000068cc00000|  0%| F|  |TAMS 0x000000068c800000, 0x000000068c800000| Untracked 
| 563|0x000000068cc00000, 0x000000068cc00000, 0x000000068d000000|  0%| F|  |TAMS 0x000000068cc00000, 0x000000068cc00000| Untracked 
| 564|0x000000068d000000, 0x000000068d000000, 0x000000068d400000|  0%| F|  |TAMS 0x000000068d000000, 0x000000068d000000| Untracked 
| 565|0x000000068d400000, 0x000000068d400000, 0x000000068d800000|  0%| F|  |TAMS 0x000000068d400000, 0x000000068d400000| Untracked 
| 566|0x000000068d800000, 0x000000068d800000, 0x000000068dc00000|  0%| F|  |TAMS 0x000000068d800000, 0x000000068d800000| Untracked 
| 567|0x000000068dc00000, 0x000000068dc00000, 0x000000068e000000|  0%| F|  |TAMS 0x000000068dc00000, 0x000000068dc00000| Untracked 
| 568|0x000000068e000000, 0x000000068e000000, 0x000000068e400000|  0%| F|  |TAMS 0x000000068e000000, 0x000000068e000000| Untracked 
| 569|0x000000068e400000, 0x000000068e400000, 0x000000068e800000|  0%| F|  |TAMS 0x000000068e400000, 0x000000068e400000| Untracked 
| 570|0x000000068e800000, 0x000000068e800000, 0x000000068ec00000|  0%| F|  |TAMS 0x000000068e800000, 0x000000068e800000| Untracked 
| 571|0x000000068ec00000, 0x000000068ec00000, 0x000000068f000000|  0%| F|  |TAMS 0x000000068ec00000, 0x000000068ec00000| Untracked 
| 572|0x000000068f000000, 0x000000068f000000, 0x000000068f400000|  0%| F|  |TAMS 0x000000068f000000, 0x000000068f000000| Untracked 
| 573|0x000000068f400000, 0x000000068f400000, 0x000000068f800000|  0%| F|  |TAMS 0x000000068f400000, 0x000000068f400000| Untracked 
| 574|0x000000068f800000, 0x000000068f800000, 0x000000068fc00000|  0%| F|  |TAMS 0x000000068f800000, 0x000000068f800000| Untracked 
| 575|0x000000068fc00000, 0x000000068fc00000, 0x0000000690000000|  0%| F|  |TAMS 0x000000068fc00000, 0x000000068fc00000| Untracked 
| 576|0x0000000690000000, 0x0000000690000000, 0x0000000690400000|  0%| F|  |TAMS 0x0000000690000000, 0x0000000690000000| Untracked 
| 577|0x0000000690400000, 0x0000000690400000, 0x0000000690800000|  0%| F|  |TAMS 0x0000000690400000, 0x0000000690400000| Untracked 
| 578|0x0000000690800000, 0x0000000690800000, 0x0000000690c00000|  0%| F|  |TAMS 0x0000000690800000, 0x0000000690800000| Untracked 
| 579|0x0000000690c00000, 0x0000000690c00000, 0x0000000691000000|  0%| F|  |TAMS 0x0000000690c00000, 0x0000000690c00000| Untracked 
| 580|0x0000000691000000, 0x0000000691000000, 0x0000000691400000|  0%| F|  |TAMS 0x0000000691000000, 0x0000000691000000| Untracked 
| 581|0x0000000691400000, 0x0000000691400000, 0x0000000691800000|  0%| F|  |TAMS 0x0000000691400000, 0x0000000691400000| Untracked 
| 582|0x0000000691800000, 0x0000000691800000, 0x0000000691c00000|  0%| F|  |TAMS 0x0000000691800000, 0x0000000691800000| Untracked 
| 583|0x0000000691c00000, 0x0000000691c00000, 0x0000000692000000|  0%| F|  |TAMS 0x0000000691c00000, 0x0000000691c00000| Untracked 
| 584|0x0000000692000000, 0x0000000692000000, 0x0000000692400000|  0%| F|  |TAMS 0x0000000692000000, 0x0000000692000000| Untracked 
| 585|0x0000000692400000, 0x0000000692400000, 0x0000000692800000|  0%| F|  |TAMS 0x0000000692400000, 0x0000000692400000| Untracked 
| 586|0x0000000692800000, 0x0000000692800000, 0x0000000692c00000|  0%| F|  |TAMS 0x0000000692800000, 0x0000000692800000| Untracked 
| 587|0x0000000692c00000, 0x0000000692c00000, 0x0000000693000000|  0%| F|  |TAMS 0x0000000692c00000, 0x0000000692c00000| Untracked 
| 588|0x0000000693000000, 0x0000000693000000, 0x0000000693400000|  0%| F|  |TAMS 0x0000000693000000, 0x0000000693000000| Untracked 
| 589|0x0000000693400000, 0x0000000693400000, 0x0000000693800000|  0%| F|  |TAMS 0x0000000693400000, 0x0000000693400000| Untracked 
| 590|0x0000000693800000, 0x0000000693800000, 0x0000000693c00000|  0%| F|  |TAMS 0x0000000693800000, 0x0000000693800000| Untracked 
| 591|0x0000000693c00000, 0x0000000693c00000, 0x0000000694000000|  0%| F|  |TAMS 0x0000000693c00000, 0x0000000693c00000| Untracked 
| 592|0x0000000694000000, 0x0000000694000000, 0x0000000694400000|  0%| F|  |TAMS 0x0000000694000000, 0x0000000694000000| Untracked 
| 593|0x0000000694400000, 0x0000000694400000, 0x0000000694800000|  0%| F|  |TAMS 0x0000000694400000, 0x0000000694400000| Untracked 
| 594|0x0000000694800000, 0x0000000694800000, 0x0000000694c00000|  0%| F|  |TAMS 0x0000000694800000, 0x0000000694800000| Untracked 
| 595|0x0000000694c00000, 0x0000000694c00000, 0x0000000695000000|  0%| F|  |TAMS 0x0000000694c00000, 0x0000000694c00000| Untracked 
| 596|0x0000000695000000, 0x0000000695000000, 0x0000000695400000|  0%| F|  |TAMS 0x0000000695000000, 0x0000000695000000| Untracked 
| 597|0x0000000695400000, 0x0000000695400000, 0x0000000695800000|  0%| F|  |TAMS 0x0000000695400000, 0x0000000695400000| Untracked 
| 598|0x0000000695800000, 0x0000000695800000, 0x0000000695c00000|  0%| F|  |TAMS 0x0000000695800000, 0x0000000695800000| Untracked 
| 599|0x0000000695c00000, 0x0000000695c00000, 0x0000000696000000|  0%| F|  |TAMS 0x0000000695c00000, 0x0000000695c00000| Untracked 
| 600|0x0000000696000000, 0x0000000696000000, 0x0000000696400000|  0%| F|  |TAMS 0x0000000696000000, 0x0000000696000000| Untracked 
| 601|0x0000000696400000, 0x0000000696400000, 0x0000000696800000|  0%| F|  |TAMS 0x0000000696400000, 0x0000000696400000| Untracked 
| 602|0x0000000696800000, 0x0000000696800000, 0x0000000696c00000|  0%| F|  |TAMS 0x0000000696800000, 0x0000000696800000| Untracked 
| 603|0x0000000696c00000, 0x0000000696c00000, 0x0000000697000000|  0%| F|  |TAMS 0x0000000696c00000, 0x0000000696c00000| Untracked 
| 604|0x0000000697000000, 0x0000000697000000, 0x0000000697400000|  0%| F|  |TAMS 0x0000000697000000, 0x0000000697000000| Untracked 
| 605|0x0000000697400000, 0x0000000697400000, 0x0000000697800000|  0%| F|  |TAMS 0x0000000697400000, 0x0000000697400000| Untracked 
| 606|0x0000000697800000, 0x0000000697800000, 0x0000000697c00000|  0%| F|  |TAMS 0x0000000697800000, 0x0000000697800000| Untracked 
| 607|0x0000000697c00000, 0x0000000697c00000, 0x0000000698000000|  0%| F|  |TAMS 0x0000000697c00000, 0x0000000697c00000| Untracked 
| 608|0x0000000698000000, 0x0000000698000000, 0x0000000698400000|  0%| F|  |TAMS 0x0000000698000000, 0x0000000698000000| Untracked 
| 609|0x0000000698400000, 0x0000000698400000, 0x0000000698800000|  0%| F|  |TAMS 0x0000000698400000, 0x0000000698400000| Untracked 
| 610|0x0000000698800000, 0x0000000698800000, 0x0000000698c00000|  0%| F|  |TAMS 0x0000000698800000, 0x0000000698800000| Untracked 
| 611|0x0000000698c00000, 0x0000000698c00000, 0x0000000699000000|  0%| F|  |TAMS 0x0000000698c00000, 0x0000000698c00000| Untracked 
| 612|0x0000000699000000, 0x0000000699000000, 0x0000000699400000|  0%| F|  |TAMS 0x0000000699000000, 0x0000000699000000| Untracked 
| 613|0x0000000699400000, 0x0000000699400000, 0x0000000699800000|  0%| F|  |TAMS 0x0000000699400000, 0x0000000699400000| Untracked 
| 614|0x0000000699800000, 0x0000000699800000, 0x0000000699c00000|  0%| F|  |TAMS 0x0000000699800000, 0x0000000699800000| Untracked 
| 615|0x0000000699c00000, 0x0000000699c00000, 0x000000069a000000|  0%| F|  |TAMS 0x0000000699c00000, 0x0000000699c00000| Untracked 
| 616|0x000000069a000000, 0x000000069a000000, 0x000000069a400000|  0%| F|  |TAMS 0x000000069a000000, 0x000000069a000000| Untracked 
| 617|0x000000069a400000, 0x000000069a400000, 0x000000069a800000|  0%| F|  |TAMS 0x000000069a400000, 0x000000069a400000| Untracked 
| 618|0x000000069a800000, 0x000000069a800000, 0x000000069ac00000|  0%| F|  |TAMS 0x000000069a800000, 0x000000069a800000| Untracked 
| 619|0x000000069ac00000, 0x000000069ac00000, 0x000000069b000000|  0%| F|  |TAMS 0x000000069ac00000, 0x000000069ac00000| Untracked 
| 620|0x000000069b000000, 0x000000069b000000, 0x000000069b400000|  0%| F|  |TAMS 0x000000069b000000, 0x000000069b000000| Untracked 
| 621|0x000000069b400000, 0x000000069b400000, 0x000000069b800000|  0%| F|  |TAMS 0x000000069b400000, 0x000000069b400000| Untracked 
| 622|0x000000069b800000, 0x000000069b800000, 0x000000069bc00000|  0%| F|  |TAMS 0x000000069b800000, 0x000000069b800000| Untracked 
| 623|0x000000069bc00000, 0x000000069bc00000, 0x000000069c000000|  0%| F|  |TAMS 0x000000069bc00000, 0x000000069bc00000| Untracked 
| 624|0x000000069c000000, 0x000000069c000000, 0x000000069c400000|  0%| F|  |TAMS 0x000000069c000000, 0x000000069c000000| Untracked 
| 625|0x000000069c400000, 0x000000069c400000, 0x000000069c800000|  0%| F|  |TAMS 0x000000069c400000, 0x000000069c400000| Untracked 
| 626|0x000000069c800000, 0x000000069c800000, 0x000000069cc00000|  0%| F|  |TAMS 0x000000069c800000, 0x000000069c800000| Untracked 
| 627|0x000000069cc00000, 0x000000069cc00000, 0x000000069d000000|  0%| F|  |TAMS 0x000000069cc00000, 0x000000069cc00000| Untracked 
| 628|0x000000069d000000, 0x000000069d000000, 0x000000069d400000|  0%| F|  |TAMS 0x000000069d000000, 0x000000069d000000| Untracked 
| 629|0x000000069d400000, 0x000000069d400000, 0x000000069d800000|  0%| F|  |TAMS 0x000000069d400000, 0x000000069d400000| Untracked 
| 630|0x000000069d800000, 0x000000069d800000, 0x000000069dc00000|  0%| F|  |TAMS 0x000000069d800000, 0x000000069d800000| Untracked 
| 631|0x000000069dc00000, 0x000000069dc00000, 0x000000069e000000|  0%| F|  |TAMS 0x000000069dc00000, 0x000000069dc00000| Untracked 
| 632|0x000000069e000000, 0x000000069e000000, 0x000000069e400000|  0%| F|  |TAMS 0x000000069e000000, 0x000000069e000000| Untracked 
| 633|0x000000069e400000, 0x000000069e400000, 0x000000069e800000|  0%| F|  |TAMS 0x000000069e400000, 0x000000069e400000| Untracked 
| 634|0x000000069e800000, 0x000000069e800000, 0x000000069ec00000|  0%| F|  |TAMS 0x000000069e800000, 0x000000069e800000| Untracked 
| 635|0x000000069ec00000, 0x000000069ec00000, 0x000000069f000000|  0%| F|  |TAMS 0x000000069ec00000, 0x000000069ec00000| Untracked 
| 636|0x000000069f000000, 0x000000069f000000, 0x000000069f400000|  0%| F|  |TAMS 0x000000069f000000, 0x000000069f000000| Untracked 
| 637|0x000000069f400000, 0x000000069f400000, 0x000000069f800000|  0%| F|  |TAMS 0x000000069f400000, 0x000000069f400000| Untracked 
| 638|0x000000069f800000, 0x000000069f800000, 0x000000069fc00000|  0%| F|  |TAMS 0x000000069f800000, 0x000000069f800000| Untracked 
| 639|0x000000069fc00000, 0x000000069fc00000, 0x00000006a0000000|  0%| F|  |TAMS 0x000000069fc00000, 0x000000069fc00000| Untracked 
| 640|0x00000006a0000000, 0x00000006a0000000, 0x00000006a0400000|  0%| F|  |TAMS 0x00000006a0000000, 0x00000006a0000000| Untracked 
| 641|0x00000006a0400000, 0x00000006a0400000, 0x00000006a0800000|  0%| F|  |TAMS 0x00000006a0400000, 0x00000006a0400000| Untracked 
| 642|0x00000006a0800000, 0x00000006a0800000, 0x00000006a0c00000|  0%| F|  |TAMS 0x00000006a0800000, 0x00000006a0800000| Untracked 
| 643|0x00000006a0c00000, 0x00000006a0c00000, 0x00000006a1000000|  0%| F|  |TAMS 0x00000006a0c00000, 0x00000006a0c00000| Untracked 
| 644|0x00000006a1000000, 0x00000006a1000000, 0x00000006a1400000|  0%| F|  |TAMS 0x00000006a1000000, 0x00000006a1000000| Untracked 
| 645|0x00000006a1400000, 0x00000006a1400000, 0x00000006a1800000|  0%| F|  |TAMS 0x00000006a1400000, 0x00000006a1400000| Untracked 
| 646|0x00000006a1800000, 0x00000006a1800000, 0x00000006a1c00000|  0%| F|  |TAMS 0x00000006a1800000, 0x00000006a1800000| Untracked 
| 647|0x00000006a1c00000, 0x00000006a1c00000, 0x00000006a2000000|  0%| F|  |TAMS 0x00000006a1c00000, 0x00000006a1c00000| Untracked 
| 648|0x00000006a2000000, 0x00000006a2000000, 0x00000006a2400000|  0%| F|  |TAMS 0x00000006a2000000, 0x00000006a2000000| Untracked 
| 649|0x00000006a2400000, 0x00000006a2400000, 0x00000006a2800000|  0%| F|  |TAMS 0x00000006a2400000, 0x00000006a2400000| Untracked 
| 650|0x00000006a2800000, 0x00000006a2800000, 0x00000006a2c00000|  0%| F|  |TAMS 0x00000006a2800000, 0x00000006a2800000| Untracked 
| 651|0x00000006a2c00000, 0x00000006a2c00000, 0x00000006a3000000|  0%| F|  |TAMS 0x00000006a2c00000, 0x00000006a2c00000| Untracked 
| 652|0x00000006a3000000, 0x00000006a3000000, 0x00000006a3400000|  0%| F|  |TAMS 0x00000006a3000000, 0x00000006a3000000| Untracked 
| 653|0x00000006a3400000, 0x00000006a3400000, 0x00000006a3800000|  0%| F|  |TAMS 0x00000006a3400000, 0x00000006a3400000| Untracked 
| 654|0x00000006a3800000, 0x00000006a3800000, 0x00000006a3c00000|  0%| F|  |TAMS 0x00000006a3800000, 0x00000006a3800000| Untracked 
| 655|0x00000006a3c00000, 0x00000006a3c00000, 0x00000006a4000000|  0%| F|  |TAMS 0x00000006a3c00000, 0x00000006a3c00000| Untracked 
| 656|0x00000006a4000000, 0x00000006a4000000, 0x00000006a4400000|  0%| F|  |TAMS 0x00000006a4000000, 0x00000006a4000000| Untracked 
| 657|0x00000006a4400000, 0x00000006a4400000, 0x00000006a4800000|  0%| F|  |TAMS 0x00000006a4400000, 0x00000006a4400000| Untracked 
| 658|0x00000006a4800000, 0x00000006a4800000, 0x00000006a4c00000|  0%| F|  |TAMS 0x00000006a4800000, 0x00000006a4800000| Untracked 
| 659|0x00000006a4c00000, 0x00000006a4c00000, 0x00000006a5000000|  0%| F|  |TAMS 0x00000006a4c00000, 0x00000006a4c00000| Untracked 
| 660|0x00000006a5000000, 0x00000006a5000000, 0x00000006a5400000|  0%| F|  |TAMS 0x00000006a5000000, 0x00000006a5000000| Untracked 
| 661|0x00000006a5400000, 0x00000006a5400000, 0x00000006a5800000|  0%| F|  |TAMS 0x00000006a5400000, 0x00000006a5400000| Untracked 
| 662|0x00000006a5800000, 0x00000006a5800000, 0x00000006a5c00000|  0%| F|  |TAMS 0x00000006a5800000, 0x00000006a5800000| Untracked 
| 663|0x00000006a5c00000, 0x00000006a5c00000, 0x00000006a6000000|  0%| F|  |TAMS 0x00000006a5c00000, 0x00000006a5c00000| Untracked 
| 664|0x00000006a6000000, 0x00000006a6000000, 0x00000006a6400000|  0%| F|  |TAMS 0x00000006a6000000, 0x00000006a6000000| Untracked 
| 665|0x00000006a6400000, 0x00000006a6400000, 0x00000006a6800000|  0%| F|  |TAMS 0x00000006a6400000, 0x00000006a6400000| Untracked 
| 666|0x00000006a6800000, 0x00000006a6800000, 0x00000006a6c00000|  0%| F|  |TAMS 0x00000006a6800000, 0x00000006a6800000| Untracked 
| 667|0x00000006a6c00000, 0x00000006a6c00000, 0x00000006a7000000|  0%| F|  |TAMS 0x00000006a6c00000, 0x00000006a6c00000| Untracked 
| 668|0x00000006a7000000, 0x00000006a7000000, 0x00000006a7400000|  0%| F|  |TAMS 0x00000006a7000000, 0x00000006a7000000| Untracked 
| 669|0x00000006a7400000, 0x00000006a7400000, 0x00000006a7800000|  0%| F|  |TAMS 0x00000006a7400000, 0x00000006a7400000| Untracked 
| 670|0x00000006a7800000, 0x00000006a7800000, 0x00000006a7c00000|  0%| F|  |TAMS 0x00000006a7800000, 0x00000006a7800000| Untracked 
| 671|0x00000006a7c00000, 0x00000006a7c00000, 0x00000006a8000000|  0%| F|  |TAMS 0x00000006a7c00000, 0x00000006a7c00000| Untracked 
| 672|0x00000006a8000000, 0x00000006a8000000, 0x00000006a8400000|  0%| F|  |TAMS 0x00000006a8000000, 0x00000006a8000000| Untracked 
| 673|0x00000006a8400000, 0x00000006a8400000, 0x00000006a8800000|  0%| F|  |TAMS 0x00000006a8400000, 0x00000006a8400000| Untracked 
| 674|0x00000006a8800000, 0x00000006a8800000, 0x00000006a8c00000|  0%| F|  |TAMS 0x00000006a8800000, 0x00000006a8800000| Untracked 
| 675|0x00000006a8c00000, 0x00000006a8c00000, 0x00000006a9000000|  0%| F|  |TAMS 0x00000006a8c00000, 0x00000006a8c00000| Untracked 
| 676|0x00000006a9000000, 0x00000006a9000000, 0x00000006a9400000|  0%| F|  |TAMS 0x00000006a9000000, 0x00000006a9000000| Untracked 
| 677|0x00000006a9400000, 0x00000006a9400000, 0x00000006a9800000|  0%| F|  |TAMS 0x00000006a9400000, 0x00000006a9400000| Untracked 
| 678|0x00000006a9800000, 0x00000006a9800000, 0x00000006a9c00000|  0%| F|  |TAMS 0x00000006a9800000, 0x00000006a9800000| Untracked 
| 679|0x00000006a9c00000, 0x00000006a9c00000, 0x00000006aa000000|  0%| F|  |TAMS 0x00000006a9c00000, 0x00000006a9c00000| Untracked 
| 680|0x00000006aa000000, 0x00000006aa000000, 0x00000006aa400000|  0%| F|  |TAMS 0x00000006aa000000, 0x00000006aa000000| Untracked 
| 681|0x00000006aa400000, 0x00000006aa400000, 0x00000006aa800000|  0%| F|  |TAMS 0x00000006aa400000, 0x00000006aa400000| Untracked 
| 682|0x00000006aa800000, 0x00000006aa800000, 0x00000006aac00000|  0%| F|  |TAMS 0x00000006aa800000, 0x00000006aa800000| Untracked 
| 683|0x00000006aac00000, 0x00000006aac00000, 0x00000006ab000000|  0%| F|  |TAMS 0x00000006aac00000, 0x00000006aac00000| Untracked 
| 684|0x00000006ab000000, 0x00000006ab000000, 0x00000006ab400000|  0%| F|  |TAMS 0x00000006ab000000, 0x00000006ab000000| Untracked 
| 685|0x00000006ab400000, 0x00000006ab400000, 0x00000006ab800000|  0%| F|  |TAMS 0x00000006ab400000, 0x00000006ab400000| Untracked 
| 686|0x00000006ab800000, 0x00000006ab800000, 0x00000006abc00000|  0%| F|  |TAMS 0x00000006ab800000, 0x00000006ab800000| Untracked 
| 687|0x00000006abc00000, 0x00000006abc00000, 0x00000006ac000000|  0%| F|  |TAMS 0x00000006abc00000, 0x00000006abc00000| Untracked 
| 688|0x00000006ac000000, 0x00000006ac000000, 0x00000006ac400000|  0%| F|  |TAMS 0x00000006ac000000, 0x00000006ac000000| Untracked 
| 689|0x00000006ac400000, 0x00000006ac400000, 0x00000006ac800000|  0%| F|  |TAMS 0x00000006ac400000, 0x00000006ac400000| Untracked 
| 690|0x00000006ac800000, 0x00000006ac800000, 0x00000006acc00000|  0%| F|  |TAMS 0x00000006ac800000, 0x00000006ac800000| Untracked 
| 691|0x00000006acc00000, 0x00000006acc00000, 0x00000006ad000000|  0%| F|  |TAMS 0x00000006acc00000, 0x00000006acc00000| Untracked 
| 692|0x00000006ad000000, 0x00000006ad000000, 0x00000006ad400000|  0%| F|  |TAMS 0x00000006ad000000, 0x00000006ad000000| Untracked 
| 693|0x00000006ad400000, 0x00000006ad400000, 0x00000006ad800000|  0%| F|  |TAMS 0x00000006ad400000, 0x00000006ad400000| Untracked 
| 694|0x00000006ad800000, 0x00000006ad800000, 0x00000006adc00000|  0%| F|  |TAMS 0x00000006ad800000, 0x00000006ad800000| Untracked 
| 695|0x00000006adc00000, 0x00000006adc00000, 0x00000006ae000000|  0%| F|  |TAMS 0x00000006adc00000, 0x00000006adc00000| Untracked 
| 696|0x00000006ae000000, 0x00000006ae000000, 0x00000006ae400000|  0%| F|  |TAMS 0x00000006ae000000, 0x00000006ae000000| Untracked 
| 697|0x00000006ae400000, 0x00000006ae400000, 0x00000006ae800000|  0%| F|  |TAMS 0x00000006ae400000, 0x00000006ae400000| Untracked 
| 698|0x00000006ae800000, 0x00000006ae800000, 0x00000006aec00000|  0%| F|  |TAMS 0x00000006ae800000, 0x00000006ae800000| Untracked 
| 699|0x00000006aec00000, 0x00000006aec00000, 0x00000006af000000|  0%| F|  |TAMS 0x00000006aec00000, 0x00000006aec00000| Untracked 
| 700|0x00000006af000000, 0x00000006af000000, 0x00000006af400000|  0%| F|  |TAMS 0x00000006af000000, 0x00000006af000000| Untracked 
| 701|0x00000006af400000, 0x00000006af400000, 0x00000006af800000|  0%| F|  |TAMS 0x00000006af400000, 0x00000006af400000| Untracked 
| 702|0x00000006af800000, 0x00000006af800000, 0x00000006afc00000|  0%| F|  |TAMS 0x00000006af800000, 0x00000006af800000| Untracked 
| 703|0x00000006afc00000, 0x00000006afc00000, 0x00000006b0000000|  0%| F|  |TAMS 0x00000006afc00000, 0x00000006afc00000| Untracked 
| 704|0x00000006b0000000, 0x00000006b0000000, 0x00000006b0400000|  0%| F|  |TAMS 0x00000006b0000000, 0x00000006b0000000| Untracked 
| 705|0x00000006b0400000, 0x00000006b0400000, 0x00000006b0800000|  0%| F|  |TAMS 0x00000006b0400000, 0x00000006b0400000| Untracked 
| 706|0x00000006b0800000, 0x00000006b0800000, 0x00000006b0c00000|  0%| F|  |TAMS 0x00000006b0800000, 0x00000006b0800000| Untracked 
| 707|0x00000006b0c00000, 0x00000006b0c00000, 0x00000006b1000000|  0%| F|  |TAMS 0x00000006b0c00000, 0x00000006b0c00000| Untracked 
| 708|0x00000006b1000000, 0x00000006b1000000, 0x00000006b1400000|  0%| F|  |TAMS 0x00000006b1000000, 0x00000006b1000000| Untracked 
| 709|0x00000006b1400000, 0x00000006b1400000, 0x00000006b1800000|  0%| F|  |TAMS 0x00000006b1400000, 0x00000006b1400000| Untracked 
| 710|0x00000006b1800000, 0x00000006b1800000, 0x00000006b1c00000|  0%| F|  |TAMS 0x00000006b1800000, 0x00000006b1800000| Untracked 
| 711|0x00000006b1c00000, 0x00000006b1c00000, 0x00000006b2000000|  0%| F|  |TAMS 0x00000006b1c00000, 0x00000006b1c00000| Untracked 
| 712|0x00000006b2000000, 0x00000006b2000000, 0x00000006b2400000|  0%| F|  |TAMS 0x00000006b2000000, 0x00000006b2000000| Untracked 
| 713|0x00000006b2400000, 0x00000006b2400000, 0x00000006b2800000|  0%| F|  |TAMS 0x00000006b2400000, 0x00000006b2400000| Untracked 
| 714|0x00000006b2800000, 0x00000006b2800000, 0x00000006b2c00000|  0%| F|  |TAMS 0x00000006b2800000, 0x00000006b2800000| Untracked 
| 715|0x00000006b2c00000, 0x00000006b2c00000, 0x00000006b3000000|  0%| F|  |TAMS 0x00000006b2c00000, 0x00000006b2c00000| Untracked 
| 716|0x00000006b3000000, 0x00000006b3000000, 0x00000006b3400000|  0%| F|  |TAMS 0x00000006b3000000, 0x00000006b3000000| Untracked 
| 717|0x00000006b3400000, 0x00000006b3400000, 0x00000006b3800000|  0%| F|  |TAMS 0x00000006b3400000, 0x00000006b3400000| Untracked 
| 718|0x00000006b3800000, 0x00000006b3800000, 0x00000006b3c00000|  0%| F|  |TAMS 0x00000006b3800000, 0x00000006b3800000| Untracked 
| 719|0x00000006b3c00000, 0x00000006b3c00000, 0x00000006b4000000|  0%| F|  |TAMS 0x00000006b3c00000, 0x00000006b3c00000| Untracked 
| 720|0x00000006b4000000, 0x00000006b4000000, 0x00000006b4400000|  0%| F|  |TAMS 0x00000006b4000000, 0x00000006b4000000| Untracked 
| 721|0x00000006b4400000, 0x00000006b4400000, 0x00000006b4800000|  0%| F|  |TAMS 0x00000006b4400000, 0x00000006b4400000| Untracked 
| 722|0x00000006b4800000, 0x00000006b4800000, 0x00000006b4c00000|  0%| F|  |TAMS 0x00000006b4800000, 0x00000006b4800000| Untracked 
| 723|0x00000006b4c00000, 0x00000006b4c00000, 0x00000006b5000000|  0%| F|  |TAMS 0x00000006b4c00000, 0x00000006b4c00000| Untracked 
| 724|0x00000006b5000000, 0x00000006b5000000, 0x00000006b5400000|  0%| F|  |TAMS 0x00000006b5000000, 0x00000006b5000000| Untracked 
| 725|0x00000006b5400000, 0x00000006b5400000, 0x00000006b5800000|  0%| F|  |TAMS 0x00000006b5400000, 0x00000006b5400000| Untracked 
| 726|0x00000006b5800000, 0x00000006b5800000, 0x00000006b5c00000|  0%| F|  |TAMS 0x00000006b5800000, 0x00000006b5800000| Untracked 
| 727|0x00000006b5c00000, 0x00000006b5c00000, 0x00000006b6000000|  0%| F|  |TAMS 0x00000006b5c00000, 0x00000006b5c00000| Untracked 
| 728|0x00000006b6000000, 0x00000006b6000000, 0x00000006b6400000|  0%| F|  |TAMS 0x00000006b6000000, 0x00000006b6000000| Untracked 
| 729|0x00000006b6400000, 0x00000006b6400000, 0x00000006b6800000|  0%| F|  |TAMS 0x00000006b6400000, 0x00000006b6400000| Untracked 
| 730|0x00000006b6800000, 0x00000006b6800000, 0x00000006b6c00000|  0%| F|  |TAMS 0x00000006b6800000, 0x00000006b6800000| Untracked 
| 731|0x00000006b6c00000, 0x00000006b6c00000, 0x00000006b7000000|  0%| F|  |TAMS 0x00000006b6c00000, 0x00000006b6c00000| Untracked 
| 732|0x00000006b7000000, 0x00000006b7000000, 0x00000006b7400000|  0%| F|  |TAMS 0x00000006b7000000, 0x00000006b7000000| Untracked 
| 733|0x00000006b7400000, 0x00000006b7400000, 0x00000006b7800000|  0%| F|  |TAMS 0x00000006b7400000, 0x00000006b7400000| Untracked 
| 734|0x00000006b7800000, 0x00000006b7800000, 0x00000006b7c00000|  0%| F|  |TAMS 0x00000006b7800000, 0x00000006b7800000| Untracked 
| 735|0x00000006b7c00000, 0x00000006b7c00000, 0x00000006b8000000|  0%| F|  |TAMS 0x00000006b7c00000, 0x00000006b7c00000| Untracked 
| 736|0x00000006b8000000, 0x00000006b8000000, 0x00000006b8400000|  0%| F|  |TAMS 0x00000006b8000000, 0x00000006b8000000| Untracked 
| 737|0x00000006b8400000, 0x00000006b8400000, 0x00000006b8800000|  0%| F|  |TAMS 0x00000006b8400000, 0x00000006b8400000| Untracked 
| 738|0x00000006b8800000, 0x00000006b8800000, 0x00000006b8c00000|  0%| F|  |TAMS 0x00000006b8800000, 0x00000006b8800000| Untracked 
| 739|0x00000006b8c00000, 0x00000006b8c00000, 0x00000006b9000000|  0%| F|  |TAMS 0x00000006b8c00000, 0x00000006b8c00000| Untracked 
| 740|0x00000006b9000000, 0x00000006b9000000, 0x00000006b9400000|  0%| F|  |TAMS 0x00000006b9000000, 0x00000006b9000000| Untracked 
| 741|0x00000006b9400000, 0x00000006b9400000, 0x00000006b9800000|  0%| F|  |TAMS 0x00000006b9400000, 0x00000006b9400000| Untracked 
| 742|0x00000006b9800000, 0x00000006b9800000, 0x00000006b9c00000|  0%| F|  |TAMS 0x00000006b9800000, 0x00000006b9800000| Untracked 
| 743|0x00000006b9c00000, 0x00000006b9c00000, 0x00000006ba000000|  0%| F|  |TAMS 0x00000006b9c00000, 0x00000006b9c00000| Untracked 
| 744|0x00000006ba000000, 0x00000006ba000000, 0x00000006ba400000|  0%| F|  |TAMS 0x00000006ba000000, 0x00000006ba000000| Untracked 
| 745|0x00000006ba400000, 0x00000006ba400000, 0x00000006ba800000|  0%| F|  |TAMS 0x00000006ba400000, 0x00000006ba400000| Untracked 
| 746|0x00000006ba800000, 0x00000006ba800000, 0x00000006bac00000|  0%| F|  |TAMS 0x00000006ba800000, 0x00000006ba800000| Untracked 
| 747|0x00000006bac00000, 0x00000006bac00000, 0x00000006bb000000|  0%| F|  |TAMS 0x00000006bac00000, 0x00000006bac00000| Untracked 
| 748|0x00000006bb000000, 0x00000006bb000000, 0x00000006bb400000|  0%| F|  |TAMS 0x00000006bb000000, 0x00000006bb000000| Untracked 
| 749|0x00000006bb400000, 0x00000006bb400000, 0x00000006bb800000|  0%| F|  |TAMS 0x00000006bb400000, 0x00000006bb400000| Untracked 
| 750|0x00000006bb800000, 0x00000006bb800000, 0x00000006bbc00000|  0%| F|  |TAMS 0x00000006bb800000, 0x00000006bb800000| Untracked 
| 751|0x00000006bbc00000, 0x00000006bbc00000, 0x00000006bc000000|  0%| F|  |TAMS 0x00000006bbc00000, 0x00000006bbc00000| Untracked 
| 752|0x00000006bc000000, 0x00000006bc000000, 0x00000006bc400000|  0%| F|  |TAMS 0x00000006bc000000, 0x00000006bc000000| Untracked 
| 753|0x00000006bc400000, 0x00000006bc400000, 0x00000006bc800000|  0%| F|  |TAMS 0x00000006bc400000, 0x00000006bc400000| Untracked 
| 754|0x00000006bc800000, 0x00000006bc800000, 0x00000006bcc00000|  0%| F|  |TAMS 0x00000006bc800000, 0x00000006bc800000| Untracked 
| 755|0x00000006bcc00000, 0x00000006bcc00000, 0x00000006bd000000|  0%| F|  |TAMS 0x00000006bcc00000, 0x00000006bcc00000| Untracked 
| 756|0x00000006bd000000, 0x00000006bd000000, 0x00000006bd400000|  0%| F|  |TAMS 0x00000006bd000000, 0x00000006bd000000| Untracked 
| 757|0x00000006bd400000, 0x00000006bd400000, 0x00000006bd800000|  0%| F|  |TAMS 0x00000006bd400000, 0x00000006bd400000| Untracked 
| 758|0x00000006bd800000, 0x00000006bd800000, 0x00000006bdc00000|  0%| F|  |TAMS 0x00000006bd800000, 0x00000006bd800000| Untracked 
| 759|0x00000006bdc00000, 0x00000006bdc00000, 0x00000006be000000|  0%| F|  |TAMS 0x00000006bdc00000, 0x00000006bdc00000| Untracked 
| 760|0x00000006be000000, 0x00000006be000000, 0x00000006be400000|  0%| F|  |TAMS 0x00000006be000000, 0x00000006be000000| Untracked 
| 761|0x00000006be400000, 0x00000006be400000, 0x00000006be800000|  0%| F|  |TAMS 0x00000006be400000, 0x00000006be400000| Untracked 
| 762|0x00000006be800000, 0x00000006be800000, 0x00000006bec00000|  0%| F|  |TAMS 0x00000006be800000, 0x00000006be800000| Untracked 
| 763|0x00000006bec00000, 0x00000006bec00000, 0x00000006bf000000|  0%| F|  |TAMS 0x00000006bec00000, 0x00000006bec00000| Untracked 
| 764|0x00000006bf000000, 0x00000006bf000000, 0x00000006bf400000|  0%| F|  |TAMS 0x00000006bf000000, 0x00000006bf000000| Untracked 
| 765|0x00000006bf400000, 0x00000006bf400000, 0x00000006bf800000|  0%| F|  |TAMS 0x00000006bf400000, 0x00000006bf400000| Untracked 
| 766|0x00000006bf800000, 0x00000006bf800000, 0x00000006bfc00000|  0%| F|  |TAMS 0x00000006bf800000, 0x00000006bf800000| Untracked 
| 767|0x00000006bfc00000, 0x00000006bfc00000, 0x00000006c0000000|  0%| F|  |TAMS 0x00000006bfc00000, 0x00000006bfc00000| Untracked 
| 768|0x00000006c0000000, 0x00000006c0000000, 0x00000006c0400000|  0%| F|  |TAMS 0x00000006c0000000, 0x00000006c0000000| Untracked 
| 769|0x00000006c0400000, 0x00000006c0400000, 0x00000006c0800000|  0%| F|  |TAMS 0x00000006c0400000, 0x00000006c0400000| Untracked 
| 770|0x00000006c0800000, 0x00000006c0800000, 0x00000006c0c00000|  0%| F|  |TAMS 0x00000006c0800000, 0x00000006c0800000| Untracked 
| 771|0x00000006c0c00000, 0x00000006c0c00000, 0x00000006c1000000|  0%| F|  |TAMS 0x00000006c0c00000, 0x00000006c0c00000| Untracked 
| 772|0x00000006c1000000, 0x00000006c1000000, 0x00000006c1400000|  0%| F|  |TAMS 0x00000006c1000000, 0x00000006c1000000| Untracked 
| 773|0x00000006c1400000, 0x00000006c1400000, 0x00000006c1800000|  0%| F|  |TAMS 0x00000006c1400000, 0x00000006c1400000| Untracked 
| 774|0x00000006c1800000, 0x00000006c1800000, 0x00000006c1c00000|  0%| F|  |TAMS 0x00000006c1800000, 0x00000006c1800000| Untracked 
| 775|0x00000006c1c00000, 0x00000006c1c00000, 0x00000006c2000000|  0%| F|  |TAMS 0x00000006c1c00000, 0x00000006c1c00000| Untracked 
| 776|0x00000006c2000000, 0x00000006c2000000, 0x00000006c2400000|  0%| F|  |TAMS 0x00000006c2000000, 0x00000006c2000000| Untracked 
| 777|0x00000006c2400000, 0x00000006c2400000, 0x00000006c2800000|  0%| F|  |TAMS 0x00000006c2400000, 0x00000006c2400000| Untracked 
| 778|0x00000006c2800000, 0x00000006c2800000, 0x00000006c2c00000|  0%| F|  |TAMS 0x00000006c2800000, 0x00000006c2800000| Untracked 
| 779|0x00000006c2c00000, 0x00000006c2c00000, 0x00000006c3000000|  0%| F|  |TAMS 0x00000006c2c00000, 0x00000006c2c00000| Untracked 
| 780|0x00000006c3000000, 0x00000006c3000000, 0x00000006c3400000|  0%| F|  |TAMS 0x00000006c3000000, 0x00000006c3000000| Untracked 
| 781|0x00000006c3400000, 0x00000006c3400000, 0x00000006c3800000|  0%| F|  |TAMS 0x00000006c3400000, 0x00000006c3400000| Untracked 
| 782|0x00000006c3800000, 0x00000006c3800000, 0x00000006c3c00000|  0%| F|  |TAMS 0x00000006c3800000, 0x00000006c3800000| Untracked 
| 783|0x00000006c3c00000, 0x00000006c3c00000, 0x00000006c4000000|  0%| F|  |TAMS 0x00000006c3c00000, 0x00000006c3c00000| Untracked 
| 784|0x00000006c4000000, 0x00000006c4000000, 0x00000006c4400000|  0%| F|  |TAMS 0x00000006c4000000, 0x00000006c4000000| Untracked 
| 785|0x00000006c4400000, 0x00000006c4400000, 0x00000006c4800000|  0%| F|  |TAMS 0x00000006c4400000, 0x00000006c4400000| Untracked 
| 786|0x00000006c4800000, 0x00000006c4800000, 0x00000006c4c00000|  0%| F|  |TAMS 0x00000006c4800000, 0x00000006c4800000| Untracked 
| 787|0x00000006c4c00000, 0x00000006c4c00000, 0x00000006c5000000|  0%| F|  |TAMS 0x00000006c4c00000, 0x00000006c4c00000| Untracked 
| 788|0x00000006c5000000, 0x00000006c5000000, 0x00000006c5400000|  0%| F|  |TAMS 0x00000006c5000000, 0x00000006c5000000| Untracked 
| 789|0x00000006c5400000, 0x00000006c5400000, 0x00000006c5800000|  0%| F|  |TAMS 0x00000006c5400000, 0x00000006c5400000| Untracked 
| 790|0x00000006c5800000, 0x00000006c5800000, 0x00000006c5c00000|  0%| F|  |TAMS 0x00000006c5800000, 0x00000006c5800000| Untracked 
| 791|0x00000006c5c00000, 0x00000006c5c00000, 0x00000006c6000000|  0%| F|  |TAMS 0x00000006c5c00000, 0x00000006c5c00000| Untracked 
| 792|0x00000006c6000000, 0x00000006c6000000, 0x00000006c6400000|  0%| F|  |TAMS 0x00000006c6000000, 0x00000006c6000000| Untracked 
| 793|0x00000006c6400000, 0x00000006c6400000, 0x00000006c6800000|  0%| F|  |TAMS 0x00000006c6400000, 0x00000006c6400000| Untracked 
| 794|0x00000006c6800000, 0x00000006c6800000, 0x00000006c6c00000|  0%| F|  |TAMS 0x00000006c6800000, 0x00000006c6800000| Untracked 
| 795|0x00000006c6c00000, 0x00000006c6c00000, 0x00000006c7000000|  0%| F|  |TAMS 0x00000006c6c00000, 0x00000006c6c00000| Untracked 
| 796|0x00000006c7000000, 0x00000006c7000000, 0x00000006c7400000|  0%| F|  |TAMS 0x00000006c7000000, 0x00000006c7000000| Untracked 
| 797|0x00000006c7400000, 0x00000006c7400000, 0x00000006c7800000|  0%| F|  |TAMS 0x00000006c7400000, 0x00000006c7400000| Untracked 
| 798|0x00000006c7800000, 0x00000006c7800000, 0x00000006c7c00000|  0%| F|  |TAMS 0x00000006c7800000, 0x00000006c7800000| Untracked 
| 799|0x00000006c7c00000, 0x00000006c7c00000, 0x00000006c8000000|  0%| F|  |TAMS 0x00000006c7c00000, 0x00000006c7c00000| Untracked 
| 800|0x00000006c8000000, 0x00000006c8000000, 0x00000006c8400000|  0%| F|  |TAMS 0x00000006c8000000, 0x00000006c8000000| Untracked 
| 801|0x00000006c8400000, 0x00000006c8400000, 0x00000006c8800000|  0%| F|  |TAMS 0x00000006c8400000, 0x00000006c8400000| Untracked 
| 802|0x00000006c8800000, 0x00000006c8800000, 0x00000006c8c00000|  0%| F|  |TAMS 0x00000006c8800000, 0x00000006c8800000| Untracked 
| 803|0x00000006c8c00000, 0x00000006c8c00000, 0x00000006c9000000|  0%| F|  |TAMS 0x00000006c8c00000, 0x00000006c8c00000| Untracked 
| 804|0x00000006c9000000, 0x00000006c9000000, 0x00000006c9400000|  0%| F|  |TAMS 0x00000006c9000000, 0x00000006c9000000| Untracked 
| 805|0x00000006c9400000, 0x00000006c9400000, 0x00000006c9800000|  0%| F|  |TAMS 0x00000006c9400000, 0x00000006c9400000| Untracked 
| 806|0x00000006c9800000, 0x00000006c9800000, 0x00000006c9c00000|  0%| F|  |TAMS 0x00000006c9800000, 0x00000006c9800000| Untracked 
| 807|0x00000006c9c00000, 0x00000006c9c00000, 0x00000006ca000000|  0%| F|  |TAMS 0x00000006c9c00000, 0x00000006c9c00000| Untracked 
| 808|0x00000006ca000000, 0x00000006ca000000, 0x00000006ca400000|  0%| F|  |TAMS 0x00000006ca000000, 0x00000006ca000000| Untracked 
| 809|0x00000006ca400000, 0x00000006ca400000, 0x00000006ca800000|  0%| F|  |TAMS 0x00000006ca400000, 0x00000006ca400000| Untracked 
| 810|0x00000006ca800000, 0x00000006ca800000, 0x00000006cac00000|  0%| F|  |TAMS 0x00000006ca800000, 0x00000006ca800000| Untracked 
| 811|0x00000006cac00000, 0x00000006cac00000, 0x00000006cb000000|  0%| F|  |TAMS 0x00000006cac00000, 0x00000006cac00000| Untracked 
| 812|0x00000006cb000000, 0x00000006cb000000, 0x00000006cb400000|  0%| F|  |TAMS 0x00000006cb000000, 0x00000006cb000000| Untracked 
| 813|0x00000006cb400000, 0x00000006cb400000, 0x00000006cb800000|  0%| F|  |TAMS 0x00000006cb400000, 0x00000006cb400000| Untracked 
| 814|0x00000006cb800000, 0x00000006cb800000, 0x00000006cbc00000|  0%| F|  |TAMS 0x00000006cb800000, 0x00000006cb800000| Untracked 
| 815|0x00000006cbc00000, 0x00000006cbc00000, 0x00000006cc000000|  0%| F|  |TAMS 0x00000006cbc00000, 0x00000006cbc00000| Untracked 
| 816|0x00000006cc000000, 0x00000006cc000000, 0x00000006cc400000|  0%| F|  |TAMS 0x00000006cc000000, 0x00000006cc000000| Untracked 
| 817|0x00000006cc400000, 0x00000006cc400000, 0x00000006cc800000|  0%| F|  |TAMS 0x00000006cc400000, 0x00000006cc400000| Untracked 
| 818|0x00000006cc800000, 0x00000006cc800000, 0x00000006ccc00000|  0%| F|  |TAMS 0x00000006cc800000, 0x00000006cc800000| Untracked 
| 819|0x00000006ccc00000, 0x00000006ccc00000, 0x00000006cd000000|  0%| F|  |TAMS 0x00000006ccc00000, 0x00000006ccc00000| Untracked 
| 820|0x00000006cd000000, 0x00000006cd000000, 0x00000006cd400000|  0%| F|  |TAMS 0x00000006cd000000, 0x00000006cd000000| Untracked 
| 821|0x00000006cd400000, 0x00000006cd400000, 0x00000006cd800000|  0%| F|  |TAMS 0x00000006cd400000, 0x00000006cd400000| Untracked 
| 822|0x00000006cd800000, 0x00000006cd800000, 0x00000006cdc00000|  0%| F|  |TAMS 0x00000006cd800000, 0x00000006cd800000| Untracked 
| 823|0x00000006cdc00000, 0x00000006cdc00000, 0x00000006ce000000|  0%| F|  |TAMS 0x00000006cdc00000, 0x00000006cdc00000| Untracked 
| 824|0x00000006ce000000, 0x00000006ce000000, 0x00000006ce400000|  0%| F|  |TAMS 0x00000006ce000000, 0x00000006ce000000| Untracked 
| 825|0x00000006ce400000, 0x00000006ce400000, 0x00000006ce800000|  0%| F|  |TAMS 0x00000006ce400000, 0x00000006ce400000| Untracked 
| 826|0x00000006ce800000, 0x00000006ce800000, 0x00000006cec00000|  0%| F|  |TAMS 0x00000006ce800000, 0x00000006ce800000| Untracked 
| 827|0x00000006cec00000, 0x00000006cec00000, 0x00000006cf000000|  0%| F|  |TAMS 0x00000006cec00000, 0x00000006cec00000| Untracked 
| 828|0x00000006cf000000, 0x00000006cf000000, 0x00000006cf400000|  0%| F|  |TAMS 0x00000006cf000000, 0x00000006cf000000| Untracked 
| 829|0x00000006cf400000, 0x00000006cf400000, 0x00000006cf800000|  0%| F|  |TAMS 0x00000006cf400000, 0x00000006cf400000| Untracked 
| 830|0x00000006cf800000, 0x00000006cf800000, 0x00000006cfc00000|  0%| F|  |TAMS 0x00000006cf800000, 0x00000006cf800000| Untracked 
| 831|0x00000006cfc00000, 0x00000006cfc00000, 0x00000006d0000000|  0%| F|  |TAMS 0x00000006cfc00000, 0x00000006cfc00000| Untracked 
| 832|0x00000006d0000000, 0x00000006d0000000, 0x00000006d0400000|  0%| F|  |TAMS 0x00000006d0000000, 0x00000006d0000000| Untracked 
| 833|0x00000006d0400000, 0x00000006d0400000, 0x00000006d0800000|  0%| F|  |TAMS 0x00000006d0400000, 0x00000006d0400000| Untracked 
| 834|0x00000006d0800000, 0x00000006d0800000, 0x00000006d0c00000|  0%| F|  |TAMS 0x00000006d0800000, 0x00000006d0800000| Untracked 
| 835|0x00000006d0c00000, 0x00000006d0c00000, 0x00000006d1000000|  0%| F|  |TAMS 0x00000006d0c00000, 0x00000006d0c00000| Untracked 
| 836|0x00000006d1000000, 0x00000006d1000000, 0x00000006d1400000|  0%| F|  |TAMS 0x00000006d1000000, 0x00000006d1000000| Untracked 
| 837|0x00000006d1400000, 0x00000006d1400000, 0x00000006d1800000|  0%| F|  |TAMS 0x00000006d1400000, 0x00000006d1400000| Untracked 
| 838|0x00000006d1800000, 0x00000006d1800000, 0x00000006d1c00000|  0%| F|  |TAMS 0x00000006d1800000, 0x00000006d1800000| Untracked 
| 839|0x00000006d1c00000, 0x00000006d1c00000, 0x00000006d2000000|  0%| F|  |TAMS 0x00000006d1c00000, 0x00000006d1c00000| Untracked 
| 840|0x00000006d2000000, 0x00000006d2000000, 0x00000006d2400000|  0%| F|  |TAMS 0x00000006d2000000, 0x00000006d2000000| Untracked 
| 841|0x00000006d2400000, 0x00000006d2400000, 0x00000006d2800000|  0%| F|  |TAMS 0x00000006d2400000, 0x00000006d2400000| Untracked 
| 842|0x00000006d2800000, 0x00000006d2800000, 0x00000006d2c00000|  0%| F|  |TAMS 0x00000006d2800000, 0x00000006d2800000| Untracked 
| 843|0x00000006d2c00000, 0x00000006d2c00000, 0x00000006d3000000|  0%| F|  |TAMS 0x00000006d2c00000, 0x00000006d2c00000| Untracked 
| 844|0x00000006d3000000, 0x00000006d3000000, 0x00000006d3400000|  0%| F|  |TAMS 0x00000006d3000000, 0x00000006d3000000| Untracked 
| 845|0x00000006d3400000, 0x00000006d3400000, 0x00000006d3800000|  0%| F|  |TAMS 0x00000006d3400000, 0x00000006d3400000| Untracked 
| 846|0x00000006d3800000, 0x00000006d3800000, 0x00000006d3c00000|  0%| F|  |TAMS 0x00000006d3800000, 0x00000006d3800000| Untracked 
| 847|0x00000006d3c00000, 0x00000006d3c00000, 0x00000006d4000000|  0%| F|  |TAMS 0x00000006d3c00000, 0x00000006d3c00000| Untracked 
| 848|0x00000006d4000000, 0x00000006d4000000, 0x00000006d4400000|  0%| F|  |TAMS 0x00000006d4000000, 0x00000006d4000000| Untracked 
| 849|0x00000006d4400000, 0x00000006d4400000, 0x00000006d4800000|  0%| F|  |TAMS 0x00000006d4400000, 0x00000006d4400000| Untracked 
| 850|0x00000006d4800000, 0x00000006d4800000, 0x00000006d4c00000|  0%| F|  |TAMS 0x00000006d4800000, 0x00000006d4800000| Untracked 
| 851|0x00000006d4c00000, 0x00000006d4c00000, 0x00000006d5000000|  0%| F|  |TAMS 0x00000006d4c00000, 0x00000006d4c00000| Untracked 
| 852|0x00000006d5000000, 0x00000006d5000000, 0x00000006d5400000|  0%| F|  |TAMS 0x00000006d5000000, 0x00000006d5000000| Untracked 
| 853|0x00000006d5400000, 0x00000006d5400000, 0x00000006d5800000|  0%| F|  |TAMS 0x00000006d5400000, 0x00000006d5400000| Untracked 
| 854|0x00000006d5800000, 0x00000006d5800000, 0x00000006d5c00000|  0%| F|  |TAMS 0x00000006d5800000, 0x00000006d5800000| Untracked 
| 855|0x00000006d5c00000, 0x00000006d5c00000, 0x00000006d6000000|  0%| F|  |TAMS 0x00000006d5c00000, 0x00000006d5c00000| Untracked 
| 856|0x00000006d6000000, 0x00000006d6000000, 0x00000006d6400000|  0%| F|  |TAMS 0x00000006d6000000, 0x00000006d6000000| Untracked 
| 857|0x00000006d6400000, 0x00000006d6400000, 0x00000006d6800000|  0%| F|  |TAMS 0x00000006d6400000, 0x00000006d6400000| Untracked 
| 858|0x00000006d6800000, 0x00000006d6800000, 0x00000006d6c00000|  0%| F|  |TAMS 0x00000006d6800000, 0x00000006d6800000| Untracked 
| 859|0x00000006d6c00000, 0x00000006d6c00000, 0x00000006d7000000|  0%| F|  |TAMS 0x00000006d6c00000, 0x00000006d6c00000| Untracked 
| 860|0x00000006d7000000, 0x00000006d7000000, 0x00000006d7400000|  0%| F|  |TAMS 0x00000006d7000000, 0x00000006d7000000| Untracked 
| 861|0x00000006d7400000, 0x00000006d7400000, 0x00000006d7800000|  0%| F|  |TAMS 0x00000006d7400000, 0x00000006d7400000| Untracked 
| 862|0x00000006d7800000, 0x00000006d7800000, 0x00000006d7c00000|  0%| F|  |TAMS 0x00000006d7800000, 0x00000006d7800000| Untracked 
| 863|0x00000006d7c00000, 0x00000006d7c00000, 0x00000006d8000000|  0%| F|  |TAMS 0x00000006d7c00000, 0x00000006d7c00000| Untracked 
| 864|0x00000006d8000000, 0x00000006d8000000, 0x00000006d8400000|  0%| F|  |TAMS 0x00000006d8000000, 0x00000006d8000000| Untracked 
| 865|0x00000006d8400000, 0x00000006d8400000, 0x00000006d8800000|  0%| F|  |TAMS 0x00000006d8400000, 0x00000006d8400000| Untracked 
| 866|0x00000006d8800000, 0x00000006d8800000, 0x00000006d8c00000|  0%| F|  |TAMS 0x00000006d8800000, 0x00000006d8800000| Untracked 
| 867|0x00000006d8c00000, 0x00000006d8c00000, 0x00000006d9000000|  0%| F|  |TAMS 0x00000006d8c00000, 0x00000006d8c00000| Untracked 
| 868|0x00000006d9000000, 0x00000006d9000000, 0x00000006d9400000|  0%| F|  |TAMS 0x00000006d9000000, 0x00000006d9000000| Untracked 
| 869|0x00000006d9400000, 0x00000006d9400000, 0x00000006d9800000|  0%| F|  |TAMS 0x00000006d9400000, 0x00000006d9400000| Untracked 
| 870|0x00000006d9800000, 0x00000006d9800000, 0x00000006d9c00000|  0%| F|  |TAMS 0x00000006d9800000, 0x00000006d9800000| Untracked 
| 871|0x00000006d9c00000, 0x00000006d9c00000, 0x00000006da000000|  0%| F|  |TAMS 0x00000006d9c00000, 0x00000006d9c00000| Untracked 
| 872|0x00000006da000000, 0x00000006da000000, 0x00000006da400000|  0%| F|  |TAMS 0x00000006da000000, 0x00000006da000000| Untracked 
| 873|0x00000006da400000, 0x00000006da400000, 0x00000006da800000|  0%| F|  |TAMS 0x00000006da400000, 0x00000006da400000| Untracked 
| 874|0x00000006da800000, 0x00000006da800000, 0x00000006dac00000|  0%| F|  |TAMS 0x00000006da800000, 0x00000006da800000| Untracked 
| 875|0x00000006dac00000, 0x00000006dac00000, 0x00000006db000000|  0%| F|  |TAMS 0x00000006dac00000, 0x00000006dac00000| Untracked 
| 876|0x00000006db000000, 0x00000006db000000, 0x00000006db400000|  0%| F|  |TAMS 0x00000006db000000, 0x00000006db000000| Untracked 
| 877|0x00000006db400000, 0x00000006db400000, 0x00000006db800000|  0%| F|  |TAMS 0x00000006db400000, 0x00000006db400000| Untracked 
| 878|0x00000006db800000, 0x00000006db800000, 0x00000006dbc00000|  0%| F|  |TAMS 0x00000006db800000, 0x00000006db800000| Untracked 
| 879|0x00000006dbc00000, 0x00000006dbc00000, 0x00000006dc000000|  0%| F|  |TAMS 0x00000006dbc00000, 0x00000006dbc00000| Untracked 
| 880|0x00000006dc000000, 0x00000006dc000000, 0x00000006dc400000|  0%| F|  |TAMS 0x00000006dc000000, 0x00000006dc000000| Untracked 
| 881|0x00000006dc400000, 0x00000006dc400000, 0x00000006dc800000|  0%| F|  |TAMS 0x00000006dc400000, 0x00000006dc400000| Untracked 
| 882|0x00000006dc800000, 0x00000006dc800000, 0x00000006dcc00000|  0%| F|  |TAMS 0x00000006dc800000, 0x00000006dc800000| Untracked 
| 883|0x00000006dcc00000, 0x00000006dcc00000, 0x00000006dd000000|  0%| F|  |TAMS 0x00000006dcc00000, 0x00000006dcc00000| Untracked 
| 884|0x00000006dd000000, 0x00000006dd000000, 0x00000006dd400000|  0%| F|  |TAMS 0x00000006dd000000, 0x00000006dd000000| Untracked 
| 885|0x00000006dd400000, 0x00000006dd400000, 0x00000006dd800000|  0%| F|  |TAMS 0x00000006dd400000, 0x00000006dd400000| Untracked 
| 886|0x00000006dd800000, 0x00000006dd800000, 0x00000006ddc00000|  0%| F|  |TAMS 0x00000006dd800000, 0x00000006dd800000| Untracked 
| 887|0x00000006ddc00000, 0x00000006ddc00000, 0x00000006de000000|  0%| F|  |TAMS 0x00000006ddc00000, 0x00000006ddc00000| Untracked 
| 888|0x00000006de000000, 0x00000006de000000, 0x00000006de400000|  0%| F|  |TAMS 0x00000006de000000, 0x00000006de000000| Untracked 
| 889|0x00000006de400000, 0x00000006de400000, 0x00000006de800000|  0%| F|  |TAMS 0x00000006de400000, 0x00000006de400000| Untracked 
| 890|0x00000006de800000, 0x00000006de800000, 0x00000006dec00000|  0%| F|  |TAMS 0x00000006de800000, 0x00000006de800000| Untracked 
| 891|0x00000006dec00000, 0x00000006dec00000, 0x00000006df000000|  0%| F|  |TAMS 0x00000006dec00000, 0x00000006dec00000| Untracked 
| 892|0x00000006df000000, 0x00000006df000000, 0x00000006df400000|  0%| F|  |TAMS 0x00000006df000000, 0x00000006df000000| Untracked 
| 893|0x00000006df400000, 0x00000006df400000, 0x00000006df800000|  0%| F|  |TAMS 0x00000006df400000, 0x00000006df400000| Untracked 
| 894|0x00000006df800000, 0x00000006df800000, 0x00000006dfc00000|  0%| F|  |TAMS 0x00000006df800000, 0x00000006df800000| Untracked 
| 895|0x00000006dfc00000, 0x00000006dfc00000, 0x00000006e0000000|  0%| F|  |TAMS 0x00000006dfc00000, 0x00000006dfc00000| Untracked 
| 896|0x00000006e0000000, 0x00000006e0000000, 0x00000006e0400000|  0%| F|  |TAMS 0x00000006e0000000, 0x00000006e0000000| Untracked 
| 897|0x00000006e0400000, 0x00000006e0400000, 0x00000006e0800000|  0%| F|  |TAMS 0x00000006e0400000, 0x00000006e0400000| Untracked 
| 898|0x00000006e0800000, 0x00000006e0800000, 0x00000006e0c00000|  0%| F|  |TAMS 0x00000006e0800000, 0x00000006e0800000| Untracked 
| 899|0x00000006e0c00000, 0x00000006e0c00000, 0x00000006e1000000|  0%| F|  |TAMS 0x00000006e0c00000, 0x00000006e0c00000| Untracked 
| 900|0x00000006e1000000, 0x00000006e1000000, 0x00000006e1400000|  0%| F|  |TAMS 0x00000006e1000000, 0x00000006e1000000| Untracked 
| 901|0x00000006e1400000, 0x00000006e1400000, 0x00000006e1800000|  0%| F|  |TAMS 0x00000006e1400000, 0x00000006e1400000| Untracked 
| 902|0x00000006e1800000, 0x00000006e1800000, 0x00000006e1c00000|  0%| F|  |TAMS 0x00000006e1800000, 0x00000006e1800000| Untracked 
| 903|0x00000006e1c00000, 0x00000006e1c00000, 0x00000006e2000000|  0%| F|  |TAMS 0x00000006e1c00000, 0x00000006e1c00000| Untracked 
| 904|0x00000006e2000000, 0x00000006e2000000, 0x00000006e2400000|  0%| F|  |TAMS 0x00000006e2000000, 0x00000006e2000000| Untracked 
| 905|0x00000006e2400000, 0x00000006e2400000, 0x00000006e2800000|  0%| F|  |TAMS 0x00000006e2400000, 0x00000006e2400000| Untracked 
| 906|0x00000006e2800000, 0x00000006e2800000, 0x00000006e2c00000|  0%| F|  |TAMS 0x00000006e2800000, 0x00000006e2800000| Untracked 
| 907|0x00000006e2c00000, 0x00000006e2c00000, 0x00000006e3000000|  0%| F|  |TAMS 0x00000006e2c00000, 0x00000006e2c00000| Untracked 
| 908|0x00000006e3000000, 0x00000006e3000000, 0x00000006e3400000|  0%| F|  |TAMS 0x00000006e3000000, 0x00000006e3000000| Untracked 
| 909|0x00000006e3400000, 0x00000006e3400000, 0x00000006e3800000|  0%| F|  |TAMS 0x00000006e3400000, 0x00000006e3400000| Untracked 
| 910|0x00000006e3800000, 0x00000006e3800000, 0x00000006e3c00000|  0%| F|  |TAMS 0x00000006e3800000, 0x00000006e3800000| Untracked 
| 911|0x00000006e3c00000, 0x00000006e3c00000, 0x00000006e4000000|  0%| F|  |TAMS 0x00000006e3c00000, 0x00000006e3c00000| Untracked 
| 912|0x00000006e4000000, 0x00000006e4000000, 0x00000006e4400000|  0%| F|  |TAMS 0x00000006e4000000, 0x00000006e4000000| Untracked 
| 913|0x00000006e4400000, 0x00000006e4400000, 0x00000006e4800000|  0%| F|  |TAMS 0x00000006e4400000, 0x00000006e4400000| Untracked 
| 914|0x00000006e4800000, 0x00000006e4800000, 0x00000006e4c00000|  0%| F|  |TAMS 0x00000006e4800000, 0x00000006e4800000| Untracked 
| 915|0x00000006e4c00000, 0x00000006e4c00000, 0x00000006e5000000|  0%| F|  |TAMS 0x00000006e4c00000, 0x00000006e4c00000| Untracked 
| 916|0x00000006e5000000, 0x00000006e5000000, 0x00000006e5400000|  0%| F|  |TAMS 0x00000006e5000000, 0x00000006e5000000| Untracked 
| 917|0x00000006e5400000, 0x00000006e5400000, 0x00000006e5800000|  0%| F|  |TAMS 0x00000006e5400000, 0x00000006e5400000| Untracked 
| 918|0x00000006e5800000, 0x00000006e5800000, 0x00000006e5c00000|  0%| F|  |TAMS 0x00000006e5800000, 0x00000006e5800000| Untracked 
| 919|0x00000006e5c00000, 0x00000006e5c00000, 0x00000006e6000000|  0%| F|  |TAMS 0x00000006e5c00000, 0x00000006e5c00000| Untracked 
| 920|0x00000006e6000000, 0x00000006e6000000, 0x00000006e6400000|  0%| F|  |TAMS 0x00000006e6000000, 0x00000006e6000000| Untracked 
| 921|0x00000006e6400000, 0x00000006e6400000, 0x00000006e6800000|  0%| F|  |TAMS 0x00000006e6400000, 0x00000006e6400000| Untracked 
| 922|0x00000006e6800000, 0x00000006e6800000, 0x00000006e6c00000|  0%| F|  |TAMS 0x00000006e6800000, 0x00000006e6800000| Untracked 
| 923|0x00000006e6c00000, 0x00000006e6c00000, 0x00000006e7000000|  0%| F|  |TAMS 0x00000006e6c00000, 0x00000006e6c00000| Untracked 
| 924|0x00000006e7000000, 0x00000006e7000000, 0x00000006e7400000|  0%| F|  |TAMS 0x00000006e7000000, 0x00000006e7000000| Untracked 
| 925|0x00000006e7400000, 0x00000006e7400000, 0x00000006e7800000|  0%| F|  |TAMS 0x00000006e7400000, 0x00000006e7400000| Untracked 
| 926|0x00000006e7800000, 0x00000006e7800000, 0x00000006e7c00000|  0%| F|  |TAMS 0x00000006e7800000, 0x00000006e7800000| Untracked 
| 927|0x00000006e7c00000, 0x00000006e7c00000, 0x00000006e8000000|  0%| F|  |TAMS 0x00000006e7c00000, 0x00000006e7c00000| Untracked 
| 928|0x00000006e8000000, 0x00000006e8000000, 0x00000006e8400000|  0%| F|  |TAMS 0x00000006e8000000, 0x00000006e8000000| Untracked 
| 929|0x00000006e8400000, 0x00000006e8400000, 0x00000006e8800000|  0%| F|  |TAMS 0x00000006e8400000, 0x00000006e8400000| Untracked 
| 930|0x00000006e8800000, 0x00000006e8800000, 0x00000006e8c00000|  0%| F|  |TAMS 0x00000006e8800000, 0x00000006e8800000| Untracked 
| 931|0x00000006e8c00000, 0x00000006e8c00000, 0x00000006e9000000|  0%| F|  |TAMS 0x00000006e8c00000, 0x00000006e8c00000| Untracked 
| 932|0x00000006e9000000, 0x00000006e9000000, 0x00000006e9400000|  0%| F|  |TAMS 0x00000006e9000000, 0x00000006e9000000| Untracked 
| 933|0x00000006e9400000, 0x00000006e9400000, 0x00000006e9800000|  0%| F|  |TAMS 0x00000006e9400000, 0x00000006e9400000| Untracked 
| 934|0x00000006e9800000, 0x00000006e9800000, 0x00000006e9c00000|  0%| F|  |TAMS 0x00000006e9800000, 0x00000006e9800000| Untracked 
| 935|0x00000006e9c00000, 0x00000006e9c00000, 0x00000006ea000000|  0%| F|  |TAMS 0x00000006e9c00000, 0x00000006e9c00000| Untracked 
| 936|0x00000006ea000000, 0x00000006ea000000, 0x00000006ea400000|  0%| F|  |TAMS 0x00000006ea000000, 0x00000006ea000000| Untracked 
| 937|0x00000006ea400000, 0x00000006ea400000, 0x00000006ea800000|  0%| F|  |TAMS 0x00000006ea400000, 0x00000006ea400000| Untracked 
| 938|0x00000006ea800000, 0x00000006ea800000, 0x00000006eac00000|  0%| F|  |TAMS 0x00000006ea800000, 0x00000006ea800000| Untracked 
| 939|0x00000006eac00000, 0x00000006eac00000, 0x00000006eb000000|  0%| F|  |TAMS 0x00000006eac00000, 0x00000006eac00000| Untracked 
| 940|0x00000006eb000000, 0x00000006eb000000, 0x00000006eb400000|  0%| F|  |TAMS 0x00000006eb000000, 0x00000006eb000000| Untracked 
| 941|0x00000006eb400000, 0x00000006eb400000, 0x00000006eb800000|  0%| F|  |TAMS 0x00000006eb400000, 0x00000006eb400000| Untracked 
| 942|0x00000006eb800000, 0x00000006eb800000, 0x00000006ebc00000|  0%| F|  |TAMS 0x00000006eb800000, 0x00000006eb800000| Untracked 
| 943|0x00000006ebc00000, 0x00000006ebc00000, 0x00000006ec000000|  0%| F|  |TAMS 0x00000006ebc00000, 0x00000006ebc00000| Untracked 
| 944|0x00000006ec000000, 0x00000006ec000000, 0x00000006ec400000|  0%| F|  |TAMS 0x00000006ec000000, 0x00000006ec000000| Untracked 
| 945|0x00000006ec400000, 0x00000006ec400000, 0x00000006ec800000|  0%| F|  |TAMS 0x00000006ec400000, 0x00000006ec400000| Untracked 
| 946|0x00000006ec800000, 0x00000006ec800000, 0x00000006ecc00000|  0%| F|  |TAMS 0x00000006ec800000, 0x00000006ec800000| Untracked 
| 947|0x00000006ecc00000, 0x00000006ecc00000, 0x00000006ed000000|  0%| F|  |TAMS 0x00000006ecc00000, 0x00000006ecc00000| Untracked 
| 948|0x00000006ed000000, 0x00000006ed000000, 0x00000006ed400000|  0%| F|  |TAMS 0x00000006ed000000, 0x00000006ed000000| Untracked 
| 949|0x00000006ed400000, 0x00000006ed400000, 0x00000006ed800000|  0%| F|  |TAMS 0x00000006ed400000, 0x00000006ed400000| Untracked 
| 950|0x00000006ed800000, 0x00000006ed800000, 0x00000006edc00000|  0%| F|  |TAMS 0x00000006ed800000, 0x00000006ed800000| Untracked 
| 951|0x00000006edc00000, 0x00000006edc00000, 0x00000006ee000000|  0%| F|  |TAMS 0x00000006edc00000, 0x00000006edc00000| Untracked 
| 952|0x00000006ee000000, 0x00000006ee000000, 0x00000006ee400000|  0%| F|  |TAMS 0x00000006ee000000, 0x00000006ee000000| Untracked 
| 953|0x00000006ee400000, 0x00000006ee400000, 0x00000006ee800000|  0%| F|  |TAMS 0x00000006ee400000, 0x00000006ee400000| Untracked 
| 954|0x00000006ee800000, 0x00000006ee800000, 0x00000006eec00000|  0%| F|  |TAMS 0x00000006ee800000, 0x00000006ee800000| Untracked 
| 955|0x00000006eec00000, 0x00000006eec00000, 0x00000006ef000000|  0%| F|  |TAMS 0x00000006eec00000, 0x00000006eec00000| Untracked 
| 956|0x00000006ef000000, 0x00000006ef000000, 0x00000006ef400000|  0%| F|  |TAMS 0x00000006ef000000, 0x00000006ef000000| Untracked 
| 957|0x00000006ef400000, 0x00000006ef400000, 0x00000006ef800000|  0%| F|  |TAMS 0x00000006ef400000, 0x00000006ef400000| Untracked 
| 958|0x00000006ef800000, 0x00000006ef800000, 0x00000006efc00000|  0%| F|  |TAMS 0x00000006ef800000, 0x00000006ef800000| Untracked 
| 959|0x00000006efc00000, 0x00000006efc00000, 0x00000006f0000000|  0%| F|  |TAMS 0x00000006efc00000, 0x00000006efc00000| Untracked 
| 960|0x00000006f0000000, 0x00000006f0000000, 0x00000006f0400000|  0%| F|  |TAMS 0x00000006f0000000, 0x00000006f0000000| Untracked 
| 961|0x00000006f0400000, 0x00000006f0400000, 0x00000006f0800000|  0%| F|  |TAMS 0x00000006f0400000, 0x00000006f0400000| Untracked 
| 962|0x00000006f0800000, 0x00000006f0800000, 0x00000006f0c00000|  0%| F|  |TAMS 0x00000006f0800000, 0x00000006f0800000| Untracked 
| 963|0x00000006f0c00000, 0x00000006f0c00000, 0x00000006f1000000|  0%| F|  |TAMS 0x00000006f0c00000, 0x00000006f0c00000| Untracked 
| 964|0x00000006f1000000, 0x00000006f1000000, 0x00000006f1400000|  0%| F|  |TAMS 0x00000006f1000000, 0x00000006f1000000| Untracked 
| 965|0x00000006f1400000, 0x00000006f1400000, 0x00000006f1800000|  0%| F|  |TAMS 0x00000006f1400000, 0x00000006f1400000| Untracked 
| 966|0x00000006f1800000, 0x00000006f1800000, 0x00000006f1c00000|  0%| F|  |TAMS 0x00000006f1800000, 0x00000006f1800000| Untracked 
| 967|0x00000006f1c00000, 0x00000006f1c00000, 0x00000006f2000000|  0%| F|  |TAMS 0x00000006f1c00000, 0x00000006f1c00000| Untracked 
| 968|0x00000006f2000000, 0x00000006f2000000, 0x00000006f2400000|  0%| F|  |TAMS 0x00000006f2000000, 0x00000006f2000000| Untracked 
| 969|0x00000006f2400000, 0x00000006f2400000, 0x00000006f2800000|  0%| F|  |TAMS 0x00000006f2400000, 0x00000006f2400000| Untracked 
| 970|0x00000006f2800000, 0x00000006f2800000, 0x00000006f2c00000|  0%| F|  |TAMS 0x00000006f2800000, 0x00000006f2800000| Untracked 
| 971|0x00000006f2c00000, 0x00000006f2c00000, 0x00000006f3000000|  0%| F|  |TAMS 0x00000006f2c00000, 0x00000006f2c00000| Untracked 
| 972|0x00000006f3000000, 0x00000006f3000000, 0x00000006f3400000|  0%| F|  |TAMS 0x00000006f3000000, 0x00000006f3000000| Untracked 
| 973|0x00000006f3400000, 0x00000006f3400000, 0x00000006f3800000|  0%| F|  |TAMS 0x00000006f3400000, 0x00000006f3400000| Untracked 
| 974|0x00000006f3800000, 0x00000006f3800000, 0x00000006f3c00000|  0%| F|  |TAMS 0x00000006f3800000, 0x00000006f3800000| Untracked 
| 975|0x00000006f3c00000, 0x00000006f3c00000, 0x00000006f4000000|  0%| F|  |TAMS 0x00000006f3c00000, 0x00000006f3c00000| Untracked 
| 976|0x00000006f4000000, 0x00000006f4000000, 0x00000006f4400000|  0%| F|  |TAMS 0x00000006f4000000, 0x00000006f4000000| Untracked 
| 977|0x00000006f4400000, 0x00000006f4400000, 0x00000006f4800000|  0%| F|  |TAMS 0x00000006f4400000, 0x00000006f4400000| Untracked 
| 978|0x00000006f4800000, 0x00000006f4800000, 0x00000006f4c00000|  0%| F|  |TAMS 0x00000006f4800000, 0x00000006f4800000| Untracked 
| 979|0x00000006f4c00000, 0x00000006f4c00000, 0x00000006f5000000|  0%| F|  |TAMS 0x00000006f4c00000, 0x00000006f4c00000| Untracked 
| 980|0x00000006f5000000, 0x00000006f5000000, 0x00000006f5400000|  0%| F|  |TAMS 0x00000006f5000000, 0x00000006f5000000| Untracked 
| 981|0x00000006f5400000, 0x00000006f5400000, 0x00000006f5800000|  0%| F|  |TAMS 0x00000006f5400000, 0x00000006f5400000| Untracked 
| 982|0x00000006f5800000, 0x00000006f5800000, 0x00000006f5c00000|  0%| F|  |TAMS 0x00000006f5800000, 0x00000006f5800000| Untracked 
| 983|0x00000006f5c00000, 0x00000006f5c00000, 0x00000006f6000000|  0%| F|  |TAMS 0x00000006f5c00000, 0x00000006f5c00000| Untracked 
| 984|0x00000006f6000000, 0x00000006f6000000, 0x00000006f6400000|  0%| F|  |TAMS 0x00000006f6000000, 0x00000006f6000000| Untracked 
| 985|0x00000006f6400000, 0x00000006f6400000, 0x00000006f6800000|  0%| F|  |TAMS 0x00000006f6400000, 0x00000006f6400000| Untracked 
| 986|0x00000006f6800000, 0x00000006f6800000, 0x00000006f6c00000|  0%| F|  |TAMS 0x00000006f6800000, 0x00000006f6800000| Untracked 
| 987|0x00000006f6c00000, 0x00000006f6c00000, 0x00000006f7000000|  0%| F|  |TAMS 0x00000006f6c00000, 0x00000006f6c00000| Untracked 
| 988|0x00000006f7000000, 0x00000006f7000000, 0x00000006f7400000|  0%| F|  |TAMS 0x00000006f7000000, 0x00000006f7000000| Untracked 
| 989|0x00000006f7400000, 0x00000006f7400000, 0x00000006f7800000|  0%| F|  |TAMS 0x00000006f7400000, 0x00000006f7400000| Untracked 
| 990|0x00000006f7800000, 0x00000006f7800000, 0x00000006f7c00000|  0%| F|  |TAMS 0x00000006f7800000, 0x00000006f7800000| Untracked 
| 991|0x00000006f7c00000, 0x00000006f7c00000, 0x00000006f8000000|  0%| F|  |TAMS 0x00000006f7c00000, 0x00000006f7c00000| Untracked 
| 992|0x00000006f8000000, 0x00000006f8237080, 0x00000006f8400000| 55%| S|CS|TAMS 0x00000006f8000000, 0x00000006f8000000| Complete 
| 993|0x00000006f8400000, 0x00000006f8800000, 0x00000006f8800000|100%| S|CS|TAMS 0x00000006f8400000, 0x00000006f8400000| Complete 
| 994|0x00000006f8800000, 0x00000006f8c00000, 0x00000006f8c00000|100%| S|CS|TAMS 0x00000006f8800000, 0x00000006f8800000| Complete 
| 995|0x00000006f8c00000, 0x00000006f8c00000, 0x00000006f9000000|  0%| F|  |TAMS 0x00000006f8c00000, 0x00000006f8c00000| Untracked 
| 996|0x00000006f9000000, 0x00000006f9000000, 0x00000006f9400000|  0%| F|  |TAMS 0x00000006f9000000, 0x00000006f9000000| Untracked 
| 997|0x00000006f9400000, 0x00000006f9400000, 0x00000006f9800000|  0%| F|  |TAMS 0x00000006f9400000, 0x00000006f9400000| Untracked 
| 998|0x00000006f9800000, 0x00000006f9c00000, 0x00000006f9c00000|100%| S|CS|TAMS 0x00000006f9800000, 0x00000006f9800000| Complete 
| 999|0x00000006f9c00000, 0x00000006f9c00000, 0x00000006fa000000|  0%| F|  |TAMS 0x00000006f9c00000, 0x00000006f9c00000| Untracked 
|1000|0x00000006fa000000, 0x00000006fa000000, 0x00000006fa400000|  0%| F|  |TAMS 0x00000006fa000000, 0x00000006fa000000| Untracked 
|1001|0x00000006fa400000, 0x00000006fa400000, 0x00000006fa800000|  0%| F|  |TAMS 0x00000006fa400000, 0x00000006fa400000| Untracked 
|1002|0x00000006fa800000, 0x00000006fa800000, 0x00000006fac00000|  0%| F|  |TAMS 0x00000006fa800000, 0x00000006fa800000| Untracked 
|1003|0x00000006fac00000, 0x00000006fac00000, 0x00000006fb000000|  0%| F|  |TAMS 0x00000006fac00000, 0x00000006fac00000| Untracked 
|1004|0x00000006fb000000, 0x00000006fb000000, 0x00000006fb400000|  0%| F|  |TAMS 0x00000006fb000000, 0x00000006fb000000| Untracked 
|1005|0x00000006fb400000, 0x00000006fb400000, 0x00000006fb800000|  0%| F|  |TAMS 0x00000006fb400000, 0x00000006fb400000| Untracked 
|1006|0x00000006fb800000, 0x00000006fb800000, 0x00000006fbc00000|  0%| F|  |TAMS 0x00000006fb800000, 0x00000006fb800000| Untracked 
|1007|0x00000006fbc00000, 0x00000006fbc00000, 0x00000006fc000000|  0%| F|  |TAMS 0x00000006fbc00000, 0x00000006fbc00000| Untracked 
|1008|0x00000006fc000000, 0x00000006fc000000, 0x00000006fc400000|  0%| F|  |TAMS 0x00000006fc000000, 0x00000006fc000000| Untracked 
|1009|0x00000006fc400000, 0x00000006fc400000, 0x00000006fc800000|  0%| F|  |TAMS 0x00000006fc400000, 0x00000006fc400000| Untracked 
|1010|0x00000006fc800000, 0x00000006fc800000, 0x00000006fcc00000|  0%| F|  |TAMS 0x00000006fc800000, 0x00000006fc800000| Untracked 
|1011|0x00000006fcc00000, 0x00000006fcc00000, 0x00000006fd000000|  0%| F|  |TAMS 0x00000006fcc00000, 0x00000006fcc00000| Untracked 
|1012|0x00000006fd000000, 0x00000006fd000000, 0x00000006fd400000|  0%| F|  |TAMS 0x00000006fd000000, 0x00000006fd000000| Untracked 
|1013|0x00000006fd400000, 0x00000006fd400000, 0x00000006fd800000|  0%| F|  |TAMS 0x00000006fd400000, 0x00000006fd400000| Untracked 
|1014|0x00000006fd800000, 0x00000006fd800000, 0x00000006fdc00000|  0%| F|  |TAMS 0x00000006fd800000, 0x00000006fd800000| Untracked 
|1015|0x00000006fdc00000, 0x00000006fdc00000, 0x00000006fe000000|  0%| F|  |TAMS 0x00000006fdc00000, 0x00000006fdc00000| Untracked 
|1016|0x00000006fe000000, 0x00000006fe000000, 0x00000006fe400000|  0%| F|  |TAMS 0x00000006fe000000, 0x00000006fe000000| Untracked 
|1017|0x00000006fe400000, 0x00000006fe400000, 0x00000006fe800000|  0%| F|  |TAMS 0x00000006fe400000, 0x00000006fe400000| Untracked 
|1018|0x00000006fe800000, 0x00000006fe800000, 0x00000006fec00000|  0%| F|  |TAMS 0x00000006fe800000, 0x00000006fe800000| Untracked 
|1019|0x00000006fec00000, 0x00000006fec00000, 0x00000006ff000000|  0%| F|  |TAMS 0x00000006fec00000, 0x00000006fec00000| Untracked 
|1020|0x00000006ff000000, 0x00000006ff000000, 0x00000006ff400000|  0%| F|  |TAMS 0x00000006ff000000, 0x00000006ff000000| Untracked 
|1021|0x00000006ff400000, 0x00000006ff400000, 0x00000006ff800000|  0%| F|  |TAMS 0x00000006ff400000, 0x00000006ff400000| Untracked 
|1022|0x00000006ff800000, 0x00000006ff800000, 0x00000006ffc00000|  0%| F|  |TAMS 0x00000006ff800000, 0x00000006ff800000| Untracked 
|1023|0x00000006ffc00000, 0x00000006ffc00000, 0x0000000700000000|  0%| F|  |TAMS 0x00000006ffc00000, 0x00000006ffc00000| Untracked 
|1024|0x0000000700000000, 0x0000000700000000, 0x0000000700400000|  0%| F|  |TAMS 0x0000000700000000, 0x0000000700000000| Untracked 
|1025|0x0000000700400000, 0x0000000700400000, 0x0000000700800000|  0%| F|  |TAMS 0x0000000700400000, 0x0000000700400000| Untracked 
|1026|0x0000000700800000, 0x0000000700800000, 0x0000000700c00000|  0%| F|  |TAMS 0x0000000700800000, 0x0000000700800000| Untracked 
|1027|0x0000000700c00000, 0x0000000700c00000, 0x0000000701000000|  0%| F|  |TAMS 0x0000000700c00000, 0x0000000700c00000| Untracked 
|1028|0x0000000701000000, 0x0000000701000000, 0x0000000701400000|  0%| F|  |TAMS 0x0000000701000000, 0x0000000701000000| Untracked 
|1029|0x0000000701400000, 0x0000000701400000, 0x0000000701800000|  0%| F|  |TAMS 0x0000000701400000, 0x0000000701400000| Untracked 
|1030|0x0000000701800000, 0x0000000701800000, 0x0000000701c00000|  0%| F|  |TAMS 0x0000000701800000, 0x0000000701800000| Untracked 
|1031|0x0000000701c00000, 0x0000000701c00000, 0x0000000702000000|  0%| F|  |TAMS 0x0000000701c00000, 0x0000000701c00000| Untracked 
|1032|0x0000000702000000, 0x0000000702000000, 0x0000000702400000|  0%| F|  |TAMS 0x0000000702000000, 0x0000000702000000| Untracked 
|1033|0x0000000702400000, 0x0000000702400000, 0x0000000702800000|  0%| F|  |TAMS 0x0000000702400000, 0x0000000702400000| Untracked 
|1034|0x0000000702800000, 0x0000000702800000, 0x0000000702c00000|  0%| F|  |TAMS 0x0000000702800000, 0x0000000702800000| Untracked 
|1035|0x0000000702c00000, 0x0000000702c00000, 0x0000000703000000|  0%| F|  |TAMS 0x0000000702c00000, 0x0000000702c00000| Untracked 
|1036|0x0000000703000000, 0x0000000703000000, 0x0000000703400000|  0%| F|  |TAMS 0x0000000703000000, 0x0000000703000000| Untracked 
|1037|0x0000000703400000, 0x0000000703400000, 0x0000000703800000|  0%| F|  |TAMS 0x0000000703400000, 0x0000000703400000| Untracked 
|1038|0x0000000703800000, 0x0000000703800000, 0x0000000703c00000|  0%| F|  |TAMS 0x0000000703800000, 0x0000000703800000| Untracked 
|1039|0x0000000703c00000, 0x0000000703c00000, 0x0000000704000000|  0%| F|  |TAMS 0x0000000703c00000, 0x0000000703c00000| Untracked 
|1040|0x0000000704000000, 0x0000000704000000, 0x0000000704400000|  0%| F|  |TAMS 0x0000000704000000, 0x0000000704000000| Untracked 
|1041|0x0000000704400000, 0x0000000704400000, 0x0000000704800000|  0%| F|  |TAMS 0x0000000704400000, 0x0000000704400000| Untracked 
|1042|0x0000000704800000, 0x0000000704800000, 0x0000000704c00000|  0%| F|  |TAMS 0x0000000704800000, 0x0000000704800000| Untracked 
|1043|0x0000000704c00000, 0x0000000704c00000, 0x0000000705000000|  0%| F|  |TAMS 0x0000000704c00000, 0x0000000704c00000| Untracked 
|1044|0x0000000705000000, 0x0000000705000000, 0x0000000705400000|  0%| F|  |TAMS 0x0000000705000000, 0x0000000705000000| Untracked 
|2046|0x00000007ff800000, 0x00000007ff800000, 0x00000007ffc00000|  0%| F|  |TAMS 0x00000007ff800000, 0x00000007ff800000| Untracked 
|2047|0x00000007ffc00000, 0x00000007ffc00000, 0x0000000800000000|  0%| F|  |TAMS 0x00000007ffc00000, 0x00000007ffc00000| Untracked 

Card table byte_map: [0x00000256630c0000,0x00000256640c0000] _byte_map_base: 0x00000256600c0000

Marking Bits (Prev, Next): (CMBitMap*) 0x0000025657b49e30, (CMBitMap*) 0x0000025657b49df0
 Prev Bits: [0x000002566d0c0000, 0x00000256750c0000)
 Next Bits: [0x00000256650c0000, 0x000002566d0c0000)

Polling page: 0x0000025657b50000

Metaspace:

Usage:
  Non-class:    211.98 MB used.
      Class:     30.27 MB used.
       Both:    242.25 MB used.

Virtual space:
  Non-class space:      256.00 MB reserved,     213.38 MB ( 83%) committed,  4 nodes.
      Class space:        1.00 GB reserved,      31.81 MB (  3%) committed,  1 nodes.
             Both:        1.25 GB reserved,     245.19 MB ( 19%) committed. 

Chunk freelists:
   Non-Class:  2.09 MB
       Class:  24.00 KB
        Both:  2.11 MB

MaxMetaspaceSize: 4.00 GB
CompressedClassSpaceSize: 1.00 GB
Initial GC threshold: 21.00 MB
Current GC threshold: 408.44 MB
CDS: on
MetaspaceReclaimPolicy: balanced
 - commit_granule_bytes: 65536.
 - commit_granule_words: 8192.
 - virtual_space_node_default_size: 8388608.
 - enlarge_chunks_in_place: 1.
 - new_chunks_are_fully_committed: 0.
 - uncommit_free_chunks: 1.
 - use_allocation_guard: 0.


Internal statistics:

num_allocs_failed_limit: 9.
num_arena_births: 5666.
num_arena_deaths: 146.
num_vsnodes_births: 5.
num_vsnodes_deaths: 0.
num_space_committed: 3915.
num_space_uncommitted: 0.
num_chunks_returned_to_freelist: 220.
num_chunks_taken_from_freelist: 17118.
num_chunk_merges: 86.
num_chunk_splits: 11328.
num_chunks_enlarged: 7261.
num_inconsistent_stats: 0.

CodeHeap 'non-profiled nmethods': size=259264Kb used=28693Kb max_used=28693Kb free=230570Kb
 bounds [0x00000256102d0000, 0x0000025611ef0000, 0x0000025620000000]
CodeHeap 'profiled nmethods': size=259264Kb used=71860Kb max_used=72071Kb free=187403Kb
 bounds [0x0000025600000000, 0x00000256046a0000, 0x000002560fd30000]
CodeHeap 'non-nmethods': size=5760Kb used=2798Kb max_used=2897Kb free=2961Kb
 bounds [0x000002560fd30000, 0x0000025610010000, 0x00000256102d0000]
 total_blobs=37647 nmethods=36349 adapters=1206
 compilation: enabled
              stopped_count=0, restarted_count=0
 full_count=0

Compilation events (20 events):
Event: 4126.039 Thread 0x000002567c020090 49507       1       com.android.tools.r8.internal.j6::c (2 bytes)
Event: 4126.039 Thread 0x000002567c020090 nmethod 49507 0x0000025611d47890 code [0x0000025611d47a20, 0x0000025611d47af8]
Event: 4126.053 Thread 0x000002567c020090 49513       2       com.android.tools.r8.internal.eg::remove (47 bytes)
Event: 4126.054 Thread 0x000002567c020090 nmethod 49513 0x0000025604211590 code [0x0000025604211760, 0x00000256042119c8]
Event: 4126.054 Thread 0x000002567c020090 49515       2       com.android.tools.r8.internal.gg::b (96 bytes)
Event: 4126.059 Thread 0x000002567c020090 nmethod 49515 0x0000025600625610 code [0x0000025600625860, 0x0000025600626048]
Event: 4126.059 Thread 0x000002567c020090 49514       2       com.android.tools.r8.internal.gg::a (66 bytes)
Event: 4126.060 Thread 0x000002567c020090 nmethod 49514 0x0000025604253390 code [0x00000256042535a0, 0x0000025604253a28]
Event: 4126.081 Thread 0x000002567c020090 49517       2       com.android.tools.r8.shaking.E2$$Lambda$7447/0x0000000802fcd620::<init> (15 bytes)
Event: 4126.081 Thread 0x000002567c020090 nmethod 49517 0x0000025604211190 code [0x0000025604211320, 0x00000256042114f8]
Event: 4126.082 Thread 0x000002567c020090 49519       2       com.android.tools.r8.internal.zB::i (39 bytes)
Event: 4126.083 Thread 0x000002567c020090 nmethod 49519 0x0000025603480810 code [0x00000256034809c0, 0x0000025603480c38]
Event: 4126.088 Thread 0x000002567c020090 49520       3       com.android.tools.r8.ir.optimize.j::a (20 bytes)
Event: 4126.090 Thread 0x000002567c020090 nmethod 49520 0x00000256034c6f90 code [0x00000256034c71a0, 0x00000256034c7778]
Event: 4126.090 Thread 0x000002567c020090 49521       2       com.android.tools.r8.internal.Up0::a (14 bytes)
Event: 4126.091 Thread 0x000002567c020090 nmethod 49521 0x0000025604236890 code [0x0000025604236a40, 0x0000025604236b78]
Event: 4126.091 Thread 0x000002567c020090 49522       3       com.android.tools.r8.internal.or0::a (53 bytes)
Event: 4126.093 Thread 0x000002567c020090 nmethod 49522 0x0000025604052c10 code [0x0000025604052e80, 0x00000256040539d8]
Event: 4126.093 Thread 0x000002567c020090 49523       2       com.android.tools.r8.internal.Vf::<init> (58 bytes)
Event: 4126.094 Thread 0x000002567c020090 nmethod 49523 0x0000025603556710 code [0x00000256035568e0, 0x0000025603556b38]

GC Heap History (20 events):
Event: 4095.215 GC heap after
{Heap after GC invocations=125 (full 0):
 garbage-first heap   total 3461120K, used 536159K [0x0000000600000000, 0x0000000800000000)
  region size 4096K, 4 young (16384K), 4 survivors (16384K)
 Metaspace       used 246239K, committed 249344K, reserved 1310720K
  class space    used 30886K, committed 32512K, reserved 1048576K
}
Event: 4103.905 GC heap before
{Heap before GC invocations=126 (full 0):
 garbage-first heap   total 2703360K, used 1781343K [0x0000000600000000, 0x0000000800000000)
  region size 4096K, 310 young (1269760K), 4 survivors (16384K)
 Metaspace       used 247794K, committed 250816K, reserved 1310720K
  class space    used 30991K, committed 32576K, reserved 1048576K
}
Event: 4104.104 GC heap after
{Heap after GC invocations=127 (full 0):
 garbage-first heap   total 2703360K, used 540764K [0x0000000600000000, 0x0000000800000000)
  region size 4096K, 6 young (24576K), 6 survivors (24576K)
 Metaspace       used 247794K, committed 250816K, reserved 1310720K
  class space    used 30991K, committed 32576K, reserved 1048576K
}
Event: 4105.136 GC heap before
{Heap before GC invocations=127 (full 0):
 garbage-first heap   total 2703360K, used 651356K [0x0000000600000000, 0x0000000800000000)
  region size 4096K, 33 young (135168K), 6 survivors (24576K)
 Metaspace       used 247806K, committed 250880K, reserved 1310720K
  class space    used 30992K, committed 32576K, reserved 1048576K
}
Event: 4105.523 GC heap after
{Heap after GC invocations=128 (full 0):
 garbage-first heap   total 2703360K, used 510245K [0x0000000600000000, 0x0000000800000000)
  region size 4096K, 4 young (16384K), 4 survivors (16384K)
 Metaspace       used 247806K, committed 250880K, reserved 1310720K
  class space    used 30992K, committed 32576K, reserved 1048576K
}
Event: 4106.543 GC heap before
{Heap before GC invocations=128 (full 0):
 garbage-first heap   total 2703360K, used 735525K [0x0000000600000000, 0x0000000800000000)
  region size 4096K, 59 young (241664K), 4 survivors (16384K)
 Metaspace       used 247840K, committed 250880K, reserved 1310720K
  class space    used 30994K, committed 32576K, reserved 1048576K
}
Event: 4106.648 GC heap after
{Heap after GC invocations=129 (full 0):
 garbage-first heap   total 2703360K, used 510083K [0x0000000600000000, 0x0000000800000000)
  region size 4096K, 4 young (16384K), 4 survivors (16384K)
 Metaspace       used 247840K, committed 250880K, reserved 1310720K
  class space    used 30994K, committed 32576K, reserved 1048576K
}
Event: 4119.944 GC heap before
{Heap before GC invocations=130 (full 0):
 garbage-first heap   total 2703360K, used 2115715K [0x0000000600000000, 0x0000000800000000)
  region size 4096K, 396 young (1622016K), 4 survivors (16384K)
 Metaspace       used 248005K, committed 251008K, reserved 1310720K
  class space    used 30995K, committed 32576K, reserved 1048576K
}
Event: 4121.659 GC heap after
{Heap after GC invocations=131 (full 0):
 garbage-first heap   total 2703360K, used 517029K [0x0000000600000000, 0x0000000800000000)
  region size 4096K, 5 young (20480K), 5 survivors (20480K)
 Metaspace       used 248005K, committed 251008K, reserved 1310720K
  class space    used 30995K, committed 32576K, reserved 1048576K
}
Event: 4122.446 GC heap before
{Heap before GC invocations=131 (full 0):
 garbage-first heap   total 2703360K, used 631717K [0x0000000600000000, 0x0000000800000000)
  region size 4096K, 33 young (135168K), 5 survivors (20480K)
 Metaspace       used 248009K, committed 251008K, reserved 1310720K
  class space    used 30995K, committed 32576K, reserved 1048576K
}
Event: 4122.889 GC heap after
{Heap after GC invocations=132 (full 0):
 garbage-first heap   total 2703360K, used 513220K [0x0000000600000000, 0x0000000800000000)
  region size 4096K, 3 young (12288K), 3 survivors (12288K)
 Metaspace       used 248009K, committed 251008K, reserved 1310720K
  class space    used 30995K, committed 32576K, reserved 1048576K
}
Event: 4123.064 GC heap before
{Heap before GC invocations=132 (full 0):
 garbage-first heap   total 2703360K, used 636100K [0x0000000600000000, 0x0000000800000000)
  region size 4096K, 33 young (135168K), 3 survivors (12288K)
 Metaspace       used 248011K, committed 251008K, reserved 1310720K
  class space    used 30995K, committed 32576K, reserved 1048576K
}
Event: 4123.268 GC heap after
{Heap after GC invocations=133 (full 0):
 garbage-first heap   total 4288512K, used 508488K [0x0000000600000000, 0x0000000800000000)
  region size 4096K, 3 young (12288K), 3 survivors (12288K)
 Metaspace       used 248011K, committed 251008K, reserved 1310720K
  class space    used 30995K, committed 32576K, reserved 1048576K
}
Event: 4124.133 GC heap before
{Heap before GC invocations=133 (full 0):
 garbage-first heap   total 4288512K, used 709192K [0x0000000600000000, 0x0000000800000000)
  region size 4096K, 52 young (212992K), 3 survivors (12288K)
 Metaspace       used 248028K, committed 251072K, reserved 1310720K
  class space    used 30995K, committed 32576K, reserved 1048576K
}
Event: 4124.338 GC heap after
{Heap after GC invocations=134 (full 0):
 garbage-first heap   total 4288512K, used 506143K [0x0000000600000000, 0x0000000800000000)
  region size 4096K, 3 young (12288K), 3 survivors (12288K)
 Metaspace       used 248028K, committed 251072K, reserved 1310720K
  class space    used 30995K, committed 32576K, reserved 1048576K
}
Event: 4124.758 GC heap before
{Heap before GC invocations=134 (full 0):
 garbage-first heap   total 4288512K, used 706847K [0x0000000600000000, 0x0000000800000000)
  region size 4096K, 52 young (212992K), 3 survivors (12288K)
 Metaspace       used 248031K, committed 251072K, reserved 1310720K
  class space    used 30995K, committed 32576K, reserved 1048576K
}
Event: 4125.210 GC heap after
{Heap after GC invocations=135 (full 0):
 garbage-first heap   total 4288512K, used 502902K [0x0000000600000000, 0x0000000800000000)
  region size 4096K, 3 young (12288K), 3 survivors (12288K)
 Metaspace       used 248031K, committed 251072K, reserved 1310720K
  class space    used 30995K, committed 32576K, reserved 1048576K
}
Event: 4125.511 GC heap before
{Heap before GC invocations=135 (full 0):
 garbage-first heap   total 4288512K, used 703606K [0x0000000600000000, 0x0000000800000000)
  region size 4096K, 52 young (212992K), 3 survivors (12288K)
 Metaspace       used 248057K, committed 251072K, reserved 1310720K
  class space    used 30995K, committed 32576K, reserved 1048576K
}
Event: 4125.727 GC heap after
{Heap after GC invocations=136 (full 0):
 garbage-first heap   total 4288512K, used 501926K [0x0000000600000000, 0x0000000800000000)
  region size 4096K, 4 young (16384K), 4 survivors (16384K)
 Metaspace       used 248057K, committed 251072K, reserved 1310720K
  class space    used 30995K, committed 32576K, reserved 1048576K
}
Event: 4126.100 GC heap before
{Heap before GC invocations=136 (full 0):
 garbage-first heap   total 4288512K, used 698534K [0x0000000600000000, 0x0000000800000000)
  region size 4096K, 52 young (212992K), 4 survivors (16384K)
 Metaspace       used 248061K, committed 251072K, reserved 1310720K
  class space    used 30995K, committed 32576K, reserved 1048576K
}

Dll operation events (16 events):
Event: 0.021 Loaded shared library C:\Program Files\Java\jdk-19\bin\java.dll
Event: 0.031 Loaded shared library C:\Program Files\Java\jdk-19\bin\jsvml.dll
Event: 0.087 Loaded shared library C:\Program Files\Java\jdk-19\bin\zip.dll
Event: 0.090 Loaded shared library C:\Program Files\Java\jdk-19\bin\instrument.dll
Event: 0.096 Loaded shared library C:\Program Files\Java\jdk-19\bin\net.dll
Event: 0.098 Loaded shared library C:\Program Files\Java\jdk-19\bin\nio.dll
Event: 0.100 Loaded shared library C:\Program Files\Java\jdk-19\bin\zip.dll
Event: 0.340 Loaded shared library C:\Program Files\Java\jdk-19\bin\jimage.dll
Event: 0.433 Loaded shared library C:\Program Files\Java\jdk-19\bin\verify.dll
Event: 0.527 Loaded shared library C:\Users\RAHUL\.gradle\native\c067742578af261105cb4f569cf0c3c89f3d7b1fecec35dd04571415982c5e48\windows-amd64\native-platform.dll
Event: 0.540 Loaded shared library C:\Users\RAHUL\.gradle\native\100fb08df4bc3b14c8652ba06237920a3bd2aa13389f12d3474272988ae205f9\windows-amd64\native-platform-file-events.dll
Event: 1.666 Loaded shared library C:\Program Files\Java\jdk-19\bin\management.dll
Event: 1.668 Loaded shared library C:\Program Files\Java\jdk-19\bin\management_ext.dll
Event: 1.883 Loaded shared library C:\Program Files\Java\jdk-19\bin\extnet.dll
Event: 2.653 Loaded shared library C:\Program Files\Java\jdk-19\bin\sunmscapi.dll
Event: 4071.758 Loaded shared library C:\Program Files\Java\jdk-19\bin\awt.dll

Deoptimization events (20 events):
Event: 4125.223 Thread 0x00000256226ddaa0 DEOPT PACKING pc=0x000002560448d819 sp=0x000000d81e6fe410
Event: 4125.223 Thread 0x00000256226ddaa0 DEOPT UNPACKING pc=0x000002560fd97543 sp=0x000000d81e6fda30 mode 0
Event: 4125.277 Thread 0x000002562aefafa0 DEOPT PACKING pc=0x000002560465e8d4 sp=0x000000d81e7fe0d0
Event: 4125.277 Thread 0x000002562aefafa0 DEOPT UNPACKING pc=0x000002560fd97543 sp=0x000000d81e7fdae8 mode 0
Event: 4125.288 Thread 0x000002567c626910 DEOPT PACKING pc=0x0000025603e19b50 sp=0x000000d81e5fde60
Event: 4125.288 Thread 0x000002567c626910 DEOPT UNPACKING pc=0x000002560fd97543 sp=0x000000d81e5fd850 mode 0
Event: 4125.364 Thread 0x00000256226ddaa0 DEOPT PACKING pc=0x000002560448d819 sp=0x000000d81e6fe410
Event: 4125.364 Thread 0x00000256226ddaa0 DEOPT UNPACKING pc=0x000002560fd97543 sp=0x000000d81e6fda30 mode 0
Event: 4125.379 Thread 0x00000256226ddaa0 DEOPT PACKING pc=0x0000025603d7ab19 sp=0x000000d81e6fe1e0
Event: 4125.379 Thread 0x00000256226ddaa0 DEOPT UNPACKING pc=0x000002560fd97543 sp=0x000000d81e6fd6f8 mode 0
Event: 4125.830 Thread 0x00000256226ddaa0 DEOPT PACKING pc=0x000002560465e8d4 sp=0x000000d81e6fe630
Event: 4125.830 Thread 0x00000256226ddaa0 DEOPT UNPACKING pc=0x000002560fd97543 sp=0x000000d81e6fe048 mode 0
Event: 4126.086 Thread 0x000002567c625920 DEOPT PACKING pc=0x0000025603e185cb sp=0x000000d81dcfdc70
Event: 4126.086 Thread 0x000002567c625920 DEOPT UNPACKING pc=0x000002560fd97543 sp=0x000000d81dcfd658 mode 0
Event: 4126.087 Thread 0x000002567c6288f0 DEOPT PACKING pc=0x000002560448cc81 sp=0x000000d81e3fdcb0
Event: 4126.087 Thread 0x000002567c6288f0 DEOPT UNPACKING pc=0x000002560fd97543 sp=0x000000d81e3fd2c8 mode 0
Event: 4126.091 Thread 0x000002567c625920 Uncommon trap: trap_request=0xffffff45 fr.pc=0x0000025611d6abe8 relative=0x00000000000007e8
Event: 4126.091 Thread 0x000002567c625920 Uncommon trap: reason=unstable_if action=reinterpret pc=0x0000025611d6abe8 method=com.android.tools.r8.internal.or0.a(Lcom/android/tools/r8/internal/Gs;Lcom/android/tools/r8/graph/x2;Lcom/android/tools/r8/graph/y;)Lcom/android/tools/r8/graph/J2; @ 46 c2
Event: 4126.091 Thread 0x000002567c625920 DEOPT PACKING pc=0x0000025611d6abe8 sp=0x000000d81dcfde00
Event: 4126.091 Thread 0x000002567c625920 DEOPT UNPACKING pc=0x000002560fd96da3 sp=0x000000d81dcfddc8 mode 2

Classes loaded (20 events):
Event: 4085.927 Loading class java/util/concurrent/ConcurrentHashMap$KeySpliterator
Event: 4085.928 Loading class java/util/concurrent/ConcurrentHashMap$KeySpliterator done
Event: 4093.311 Loading class java/util/IdentityHashMap$EntrySpliterator
Event: 4093.313 Loading class java/util/IdentityHashMap$IdentityHashMapSpliterator
Event: 4093.314 Loading class java/util/IdentityHashMap$IdentityHashMapSpliterator done
Event: 4093.314 Loading class java/util/IdentityHashMap$EntrySpliterator done
Event: 4093.345 Loading class java/util/SortedSet$1
Event: 4093.345 Loading class java/util/SortedSet$1 done
Event: 4093.517 Loading class java/util/IdentityHashMap$ValueSpliterator
Event: 4093.518 Loading class java/util/IdentityHashMap$ValueSpliterator done
Event: 4093.611 Loading class java/util/stream/ReduceOps$5
Event: 4093.612 Loading class java/util/stream/ReduceOps$5 done
Event: 4093.612 Loading class java/util/stream/ReduceOps$CountingSink$OfRef
Event: 4093.612 Loading class java/util/stream/ReduceOps$CountingSink
Event: 4093.613 Loading class java/util/stream/ReduceOps$CountingSink done
Event: 4093.613 Loading class java/util/stream/ReduceOps$CountingSink$OfRef done
Event: 4098.980 Loading class java/util/function/ObjIntConsumer
Event: 4098.985 Loading class java/util/function/ObjIntConsumer done
Event: 4114.930 Loading class java/util/IdentityHashMap$KeySpliterator
Event: 4114.955 Loading class java/util/IdentityHashMap$KeySpliterator done

Classes unloaded (20 events):
Event: 4109.231 Thread 0x0000025675300740 Unloading class 0x0000000802fa5000 'java/lang/invoke/LambdaForm$DMH+0x0000000802fa5000'
Event: 4109.231 Thread 0x0000025675300740 Unloading class 0x0000000802fa4800 'java/lang/invoke/LambdaForm$DMH+0x0000000802fa4800'
Event: 4109.231 Thread 0x0000025675300740 Unloading class 0x0000000802fa4c00 'java/lang/invoke/LambdaForm$DMH+0x0000000802fa4c00'
Event: 4109.231 Thread 0x0000025675300740 Unloading class 0x0000000802fa4000 'java/lang/invoke/LambdaForm$DMH+0x0000000802fa4000'
Event: 4109.231 Thread 0x0000025675300740 Unloading class 0x0000000802f99400 'java/lang/invoke/LambdaForm$DMH+0x0000000802f99400'
Event: 4109.231 Thread 0x0000025675300740 Unloading class 0x0000000802f99000 'java/lang/invoke/LambdaForm$DMH+0x0000000802f99000'
Event: 4109.231 Thread 0x0000025675300740 Unloading class 0x0000000802f98800 'java/lang/invoke/LambdaForm$DMH+0x0000000802f98800'
Event: 4109.231 Thread 0x0000025675300740 Unloading class 0x0000000802f98400 'java/lang/invoke/LambdaForm$DMH+0x0000000802f98400'
Event: 4109.231 Thread 0x0000025675300740 Unloading class 0x0000000802f80c00 'java/lang/invoke/LambdaForm$DMH+0x0000000802f80c00'
Event: 4109.231 Thread 0x0000025675300740 Unloading class 0x0000000802f80000 'java/lang/invoke/LambdaForm$DMH+0x0000000802f80000'
Event: 4109.231 Thread 0x0000025675300740 Unloading class 0x0000000802f80800 'java/lang/invoke/LambdaForm$DMH+0x0000000802f80800'
Event: 4109.231 Thread 0x0000025675300740 Unloading class 0x0000000802f58800 'java/lang/invoke/LambdaForm$DMH+0x0000000802f58800'
Event: 4109.231 Thread 0x0000025675300740 Unloading class 0x0000000802f59400 'java/lang/invoke/LambdaForm$DMH+0x0000000802f59400'
Event: 4109.232 Thread 0x0000025675300740 Unloading class 0x0000000802f58000 'java/lang/invoke/LambdaForm$DMH+0x0000000802f58000'
Event: 4109.232 Thread 0x0000025675300740 Unloading class 0x0000000802f59000 'java/lang/invoke/LambdaForm$DMH+0x0000000802f59000'
Event: 4109.232 Thread 0x0000025675300740 Unloading class 0x0000000802f58c00 'java/lang/invoke/LambdaForm$DMH+0x0000000802f58c00'
Event: 4109.232 Thread 0x0000025675300740 Unloading class 0x0000000802f15000 'java/lang/invoke/LambdaForm$DMH+0x0000000802f15000'
Event: 4109.232 Thread 0x0000025675300740 Unloading class 0x0000000802f14c00 'java/lang/invoke/LambdaForm$DMH+0x0000000802f14c00'
Event: 4109.232 Thread 0x0000025675300740 Unloading class 0x0000000802f14800 'java/lang/invoke/LambdaForm$DMH+0x0000000802f14800'
Event: 4109.232 Thread 0x0000025675300740 Unloading class 0x0000000802f14400 'java/lang/invoke/LambdaForm$DMH+0x0000000802f14400'

Classes redefined (0 events):
No events

Internal exceptions (20 events):
Event: 4093.399 Thread 0x000002567c625920 Exception <a 'java/lang/NoSuchMethodError'{0x00000006cc2fb0e0}: 'java.lang.Object java.lang.invoke.DirectMethodHandle$Holder.invokeStatic(java.lang.Object, int, int, java.lang.Object)'> (0x00000006cc2fb0e0) 
thrown [s\open\src\hotspot\share\interpreter\linkResolver.cpp, line 774]
Event: 4093.399 Thread 0x0000025628ff9b10 Exception <a 'java/lang/NoSuchMethodError'{0x00000006cc3303b0}: 'java.lang.Object java.lang.invoke.DirectMethodHandle$Holder.invokeStatic(java.lang.Object, int, int, java.lang.Object)'> (0x00000006cc3303b0) 
thrown [s\open\src\hotspot\share\interpreter\linkResolver.cpp, line 774]
Event: 4093.399 Thread 0x000002567c6288f0 Exception <a 'java/lang/NoSuchMethodError'{0x00000006cc36e820}: 'java.lang.Object java.lang.invoke.DirectMethodHandle$Holder.invokeStatic(java.lang.Object, int, int, java.lang.Object)'> (0x00000006cc36e820) 
thrown [s\open\src\hotspot\share\interpreter\linkResolver.cpp, line 774]
Event: 4093.399 Thread 0x00000256226ddaa0 Exception <a 'java/lang/NoSuchMethodError'{0x00000006cbcce020}: 'java.lang.Object java.lang.invoke.DirectMethodHandle$Holder.invokeStatic(java.lang.Object, int, int, java.lang.Object)'> (0x00000006cbcce020) 
thrown [s\open\src\hotspot\share\interpreter\linkResolver.cpp, line 774]
Event: 4093.403 Thread 0x000002562aefafa0 Exception <a 'java/lang/NoSuchMethodError'{0x00000006cc3b7068}: 'java.lang.Object java.lang.invoke.DirectMethodHandle$Holder.invokeStatic(java.lang.Object, int, java.lang.Object)'> (0x00000006cc3b7068) 
thrown [s\open\src\hotspot\share\interpreter\linkResolver.cpp, line 774]
Event: 4093.403 Thread 0x0000025628ff9b10 Exception <a 'java/lang/NoSuchMethodError'{0x00000006cbd3b8e8}: 'java.lang.Object java.lang.invoke.DirectMethodHandle$Holder.invokeStatic(java.lang.Object, int, java.lang.Object)'> (0x00000006cbd3b8e8) 
thrown [s\open\src\hotspot\share\interpreter\linkResolver.cpp, line 774]
Event: 4093.403 Thread 0x000002567c625920 Exception <a 'java/lang/NoSuchMethodError'{0x00000006cbd09238}: 'java.lang.Object java.lang.invoke.DirectMethodHandle$Holder.invokeStatic(java.lang.Object, int, java.lang.Object)'> (0x00000006cbd09238) 
thrown [s\open\src\hotspot\share\interpreter\linkResolver.cpp, line 774]
Event: 4093.403 Thread 0x000002567c6288f0 Exception <a 'java/lang/NoSuchMethodError'{0x00000006cbd76338}: 'java.lang.Object java.lang.invoke.DirectMethodHandle$Holder.invokeStatic(java.lang.Object, int, java.lang.Object)'> (0x00000006cbd76338) 
thrown [s\open\src\hotspot\share\interpreter\linkResolver.cpp, line 774]
Event: 4093.403 Thread 0x00000256226ddaa0 Exception <a 'java/lang/NoSuchMethodError'{0x00000006cbcdfe30}: 'java.lang.Object java.lang.invoke.DirectMethodHandle$Holder.invokeStatic(java.lang.Object, int, java.lang.Object)'> (0x00000006cbcdfe30) 
thrown [s\open\src\hotspot\share\interpreter\linkResolver.cpp, line 774]
Event: 4093.430 Thread 0x000002567c625920 Exception <a 'java/lang/NoSuchMethodError'{0x00000006cbf06308}: 'java.lang.Object java.lang.invoke.DirectMethodHandle$Holder.newInvokeSpecial(java.lang.Object, java.lang.Object, java.lang.Object, int, int)'> (0x00000006cbf06308) 
thrown [s\open\src\hotspot\share\interpreter\linkResolver.cpp, line 774]
Event: 4093.431 Thread 0x000002567c626910 Exception <a 'java/lang/NoSuchMethodError'{0x00000006cb802b98}: 'int java.lang.invoke.DirectMethodHandle$Holder.invokeSpecial(java.lang.Object, java.lang.Object, java.lang.Object, java.lang.Object, java.lang.Object, java.lang.Object, java.lang.Object, java.lang.Object, java.lang.Object)'> (0x00000006cb802b98) 
thrown [s\open\src\hotspot\share\interpreter\linkResolver.cpp, line 774]
Event: 4093.476 Thread 0x000002567c6288f0 Exception <a 'java/lang/IncompatibleClassChangeError'{0x00000006cb56d2c8}: Found class java.lang.Object, but interface was expected> (0x00000006cb56d2c8) 
thrown [s\open\src\hotspot\share\interpreter\linkResolver.cpp, line 841]
Event: 4093.477 Thread 0x000002567c6288f0 Exception <a 'java/lang/NoSuchMethodError'{0x00000006cb579448}: 'java.lang.Object java.lang.invoke.DirectMethodHandle$Holder.invokeInterface(java.lang.Object, java.lang.Object, java.lang.Object, java.lang.Object, java.lang.Object)'> (0x00000006cb579448) 
thrown [s\open\src\hotspot\share\interpreter\linkResolver.cpp, line 774]
Event: 4093.478 Thread 0x000002567c6288f0 Exception <a 'java/lang/IncompatibleClassChangeError'{0x00000006cb678670}: Found class java.lang.Object, but interface was expected> (0x00000006cb678670) 
thrown [s\open\src\hotspot\share\interpreter\linkResolver.cpp, line 841]
Event: 4110.087 Thread 0x00000256226ddaa0 Implicit null exception at 0x0000025611d6d088 to 0x0000025611d6ec24
Event: 4110.705 Thread 0x000002567c6288f0 Implicit null exception at 0x0000025611cf852a to 0x0000025611cfeb4c
Event: 4112.155 Thread 0x000002567c626910 Implicit null exception at 0x0000025611af3764 to 0x0000025611af40b4
Event: 4112.245 Thread 0x000002562aefafa0 Implicit null exception at 0x0000025611d81d05 to 0x0000025611d87e28
Event: 4117.272 Thread 0x0000025628ff9b10 Implicit null exception at 0x00000256119cf0e7 to 0x00000256119d0ed0
Event: 4124.546 Thread 0x000002567c626910 Implicit null exception at 0x0000025611e23e40 to 0x0000025611e24ac8

VM Operations (20 events):
Event: 4116.050 Executing VM operation: Cleanup done
Event: 4117.056 Executing VM operation: Cleanup
Event: 4117.140 Executing VM operation: Cleanup done
Event: 4118.180 Executing VM operation: Cleanup
Event: 4118.334 Executing VM operation: Cleanup done
Event: 4119.362 Executing VM operation: Cleanup
Event: 4119.665 Executing VM operation: Cleanup done
Event: 4119.922 Executing VM operation: G1CollectForAllocation
Event: 4121.686 Executing VM operation: G1CollectForAllocation done
Event: 4122.446 Executing VM operation: G1CollectForAllocation
Event: 4122.892 Executing VM operation: G1CollectForAllocation done
Event: 4123.064 Executing VM operation: G1CollectForAllocation
Event: 4123.269 Executing VM operation: G1CollectForAllocation done
Event: 4124.085 Executing VM operation: G1CollectForAllocation
Event: 4124.338 Executing VM operation: G1CollectForAllocation done
Event: 4124.742 Executing VM operation: G1CollectForAllocation
Event: 4125.213 Executing VM operation: G1CollectForAllocation done
Event: 4125.510 Executing VM operation: G1CollectForAllocation
Event: 4125.729 Executing VM operation: G1CollectForAllocation done
Event: 4126.099 Executing VM operation: G1CollectForAllocation

Events (20 events):
Event: 4116.903 Thread 0x000002567c0207b0 flushing nmethod 0x0000025611bd0090
Event: 4116.905 Thread 0x000002567c0207b0 flushing nmethod 0x0000025611cde190
Event: 4116.905 Thread 0x000002567c0207b0 flushing nmethod 0x0000025611cf6a10
Event: 4116.906 Thread 0x000002567c0207b0 flushing nmethod 0x0000025611d6c210
Event: 4116.906 Thread 0x000002567c0207b0 flushing nmethod 0x0000025611d75510
Event: 4116.907 Thread 0x000002567c0207b0 flushing nmethod 0x0000025611d95810
Event: 4116.907 Thread 0x000002567c0207b0 flushing nmethod 0x0000025611dc7d10
Event: 4116.909 Thread 0x000002567c0207b0 flushing nmethod 0x0000025611e22710
Event: 4122.062 Thread 0x000002567c0207b0 flushing nmethod 0x0000025600202710
Event: 4122.144 Thread 0x000002567c0207b0 flushing nmethod 0x000002560028a610
Event: 4122.156 Thread 0x000002567c0207b0 flushing nmethod 0x00000256002d0090
Event: 4122.191 Thread 0x000002567c0207b0 flushing nmethod 0x00000256003ae590
Event: 4122.272 Thread 0x000002567c0207b0 flushing nmethod 0x000002560050a790
Event: 4122.289 Thread 0x000002567c0207b0 flushing nmethod 0x0000025600551810
Event: 4122.896 Thread 0x000002567c0207b0 flushing nmethod 0x00000256009c4a10
Event: 4122.936 Thread 0x000002567c0207b0 flushing nmethod 0x0000025600ac6610
Event: 4123.016 Thread 0x000002567c0207b0 flushing nmethod 0x0000025600d52e10
Event: 4124.530 Thread 0x000002567c0207b0 flushing nmethod 0x00000256013f8110
Event: 4125.735 Thread 0x000002567c0207b0 flushing nmethod 0x00000256018ce310
Event: 4126.080 Thread 0x000002567c0207b0 flushing nmethod 0x0000025601b68410


Dynamic libraries:
0x00007ff71a230000 - 0x00007ff71a240000 	C:\Program Files\Java\jdk-19\bin\java.exe
0x00007ff957260000 - 0x00007ff9574c9000 	C:\WINDOWS\SYSTEM32\ntdll.dll
0x00007ff9570a0000 - 0x00007ff957169000 	C:\WINDOWS\System32\KERNEL32.DLL
0x00007ff9543f0000 - 0x00007ff9547e3000 	C:\WINDOWS\System32\KERNELBASE.dll
0x00007ff9548a0000 - 0x00007ff9549eb000 	C:\WINDOWS\System32\ucrtbase.dll
0x00007ff8e49e0000 - 0x00007ff8e49f8000 	C:\Program Files\Java\jdk-19\bin\jli.dll
0x00007ff8e49c0000 - 0x00007ff8e49db000 	C:\Program Files\Java\jdk-19\bin\VCRUNTIME140.dll
0x00007ff956aa0000 - 0x00007ff956b54000 	C:\WINDOWS\System32\ADVAPI32.dll
0x00007ff957170000 - 0x00007ff957219000 	C:\WINDOWS\System32\msvcrt.dll
0x00007ff9554a0000 - 0x00007ff955546000 	C:\WINDOWS\System32\sechost.dll
0x00007ff956db0000 - 0x00007ff956ec8000 	C:\WINDOWS\System32\RPCRT4.dll
0x00007ff956ed0000 - 0x00007ff957094000 	C:\WINDOWS\System32\USER32.dll
0x00007ff954e90000 - 0x00007ff954eb7000 	C:\WINDOWS\System32\win32u.dll
0x00007ff93b290000 - 0x00007ff93b523000 	C:\WINDOWS\WinSxS\amd64_microsoft.windows.common-controls_6595b64144ccf1df_6.0.26100.5074_none_3e0d6f78e32fd63f\COMCTL32.dll
0x00007ff9569b0000 - 0x00007ff9569db000 	C:\WINDOWS\System32\GDI32.dll
0x00007ff954be0000 - 0x00007ff954d0d000 	C:\WINDOWS\System32\gdi32full.dll
0x00007ff9547f0000 - 0x00007ff954893000 	C:\WINDOWS\System32\msvcp_win.dll
0x00007ff94cc90000 - 0x00007ff94cc9b000 	C:\WINDOWS\SYSTEM32\VERSION.dll
0x00007ff956c40000 - 0x00007ff956c6f000 	C:\WINDOWS\System32\IMM32.DLL
0x00007ff935c20000 - 0x00007ff935c2c000 	C:\Program Files\Java\jdk-19\bin\vcruntime140_1.dll
0x00007ff8e4930000 - 0x00007ff8e49be000 	C:\Program Files\Java\jdk-19\bin\msvcp140.dll
0x00007ff8d0370000 - 0x00007ff8d1030000 	C:\Program Files\Java\jdk-19\bin\server\jvm.dll
0x00007ff93e0f0000 - 0x00007ff93e0fa000 	C:\WINDOWS\SYSTEM32\WSOCK32.dll
0x00007ff94bf70000 - 0x00007ff94bfa5000 	C:\WINDOWS\SYSTEM32\WINMM.dll
0x00007ff955550000 - 0x00007ff9555c4000 	C:\WINDOWS\System32\WS2_32.dll
0x00007ff9531d0000 - 0x00007ff9531eb000 	C:\WINDOWS\SYSTEM32\kernel.appcore.dll
0x00007ff8f98d0000 - 0x00007ff8f98da000 	C:\Program Files\Java\jdk-19\bin\jimage.dll
0x00007ff948a70000 - 0x00007ff948cb2000 	C:\WINDOWS\SYSTEM32\DBGHELP.DLL
0x00007ff9563c0000 - 0x00007ff95673b000 	C:\WINDOWS\System32\combase.dll
0x00007ff955190000 - 0x00007ff955267000 	C:\WINDOWS\System32\OLEAUT32.dll
0x00007ff936860000 - 0x00007ff93689d000 	C:\WINDOWS\SYSTEM32\dbgcore.DLL
0x00007ff954b40000 - 0x00007ff954bd9000 	C:\WINDOWS\System32\bcryptPrimitives.dll
0x00007ff951420000 - 0x00007ff95142e000 	C:\Program Files\Java\jdk-19\bin\instrument.dll
0x00007ff8e4900000 - 0x00007ff8e4926000 	C:\Program Files\Java\jdk-19\bin\java.dll
0x00007ff8e4820000 - 0x00007ff8e48f7000 	C:\Program Files\Java\jdk-19\bin\jsvml.dll
0x00007ff955c60000 - 0x00007ff9563ad000 	C:\WINDOWS\System32\SHELL32.dll
0x00007ff954ec0000 - 0x00007ff95502c000 	C:\WINDOWS\System32\wintypes.dll
0x00007ff952090000 - 0x00007ff9528e9000 	C:\WINDOWS\SYSTEM32\windows.storage.dll
0x00007ff9552f0000 - 0x00007ff9553e0000 	C:\WINDOWS\System32\SHCORE.dll
0x00007ff956920000 - 0x00007ff956982000 	C:\WINDOWS\System32\shlwapi.dll
0x00007ff954310000 - 0x00007ff954339000 	C:\WINDOWS\SYSTEM32\profapi.dll
0x00007ff8e4590000 - 0x00007ff8e45a8000 	C:\Program Files\Java\jdk-19\bin\zip.dll
0x00007ff951480000 - 0x00007ff951493000 	C:\Program Files\Java\jdk-19\bin\net.dll
0x00007ff94c820000 - 0x00007ff94c93f000 	C:\WINDOWS\SYSTEM32\WINHTTP.dll
0x00007ff953750000 - 0x00007ff9537bb000 	C:\WINDOWS\system32\mswsock.dll
0x00007ff94d1d0000 - 0x00007ff94d1e6000 	C:\Program Files\Java\jdk-19\bin\nio.dll
0x00007ff93cc40000 - 0x00007ff93cc50000 	C:\Program Files\Java\jdk-19\bin\verify.dll
0x00007ff938f70000 - 0x00007ff938f97000 	C:\Users\RAHUL\.gradle\native\c067742578af261105cb4f569cf0c3c89f3d7b1fecec35dd04571415982c5e48\windows-amd64\native-platform.dll
0x00007ff8d3350000 - 0x00007ff8d3494000 	C:\Users\RAHUL\.gradle\native\100fb08df4bc3b14c8652ba06237920a3bd2aa13389f12d3474272988ae205f9\windows-amd64\native-platform-file-events.dll
0x00007ff951470000 - 0x00007ff95147a000 	C:\Program Files\Java\jdk-19\bin\management.dll
0x00007ff94d1c0000 - 0x00007ff94d1cb000 	C:\Program Files\Java\jdk-19\bin\management_ext.dll
0x00007ff955c50000 - 0x00007ff955c58000 	C:\WINDOWS\System32\PSAPI.DLL
0x00007ff9539f0000 - 0x00007ff953a0b000 	C:\WINDOWS\SYSTEM32\CRYPTSP.dll
0x00007ff953130000 - 0x00007ff95316b000 	C:\WINDOWS\system32\rsaenh.dll
0x00007ff9537f0000 - 0x00007ff95381b000 	C:\WINDOWS\SYSTEM32\USERENV.dll
0x00007ff9542e0000 - 0x00007ff954306000 	C:\WINDOWS\SYSTEM32\bcrypt.dll
0x00007ff953a10000 - 0x00007ff953a1c000 	C:\WINDOWS\SYSTEM32\CRYPTBASE.dll
0x00007ff952bf0000 - 0x00007ff952c24000 	C:\WINDOWS\SYSTEM32\IPHLPAPI.DLL
0x00007ff9569a0000 - 0x00007ff9569aa000 	C:\WINDOWS\System32\NSI.dll
0x00007ff94cca0000 - 0x00007ff94ccbe000 	C:\WINDOWS\SYSTEM32\dhcpcsvc6.DLL
0x00007ff94c680000 - 0x00007ff94c6a3000 	C:\WINDOWS\SYSTEM32\dhcpcsvc.DLL
0x00007ff952ce0000 - 0x00007ff952e06000 	C:\WINDOWS\SYSTEM32\DNSAPI.dll
0x00007ff8f5340000 - 0x00007ff8f5348000 	C:\Program Files\Java\jdk-19\bin\extnet.dll
0x00007ff93aab0000 - 0x00007ff93aabe000 	C:\Program Files\Java\jdk-19\bin\sunmscapi.dll
0x00007ff954d10000 - 0x00007ff954e87000 	C:\WINDOWS\System32\CRYPT32.dll
0x00007ff953c10000 - 0x00007ff953c40000 	C:\WINDOWS\SYSTEM32\ncrypt.dll
0x00007ff953bc0000 - 0x00007ff953bff000 	C:\WINDOWS\SYSTEM32\NTASN1.dll
0x00007ff93be80000 - 0x00007ff93be88000 	C:\WINDOWS\system32\wshunix.dll
0x00007ff92fd00000 - 0x00007ff92fd18000 	C:\WINDOWS\system32\napinsp.dll
0x00007ff92dc10000 - 0x00007ff92dc22000 	C:\WINDOWS\System32\winrnr.dll
0x00007ff92dbe0000 - 0x00007ff92dc08000 	C:\WINDOWS\system32\nlansp_c.dll
0x00007ff94c1f0000 - 0x00007ff94c206000 	C:\WINDOWS\system32\wshbth.dll
0x000000006c930000 - 0x000000006c956000 	C:\Program Files\Bonjour\mdnsNSP.dll
0x00007ff94ccd0000 - 0x00007ff94ccdb000 	C:\Windows\System32\rasadhlp.dll
0x00007ff949ad0000 - 0x00007ff949b56000 	C:\WINDOWS\System32\fwpuclnt.dll
0x00007ff9532f0000 - 0x00007ff953326000 	C:\WINDOWS\SYSTEM32\ntmarta.dll
0x00007ff8e3870000 - 0x00007ff8e3a01000 	C:\Program Files\Java\jdk-19\bin\awt.dll
0x00007ff951500000 - 0x00007ff95159e000 	C:\WINDOWS\SYSTEM32\apphelp.dll
0x00007ff951760000 - 0x00007ff951808000 	C:\WINDOWS\system32\uxtheme.dll
0x00007ff955030000 - 0x00007ff955188000 	C:\WINDOWS\System32\MSCTF.dll
0x00007ff9555d0000 - 0x00007ff955768000 	C:\WINDOWS\System32\ole32.dll

dbghelp: loaded successfully - version: 4.0.5 - missing functions: none
symbol engine: initialized successfully - sym options: 0x614 - pdb path: .;C:\Program Files\Java\jdk-19\bin;C:\WINDOWS\SYSTEM32;C:\WINDOWS\WinSxS\amd64_microsoft.windows.common-controls_6595b64144ccf1df_6.0.26100.5074_none_3e0d6f78e32fd63f;C:\Program Files\Java\jdk-19\bin\server;C:\Users\RAHUL\.gradle\native\c067742578af261105cb4f569cf0c3c89f3d7b1fecec35dd04571415982c5e48\windows-amd64;C:\Users\RAHUL\.gradle\native\100fb08df4bc3b14c8652ba06237920a3bd2aa13389f12d3474272988ae205f9\windows-amd64;C:\Program Files\Bonjour

VM Arguments:
jvm_args: -XX:MaxMetaspaceSize=4G -XX:ReservedCodeCacheSize=512m -XX:+HeapDumpOnOutOfMemoryError --add-opens=java.base/java.util=ALL-UNNAMED --add-opens=java.base/java.lang=ALL-UNNAMED --add-opens=java.base/java.lang.invoke=ALL-UNNAMED --add-opens=java.prefs/java.util.prefs=ALL-UNNAMED --add-exports=jdk.compiler/com.sun.tools.javac.api=ALL-UNNAMED --add-exports=jdk.compiler/com.sun.tools.javac.util=ALL-UNNAMED --add-opens=java.base/java.nio.charset=ALL-UNNAMED --add-opens=java.base/java.net=ALL-UNNAMED --add-opens=java.base/java.util.concurrent.atomic=ALL-UNNAMED -Xmx8G -Dfile.encoding=UTF-8 -Duser.country=IN -Duser.language=en -Duser.variant -javaagent:C:\Users\RAHUL\.gradle\wrapper\dists\gradle-8.10.2-all\7iv73wktx1xtkvlq19urqw1wm\gradle-8.10.2\lib\agents\gradle-instrumentation-agent-8.10.2.jar 
java_command: org.gradle.launcher.daemon.bootstrap.GradleDaemon 8.10.2
java_class_path (initial): C:\Users\RAHUL\.gradle\wrapper\dists\gradle-8.10.2-all\7iv73wktx1xtkvlq19urqw1wm\gradle-8.10.2\lib\gradle-daemon-main-8.10.2.jar
Launcher Type: SUN_STANDARD

[Global flags]
     intx CICompilerCount                          = 4                                         {product} {ergonomic}
     uint ConcGCThreads                            = 3                                         {product} {ergonomic}
     uint G1ConcRefinementThreads                  = 10                                        {product} {ergonomic}
   size_t G1HeapRegionSize                         = 4194304                                   {product} {ergonomic}
    uintx GCDrainStackTargetSize                   = 64                                        {product} {ergonomic}
     bool HeapDumpOnOutOfMemoryError               = true                                   {manageable} {command line}
   size_t InitialHeapSize                          = 125829120                                 {product} {ergonomic}
   size_t MarkStackSize                            = 4194304                                   {product} {ergonomic}
   size_t MaxHeapSize                              = 8589934592                                {product} {command line}
   size_t MaxMetaspaceSize                         = 4294967296                                {product} {command line}
   size_t MaxNewSize                               = 5150605312                                {product} {ergonomic}
   size_t MinHeapDeltaBytes                        = 4194304                                   {product} {ergonomic}
   size_t MinHeapSize                              = 8388608                                   {product} {ergonomic}
    uintx NonNMethodCodeHeapSize                   = 5839372                                {pd product} {ergonomic}
    uintx NonProfiledCodeHeapSize                  = 265515770                              {pd product} {ergonomic}
    uintx ProfiledCodeHeapSize                     = 265515770                              {pd product} {ergonomic}
    uintx ReservedCodeCacheSize                    = 536870912                              {pd product} {command line}
     bool SegmentedCodeCache                       = true                                      {product} {ergonomic}
   size_t SoftMaxHeapSize                          = 8589934592                             {manageable} {ergonomic}
   double SweeperThreshold                         = 0.234375                                  {product} {ergonomic}
     bool UseCompressedClassPointers               = true                           {product lp64_product} {ergonomic}
     bool UseCompressedOops                        = true                           {product lp64_product} {ergonomic}
     bool UseG1GC                                  = true                                      {product} {ergonomic}
     bool UseLargePagesIndividualAllocation        = false                                  {pd product} {ergonomic}

Logging:
Log output configuration:
 #0: stdout all=warning uptime,level,tags foldmultilines=false
 #1: stderr all=off uptime,level,tags foldmultilines=false

Environment Variables:
JAVA_HOME=C:\Program Files\Java\jdk-19
CLASSPATH=L:\flutter Projects\moodmate\moodmate\android\\gradle\wrapper\gradle-wrapper.jar
PATH=C:\Program Files\Java\jdk-19\bin;C:\Program Files\Java\jdk-19\bin;C:\Program Files\Common Files\Oracle\Java\javapath;C:\windows\system32;C:\windows;C:\windows\System32\Wbem;C:\windows\System32\WindowsPowerShell\v1.0\;C:\windows\System32\OpenSSH\;C:\Program Files (x86)\NVIDIA Corporation\PhysX\Common;C:\Program Files\NVIDIA Corporation\NVIDIA NvDLISR;C:\MinGW\bin;C:\WINDOWS\system32;C:\WINDOWS;C:\WINDOWS\System32\Wbem;C:\WINDOWS\System32\WindowsPowerShell\v1.0\;C:\WINDOWS\System32\OpenSSH\;L:\android studio\flutter\bin;C:\Users\RAHUL\AppData\Local\Pub\Cache\bin;C:\Program Files\Git\cmd;C:\Program Files (x86)\Incredibuild;C:\Program Files (x86)\Windows Kits\10\Windows Performance Toolkit\;L:\Nodejs\;C:\Users\RAHUL\AppData\Local\Programs\Eclipse Adoptium\jdk-17.0.12.7-hotspot\bin;C:\Users\RAHUL\AppData\Local\Programs\Eclipse Adoptium\jdk-17.0.16.8-hotspot\bin;C:\Users\RAHUL\AppData\Local\Programs\Python\Launcher\;C:\Users\RAHUL\AppData\Local\Microsoft\WindowsApps;C:\Users\RAHUL\AppData\Local\Programs\Microsoft VS Code\bin;C:\Users\RAHUL\AppData\Local\Microsoft\WindowsApps;C:\Users\RAHUL\AppData\Local\GitHubDesktop\bin;L:\flutter apps\new\flutter\bin;L:\android studio\flutter\bin;C:\Users\RAHUL\AppData\Roaming\npm;L:\flutter sdk\flutter\bin\mingit\cmd;L:\flutter sdk\flutter\bin\mingit\cmd
USERNAME=RAHUL
OS=Windows_NT
PROCESSOR_IDENTIFIER=AMD64 Family 25 Model 80 Stepping 0, AuthenticAMD
TMP=C:\Users\RAHUL\AppData\Local\Temp
TEMP=C:\Users\RAHUL\AppData\Local\Temp



---------------  S Y S T E M  ---------------

OS:
 Windows 11 , 64 bit Build 26100 (10.0.26100.5074)
OS uptime: 3 days 2:46 hours

CPU: total 12 (initial active 12) (12 cores per cpu, 2 threads per core) family 25 model 80 stepping 0 microcode 0xa50000d, cx8, cmov, fxsr, ht, mmx, 3dnowpref, sse, sse2, sse3, ssse3, sse4a, sse4.1, sse4.2, popcnt, lzcnt, tsc, tscinvbit, avx, avx2, aes, erms, clmul, bmi1, bmi2, adx, sha, fma, vzeroupper, clflush, clflushopt, rdtscp, rdpid, fsrm

Memory: 4k page, system-wide physical 7521M (30M free)
TotalPageFile size 31070M (AvailPageFile size 1544M)
current process WorkingSet (physical memory assigned to process): 235M, peak: 1340M
current process commit charge ("private bytes"): 5010M, peak: 6614M

vm_info: Java HotSpot(TM) 64-Bit Server VM (19.0.1+10-21) for windows-amd64 JRE (19.0.1+10-21), built on 2022-09-14T12:45:06Z by "mach5one" with MS VC++ 17.1 (VS2022)

END.
