#
# There is insufficient memory for the Java Runtime Environment to continue.
# Native memory allocation (mmap) failed to map 1270874112 bytes for G1 virtual space
# Possible reasons:
#   The system is out of physical RAM or swap space
#   The process is running with CompressedOops enabled, and the Java Heap may be blocking the growth of the native heap
# Possible solutions:
#   Reduce memory load on the system
#   Increase physical memory or swap space
#   Check if swap backing store is full
#   Decrease Java heap size (-Xmx/-Xms)
#   Decrease number of Java threads
#   Decrease Java thread stack sizes (-Xss)
#   Set larger code cache with -XX:ReservedCodeCacheSize=
#   JVM is running with Zero Based Compressed Oops mode in which the Java heap is
#     placed in the first 32GB address space. The Java Heap base address is the
#     maximum limit for the native heap growth. Please use -XX:HeapBaseMinAddress
#     to set the Java Heap base and to place the Java Heap above 32GB virtual address.
# This output file may be truncated or incomplete.
#
#  Out of Memory Error (os_windows.cpp:3527), pid=15028, tid=21600
#
# JRE version: Java(TM) SE Runtime Environment (19.0.1+10) (build 19.0.1+10-21)
# Java VM: Java HotSpot(TM) 64-Bit Server VM (19.0.1+10-21, mixed mode, sharing, tiered, compressed oops, compressed class ptrs, g1 gc, windows-amd64)
# No core dump will be written. Minidumps are not enabled by default on client versions of Windows
#

---------------  S U M M A R Y ------------

Command Line: -XX:MaxMetaspaceSize=4G -XX:ReservedCodeCacheSize=512m -XX:+HeapDumpOnOutOfMemoryError --add-opens=java.base/java.util=ALL-UNNAMED --add-opens=java.base/java.lang=ALL-UNNAMED --add-opens=java.base/java.lang.invoke=ALL-UNNAMED --add-opens=java.prefs/java.util.prefs=ALL-UNNAMED --add-exports=jdk.compiler/com.sun.tools.javac.api=ALL-UNNAMED --add-exports=jdk.compiler/com.sun.tools.javac.util=ALL-UNNAMED --add-opens=java.base/java.nio.charset=ALL-UNNAMED --add-opens=java.base/java.net=ALL-UNNAMED --add-opens=java.base/java.util.concurrent.atomic=ALL-UNNAMED -Xmx8G -Dfile.encoding=UTF-8 -Duser.country=IN -Duser.language=en -Duser.variant -javaagent:C:\Users\RAHUL\.gradle\wrapper\dists\gradle-8.10.2-all\7iv73wktx1xtkvlq19urqw1wm\gradle-8.10.2\lib\agents\gradle-instrumentation-agent-8.10.2.jar org.gradle.launcher.daemon.bootstrap.GradleDaemon 8.10.2

Host: AMD Ryzen 5 5600H with Radeon Graphics         , 12 cores, 7G,  Windows 11 , 64 bit Build 26100 (10.0.26100.5074)
Time: Tue Sep 23 10:31:38 2025 India Standard Time elapsed time: 2921.236912 seconds (0d 0h 48m 41s)

---------------  T H R E A D  ---------------

Current thread (0x000002e27f679600):  VMThread "VM Thread" [stack: 0x000000fcbb300000,0x000000fcbb400000] [id=21600]

Stack: [0x000000fcbb300000,0x000000fcbb400000]
Native frames: (J=compiled Java code, j=interpreted, Vv=VM code, C=native code)
V  [jvm.dll+0x6ee8fa]
V  [jvm.dll+0x857a1e]
V  [jvm.dll+0x85940e]
V  [jvm.dll+0x859ac3]
V  [jvm.dll+0x28291f]
V  [jvm.dll+0x6eb6e9]
V  [jvm.dll+0x6e028a]
V  [jvm.dll+0x357136]
V  [jvm.dll+0x35eb96]
V  [jvm.dll+0x3b555e]
V  [jvm.dll+0x3b578f]
V  [jvm.dll+0x32c6ea]
V  [jvm.dll+0x32c797]
V  [jvm.dll+0x374b52]
V  [jvm.dll+0x37328f]
V  [jvm.dll+0x32bf10]
V  [jvm.dll+0x37282b]
V  [jvm.dll+0x85ef83]
V  [jvm.dll+0x85fd49]
V  [jvm.dll+0x86027d]
V  [jvm.dll+0x86070b]
V  [jvm.dll+0x8607c7]
V  [jvm.dll+0x8015fa]
V  [jvm.dll+0x6ed5eb]
C  [ucrtbase.dll+0x37b0]
C  [KERNEL32.DLL+0x2e8d7]
C  [ntdll.dll+0x8d9c]

VM_Operation (0x000000fcc9ffe2d0): G1CollectForAllocation, mode: safepoint, requested by thread 0x000002e26179eaf0


---------------  P R O C E S S  ---------------

Threads class SMR info:
_java_thread_list=0x000002e24d5de4b0, length=269, elements={
0x000002e276db5030, 0x000002e239404c40, 0x000002e239405570, 0x000002e23940b400,
0x000002e23940e0a0, 0x000002e23940f170, 0x000002e2394148b0, 0x000002e239427010,
0x000002e23941c350, 0x000002e23941ccc0, 0x000002e27f666cd0, 0x000002e2396ca1b0,
0x000002e23b4340f0, 0x000002e23b742b10, 0x000002e23b753f90, 0x000002e23b500330,
0x000002e23b501320, 0x000002e23b4fe8a0, 0x000002e23b4fedf0, 0x000002e23b4ff340,
0x000002e23d4b5a50, 0x000002e23cbf0a60, 0x000002e23df9fa80, 0x000002e23dfa0520,
0x000002e23dfa0a70, 0x000002e23badd9f0, 0x000002e23e9e56d0, 0x000002e2455bcd70,
0x000002e2455bf2a0, 0x000002e2455c2270, 0x000002e2455c27c0, 0x000002e2455c0d30,
0x000002e2455c1280, 0x000002e23e9e9140, 0x000002e245d62b40, 0x000002e245d68590,
0x000002e245d6c550, 0x000002e2455bbd80, 0x000002e2469b2830, 0x000002e2469b1d90,
0x000002e24dd56f90, 0x000002e2476d9c60, 0x000002e24653f430, 0x000002e24653eee0,
0x000002e245398430, 0x000002e245d625f0, 0x000002e246cc07f0, 0x000002e263d7a260,
0x000002e263d7a7b0, 0x000002e263d7c790, 0x000002e263d7d230, 0x000002e247c950f0,
0x000002e247c95640, 0x000002e247c980c0, 0x000002e247c98610, 0x000002e247c970d0,
0x000002e247c97b70, 0x000002e247c96b80, 0x000002e247c95b90, 0x000002e247c960e0,
0x000002e247c96630, 0x000002e247aeaaf0, 0x000002e247aec580, 0x000002e247aeb040,
0x000002e247aebae0, 0x000002e247aeb590, 0x000002e247ae9060, 0x000002e247ae9b00,
0x000002e247aec030, 0x000002e247aea050, 0x000002e246cbd820, 0x000002e246cbed60,
0x000002e261610a30, 0x000002e261612a10, 0x000002e261613a00, 0x000002e261611f70,
0x000002e2616124c0, 0x000002e261613f50, 0x000002e2616114d0, 0x000002e261610f80,
0x000002e254aa82c0, 0x000002e254aa7820, 0x000002e254aa7d70, 0x000002e252eae170,
0x000002e246cbdd70, 0x000002e246cbf800, 0x000002e246cc0d40, 0x000002e246cbe2c0,
0x000002e246cbe810, 0x000002e24d8cead0, 0x000002e24d8cf570, 0x000002e24d8d1aa0,
0x000002e24d8d0010, 0x000002e24d8d0560, 0x000002e2462c2190, 0x000002e2462c46c0,
0x000002e2462c4c10, 0x000002e2462c56b0, 0x000002e2462c3c20, 0x000002e254aa9d50,
0x000002e254aa8810, 0x000002e252eac190, 0x000002e246cbfd50, 0x000002e246677270,
0x000002e2466747f0, 0x000002e246675290, 0x000002e254aa8d60, 0x000002e254aa6830,
0x000002e245659f00, 0x000002e24565a9a0, 0x000002e24565a450, 0x000002e245659460,
0x000002e252eaf160, 0x000002e252eae6c0, 0x000002e252eacc30, 0x000002e252ead180,
0x000002e252ead6d0, 0x000002e261e59e50, 0x000002e261e5a3a0, 0x000002e261e5a8f0,
0x000002e261e5ae40, 0x000002e261e593b0, 0x000002e261e57920, 0x000002e261e57e70,
0x000002e261e583c0, 0x000002e261e58910, 0x000002e261e58e60, 0x000002e2613325c0,
0x000002e261332070, 0x000002e261332b10, 0x000002e2613345a0, 0x000002e2613335b0,
0x000002e261333060, 0x000002e261333b00, 0x000002e2613315d0, 0x000002e261334050,
0x000002e261331080, 0x000002e261331b20, 0x000002e261663b30, 0x000002e2616635e0,
0x000002e24d6ded50, 0x000002e24d6df2a0, 0x000002e24d6df7f0, 0x000002e24d6dd2c0,
0x000002e254498180, 0x000002e2735943a0, 0x000002e273595e30, 0x000002e273593900,
0x000002e273596380, 0x000002e2735948f0, 0x000002e273596e20, 0x000002e273594e40,
0x000002e273595390, 0x000002e2735968d0, 0x000002e273593e50, 0x000002e2735958e0,
0x000002e254654230, 0x000002e254653ce0, 0x000002e254655cc0, 0x000002e254655770,
0x000002e254654780, 0x000002e254656210, 0x000002e254653790, 0x000002e254656760,
0x000002e254654cd0, 0x000002e2536e3a60, 0x000002e2536e5f90, 0x000002e2536e4a50,
0x000002e2536e4500, 0x000002e2536e54f0, 0x000002e2536e4fa0, 0x000002e2536e6a30,
0x000002e2536e3fb0, 0x000002e254822290, 0x000002e254824d10, 0x000002e2616620a0,
0x000002e23fcada40, 0x000002e23fcaca50, 0x000002e23fcad4f0, 0x000002e23fcae4e0,
0x000002e23fcaea30, 0x000002e23fcaef80, 0x000002e2462c3180, 0x000002e2462c26e0,
0x000002e2536e5a40, 0x000002e2536e6f80, 0x000002e24e0b8c20, 0x000002e24e0b9170,
0x000002e24e0b7c30, 0x000002e2536f9630, 0x000002e2536f9b80, 0x000002e2536fa0d0,
0x000002e2535515a0, 0x000002e25354fb10, 0x000002e261612f60, 0x000002e25488c5a0,
0x000002e2616625f0, 0x000002e246676d20, 0x000002e254822d30, 0x000002e254823d20,
0x000002e25488d040, 0x000002e261ef9ab0, 0x000002e254655220, 0x000002e246676280,
0x000002e246674d40, 0x000002e245d63090, 0x000002e2540c8d00, 0x000002e254823280,
0x000002e254825260, 0x000002e26179e050, 0x000002e262218d90, 0x000002e2622192e0,
0x000002e2466757e0, 0x000002e246675d30, 0x000002e2466767d0, 0x000002e261e1e830,
0x000002e261e1ed80, 0x000002e245d60610, 0x000002e261664080, 0x000002e23fcacfa0,
0x000002e253550060, 0x000002e25354e5d0, 0x000002e261efc530, 0x000002e261efa000,
0x000002e248480a20, 0x000002e24847dfa0, 0x000002e254656cb0, 0x000002e253374130,
0x000002e245d61b50, 0x000002e245d645d0, 0x000002e253372bf0, 0x000002e2476d8720,
0x000002e26179eaf0, 0x000002e252bfcf70, 0x000002e25488caf0, 0x000002e26221ad70,
0x000002e26221a820, 0x000002e247631080, 0x000002e2476315d0, 0x000002e24847da50,
0x000002e24847e4f0, 0x000002e2622182f0, 0x000002e252889050, 0x000002e253551af0,
0x000002e245d675a0, 0x000002e25488d590, 0x000002e247632070, 0x000002e24847ea40,
0x000002e262218840, 0x000002e26221b2c0, 0x000002e253372150, 0x000002e253373140,
0x000002e245d64b20, 0x000002e26221b810, 0x000002e253374680, 0x000002e253373be0,
0x000002e25288b030, 0x000002e252889af0, 0x000002e262219d80, 0x000002e261e1f2d0,
0x000002e26179fae0, 0x000002e261e263f0, 0x000002e24d8d0ab0, 0x000002e24d8ce580,
0x000002e247631b20, 0x000002e25354f5c0, 0x000002e25354f070, 0x000002e2535505b0,
0x000002e25288b580
}

Java Threads: ( => current thread )
  0x000002e276db5030 JavaThread "main" [_thread_blocked, id=23908, stack(0x000000fcbad00000,0x000000fcbae00000)]
  0x000002e239404c40 JavaThread "Reference Handler" daemon [_thread_blocked, id=30496, stack(0x000000fcbb400000,0x000000fcbb500000)]
  0x000002e239405570 JavaThread "Finalizer" daemon [_thread_blocked, id=12724, stack(0x000000fcbb500000,0x000000fcbb600000)]
  0x000002e23940b400 JavaThread "Signal Dispatcher" daemon [_thread_blocked, id=3008, stack(0x000000fcbb600000,0x000000fcbb700000)]
  0x000002e23940e0a0 JavaThread "Attach Listener" daemon [_thread_blocked, id=12420, stack(0x000000fcbb700000,0x000000fcbb800000)]
  0x000002e23940f170 JavaThread "Service Thread" daemon [_thread_blocked, id=2972, stack(0x000000fcbb800000,0x000000fcbb900000)]
  0x000002e2394148b0 JavaThread "Monitor Deflation Thread" daemon [_thread_blocked, id=18760, stack(0x000000fcbb900000,0x000000fcbba00000)]
  0x000002e239427010 JavaThread "C2 CompilerThread0" daemon [_thread_blocked, id=27160, stack(0x000000fcbba00000,0x000000fcbbb00000)]
  0x000002e23941c350 JavaThread "C1 CompilerThread0" daemon [_thread_blocked, id=26940, stack(0x000000fcbbb00000,0x000000fcbbc00000)]
  0x000002e23941ccc0 JavaThread "Sweeper thread" daemon [_thread_blocked, id=28296, stack(0x000000fcbbc00000,0x000000fcbbd00000)]
  0x000002e27f666cd0 JavaThread "Common-Cleaner" daemon [_thread_blocked, id=28696, stack(0x000000fcbbd00000,0x000000fcbbe00000)]
  0x000002e2396ca1b0 JavaThread "Notification Thread" daemon [_thread_blocked, id=9876, stack(0x000000fcbbf00000,0x000000fcbc000000)]
  0x000002e23b4340f0 JavaThread "Daemon health stats" [_thread_blocked, id=6564, stack(0x000000fcbc800000,0x000000fcbc900000)]
  0x000002e23b742b10 JavaThread "Incoming local TCP Connector on port 64938" [_thread_in_native, id=16604, stack(0x000000fcbc900000,0x000000fcbca00000)]
  0x000002e23b753f90 JavaThread "Daemon periodic checks" [_thread_blocked, id=21412, stack(0x000000fcbca00000,0x000000fcbcb00000)]
  0x000002e23b500330 JavaThread "Cache worker for journal cache (C:\Users\RAHUL\.gradle\caches\journal-1)" [_thread_blocked, id=20368, stack(0x000000fcbd200000,0x000000fcbd300000)]
  0x000002e23b501320 JavaThread "File lock request listener" [_thread_in_native, id=14100, stack(0x000000fcbd300000,0x000000fcbd400000)]
  0x000002e23b4fe8a0 JavaThread "Cache worker for file hash cache (C:\Users\RAHUL\.gradle\caches\8.10.2\fileHashes)" [_thread_blocked, id=15736, stack(0x000000fcbd400000,0x000000fcbd500000)]
  0x000002e23b4fedf0 JavaThread "File watcher server" daemon [_thread_blocked, id=5644, stack(0x000000fcbdb00000,0x000000fcbdc00000)]
  0x000002e23b4ff340 JavaThread "File watcher consumer" daemon [_thread_blocked, id=13512, stack(0x000000fcbdc00000,0x000000fcbdd00000)]
  0x000002e23d4b5a50 JavaThread "Cache worker for file content cache (C:\Users\RAHUL\.gradle\caches\8.10.2\fileContent)" [_thread_blocked, id=14756, stack(0x000000fcbde00000,0x000000fcbdf00000)]
  0x000002e23cbf0a60 JavaThread "Memory manager" [_thread_blocked, id=29072, stack(0x000000fcc0300000,0x000000fcc0400000)]
  0x000002e23df9fa80 JavaThread "RMI Scheduler(0)" daemon [_thread_blocked, id=2148, stack(0x000000fcc2700000,0x000000fcc2800000)]
  0x000002e23dfa0520 JavaThread "RMI GC Daemon" daemon [_thread_blocked, id=3924, stack(0x000000fcc3500000,0x000000fcc3600000)]
  0x000002e23dfa0a70 JavaThread "RMI TCP Accept-0" daemon [_thread_in_native, id=5184, stack(0x000000fcc3600000,0x000000fcc3700000)]
  0x000002e23badd9f0 JavaThread "RMI Reaper" [_thread_blocked, id=28852, stack(0x000000fcc3700000,0x000000fcc3800000)]
  0x000002e23e9e56d0 JavaThread "jar transforms" [_thread_blocked, id=22452, stack(0x000000fcc5b00000,0x000000fcc5c00000)]
  0x000002e2455bcd70 JavaThread "jar transforms Thread 2" [_thread_blocked, id=22576, stack(0x000000fcc7200000,0x000000fcc7300000)]
  0x000002e2455bf2a0 JavaThread "jar transforms Thread 3" [_thread_blocked, id=14632, stack(0x000000fcc7500000,0x000000fcc7600000)]
  0x000002e2455c2270 JavaThread "jar transforms Thread 4" [_thread_blocked, id=4772, stack(0x000000fcc7600000,0x000000fcc7700000)]
  0x000002e2455c27c0 JavaThread "jar transforms Thread 5" [_thread_blocked, id=22128, stack(0x000000fcc7700000,0x000000fcc7800000)]
  0x000002e2455c0d30 JavaThread "jar transforms Thread 6" [_thread_blocked, id=24688, stack(0x000000fcc7800000,0x000000fcc7900000)]
  0x000002e2455c1280 JavaThread "jar transforms Thread 7" [_thread_blocked, id=22084, stack(0x000000fcc7100000,0x000000fcc7200000)]
  0x000002e23e9e9140 JavaThread "jar transforms Thread 8" [_thread_blocked, id=25620, stack(0x000000fcc7900000,0x000000fcc7a00000)]
  0x000002e245d62b40 JavaThread "pool-3-thread-1" [_thread_blocked, id=29732, stack(0x000000fcc7b00000,0x000000fcc7c00000)]
  0x000002e245d68590 JavaThread "Cache worker for Java compile cache (C:\Users\RAHUL\.gradle\caches\8.10.2\javaCompile)" [_thread_blocked, id=15392, stack(0x000000fcc8d00000,0x000000fcc8e00000)]
  0x000002e245d6c550 JavaThread "RMI TCP Accept-0" daemon [_thread_in_native, id=27520, stack(0x000000fcc8e00000,0x000000fcc8f00000)]
  0x000002e2455bbd80 JavaThread "pool-8-thread-1" [_thread_blocked, id=7828, stack(0x000000fcc6300000,0x000000fcc6400000)]
  0x000002e2469b2830 JavaThread "Java2D Disposer" daemon [_thread_blocked, id=22912, stack(0x000000fcc8300000,0x000000fcc8400000)]
  0x000002e2469b1d90 JavaThread "AWT-Windows" daemon [_thread_in_native, id=13432, stack(0x000000fcc8900000,0x000000fcc8a00000)]
  0x000002e24dd56f90 JavaThread "Periodic tasks thread" daemon [_thread_blocked, id=3736, stack(0x000000fcc8800000,0x000000fcc8900000)]
  0x000002e2476d9c60 JavaThread "ApplicationImpl pooled thread 1" [_thread_blocked, id=20364, stack(0x000000fccb300000,0x000000fccb400000)]
  0x000002e24653f430 JavaThread "Periodic tasks thread" daemon [_thread_blocked, id=2488, stack(0x000000fccb700000,0x000000fccb800000)]
  0x000002e24653eee0 JavaThread "ApplicationImpl pooled thread 1" [_thread_blocked, id=2264, stack(0x000000fccb800000,0x000000fccb900000)]
  0x000002e245398430 JavaThread "pool-16-thread-1" [_thread_blocked, id=29748, stack(0x000000fcc3100000,0x000000fcc3200000)]
  0x000002e245d625f0 JavaThread "ForkJoinPool.commonPool-worker-25" daemon [_thread_blocked, id=22376, stack(0x000000fcc8c00000,0x000000fcc8d00000)]
  0x000002e246cc07f0 JavaThread "Daemon Thread 4" [_thread_blocked, id=30600, stack(0x000000fcbaa00000,0x000000fcbab00000)]
  0x000002e263d7a260 JavaThread "Handler for socket connection from /127.0.0.1:64938 to /127.0.0.1:64483" [_thread_in_native, id=14564, stack(0x000000fcbac00000,0x000000fcbad00000)]
  0x000002e263d7a7b0 JavaThread "Cancel handler" [_thread_blocked, id=20920, stack(0x000000fcbbe00000,0x000000fcbbf00000)]
  0x000002e263d7c790 JavaThread "Daemon worker Thread 4" [_thread_blocked, id=9604, stack(0x000000fcbcb00000,0x000000fcbcc00000)]
  0x000002e263d7d230 JavaThread "Asynchronous log dispatcher for DefaultDaemonConnection: socket connection from /127.0.0.1:64938 to /127.0.0.1:64483" [_thread_blocked, id=28656, stack(0x000000fcbcc00000,0x000000fcbcd00000)]
  0x000002e247c950f0 JavaThread "Stdin handler" [_thread_blocked, id=17732, stack(0x000000fcbcd00000,0x000000fcbce00000)]
  0x000002e247c95640 JavaThread "Daemon client event forwarder" [_thread_blocked, id=21096, stack(0x000000fcbce00000,0x000000fcbcf00000)]
  0x000002e247c980c0 JavaThread "Cache worker for file hash cache (L:\flutter Projects\moodmate\moodmate\android\.gradle\8.10.2\fileHashes)" [_thread_blocked, id=4552, stack(0x000000fcbcf00000,0x000000fcbd000000)]
  0x000002e247c98610 JavaThread "Cache worker for Build Output Cleanup Cache (L:\flutter Projects\moodmate\moodmate\android\.gradle\buildOutputCleanup)" [_thread_blocked, id=16448, stack(0x000000fcbd000000,0x000000fcbd100000)]
  0x000002e247c970d0 JavaThread "Cache worker for checksums cache (L:\flutter Projects\moodmate\moodmate\android\.gradle\8.10.2\checksums)" [_thread_blocked, id=21044, stack(0x000000fcbd100000,0x000000fcbd200000)]
  0x000002e247c97b70 JavaThread "Cache worker for cache directory md-rule (C:\Users\RAHUL\.gradle\caches\8.10.2\md-rule)" [_thread_blocked, id=9360, stack(0x000000fcbd900000,0x000000fcbda00000)]
  0x000002e247c96b80 JavaThread "Cache worker for cache directory md-supplier (C:\Users\RAHUL\.gradle\caches\8.10.2\md-supplier)" [_thread_blocked, id=18768, stack(0x000000fcbda00000,0x000000fcbdb00000)]
  0x000002e247c95b90 JavaThread "Cache worker for Build Output Cleanup Cache (L:\flutter sdk\flutter\packages\flutter_tools\gradle\.gradle\buildOutputCleanup)" [_thread_blocked, id=27204, stack(0x000000fcbdd00000,0x000000fcbde00000)]
  0x000002e247c960e0 JavaThread "Unconstrained build operations" [_thread_blocked, id=5712, stack(0x000000fcbdf00000,0x000000fcbe000000)]
  0x000002e247c96630 JavaThread "Unconstrained build operations Thread 2" [_thread_blocked, id=7864, stack(0x000000fcbe000000,0x000000fcbe100000)]
  0x000002e247aeaaf0 JavaThread "Unconstrained build operations Thread 3" [_thread_blocked, id=27212, stack(0x000000fcbe100000,0x000000fcbe200000)]
  0x000002e247aec580 JavaThread "Unconstrained build operations Thread 4" [_thread_blocked, id=19284, stack(0x000000fcbe200000,0x000000fcbe300000)]
  0x000002e247aeb040 JavaThread "Unconstrained build operations Thread 5" [_thread_blocked, id=20452, stack(0x000000fcbe300000,0x000000fcbe400000)]
  0x000002e247aebae0 JavaThread "Unconstrained build operations Thread 6" [_thread_blocked, id=25680, stack(0x000000fcbe400000,0x000000fcbe500000)]
  0x000002e247aeb590 JavaThread "Unconstrained build operations Thread 7" [_thread_blocked, id=27560, stack(0x000000fcbe500000,0x000000fcbe600000)]
  0x000002e247ae9060 JavaThread "Unconstrained build operations Thread 8" [_thread_blocked, id=19960, stack(0x000000fcbe600000,0x000000fcbe700000)]
  0x000002e247ae9b00 JavaThread "Unconstrained build operations Thread 9" [_thread_blocked, id=25016, stack(0x000000fcbe700000,0x000000fcbe800000)]
  0x000002e247aec030 JavaThread "Unconstrained build operations Thread 10" [_thread_blocked, id=14240, stack(0x000000fcbe800000,0x000000fcbe900000)]
  0x000002e247aea050 JavaThread "Unconstrained build operations Thread 11" [_thread_blocked, id=21000, stack(0x000000fcbe900000,0x000000fcbea00000)]
  0x000002e246cbd820 JavaThread "Unconstrained build operations Thread 12" [_thread_blocked, id=28412, stack(0x000000fcbea00000,0x000000fcbeb00000)]
  0x000002e246cbed60 JavaThread "Unconstrained build operations Thread 13" [_thread_blocked, id=28108, stack(0x000000fcbeb00000,0x000000fcbec00000)]
  0x000002e261610a30 JavaThread "Unconstrained build operations Thread 14" [_thread_blocked, id=28336, stack(0x000000fcbec00000,0x000000fcbed00000)]
  0x000002e261612a10 JavaThread "Unconstrained build operations Thread 15" [_thread_blocked, id=29920, stack(0x000000fcbed00000,0x000000fcbee00000)]
  0x000002e261613a00 JavaThread "Unconstrained build operations Thread 16" [_thread_blocked, id=29676, stack(0x000000fcbee00000,0x000000fcbef00000)]
  0x000002e261611f70 JavaThread "Unconstrained build operations Thread 17" [_thread_blocked, id=18892, stack(0x000000fcbef00000,0x000000fcbf000000)]
  0x000002e2616124c0 JavaThread "Unconstrained build operations Thread 18" [_thread_blocked, id=20456, stack(0x000000fcbf000000,0x000000fcbf100000)]
  0x000002e261613f50 JavaThread "Unconstrained build operations Thread 19" [_thread_blocked, id=5088, stack(0x000000fcbf100000,0x000000fcbf200000)]
  0x000002e2616114d0 JavaThread "Unconstrained build operations Thread 20" [_thread_blocked, id=29084, stack(0x000000fcbf200000,0x000000fcbf300000)]
  0x000002e261610f80 JavaThread "Unconstrained build operations Thread 21" [_thread_blocked, id=7656, stack(0x000000fcbf300000,0x000000fcbf400000)]
  0x000002e254aa82c0 JavaThread "Unconstrained build operations Thread 22" [_thread_blocked, id=1548, stack(0x000000fcbf400000,0x000000fcbf500000)]
  0x000002e254aa7820 JavaThread "build event listener" [_thread_blocked, id=27676, stack(0x000000fcbf500000,0x000000fcbf600000)]
  0x000002e254aa7d70 JavaThread "included builds" [_thread_blocked, id=28204, stack(0x000000fcbf600000,0x000000fcbf700000)]
  0x000002e252eae170 JavaThread "Execution worker" [_thread_blocked, id=21420, stack(0x000000fcbf700000,0x000000fcbf800000)]
  0x000002e246cbdd70 JavaThread "Execution worker Thread 2" [_thread_blocked, id=12424, stack(0x000000fcbf800000,0x000000fcbf900000)]
  0x000002e246cbf800 JavaThread "Execution worker Thread 3" [_thread_blocked, id=11524, stack(0x000000fcbf900000,0x000000fcbfa00000)]
  0x000002e246cc0d40 JavaThread "Execution worker Thread 4" [_thread_blocked, id=2160, stack(0x000000fcbfa00000,0x000000fcbfb00000)]
  0x000002e246cbe2c0 JavaThread "Execution worker Thread 5" [_thread_blocked, id=25048, stack(0x000000fcbfb00000,0x000000fcbfc00000)]
  0x000002e246cbe810 JavaThread "Execution worker Thread 6" [_thread_blocked, id=17524, stack(0x000000fcbfc00000,0x000000fcbfd00000)]
  0x000002e24d8cead0 JavaThread "Execution worker Thread 7" [_thread_blocked, id=7020, stack(0x000000fcbfd00000,0x000000fcbfe00000)]
  0x000002e24d8cf570 JavaThread "Execution worker Thread 8" [_thread_blocked, id=8420, stack(0x000000fcbfe00000,0x000000fcbff00000)]
  0x000002e24d8d1aa0 JavaThread "Execution worker Thread 9" [_thread_blocked, id=10204, stack(0x000000fcbff00000,0x000000fcc0000000)]
  0x000002e24d8d0010 JavaThread "Execution worker Thread 10" [_thread_blocked, id=26724, stack(0x000000fcc0000000,0x000000fcc0100000)]
  0x000002e24d8d0560 JavaThread "Execution worker Thread 11" [_thread_blocked, id=26268, stack(0x000000fcc0100000,0x000000fcc0200000)]
  0x000002e2462c2190 JavaThread "Cache worker for execution history cache (L:\flutter sdk\flutter\packages\flutter_tools\gradle\.gradle\8.10.2\executionHistory)" [_thread_blocked, id=17876, stack(0x000000fcc0200000,0x000000fcc0300000)]
  0x000002e2462c46c0 JavaThread "Unconstrained build operations Thread 23" [_thread_blocked, id=20056, stack(0x000000fcc0400000,0x000000fcc0500000)]
  0x000002e2462c4c10 JavaThread "Unconstrained build operations Thread 24" [_thread_blocked, id=22756, stack(0x000000fcc0500000,0x000000fcc0600000)]
  0x000002e2462c56b0 JavaThread "Unconstrained build operations Thread 25" [_thread_blocked, id=20160, stack(0x000000fcc0600000,0x000000fcc0700000)]
  0x000002e2462c3c20 JavaThread "Unconstrained build operations Thread 26" [_thread_blocked, id=18912, stack(0x000000fcc0700000,0x000000fcc0800000)]
  0x000002e254aa9d50 JavaThread "Unconstrained build operations Thread 27" [_thread_blocked, id=30344, stack(0x000000fcc0800000,0x000000fcc0900000)]
  0x000002e254aa8810 JavaThread "Unconstrained build operations Thread 28" [_thread_blocked, id=17228, stack(0x000000fcc0900000,0x000000fcc0a00000)]
  0x000002e252eac190 JavaThread "Unconstrained build operations Thread 29" [_thread_blocked, id=21132, stack(0x000000fcc0a00000,0x000000fcc0b00000)]
  0x000002e246cbfd50 JavaThread "Unconstrained build operations Thread 30" [_thread_blocked, id=21448, stack(0x000000fcc0b00000,0x000000fcc0c00000)]
  0x000002e246677270 JavaThread "Unconstrained build operations Thread 31" [_thread_blocked, id=16432, stack(0x000000fcc0c00000,0x000000fcc0d00000)]
  0x000002e2466747f0 JavaThread "Unconstrained build operations Thread 32" [_thread_blocked, id=23588, stack(0x000000fcc0d00000,0x000000fcc0e00000)]
  0x000002e246675290 JavaThread "Unconstrained build operations Thread 33" [_thread_blocked, id=7840, stack(0x000000fcc0e00000,0x000000fcc0f00000)]
  0x000002e254aa8d60 JavaThread "Unconstrained build operations Thread 34" [_thread_blocked, id=1164, stack(0x000000fcc0f00000,0x000000fcc1000000)]
  0x000002e254aa6830 JavaThread "Unconstrained build operations Thread 35" [_thread_blocked, id=23172, stack(0x000000fcc1000000,0x000000fcc1100000)]
  0x000002e245659f00 JavaThread "Unconstrained build operations Thread 36" [_thread_blocked, id=15852, stack(0x000000fcc1100000,0x000000fcc1200000)]
  0x000002e24565a9a0 JavaThread "Unconstrained build operations Thread 37" [_thread_blocked, id=12080, stack(0x000000fcc1200000,0x000000fcc1300000)]
  0x000002e24565a450 JavaThread "Unconstrained build operations Thread 38" [_thread_blocked, id=10700, stack(0x000000fcc1300000,0x000000fcc1400000)]
  0x000002e245659460 JavaThread "Unconstrained build operations Thread 39" [_thread_blocked, id=14508, stack(0x000000fcc1400000,0x000000fcc1500000)]
  0x000002e252eaf160 JavaThread "Unconstrained build operations Thread 40" [_thread_blocked, id=28452, stack(0x000000fcc1500000,0x000000fcc1600000)]
  0x000002e252eae6c0 JavaThread "Unconstrained build operations Thread 41" [_thread_blocked, id=7036, stack(0x000000fcc1600000,0x000000fcc1700000)]
  0x000002e252eacc30 JavaThread "Unconstrained build operations Thread 42" [_thread_blocked, id=27524, stack(0x000000fcc1700000,0x000000fcc1800000)]
  0x000002e252ead180 JavaThread "Unconstrained build operations Thread 43" [_thread_blocked, id=27492, stack(0x000000fcc1800000,0x000000fcc1900000)]
  0x000002e252ead6d0 JavaThread "Unconstrained build operations Thread 44" [_thread_blocked, id=24236, stack(0x000000fcc1900000,0x000000fcc1a00000)]
  0x000002e261e59e50 JavaThread "Unconstrained build operations Thread 45" [_thread_blocked, id=5496, stack(0x000000fcc1a00000,0x000000fcc1b00000)]
  0x000002e261e5a3a0 JavaThread "Unconstrained build operations Thread 46" [_thread_blocked, id=30628, stack(0x000000fcc1b00000,0x000000fcc1c00000)]
  0x000002e261e5a8f0 JavaThread "Unconstrained build operations Thread 47" [_thread_blocked, id=15484, stack(0x000000fcc1c00000,0x000000fcc1d00000)]
  0x000002e261e5ae40 JavaThread "Unconstrained build operations Thread 48" [_thread_blocked, id=23992, stack(0x000000fcc1d00000,0x000000fcc1e00000)]
  0x000002e261e593b0 JavaThread "Unconstrained build operations Thread 49" [_thread_blocked, id=9944, stack(0x000000fcc1e00000,0x000000fcc1f00000)]
  0x000002e261e57920 JavaThread "Unconstrained build operations Thread 50" [_thread_blocked, id=12412, stack(0x000000fcc1f00000,0x000000fcc2000000)]
  0x000002e261e57e70 JavaThread "Unconstrained build operations Thread 51" [_thread_blocked, id=4756, stack(0x000000fcc2000000,0x000000fcc2100000)]
  0x000002e261e583c0 JavaThread "Unconstrained build operations Thread 52" [_thread_blocked, id=20692, stack(0x000000fcc2100000,0x000000fcc2200000)]
  0x000002e261e58910 JavaThread "Unconstrained build operations Thread 53" [_thread_blocked, id=26868, stack(0x000000fcc2200000,0x000000fcc2300000)]
  0x000002e261e58e60 JavaThread "Unconstrained build operations Thread 54" [_thread_blocked, id=2952, stack(0x000000fcc2300000,0x000000fcc2400000)]
  0x000002e2613325c0 JavaThread "Unconstrained build operations Thread 55" [_thread_blocked, id=19076, stack(0x000000fcc2400000,0x000000fcc2500000)]
  0x000002e261332070 JavaThread "Unconstrained build operations Thread 56" [_thread_blocked, id=22868, stack(0x000000fcc2500000,0x000000fcc2600000)]
  0x000002e261332b10 JavaThread "Unconstrained build operations Thread 57" [_thread_blocked, id=12692, stack(0x000000fcc2600000,0x000000fcc2700000)]
  0x000002e2613345a0 JavaThread "Unconstrained build operations Thread 58" [_thread_blocked, id=5544, stack(0x000000fcc2800000,0x000000fcc2900000)]
  0x000002e2613335b0 JavaThread "Unconstrained build operations Thread 59" [_thread_blocked, id=4596, stack(0x000000fcc2900000,0x000000fcc2a00000)]
  0x000002e261333060 JavaThread "Unconstrained build operations Thread 60" [_thread_blocked, id=29116, stack(0x000000fcc2a00000,0x000000fcc2b00000)]
  0x000002e261333b00 JavaThread "Unconstrained build operations Thread 61" [_thread_blocked, id=30308, stack(0x000000fcc2b00000,0x000000fcc2c00000)]
  0x000002e2613315d0 JavaThread "Unconstrained build operations Thread 62" [_thread_blocked, id=19220, stack(0x000000fcc2c00000,0x000000fcc2d00000)]
  0x000002e261334050 JavaThread "Unconstrained build operations Thread 63" [_thread_blocked, id=19488, stack(0x000000fcc2d00000,0x000000fcc2e00000)]
  0x000002e261331080 JavaThread "Unconstrained build operations Thread 64" [_thread_blocked, id=15260, stack(0x000000fcc2e00000,0x000000fcc2f00000)]
  0x000002e261331b20 JavaThread "Unconstrained build operations Thread 65" [_thread_blocked, id=30008, stack(0x000000fcc2f00000,0x000000fcc3000000)]
  0x000002e261663b30 JavaThread "Unconstrained build operations Thread 66" [_thread_blocked, id=5608, stack(0x000000fcc3000000,0x000000fcc3100000)]
  0x000002e2616635e0 JavaThread "build event listener" [_thread_blocked, id=13784, stack(0x000000fcc3200000,0x000000fcc3300000)]
  0x000002e24d6ded50 JavaThread "Unconstrained build operations Thread 67" [_thread_blocked, id=29244, stack(0x000000fcc3300000,0x000000fcc3400000)]
  0x000002e24d6df2a0 JavaThread "Unconstrained build operations Thread 68" [_thread_blocked, id=16532, stack(0x000000fcc3400000,0x000000fcc3500000)]
  0x000002e24d6df7f0 JavaThread "Unconstrained build operations Thread 69" [_thread_blocked, id=13440, stack(0x000000fcc3800000,0x000000fcc3900000)]
  0x000002e24d6dd2c0 JavaThread "Unconstrained build operations Thread 70" [_thread_blocked, id=10360, stack(0x000000fcc3900000,0x000000fcc3a00000)]
  0x000002e254498180 JavaThread "Unconstrained build operations Thread 71" [_thread_blocked, id=24908, stack(0x000000fcc3a00000,0x000000fcc3b00000)]
  0x000002e2735943a0 JavaThread "Unconstrained build operations Thread 72" [_thread_blocked, id=10648, stack(0x000000fcc3b00000,0x000000fcc3c00000)]
  0x000002e273595e30 JavaThread "Unconstrained build operations Thread 73" [_thread_blocked, id=19472, stack(0x000000fcc3c00000,0x000000fcc3d00000)]
  0x000002e273593900 JavaThread "Unconstrained build operations Thread 74" [_thread_blocked, id=7648, stack(0x000000fcc3d00000,0x000000fcc3e00000)]
  0x000002e273596380 JavaThread "Unconstrained build operations Thread 75" [_thread_blocked, id=16656, stack(0x000000fcc3e00000,0x000000fcc3f00000)]
  0x000002e2735948f0 JavaThread "Unconstrained build operations Thread 76" [_thread_blocked, id=26064, stack(0x000000fcc3f00000,0x000000fcc4000000)]
  0x000002e273596e20 JavaThread "Unconstrained build operations Thread 77" [_thread_blocked, id=27452, stack(0x000000fcc4000000,0x000000fcc4100000)]
  0x000002e273594e40 JavaThread "Unconstrained build operations Thread 78" [_thread_blocked, id=8652, stack(0x000000fcc4100000,0x000000fcc4200000)]
  0x000002e273595390 JavaThread "Unconstrained build operations Thread 79" [_thread_blocked, id=14836, stack(0x000000fcc4200000,0x000000fcc4300000)]
  0x000002e2735968d0 JavaThread "Unconstrained build operations Thread 80" [_thread_blocked, id=6988, stack(0x000000fcc4300000,0x000000fcc4400000)]
  0x000002e273593e50 JavaThread "Unconstrained build operations Thread 81" [_thread_blocked, id=12796, stack(0x000000fcc4400000,0x000000fcc4500000)]
  0x000002e2735958e0 JavaThread "Unconstrained build operations Thread 82" [_thread_blocked, id=30340, stack(0x000000fcc4500000,0x000000fcc4600000)]
  0x000002e254654230 JavaThread "Unconstrained build operations Thread 83" [_thread_blocked, id=21896, stack(0x000000fcc4600000,0x000000fcc4700000)]
  0x000002e254653ce0 JavaThread "Unconstrained build operations Thread 84" [_thread_blocked, id=5900, stack(0x000000fcc4700000,0x000000fcc4800000)]
  0x000002e254655cc0 JavaThread "Unconstrained build operations Thread 85" [_thread_blocked, id=17564, stack(0x000000fcc4800000,0x000000fcc4900000)]
  0x000002e254655770 JavaThread "Unconstrained build operations Thread 86" [_thread_blocked, id=25328, stack(0x000000fcc4900000,0x000000fcc4a00000)]
  0x000002e254654780 JavaThread "Unconstrained build operations Thread 87" [_thread_blocked, id=21960, stack(0x000000fcc4a00000,0x000000fcc4b00000)]
  0x000002e254656210 JavaThread "Unconstrained build operations Thread 88" [_thread_blocked, id=16416, stack(0x000000fcc4b00000,0x000000fcc4c00000)]
  0x000002e254653790 JavaThread "Unconstrained build operations Thread 89" [_thread_blocked, id=9116, stack(0x000000fcc4c00000,0x000000fcc4d00000)]
  0x000002e254656760 JavaThread "Unconstrained build operations Thread 90" [_thread_blocked, id=12536, stack(0x000000fcc4d00000,0x000000fcc4e00000)]
  0x000002e254654cd0 JavaThread "Unconstrained build operations Thread 91" [_thread_blocked, id=1848, stack(0x000000fcc4e00000,0x000000fcc4f00000)]
  0x000002e2536e3a60 JavaThread "Unconstrained build operations Thread 92" [_thread_blocked, id=14928, stack(0x000000fcc4f00000,0x000000fcc5000000)]
  0x000002e2536e5f90 JavaThread "Unconstrained build operations Thread 93" [_thread_blocked, id=28448, stack(0x000000fcc5000000,0x000000fcc5100000)]
  0x000002e2536e4a50 JavaThread "Unconstrained build operations Thread 94" [_thread_blocked, id=10704, stack(0x000000fcc5100000,0x000000fcc5200000)]
  0x000002e2536e4500 JavaThread "Unconstrained build operations Thread 95" [_thread_blocked, id=29432, stack(0x000000fcc5200000,0x000000fcc5300000)]
  0x000002e2536e54f0 JavaThread "Unconstrained build operations Thread 96" [_thread_blocked, id=20872, stack(0x000000fcc5300000,0x000000fcc5400000)]
  0x000002e2536e4fa0 JavaThread "Unconstrained build operations Thread 97" [_thread_blocked, id=28516, stack(0x000000fcc5400000,0x000000fcc5500000)]
  0x000002e2536e6a30 JavaThread "Unconstrained build operations Thread 98" [_thread_blocked, id=22608, stack(0x000000fcc5500000,0x000000fcc5600000)]
  0x000002e2536e3fb0 JavaThread "Unconstrained build operations Thread 99" [_thread_blocked, id=14448, stack(0x000000fcc5600000,0x000000fcc5700000)]
  0x000002e254822290 JavaThread "Unconstrained build operations Thread 100" [_thread_blocked, id=1064, stack(0x000000fcc5700000,0x000000fcc5800000)]
  0x000002e254824d10 JavaThread "Unconstrained build operations Thread 101" [_thread_blocked, id=26528, stack(0x000000fcc5800000,0x000000fcc5900000)]
  0x000002e2616620a0 JavaThread "Unconstrained build operations Thread 102" [_thread_blocked, id=5528, stack(0x000000fcc5900000,0x000000fcc5a00000)]
  0x000002e23fcada40 JavaThread "Unconstrained build operations Thread 103" [_thread_blocked, id=9060, stack(0x000000fcc5a00000,0x000000fcc5b00000)]
  0x000002e23fcaca50 JavaThread "Unconstrained build operations Thread 104" [_thread_blocked, id=23888, stack(0x000000fcc5c00000,0x000000fcc5d00000)]
  0x000002e23fcad4f0 JavaThread "Unconstrained build operations Thread 105" [_thread_blocked, id=30192, stack(0x000000fcc5d00000,0x000000fcc5e00000)]
  0x000002e23fcae4e0 JavaThread "Unconstrained build operations Thread 106" [_thread_blocked, id=27516, stack(0x000000fcc5e00000,0x000000fcc5f00000)]
  0x000002e23fcaea30 JavaThread "Unconstrained build operations Thread 107" [_thread_blocked, id=14428, stack(0x000000fcc5f00000,0x000000fcc6000000)]
  0x000002e23fcaef80 JavaThread "Unconstrained build operations Thread 108" [_thread_blocked, id=22816, stack(0x000000fcc6000000,0x000000fcc6100000)]
  0x000002e2462c3180 JavaThread "Unconstrained build operations Thread 109" [_thread_blocked, id=6168, stack(0x000000fcc6100000,0x000000fcc6200000)]
  0x000002e2462c26e0 JavaThread "Unconstrained build operations Thread 110" [_thread_blocked, id=2644, stack(0x000000fcc6200000,0x000000fcc6300000)]
  0x000002e2536e5a40 JavaThread "Unconstrained build operations Thread 111" [_thread_blocked, id=2620, stack(0x000000fcc6400000,0x000000fcc6500000)]
  0x000002e2536e6f80 JavaThread "Unconstrained build operations Thread 112" [_thread_blocked, id=2848, stack(0x000000fcc6500000,0x000000fcc6600000)]
  0x000002e24e0b8c20 JavaThread "Unconstrained build operations Thread 113" [_thread_blocked, id=10004, stack(0x000000fcc6600000,0x000000fcc6700000)]
  0x000002e24e0b9170 JavaThread "Unconstrained build operations Thread 114" [_thread_blocked, id=27636, stack(0x000000fcc6700000,0x000000fcc6800000)]
  0x000002e24e0b7c30 JavaThread "Unconstrained build operations Thread 115" [_thread_blocked, id=23268, stack(0x000000fcc6800000,0x000000fcc6900000)]
  0x000002e2536f9630 JavaThread "Unconstrained build operations Thread 116" [_thread_blocked, id=2884, stack(0x000000fcc6900000,0x000000fcc6a00000)]
  0x000002e2536f9b80 JavaThread "Unconstrained build operations Thread 117" [_thread_blocked, id=19852, stack(0x000000fcc6a00000,0x000000fcc6b00000)]
  0x000002e2536fa0d0 JavaThread "Unconstrained build operations Thread 118" [_thread_blocked, id=22356, stack(0x000000fcc6b00000,0x000000fcc6c00000)]
  0x000002e2535515a0 JavaThread "Unconstrained build operations Thread 119" [_thread_blocked, id=10560, stack(0x000000fcc6c00000,0x000000fcc6d00000)]
  0x000002e25354fb10 JavaThread "Unconstrained build operations Thread 120" [_thread_blocked, id=20688, stack(0x000000fcc6d00000,0x000000fcc6e00000)]
  0x000002e261612f60 JavaThread "pool-22-thread-1" [_thread_blocked, id=6356, stack(0x000000fcc6e00000,0x000000fcc6f00000)]
  0x000002e25488c5a0 JavaThread "build event listener" [_thread_blocked, id=9160, stack(0x000000fcc6f00000,0x000000fcc7000000)]
  0x000002e2616625f0 JavaThread "Cache worker for execution history cache (L:\flutter Projects\moodmate\moodmate\android\.gradle\8.10.2\executionHistory)" [_thread_blocked, id=25376, stack(0x000000fcc7000000,0x000000fcc7100000)]
  0x000002e246676d20 JavaThread "WorkerExecutor Queue" [_thread_blocked, id=10556, stack(0x000000fcc7300000,0x000000fcc7400000)]
  0x000002e254822d30 JavaThread "WorkerExecutor Queue Thread 4" [_thread_blocked, id=13484, stack(0x000000fcc7c00000,0x000000fcc7d00000)]
  0x000002e254823d20 JavaThread "WorkerExecutor Queue Thread 5" [_thread_blocked, id=14148, stack(0x000000fcc7d00000,0x000000fcc7e00000)]
  0x000002e25488d040 JavaThread "WorkerExecutor Queue Thread 7" [_thread_blocked, id=17900, stack(0x000000fcc7f00000,0x000000fcc8000000)]
  0x000002e261ef9ab0 JavaThread "WorkerExecutor Queue Thread 9" [_thread_blocked, id=27668, stack(0x000000fcc8100000,0x000000fcc8200000)]
  0x000002e254655220 JavaThread "Exec process Thread 71" [_thread_blocked, id=14536, stack(0x000000fcc8500000,0x000000fcc8600000)]
  0x000002e246676280 JavaThread "Exec process Thread 72" [_thread_blocked, id=1636, stack(0x000000fcc8600000,0x000000fcc8700000)]
  0x000002e246674d40 JavaThread "Exec process Thread 73" [_thread_blocked, id=16300, stack(0x000000fcc8700000,0x000000fcc8800000)]
  0x000002e245d63090 JavaThread "WorkerExecutor Queue Thread 12" [_thread_blocked, id=21304, stack(0x000000fcc8a00000,0x000000fcc8b00000)]
  0x000002e2540c8d00 JavaThread "WorkerExecutor Queue Thread 13" [_thread_blocked, id=20316, stack(0x000000fcc8b00000,0x000000fcc8c00000)]
  0x000002e254823280 JavaThread "Build operations" [_thread_blocked, id=16804, stack(0x000000fcc8200000,0x000000fcc8300000)]
  0x000002e254825260 JavaThread "Build operations Thread 2" [_thread_blocked, id=25676, stack(0x000000fcc9100000,0x000000fcc9200000)]
  0x000002e26179e050 JavaThread "Build operations Thread 3" [_thread_blocked, id=18240, stack(0x000000fcc9200000,0x000000fcc9300000)]
  0x000002e262218d90 JavaThread "Build operations Thread 4" [_thread_blocked, id=26308, stack(0x000000fcc9300000,0x000000fcc9400000)]
  0x000002e2622192e0 JavaThread "Build operations Thread 5" [_thread_blocked, id=23144, stack(0x000000fcc9400000,0x000000fcc9500000)]
  0x000002e2466757e0 JavaThread "Build operations Thread 6" [_thread_blocked, id=15632, stack(0x000000fcc9500000,0x000000fcc9600000)]
  0x000002e246675d30 JavaThread "Build operations Thread 7" [_thread_blocked, id=21588, stack(0x000000fcc9600000,0x000000fcc9700000)]
  0x000002e2466767d0 JavaThread "Build operations Thread 8" [_thread_blocked, id=27056, stack(0x000000fcc9700000,0x000000fcc9800000)]
  0x000002e261e1e830 JavaThread "Build operations Thread 9" [_thread_blocked, id=4356, stack(0x000000fcc9800000,0x000000fcc9900000)]
  0x000002e261e1ed80 JavaThread "Build operations Thread 10" [_thread_blocked, id=14192, stack(0x000000fcc9900000,0x000000fcc9a00000)]
  0x000002e245d60610 JavaThread "Build operations Thread 11" [_thread_blocked, id=6748, stack(0x000000fcc9a00000,0x000000fcc9b00000)]
  0x000002e261664080 JavaThread "WorkerExecutor Queue Thread 14" [_thread_blocked, id=15572, stack(0x000000fcc9d00000,0x000000fcc9e00000)]
  0x000002e23fcacfa0 JavaThread "pool-23-thread-1" [_thread_blocked, id=26956, stack(0x000000fcc9e00000,0x000000fcc9f00000)]
  0x000002e253550060 JavaThread "stderr" [_thread_in_native, id=19184, stack(0x000000fcca000000,0x000000fcca100000)]
  0x000002e25354e5d0 JavaThread "stdout" [_thread_in_native, id=9652, stack(0x000000fcca100000,0x000000fcca200000)]
  0x000002e261efc530 JavaThread "stderr" [_thread_in_native, id=1860, stack(0x000000fcca200000,0x000000fcca300000)]
  0x000002e261efa000 JavaThread "stdout" [_thread_in_native, id=17284, stack(0x000000fcca300000,0x000000fcca400000)]
  0x000002e248480a20 JavaThread "stderr" [_thread_in_native, id=18076, stack(0x000000fcca400000,0x000000fcca500000)]
  0x000002e24847dfa0 JavaThread "stdout" [_thread_in_native, id=29700, stack(0x000000fcca500000,0x000000fcca600000)]
  0x000002e254656cb0 JavaThread "stderr" [_thread_in_native, id=30620, stack(0x000000fccb100000,0x000000fccb200000)]
  0x000002e253374130 JavaThread "stdout" [_thread_in_native, id=29644, stack(0x000000fccb200000,0x000000fccb300000)]
  0x000002e245d61b50 JavaThread "stderr" [_thread_in_native, id=27300, stack(0x000000fccb400000,0x000000fccb500000)]
  0x000002e245d645d0 JavaThread "stdout" [_thread_in_native, id=14492, stack(0x000000fccb500000,0x000000fccb600000)]
  0x000002e253372bf0 JavaThread "Build operations Thread 12" [_thread_blocked, id=5128, stack(0x000000fcc7e00000,0x000000fcc7f00000)]
  0x000002e2476d8720 JavaThread "WorkerExecutor Queue Thread 16" [_thread_blocked, id=21160, stack(0x000000fcc7a00000,0x000000fcc7b00000)]
  0x000002e26179eaf0 JavaThread "WorkerExecutor Queue Thread 17" [_thread_blocked, id=9648, stack(0x000000fcc9f00000,0x000000fcca000000)]
  0x000002e252bfcf70 JavaThread "WorkerExecutor Queue Thread 18" [_thread_blocked, id=21296, stack(0x000000fcc7400000,0x000000fcc7500000)]
  0x000002e25488caf0 JavaThread "WorkerExecutor Queue Thread 19" [_thread_blocked, id=20004, stack(0x000000fcc8000000,0x000000fcc8100000)]
  0x000002e26221ad70 JavaThread "stderr" [_thread_in_native, id=12328, stack(0x000000fcc8400000,0x000000fcc8500000)]
  0x000002e26221a820 JavaThread "stdout" [_thread_in_native, id=22468, stack(0x000000fccba00000,0x000000fccbb00000)]
  0x000002e247631080 JavaThread "stderr" [_thread_in_native, id=3308, stack(0x000000fccbb00000,0x000000fccbc00000)]
  0x000002e2476315d0 JavaThread "stdout" [_thread_in_native, id=26732, stack(0x000000fccbc00000,0x000000fccbd00000)]
  0x000002e24847da50 JavaThread "stderr" [_thread_in_native, id=23452, stack(0x000000fccbd00000,0x000000fccbe00000)]
  0x000002e24847e4f0 JavaThread "stdout" [_thread_in_native, id=14744, stack(0x000000fccbe00000,0x000000fccbf00000)]
  0x000002e2622182f0 JavaThread "Exec process Thread 74" [_thread_blocked, id=23460, stack(0x000000fcbab00000,0x000000fcbac00000)]
  0x000002e252889050 JavaThread "Exec process Thread 80" [_thread_blocked, id=16508, stack(0x000000fcc8f00000,0x000000fcc9000000)]
  0x000002e253551af0 JavaThread "Exec process Thread 78" [_thread_blocked, id=26012, stack(0x000000fcc9000000,0x000000fcc9100000)]
  0x000002e245d675a0 JavaThread "Exec process Thread 76" [_thread_blocked, id=27420, stack(0x000000fcc9b00000,0x000000fcc9c00000)]
  0x000002e25488d590 JavaThread "Exec process Thread 75" [_thread_blocked, id=5904, stack(0x000000fcc9c00000,0x000000fcc9d00000)]
  0x000002e247632070 JavaThread "Exec process Thread 79" [_thread_blocked, id=3032, stack(0x000000fccb600000,0x000000fccb700000)]
  0x000002e24847ea40 JavaThread "Exec process Thread 77" [_thread_blocked, id=17156, stack(0x000000fccbf00000,0x000000fccc000000)]
  0x000002e262218840 JavaThread "Exec process Thread 81" [_thread_blocked, id=7268, stack(0x000000fccc000000,0x000000fccc100000)]
  0x000002e26221b2c0 JavaThread "Exec process Thread 82" [_thread_blocked, id=15100, stack(0x000000fccc100000,0x000000fccc200000)]
  0x000002e253372150 JavaThread "Exec process Thread 83" [_thread_blocked, id=13880, stack(0x000000fccc200000,0x000000fccc300000)]
  0x000002e253373140 JavaThread "Exec process Thread 84" [_thread_blocked, id=16556, stack(0x000000fccc300000,0x000000fccc400000)]
  0x000002e245d64b20 JavaThread "Exec process Thread 85" [_thread_blocked, id=2592, stack(0x000000fccc500000,0x000000fccc600000)]
  0x000002e26221b810 JavaThread "Exec process Thread 86" [_thread_blocked, id=19800, stack(0x000000fccc600000,0x000000fccc700000)]
  0x000002e253374680 JavaThread "Exec process Thread 87" [_thread_blocked, id=1504, stack(0x000000fccc700000,0x000000fccc800000)]
  0x000002e253373be0 JavaThread "Exec process Thread 88" [_thread_blocked, id=23672, stack(0x000000fccc800000,0x000000fccc900000)]
  0x000002e25288b030 JavaThread "Exec process Thread 89" [_thread_blocked, id=10604, stack(0x000000fccc900000,0x000000fccca00000)]
  0x000002e252889af0 JavaThread "Exec process Thread 90" [_thread_blocked, id=29188, stack(0x000000fccca00000,0x000000fcccb00000)]
  0x000002e262219d80 JavaThread "Exec process Thread 91" [_thread_blocked, id=28292, stack(0x000000fcccb00000,0x000000fcccc00000)]
  0x000002e261e1f2d0 JavaThread "Exec process Thread 92" [_thread_blocked, id=29060, stack(0x000000fcccc00000,0x000000fcccd00000)]
  0x000002e26179fae0 JavaThread "Exec process Thread 93" [_thread_blocked, id=22192, stack(0x000000fcccd00000,0x000000fccce00000)]
  0x000002e261e263f0 JavaThread "Exec process Thread 94" [_thread_blocked, id=22228, stack(0x000000fccce00000,0x000000fcccf00000)]
  0x000002e24d8d0ab0 JavaThread "Exec process Thread 95" [_thread_blocked, id=28444, stack(0x000000fcccf00000,0x000000fccd000000)]
  0x000002e24d8ce580 JavaThread "Exec process Thread 96" [_thread_blocked, id=11044, stack(0x000000fccd000000,0x000000fccd100000)]
  0x000002e247631b20 JavaThread "Exec process Thread 97" [_thread_blocked, id=17336, stack(0x000000fccd100000,0x000000fccd200000)]
  0x000002e25354f5c0 JavaThread "Exec process Thread 98" [_thread_blocked, id=11892, stack(0x000000fccd200000,0x000000fccd300000)]
  0x000002e25354f070 JavaThread "Exec process Thread 99" [_thread_blocked, id=24008, stack(0x000000fccd300000,0x000000fccd400000)]
  0x000002e2535505b0 JavaThread "Exec process Thread 100" [_thread_blocked, id=24376, stack(0x000000fccd400000,0x000000fccd500000)]
  0x000002e25288b580 JavaThread "RMI TCP Connection(53)-127.0.0.1" daemon [_thread_in_native, id=14184, stack(0x000000fccd500000,0x000000fccd600000)]

Other Threads:
=>0x000002e27f679600 VMThread "VM Thread" [stack: 0x000000fcbb300000,0x000000fcbb400000] [id=21600]
  0x000002e276db5e20 WatcherThread "VM Periodic Task Thread" [stack: 0x000000fcbc000000,0x000000fcbc100000] [id=16816]
  0x000002e276e68500 WorkerThread "GC Thread#0" [stack: 0x000000fcbae00000,0x000000fcbaf00000] [id=22012]
  0x000002e2398c5630 WorkerThread "GC Thread#1" [stack: 0x000000fcbc100000,0x000000fcbc200000] [id=19276]
  0x000002e239987370 WorkerThread "GC Thread#2" [stack: 0x000000fcbc200000,0x000000fcbc300000] [id=29376]
  0x000002e239da3d90 WorkerThread "GC Thread#3" [stack: 0x000000fcbc300000,0x000000fcbc400000] [id=24740]
  0x000002e239da3ac0 WorkerThread "GC Thread#4" [stack: 0x000000fcbc400000,0x000000fcbc500000] [id=22736]
  0x000002e239da3250 WorkerThread "GC Thread#5" [stack: 0x000000fcbc500000,0x000000fcbc600000] [id=26396]
  0x000002e239da3520 WorkerThread "GC Thread#6" [stack: 0x000000fcbc600000,0x000000fcbc700000] [id=19524]
  0x000002e23b395e30 WorkerThread "GC Thread#7" [stack: 0x000000fcbc700000,0x000000fcbc800000] [id=17904]
  0x000002e23b396970 WorkerThread "GC Thread#8" [stack: 0x000000fcbd500000,0x000000fcbd600000] [id=3212]
  0x000002e23b3936d0 WorkerThread "GC Thread#9" [stack: 0x000000fcbd600000,0x000000fcbd700000] [id=2436]
  0x000002e276e6e7d0 ConcurrentGCThread "G1 Main Marker" [stack: 0x000000fcbaf00000,0x000000fcbb000000] [id=6660]
  0x000002e27f4da910 WorkerThread "G1 Conc#0" [stack: 0x000000fcbb000000,0x000000fcbb100000] [id=4216]
  0x000002e23b395020 WorkerThread "G1 Conc#1" [stack: 0x000000fcbd700000,0x000000fcbd800000] [id=12580]
  0x000002e23b3966a0 WorkerThread "G1 Conc#2" [stack: 0x000000fcbd800000,0x000000fcbd900000] [id=17624]
  0x000002e27f517980 ConcurrentGCThread "G1 Refine#0" [stack: 0x000000fcbb100000,0x000000fcbb200000] [id=6728]
  0x000002e23e110090 ConcurrentGCThread "G1 Refine#1" [stack: 0x000000fcca600000,0x000000fcca700000] [id=19404]
  0x000002e23d0e2890 ConcurrentGCThread "G1 Refine#2" [stack: 0x000000fcca700000,0x000000fcca800000] [id=6672]
  0x000002e23e1ee330 ConcurrentGCThread "G1 Refine#3" [stack: 0x000000fcca800000,0x000000fcca900000] [id=22784]
  0x000002e23e1eecf0 ConcurrentGCThread "G1 Refine#4" [stack: 0x000000fcca900000,0x000000fccaa00000] [id=23012]
  0x000002e249184540 ConcurrentGCThread "G1 Refine#5" [stack: 0x000000fccac00000,0x000000fccad00000] [id=20676]
  0x000002e24754bd80 ConcurrentGCThread "G1 Refine#6" [stack: 0x000000fccad00000,0x000000fccae00000] [id=13732]
  0x000002e23fc6e710 ConcurrentGCThread "G1 Refine#7" [stack: 0x000000fccae00000,0x000000fccaf00000] [id=5808]
  0x000002e247156670 ConcurrentGCThread "G1 Refine#8" [stack: 0x000000fccaf00000,0x000000fccb000000] [id=17636]
  0x000002e23ef4b720 ConcurrentGCThread "G1 Refine#9" [stack: 0x000000fccb000000,0x000000fccb100000] [id=24288]
  0x000002e27f519280 ConcurrentGCThread "G1 Service" [stack: 0x000000fcbb200000,0x000000fcbb300000] [id=25496]

Threads with active compile tasks:

VM state: at safepoint (normal execution)

VM Mutex/Monitor currently owned by a thread:  ([mutex/lock_event])
[0x000002e276db34a0] Threads_lock - owner thread: 0x000002e27f679600
[0x000002e276db29f0] Heap_lock - owner thread: 0x000002e26179eaf0

Heap address: 0x0000000600000000, size: 8192 MB, Compressed Oops mode: Zero based, Oop shift amount: 3

CDS archive(s) mapped at: [0x0000000800000000-0x0000000800c40000-0x0000000800c40000), size 12845056, SharedBaseAddress: 0x0000000800000000, ArchiveRelocationMode: 0.
Compressed class space mapped at: 0x0000000801000000-0x0000000841000000, reserved size: 1073741824
Narrow klass base: 0x0000000800000000, Narrow klass shift: 0, Narrow klass range: 0x100000000

GC Precious Log:
 CardTable entry size: 512
 Card Set container configuration: InlinePtr #cards 4 size 8 Array Of Cards #cards 32 size 80 Howl #buckets 8 coarsen threshold 7372 Howl Bitmap #cards 1024 size 144 coarsen threshold 921 Card regions per heap region 1 cards per card region 8192
 CPUs: 12 total, 12 available
 Memory: 7521M
 Large Page Support: Disabled
 NUMA Support: Disabled
 Compressed Oops: Enabled (Zero based)
 Heap Region Size: 4M
 Heap Min Capacity: 8M
 Heap Initial Capacity: 120M
 Heap Max Capacity: 8G
 Pre-touch: Disabled
 Parallel Workers: 10
 Concurrent Workers: 3
 Concurrent Refinement Workers: 10
 Periodic GC: Disabled

Heap:
 garbage-first heap   total 3850240K, used 822080K [0x0000000600000000, 0x0000000800000000)
  region size 4096K, 4 young (16384K), 4 survivors (16384K)
 Metaspace       used 396602K, committed 400576K, reserved 1441792K
  class space    used 47178K, committed 49344K, reserved 1048576K

Heap Regions: E=young(eden), S=young(survivor), O=old, HS=humongous(starts), HC=humongous(continues), CS=collection set, F=free, OA=open archive, CA=closed archive, TAMS=top-at-mark-start (previous, next)
|   0|0x0000000600000000, 0x0000000600400000, 0x0000000600400000|100%|HS|  |TAMS 0x0000000600400000, 0x0000000600000000| Complete 
|   1|0x0000000600400000, 0x0000000600800000, 0x0000000600800000|100%| O|  |TAMS 0x0000000600800000, 0x0000000600400000| Untracked 
|   2|0x0000000600800000, 0x0000000600c00000, 0x0000000600c00000|100%| O|  |TAMS 0x0000000600c00000, 0x0000000600800000| Untracked 
|   3|0x0000000600c00000, 0x0000000601000000, 0x0000000601000000|100%| O|  |TAMS 0x0000000601000000, 0x0000000600c00000| Untracked 
|   4|0x0000000601000000, 0x0000000601400000, 0x0000000601400000|100%| O|  |TAMS 0x0000000601400000, 0x0000000601000000| Untracked 
|   5|0x0000000601400000, 0x0000000601800000, 0x0000000601800000|100%| O|  |TAMS 0x0000000601800000, 0x0000000601400000| Untracked 
|   6|0x0000000601800000, 0x0000000601c00000, 0x0000000601c00000|100%| O|  |TAMS 0x0000000601c00000, 0x0000000601800000| Untracked 
|   7|0x0000000601c00000, 0x0000000602000000, 0x0000000602000000|100%| O|  |TAMS 0x0000000602000000, 0x0000000601c00000| Untracked 
|   8|0x0000000602000000, 0x0000000602400000, 0x0000000602400000|100%| O|  |TAMS 0x0000000602400000, 0x0000000602000000| Untracked 
|   9|0x0000000602400000, 0x0000000602800000, 0x0000000602800000|100%|HS|  |TAMS 0x0000000602800000, 0x0000000602400000| Complete 
|  10|0x0000000602800000, 0x0000000602c00000, 0x0000000602c00000|100%|HS|  |TAMS 0x0000000602c00000, 0x0000000602800000| Complete 
|  11|0x0000000602c00000, 0x0000000603000000, 0x0000000603000000|100%| O|  |TAMS 0x0000000603000000, 0x0000000602c00000| Untracked 
|  12|0x0000000603000000, 0x0000000603400000, 0x0000000603400000|100%| O|  |TAMS 0x0000000603400000, 0x0000000603000000| Untracked 
|  13|0x0000000603400000, 0x0000000603800000, 0x0000000603800000|100%| O|  |TAMS 0x0000000603800000, 0x0000000603400000| Untracked 
|  14|0x0000000603800000, 0x0000000603c00000, 0x0000000603c00000|100%| O|  |TAMS 0x0000000603c00000, 0x0000000603800000| Untracked 
|  15|0x0000000603c00000, 0x0000000604000000, 0x0000000604000000|100%| O|  |TAMS 0x0000000604000000, 0x0000000603c00000| Untracked 
|  16|0x0000000604000000, 0x0000000604400000, 0x0000000604400000|100%| O|  |TAMS 0x0000000604400000, 0x0000000604000000| Untracked 
|  17|0x0000000604400000, 0x0000000604800000, 0x0000000604800000|100%| O|  |TAMS 0x0000000604800000, 0x0000000604400000| Untracked 
|  18|0x0000000604800000, 0x0000000604c00000, 0x0000000604c00000|100%| O|  |TAMS 0x0000000604c00000, 0x0000000604800000| Untracked 
|  19|0x0000000604c00000, 0x0000000605000000, 0x0000000605000000|100%| O|  |TAMS 0x0000000605000000, 0x0000000604c00000| Untracked 
|  20|0x0000000605000000, 0x0000000605400000, 0x0000000605400000|100%| O|  |TAMS 0x0000000605400000, 0x0000000605000000| Untracked 
|  21|0x0000000605400000, 0x0000000605800000, 0x0000000605800000|100%| O|  |TAMS 0x0000000605800000, 0x0000000605400000| Untracked 
|  22|0x0000000605800000, 0x0000000605c00000, 0x0000000605c00000|100%| O|  |TAMS 0x0000000605c00000, 0x0000000605800000| Untracked 
|  23|0x0000000605c00000, 0x0000000606000000, 0x0000000606000000|100%| O|  |TAMS 0x0000000606000000, 0x0000000605c00000| Untracked 
|  24|0x0000000606000000, 0x0000000606400000, 0x0000000606400000|100%| O|  |TAMS 0x0000000606400000, 0x0000000606000000| Untracked 
|  25|0x0000000606400000, 0x0000000606800000, 0x0000000606800000|100%| O|  |TAMS 0x0000000606800000, 0x0000000606400000| Untracked 
|  26|0x0000000606800000, 0x0000000606c00000, 0x0000000606c00000|100%| O|  |TAMS 0x0000000606c00000, 0x0000000606800000| Untracked 
|  27|0x0000000606c00000, 0x0000000607000000, 0x0000000607000000|100%| O|  |TAMS 0x0000000607000000, 0x0000000606c00000| Untracked 
|  28|0x0000000607000000, 0x0000000607400000, 0x0000000607400000|100%|HS|  |TAMS 0x0000000607400000, 0x0000000607000000| Complete 
|  29|0x0000000607400000, 0x0000000607800000, 0x0000000607800000|100%| O|  |TAMS 0x0000000607800000, 0x0000000607400000| Untracked 
|  30|0x0000000607800000, 0x0000000607c00000, 0x0000000607c00000|100%| O|  |TAMS 0x0000000607c00000, 0x0000000607800000| Untracked 
|  31|0x0000000607c00000, 0x0000000608000000, 0x0000000608000000|100%| O|  |TAMS 0x0000000608000000, 0x0000000607c00000| Untracked 
|  32|0x0000000608000000, 0x0000000608400000, 0x0000000608400000|100%| O|  |TAMS 0x0000000608400000, 0x0000000608000000| Untracked 
|  33|0x0000000608400000, 0x0000000608800000, 0x0000000608800000|100%| O|  |TAMS 0x0000000608800000, 0x0000000608400000| Untracked 
|  34|0x0000000608800000, 0x0000000608800000, 0x0000000608c00000|  0%| F|  |TAMS 0x0000000608800000, 0x0000000608800000| Untracked 
|  35|0x0000000608c00000, 0x0000000609000000, 0x0000000609000000|100%| O|  |TAMS 0x0000000609000000, 0x0000000608c00000| Untracked 
|  36|0x0000000609000000, 0x0000000609400000, 0x0000000609400000|100%| O|  |TAMS 0x0000000609400000, 0x0000000609000000| Untracked 
|  37|0x0000000609400000, 0x0000000609800000, 0x0000000609800000|100%| O|  |TAMS 0x0000000609800000, 0x0000000609400000| Untracked 
|  38|0x0000000609800000, 0x0000000609c00000, 0x0000000609c00000|100%| O|  |TAMS 0x0000000609c00000, 0x0000000609800000| Untracked 
|  39|0x0000000609c00000, 0x000000060a000000, 0x000000060a000000|100%| O|  |TAMS 0x000000060a000000, 0x0000000609c00000| Complete 
|  40|0x000000060a000000, 0x000000060a400000, 0x000000060a400000|100%| O|  |TAMS 0x000000060a400000, 0x000000060a000000| Untracked 
|  41|0x000000060a400000, 0x000000060a800000, 0x000000060a800000|100%| O|  |TAMS 0x000000060a800000, 0x000000060a400000| Untracked 
|  42|0x000000060a800000, 0x000000060ac00000, 0x000000060ac00000|100%| O|  |TAMS 0x000000060a800000, 0x000000060a800000| Untracked 
|  43|0x000000060ac00000, 0x000000060b000000, 0x000000060b000000|100%| O|  |TAMS 0x000000060b000000, 0x000000060ac00000| Untracked 
|  44|0x000000060b000000, 0x000000060b400000, 0x000000060b400000|100%| O|  |TAMS 0x000000060b400000, 0x000000060b000000| Untracked 
|  45|0x000000060b400000, 0x000000060b7d7400, 0x000000060b800000| 96%| O|  |TAMS 0x000000060b7d7400, 0x000000060b400000| Untracked 
|  46|0x000000060b800000, 0x000000060bc00000, 0x000000060bc00000|100%| O|  |TAMS 0x000000060bc00000, 0x000000060b800000| Untracked 
|  47|0x000000060bc00000, 0x000000060c000000, 0x000000060c000000|100%| O|  |TAMS 0x000000060c000000, 0x000000060bc00000| Untracked 
|  48|0x000000060c000000, 0x000000060c400000, 0x000000060c400000|100%| O|  |TAMS 0x000000060c400000, 0x000000060c000000| Complete 
|  49|0x000000060c400000, 0x000000060c800000, 0x000000060c800000|100%| O|  |TAMS 0x000000060c800000, 0x000000060c400000| Untracked 
|  50|0x000000060c800000, 0x000000060cc00000, 0x000000060cc00000|100%| O|  |TAMS 0x000000060cc00000, 0x000000060c800000| Untracked 
|  51|0x000000060cc00000, 0x000000060d000000, 0x000000060d000000|100%| O|  |TAMS 0x000000060d000000, 0x000000060cc00000| Untracked 
|  52|0x000000060d000000, 0x000000060d400000, 0x000000060d400000|100%| O|  |TAMS 0x000000060d400000, 0x000000060d000000| Untracked 
|  53|0x000000060d400000, 0x000000060d800000, 0x000000060d800000|100%| O|  |TAMS 0x000000060d400000, 0x000000060d400000| Untracked 
|  54|0x000000060d800000, 0x000000060dc00000, 0x000000060dc00000|100%| O|  |TAMS 0x000000060dc00000, 0x000000060d800000| Untracked 
|  55|0x000000060dc00000, 0x000000060e000000, 0x000000060e000000|100%| O|  |TAMS 0x000000060e000000, 0x000000060dc00000| Untracked 
|  56|0x000000060e000000, 0x000000060e400000, 0x000000060e400000|100%| O|  |TAMS 0x000000060e400000, 0x000000060e000000| Untracked 
|  57|0x000000060e400000, 0x000000060e800000, 0x000000060e800000|100%| O|  |TAMS 0x000000060e800000, 0x000000060e400000| Untracked 
|  58|0x000000060e800000, 0x000000060ec00000, 0x000000060ec00000|100%| O|  |TAMS 0x000000060ec00000, 0x000000060e800000| Untracked 
|  59|0x000000060ec00000, 0x000000060f000000, 0x000000060f000000|100%| O|  |TAMS 0x000000060f000000, 0x000000060ec00000| Untracked 
|  60|0x000000060f000000, 0x000000060f400000, 0x000000060f400000|100%| O|  |TAMS 0x000000060f000000, 0x000000060f000000| Untracked 
|  61|0x000000060f400000, 0x000000060f800000, 0x000000060f800000|100%| O|  |TAMS 0x000000060f400000, 0x000000060f400000| Untracked 
|  62|0x000000060f800000, 0x000000060fc00000, 0x000000060fc00000|100%| O|  |TAMS 0x000000060fc00000, 0x000000060f800000| Untracked 
|  63|0x000000060fc00000, 0x0000000610000000, 0x0000000610000000|100%| O|  |TAMS 0x0000000610000000, 0x000000060fc00000| Untracked 
|  64|0x0000000610000000, 0x0000000610400000, 0x0000000610400000|100%| O|  |TAMS 0x0000000610400000, 0x0000000610000000| Untracked 
|  65|0x0000000610400000, 0x0000000610800000, 0x0000000610800000|100%| O|  |TAMS 0x0000000610800000, 0x0000000610400000| Untracked 
|  66|0x0000000610800000, 0x0000000610c00000, 0x0000000610c00000|100%| O|  |TAMS 0x0000000610c00000, 0x0000000610800000| Untracked 
|  67|0x0000000610c00000, 0x0000000611000000, 0x0000000611000000|100%| O|  |TAMS 0x0000000611000000, 0x0000000610c00000| Untracked 
|  68|0x0000000611000000, 0x0000000611400000, 0x0000000611400000|100%| O|  |TAMS 0x0000000611400000, 0x0000000611000000| Untracked 
|  69|0x0000000611400000, 0x0000000611800000, 0x0000000611800000|100%| O|  |TAMS 0x0000000611800000, 0x0000000611400000| Untracked 
|  70|0x0000000611800000, 0x0000000611c00000, 0x0000000611c00000|100%| O|  |TAMS 0x0000000611800000, 0x0000000611800000| Untracked 
|  71|0x0000000611c00000, 0x0000000612000000, 0x0000000612000000|100%| O|  |TAMS 0x0000000612000000, 0x0000000611c00000| Untracked 
|  72|0x0000000612000000, 0x0000000612400000, 0x0000000612400000|100%| O|  |TAMS 0x0000000612400000, 0x0000000612000000| Untracked 
|  73|0x0000000612400000, 0x0000000612800000, 0x0000000612800000|100%| O|  |TAMS 0x0000000612800000, 0x0000000612400000| Untracked 
|  74|0x0000000612800000, 0x0000000612c00000, 0x0000000612c00000|100%| O|  |TAMS 0x0000000612c00000, 0x0000000612800000| Untracked 
|  75|0x0000000612c00000, 0x0000000613000000, 0x0000000613000000|100%| O|  |TAMS 0x0000000613000000, 0x0000000612c00000| Untracked 
|  76|0x0000000613000000, 0x0000000613400000, 0x0000000613400000|100%| O|  |TAMS 0x0000000613400000, 0x0000000613000000| Untracked 
|  77|0x0000000613400000, 0x0000000613800000, 0x0000000613800000|100%| O|  |TAMS 0x0000000613400000, 0x0000000613400000| Untracked 
|  78|0x0000000613800000, 0x0000000613c00000, 0x0000000613c00000|100%| O|  |TAMS 0x0000000613c00000, 0x0000000613800000| Untracked 
|  79|0x0000000613c00000, 0x0000000614000000, 0x0000000614000000|100%| O|  |TAMS 0x0000000614000000, 0x0000000613c00000| Untracked 
|  80|0x0000000614000000, 0x0000000614400000, 0x0000000614400000|100%| O|  |TAMS 0x0000000614400000, 0x0000000614000000| Untracked 
|  81|0x0000000614400000, 0x0000000614800000, 0x0000000614800000|100%| O|  |TAMS 0x0000000614400000, 0x0000000614400000| Untracked 
|  82|0x0000000614800000, 0x0000000614c00000, 0x0000000614c00000|100%| O|  |TAMS 0x0000000614c00000, 0x0000000614800000| Untracked 
|  83|0x0000000614c00000, 0x0000000615000000, 0x0000000615000000|100%| O|  |TAMS 0x0000000615000000, 0x0000000614c00000| Untracked 
|  84|0x0000000615000000, 0x0000000615400000, 0x0000000615400000|100%| O|  |TAMS 0x0000000615400000, 0x0000000615000000| Untracked 
|  85|0x0000000615400000, 0x0000000615800000, 0x0000000615800000|100%| O|  |TAMS 0x0000000615800000, 0x0000000615400000| Untracked 
|  86|0x0000000615800000, 0x0000000615c00000, 0x0000000615c00000|100%| O|  |TAMS 0x0000000615c00000, 0x0000000615800000| Untracked 
|  87|0x0000000615c00000, 0x0000000616000000, 0x0000000616000000|100%| O|  |TAMS 0x0000000616000000, 0x0000000615c00000| Untracked 
|  88|0x0000000616000000, 0x0000000616400000, 0x0000000616400000|100%| O|  |TAMS 0x0000000616400000, 0x0000000616000000| Untracked 
|  89|0x0000000616400000, 0x0000000616800000, 0x0000000616800000|100%| O|  |TAMS 0x0000000616800000, 0x0000000616400000| Untracked 
|  90|0x0000000616800000, 0x0000000616c00000, 0x0000000616c00000|100%| O|  |TAMS 0x0000000616c00000, 0x0000000616800000| Complete 
|  91|0x0000000616c00000, 0x0000000617000000, 0x0000000617000000|100%| O|  |TAMS 0x0000000617000000, 0x0000000616c00000| Untracked 
|  92|0x0000000617000000, 0x0000000617000000, 0x0000000617400000|  0%| F|  |TAMS 0x0000000617000000, 0x0000000617000000| Untracked 
|  93|0x0000000617400000, 0x0000000617800000, 0x0000000617800000|100%| O|  |TAMS 0x0000000617400000, 0x0000000617400000| Untracked 
|  94|0x0000000617800000, 0x0000000617c00000, 0x0000000617c00000|100%| O|  |TAMS 0x0000000617800000, 0x0000000617800000| Untracked 
|  95|0x0000000617c00000, 0x0000000618000000, 0x0000000618000000|100%|HS|  |TAMS 0x0000000618000000, 0x0000000617c00000| Complete 
|  96|0x0000000618000000, 0x0000000618400000, 0x0000000618400000|100%|HC|  |TAMS 0x0000000618400000, 0x0000000618000000| Complete 
|  97|0x0000000618400000, 0x0000000618800000, 0x0000000618800000|100%| O|  |TAMS 0x0000000618800000, 0x0000000618400000| Untracked 
|  98|0x0000000618800000, 0x0000000618c00000, 0x0000000618c00000|100%| O|  |TAMS 0x0000000618c00000, 0x0000000618800000| Untracked 
|  99|0x0000000618c00000, 0x0000000619000000, 0x0000000619000000|100%| O|  |TAMS 0x0000000619000000, 0x0000000618c00000| Complete 
| 100|0x0000000619000000, 0x0000000619400000, 0x0000000619400000|100%| O|  |TAMS 0x0000000619000000, 0x0000000619000000| Untracked 
| 101|0x0000000619400000, 0x0000000619800000, 0x0000000619800000|100%| O|  |TAMS 0x0000000619800000, 0x0000000619400000| Untracked 
| 102|0x0000000619800000, 0x0000000619c00000, 0x0000000619c00000|100%| O|  |TAMS 0x0000000619c00000, 0x0000000619800000| Untracked 
| 103|0x0000000619c00000, 0x000000061a000000, 0x000000061a000000|100%|HS|  |TAMS 0x000000061a000000, 0x0000000619c00000| Complete 
| 104|0x000000061a000000, 0x000000061a400000, 0x000000061a400000|100%|HS|  |TAMS 0x000000061a400000, 0x000000061a000000| Complete 
| 105|0x000000061a400000, 0x000000061a800000, 0x000000061a800000|100%| O|  |TAMS 0x000000061a400000, 0x000000061a400000| Untracked 
| 106|0x000000061a800000, 0x000000061ac00000, 0x000000061ac00000|100%| O|  |TAMS 0x000000061ac00000, 0x000000061a800000| Untracked 
| 107|0x000000061ac00000, 0x000000061b000000, 0x000000061b000000|100%| O|  |TAMS 0x000000061b000000, 0x000000061ac00000| Untracked 
| 108|0x000000061b000000, 0x000000061b400000, 0x000000061b400000|100%| O|  |TAMS 0x000000061b400000, 0x000000061b000000| Untracked 
| 109|0x000000061b400000, 0x000000061b800000, 0x000000061b800000|100%|HS|  |TAMS 0x000000061b800000, 0x000000061b400000| Complete 
| 110|0x000000061b800000, 0x000000061bc00000, 0x000000061bc00000|100%| O|  |TAMS 0x000000061bc00000, 0x000000061b800000| Untracked 
| 111|0x000000061bc00000, 0x000000061c000000, 0x000000061c000000|100%| O|  |TAMS 0x000000061c000000, 0x000000061bc00000| Untracked 
| 112|0x000000061c000000, 0x000000061c400000, 0x000000061c400000|100%| O|  |TAMS 0x000000061c400000, 0x000000061c000000| Untracked 
| 113|0x000000061c400000, 0x000000061c800000, 0x000000061c800000|100%| O|  |TAMS 0x000000061c800000, 0x000000061c400000| Untracked 
| 114|0x000000061c800000, 0x000000061cc00000, 0x000000061cc00000|100%| O|  |TAMS 0x000000061cc00000, 0x000000061c800000| Untracked 
| 115|0x000000061cc00000, 0x000000061d000000, 0x000000061d000000|100%| O|  |TAMS 0x000000061cc00000, 0x000000061cc00000| Untracked 
| 116|0x000000061d000000, 0x000000061d400000, 0x000000061d400000|100%| O|  |TAMS 0x000000061d400000, 0x000000061d000000| Untracked 
| 117|0x000000061d400000, 0x000000061d800000, 0x000000061d800000|100%| O|  |TAMS 0x000000061d400000, 0x000000061d400000| Untracked 
| 118|0x000000061d800000, 0x000000061dc00000, 0x000000061dc00000|100%| O|  |TAMS 0x000000061dc00000, 0x000000061d800000| Untracked 
| 119|0x000000061dc00000, 0x000000061e000000, 0x000000061e000000|100%| O|  |TAMS 0x000000061dc00000, 0x000000061dc00000| Untracked 
| 120|0x000000061e000000, 0x000000061e400000, 0x000000061e400000|100%| O|  |TAMS 0x000000061e400000, 0x000000061e000000| Untracked 
| 121|0x000000061e400000, 0x000000061e800000, 0x000000061e800000|100%| O|  |TAMS 0x000000061e800000, 0x000000061e400000| Untracked 
| 122|0x000000061e800000, 0x000000061ec00000, 0x000000061ec00000|100%| O|  |TAMS 0x000000061ec00000, 0x000000061e800000| Untracked 
| 123|0x000000061ec00000, 0x000000061f000000, 0x000000061f000000|100%| O|  |TAMS 0x000000061f000000, 0x000000061ec00000| Untracked 
| 124|0x000000061f000000, 0x000000061f400000, 0x000000061f400000|100%| O|  |TAMS 0x000000061f400000, 0x000000061f000000| Untracked 
| 125|0x000000061f400000, 0x000000061f800000, 0x000000061f800000|100%| O|  |TAMS 0x000000061f800000, 0x000000061f400000| Untracked 
| 126|0x000000061f800000, 0x000000061fc00000, 0x000000061fc00000|100%| O|  |TAMS 0x000000061fc00000, 0x000000061f800000| Untracked 
| 127|0x000000061fc00000, 0x0000000620000000, 0x0000000620000000|100%| O|  |TAMS 0x0000000620000000, 0x000000061fc00000| Untracked 
| 128|0x0000000620000000, 0x0000000620400000, 0x0000000620400000|100%| O|  |TAMS 0x0000000620400000, 0x0000000620000000| Untracked 
| 129|0x0000000620400000, 0x0000000620800000, 0x0000000620800000|100%| O|  |TAMS 0x0000000620800000, 0x0000000620400000| Untracked 
| 130|0x0000000620800000, 0x0000000620c00000, 0x0000000620c00000|100%| O|  |TAMS 0x0000000620800000, 0x0000000620800000| Untracked 
| 131|0x0000000620c00000, 0x0000000621000000, 0x0000000621000000|100%| O|  |TAMS 0x0000000621000000, 0x0000000620c00000| Untracked 
| 132|0x0000000621000000, 0x0000000621400000, 0x0000000621400000|100%| O|  |TAMS 0x0000000621400000, 0x0000000621000000| Untracked 
| 133|0x0000000621400000, 0x0000000621800000, 0x0000000621800000|100%| O|  |TAMS 0x0000000621800000, 0x0000000621400000| Untracked 
| 134|0x0000000621800000, 0x0000000621c00000, 0x0000000621c00000|100%| O|  |TAMS 0x0000000621c00000, 0x0000000621800000| Untracked 
| 135|0x0000000621c00000, 0x0000000622000000, 0x0000000622000000|100%| O|  |TAMS 0x0000000622000000, 0x0000000621c00000| Untracked 
| 136|0x0000000622000000, 0x0000000622400000, 0x0000000622400000|100%| O|  |TAMS 0x0000000622400000, 0x0000000622000000| Untracked 
| 137|0x0000000622400000, 0x0000000622800000, 0x0000000622800000|100%| O|  |TAMS 0x0000000622400000, 0x0000000622400000| Untracked 
| 138|0x0000000622800000, 0x0000000622c00000, 0x0000000622c00000|100%| O|  |TAMS 0x0000000622c00000, 0x0000000622800000| Untracked 
| 139|0x0000000622c00000, 0x0000000623000000, 0x0000000623000000|100%| O|  |TAMS 0x0000000623000000, 0x0000000622c00000| Untracked 
| 140|0x0000000623000000, 0x0000000623400000, 0x0000000623400000|100%| O|  |TAMS 0x0000000623400000, 0x0000000623000000| Untracked 
| 141|0x0000000623400000, 0x0000000623800000, 0x0000000623800000|100%| O|  |TAMS 0x0000000623800000, 0x0000000623400000| Untracked 
| 142|0x0000000623800000, 0x0000000623c00000, 0x0000000623c00000|100%| O|  |TAMS 0x0000000623800000, 0x0000000623800000| Untracked 
| 143|0x0000000623c00000, 0x0000000624000000, 0x0000000624000000|100%| O|  |TAMS 0x0000000624000000, 0x0000000623c00000| Untracked 
| 144|0x0000000624000000, 0x0000000624400000, 0x0000000624400000|100%| O|  |TAMS 0x0000000624400000, 0x0000000624000000| Untracked 
| 145|0x0000000624400000, 0x0000000624800000, 0x0000000624800000|100%| O|  |TAMS 0x0000000624800000, 0x0000000624400000| Untracked 
| 146|0x0000000624800000, 0x0000000624c00000, 0x0000000624c00000|100%| O|  |TAMS 0x0000000624800000, 0x0000000624800000| Untracked 
| 147|0x0000000624c00000, 0x0000000625000000, 0x0000000625000000|100%| O|  |TAMS 0x0000000625000000, 0x0000000624c00000| Untracked 
| 148|0x0000000625000000, 0x0000000625400000, 0x0000000625400000|100%| O|  |TAMS 0x0000000625400000, 0x0000000625000000| Untracked 
| 149|0x0000000625400000, 0x0000000625800000, 0x0000000625800000|100%| O|  |TAMS 0x0000000625800000, 0x0000000625400000| Untracked 
| 150|0x0000000625800000, 0x0000000625c00000, 0x0000000625c00000|100%| O|  |TAMS 0x0000000625c00000, 0x0000000625800000| Untracked 
| 151|0x0000000625c00000, 0x0000000626000000, 0x0000000626000000|100%| O|  |TAMS 0x0000000625c00000, 0x0000000625c00000| Untracked 
| 152|0x0000000626000000, 0x0000000626400000, 0x0000000626400000|100%| O|  |TAMS 0x0000000626400000, 0x0000000626000000| Untracked 
| 153|0x0000000626400000, 0x0000000626800000, 0x0000000626800000|100%| O|  |TAMS 0x0000000626800000, 0x0000000626400000| Untracked 
| 154|0x0000000626800000, 0x0000000626c00000, 0x0000000626c00000|100%| O|  |TAMS 0x0000000626c00000, 0x0000000626800000| Untracked 
| 155|0x0000000626c00000, 0x0000000627000000, 0x0000000627000000|100%| O|  |TAMS 0x0000000627000000, 0x0000000626c00000| Untracked 
| 156|0x0000000627000000, 0x0000000627400000, 0x0000000627400000|100%| O|  |TAMS 0x0000000627000000, 0x0000000627000000| Untracked 
| 157|0x0000000627400000, 0x0000000627800000, 0x0000000627800000|100%| O|  |TAMS 0x0000000627800000, 0x0000000627400000| Untracked 
| 158|0x0000000627800000, 0x0000000627c00000, 0x0000000627c00000|100%| O|  |TAMS 0x0000000627c00000, 0x0000000627800000| Untracked 
| 159|0x0000000627c00000, 0x0000000628000000, 0x0000000628000000|100%| O|  |TAMS 0x0000000627c00000, 0x0000000627c00000| Untracked 
| 160|0x0000000628000000, 0x0000000628400000, 0x0000000628400000|100%| O|  |TAMS 0x0000000628400000, 0x0000000628000000| Untracked 
| 161|0x0000000628400000, 0x0000000628800000, 0x0000000628800000|100%| O|  |TAMS 0x0000000628800000, 0x0000000628400000| Untracked 
| 162|0x0000000628800000, 0x0000000628c00000, 0x0000000628c00000|100%| O|  |TAMS 0x0000000628800000, 0x0000000628800000| Untracked 
| 163|0x0000000628c00000, 0x0000000629000000, 0x0000000629000000|100%| O|  |TAMS 0x0000000628c00000, 0x0000000628c00000| Untracked 
| 164|0x0000000629000000, 0x0000000629400000, 0x0000000629400000|100%| O|  |TAMS 0x0000000629400000, 0x0000000629000000| Untracked 
| 165|0x0000000629400000, 0x0000000629800000, 0x0000000629800000|100%| O|  |TAMS 0x0000000629400000, 0x0000000629400000| Untracked 
| 166|0x0000000629800000, 0x0000000629c00000, 0x0000000629c00000|100%| O|  |TAMS 0x0000000629c00000, 0x0000000629800000| Untracked 
| 167|0x0000000629c00000, 0x0000000629fe1000, 0x000000062a000000| 96%| O|  |TAMS 0x0000000629c00000, 0x0000000629c00000| Untracked 
| 168|0x000000062a000000, 0x000000062a000000, 0x000000062a400000|  0%| F|  |TAMS 0x000000062a000000, 0x000000062a000000| Untracked 
| 169|0x000000062a400000, 0x000000062a800000, 0x000000062a800000|100%| O|  |TAMS 0x000000062a800000, 0x000000062a400000| Untracked 
| 170|0x000000062a800000, 0x000000062ac00000, 0x000000062ac00000|100%| O|  |TAMS 0x000000062ac00000, 0x000000062a800000| Untracked 
| 171|0x000000062ac00000, 0x000000062b000000, 0x000000062b000000|100%| O|  |TAMS 0x000000062b000000, 0x000000062ac00000| Untracked 
| 172|0x000000062b000000, 0x000000062b400000, 0x000000062b400000|100%| O|  |TAMS 0x000000062b400000, 0x000000062b000000| Complete 
| 173|0x000000062b400000, 0x000000062b400000, 0x000000062b800000|  0%| F|  |TAMS 0x000000062b400000, 0x000000062b400000| Untracked 
| 174|0x000000062b800000, 0x000000062bc00000, 0x000000062bc00000|100%| O|  |TAMS 0x000000062bc00000, 0x000000062b800000| Untracked 
| 175|0x000000062bc00000, 0x000000062bc00000, 0x000000062c000000|  0%| F|  |TAMS 0x000000062bc00000, 0x000000062bc00000| Untracked 
| 176|0x000000062c000000, 0x000000062c000000, 0x000000062c400000|  0%| F|  |TAMS 0x000000062c000000, 0x000000062c000000| Untracked 
| 177|0x000000062c400000, 0x000000062c400000, 0x000000062c800000|  0%| F|  |TAMS 0x000000062c400000, 0x000000062c400000| Untracked 
| 178|0x000000062c800000, 0x000000062c800000, 0x000000062cc00000|  0%| F|  |TAMS 0x000000062c800000, 0x000000062c800000| Untracked 
| 179|0x000000062cc00000, 0x000000062cc00000, 0x000000062d000000|  0%| F|  |TAMS 0x000000062cc00000, 0x000000062cc00000| Untracked 
| 180|0x000000062d000000, 0x000000062d000000, 0x000000062d400000|  0%| F|  |TAMS 0x000000062d000000, 0x000000062d000000| Untracked 
| 181|0x000000062d400000, 0x000000062d400000, 0x000000062d800000|  0%| F|  |TAMS 0x000000062d400000, 0x000000062d400000| Untracked 
| 182|0x000000062d800000, 0x000000062d800000, 0x000000062dc00000|  0%| F|  |TAMS 0x000000062d800000, 0x000000062d800000| Untracked 
| 183|0x000000062dc00000, 0x000000062dc00000, 0x000000062e000000|  0%| F|  |TAMS 0x000000062dc00000, 0x000000062dc00000| Untracked 
| 184|0x000000062e000000, 0x000000062e000000, 0x000000062e400000|  0%| F|  |TAMS 0x000000062e000000, 0x000000062e000000| Untracked 
| 185|0x000000062e400000, 0x000000062e400000, 0x000000062e800000|  0%| F|  |TAMS 0x000000062e400000, 0x000000062e400000| Untracked 
| 186|0x000000062e800000, 0x000000062e800000, 0x000000062ec00000|  0%| F|  |TAMS 0x000000062e800000, 0x000000062e800000| Untracked 
| 187|0x000000062ec00000, 0x000000062f000000, 0x000000062f000000|100%| O|  |TAMS 0x000000062f000000, 0x000000062ec00000| Untracked 
| 188|0x000000062f000000, 0x000000062f000000, 0x000000062f400000|  0%| F|  |TAMS 0x000000062f000000, 0x000000062f000000| Untracked 
| 189|0x000000062f400000, 0x000000062f400000, 0x000000062f800000|  0%| F|  |TAMS 0x000000062f400000, 0x000000062f400000| Untracked 
| 190|0x000000062f800000, 0x000000062f800000, 0x000000062fc00000|  0%| F|  |TAMS 0x000000062f800000, 0x000000062f800000| Untracked 
| 191|0x000000062fc00000, 0x000000062fc00000, 0x0000000630000000|  0%| F|  |TAMS 0x000000062fc00000, 0x000000062fc00000| Untracked 
| 192|0x0000000630000000, 0x0000000630000000, 0x0000000630400000|  0%| F|  |TAMS 0x0000000630000000, 0x0000000630000000| Untracked 
| 193|0x0000000630400000, 0x0000000630400000, 0x0000000630800000|  0%| F|  |TAMS 0x0000000630400000, 0x0000000630400000| Untracked 
| 194|0x0000000630800000, 0x0000000630800000, 0x0000000630c00000|  0%| F|  |TAMS 0x0000000630800000, 0x0000000630800000| Untracked 
| 195|0x0000000630c00000, 0x0000000630c00000, 0x0000000631000000|  0%| F|  |TAMS 0x0000000630c00000, 0x0000000630c00000| Untracked 
| 196|0x0000000631000000, 0x0000000631000000, 0x0000000631400000|  0%| F|  |TAMS 0x0000000631000000, 0x0000000631000000| Untracked 
| 197|0x0000000631400000, 0x0000000631400000, 0x0000000631800000|  0%| F|  |TAMS 0x0000000631400000, 0x0000000631400000| Untracked 
| 198|0x0000000631800000, 0x0000000631800000, 0x0000000631c00000|  0%| F|  |TAMS 0x0000000631800000, 0x0000000631800000| Untracked 
| 199|0x0000000631c00000, 0x0000000631c00000, 0x0000000632000000|  0%| F|  |TAMS 0x0000000631c00000, 0x0000000631c00000| Untracked 
| 200|0x0000000632000000, 0x0000000632000000, 0x0000000632400000|  0%| F|  |TAMS 0x0000000632000000, 0x0000000632000000| Untracked 
| 201|0x0000000632400000, 0x0000000632400000, 0x0000000632800000|  0%| F|  |TAMS 0x0000000632400000, 0x0000000632400000| Untracked 
| 202|0x0000000632800000, 0x0000000632800000, 0x0000000632c00000|  0%| F|  |TAMS 0x0000000632800000, 0x0000000632800000| Untracked 
| 203|0x0000000632c00000, 0x0000000633000000, 0x0000000633000000|100%| O|  |TAMS 0x0000000633000000, 0x0000000632c00000| Complete 
| 204|0x0000000633000000, 0x0000000633400000, 0x0000000633400000|100%| O|  |TAMS 0x0000000633000000, 0x0000000633000000| Untracked 
| 205|0x0000000633400000, 0x0000000633800000, 0x0000000633800000|100%| O|  |TAMS 0x0000000633800000, 0x0000000633400000| Untracked 
| 206|0x0000000633800000, 0x0000000633800000, 0x0000000633c00000|  0%| F|  |TAMS 0x0000000633800000, 0x0000000633800000| Untracked 
| 207|0x0000000633c00000, 0x0000000633c00000, 0x0000000634000000|  0%| F|  |TAMS 0x0000000633c00000, 0x0000000633c00000| Untracked 
| 208|0x0000000634000000, 0x0000000634000000, 0x0000000634400000|  0%| F|  |TAMS 0x0000000634000000, 0x0000000634000000| Untracked 
| 209|0x0000000634400000, 0x0000000634400000, 0x0000000634800000|  0%| F|  |TAMS 0x0000000634400000, 0x0000000634400000| Untracked 
| 210|0x0000000634800000, 0x0000000634800000, 0x0000000634c00000|  0%| F|  |TAMS 0x0000000634800000, 0x0000000634800000| Untracked 
| 211|0x0000000634c00000, 0x0000000634c00000, 0x0000000635000000|  0%| F|  |TAMS 0x0000000634c00000, 0x0000000634c00000| Untracked 
| 212|0x0000000635000000, 0x0000000635000000, 0x0000000635400000|  0%| F|  |TAMS 0x0000000635000000, 0x0000000635000000| Untracked 
| 213|0x0000000635400000, 0x0000000635400000, 0x0000000635800000|  0%| F|  |TAMS 0x0000000635400000, 0x0000000635400000| Untracked 
| 214|0x0000000635800000, 0x0000000635800000, 0x0000000635c00000|  0%| F|  |TAMS 0x0000000635800000, 0x0000000635800000| Untracked 
| 215|0x0000000635c00000, 0x0000000635c00000, 0x0000000636000000|  0%| F|  |TAMS 0x0000000635c00000, 0x0000000635c00000| Untracked 
| 216|0x0000000636000000, 0x0000000636400000, 0x0000000636400000|100%| O|  |TAMS 0x0000000636000000, 0x0000000636000000| Untracked 
| 217|0x0000000636400000, 0x0000000636800000, 0x0000000636800000|100%| O|  |TAMS 0x0000000636400000, 0x0000000636400000| Untracked 
| 218|0x0000000636800000, 0x0000000636c00000, 0x0000000636c00000|100%| O|  |TAMS 0x0000000636800000, 0x0000000636800000| Untracked 
| 219|0x0000000636c00000, 0x0000000637000000, 0x0000000637000000|100%| O|  |TAMS 0x0000000637000000, 0x0000000636c00000| Untracked 
| 220|0x0000000637000000, 0x0000000637400000, 0x0000000637400000|100%| O|  |TAMS 0x0000000637400000, 0x0000000637000000| Untracked 
| 221|0x0000000637400000, 0x0000000637800000, 0x0000000637800000|100%| O|  |TAMS 0x0000000637800000, 0x0000000637400000| Untracked 
| 222|0x0000000637800000, 0x0000000637c00000, 0x0000000637c00000|100%| O|  |TAMS 0x0000000637c00000, 0x0000000637800000| Untracked 
| 223|0x0000000637c00000, 0x0000000638000000, 0x0000000638000000|100%| O|  |TAMS 0x0000000638000000, 0x0000000637c00000| Untracked 
| 224|0x0000000638000000, 0x0000000638400000, 0x0000000638400000|100%| O|  |TAMS 0x0000000638400000, 0x0000000638000000| Untracked 
| 225|0x0000000638400000, 0x0000000638800000, 0x0000000638800000|100%| O|  |TAMS 0x0000000638800000, 0x0000000638400000| Untracked 
| 226|0x0000000638800000, 0x0000000638c00000, 0x0000000638c00000|100%| O|  |TAMS 0x0000000638c00000, 0x0000000638800000| Untracked 
| 227|0x0000000638c00000, 0x0000000639000000, 0x0000000639000000|100%| O|  |TAMS 0x0000000639000000, 0x0000000638c00000| Untracked 
| 228|0x0000000639000000, 0x0000000639400000, 0x0000000639400000|100%| O|  |TAMS 0x0000000639400000, 0x0000000639000000| Untracked 
| 229|0x0000000639400000, 0x0000000639800000, 0x0000000639800000|100%| O|  |TAMS 0x0000000639800000, 0x0000000639400000| Untracked 
| 230|0x0000000639800000, 0x0000000639c00000, 0x0000000639c00000|100%| O|  |TAMS 0x0000000639c00000, 0x0000000639800000| Untracked 
| 231|0x0000000639c00000, 0x000000063a000000, 0x000000063a000000|100%| O|  |TAMS 0x000000063a000000, 0x0000000639c00000| Untracked 
| 232|0x000000063a000000, 0x000000063a000000, 0x000000063a400000|  0%| F|  |TAMS 0x000000063a000000, 0x000000063a000000| Untracked 
| 233|0x000000063a400000, 0x000000063a400000, 0x000000063a800000|  0%| F|  |TAMS 0x000000063a400000, 0x000000063a400000| Untracked 
| 234|0x000000063a800000, 0x000000063a800000, 0x000000063ac00000|  0%| F|  |TAMS 0x000000063a800000, 0x000000063a800000| Untracked 
| 235|0x000000063ac00000, 0x000000063ac00000, 0x000000063b000000|  0%| F|  |TAMS 0x000000063ac00000, 0x000000063ac00000| Untracked 
| 236|0x000000063b000000, 0x000000063b000000, 0x000000063b400000|  0%| F|  |TAMS 0x000000063b000000, 0x000000063b000000| Untracked 
| 237|0x000000063b400000, 0x000000063b400000, 0x000000063b800000|  0%| F|  |TAMS 0x000000063b400000, 0x000000063b400000| Untracked 
| 238|0x000000063b800000, 0x000000063b800000, 0x000000063bc00000|  0%| F|  |TAMS 0x000000063b800000, 0x000000063b800000| Untracked 
| 239|0x000000063bc00000, 0x000000063bc00000, 0x000000063c000000|  0%| F|  |TAMS 0x000000063bc00000, 0x000000063bc00000| Untracked 
| 240|0x000000063c000000, 0x000000063c000000, 0x000000063c400000|  0%| F|  |TAMS 0x000000063c000000, 0x000000063c000000| Untracked 
| 241|0x000000063c400000, 0x000000063c400000, 0x000000063c800000|  0%| F|  |TAMS 0x000000063c400000, 0x000000063c400000| Untracked 
| 242|0x000000063c800000, 0x000000063c800000, 0x000000063cc00000|  0%| F|  |TAMS 0x000000063c800000, 0x000000063c800000| Untracked 
| 243|0x000000063cc00000, 0x000000063cc00000, 0x000000063d000000|  0%| F|  |TAMS 0x000000063cc00000, 0x000000063cc00000| Untracked 
| 244|0x000000063d000000, 0x000000063d000000, 0x000000063d400000|  0%| F|  |TAMS 0x000000063d000000, 0x000000063d000000| Untracked 
| 245|0x000000063d400000, 0x000000063d400000, 0x000000063d800000|  0%| F|  |TAMS 0x000000063d400000, 0x000000063d400000| Untracked 
| 246|0x000000063d800000, 0x000000063d800000, 0x000000063dc00000|  0%| F|  |TAMS 0x000000063d800000, 0x000000063d800000| Untracked 
| 247|0x000000063dc00000, 0x000000063dc00000, 0x000000063e000000|  0%| F|  |TAMS 0x000000063dc00000, 0x000000063dc00000| Untracked 
| 248|0x000000063e000000, 0x000000063e000000, 0x000000063e400000|  0%| F|  |TAMS 0x000000063e000000, 0x000000063e000000| Untracked 
| 249|0x000000063e400000, 0x000000063e400000, 0x000000063e800000|  0%| F|  |TAMS 0x000000063e400000, 0x000000063e400000| Untracked 
| 250|0x000000063e800000, 0x000000063e800000, 0x000000063ec00000|  0%| F|  |TAMS 0x000000063e800000, 0x000000063e800000| Untracked 
| 251|0x000000063ec00000, 0x000000063ec00000, 0x000000063f000000|  0%| F|  |TAMS 0x000000063ec00000, 0x000000063ec00000| Untracked 
| 252|0x000000063f000000, 0x000000063f000000, 0x000000063f400000|  0%| F|  |TAMS 0x000000063f000000, 0x000000063f000000| Untracked 
| 253|0x000000063f400000, 0x000000063f400000, 0x000000063f800000|  0%| F|  |TAMS 0x000000063f400000, 0x000000063f400000| Untracked 
| 254|0x000000063f800000, 0x000000063f800000, 0x000000063fc00000|  0%| F|  |TAMS 0x000000063f800000, 0x000000063f800000| Untracked 
| 255|0x000000063fc00000, 0x000000063fc00000, 0x0000000640000000|  0%| F|  |TAMS 0x000000063fc00000, 0x000000063fc00000| Untracked 
| 256|0x0000000640000000, 0x0000000640000000, 0x0000000640400000|  0%| F|  |TAMS 0x0000000640000000, 0x0000000640000000| Untracked 
| 257|0x0000000640400000, 0x0000000640400000, 0x0000000640800000|  0%| F|  |TAMS 0x0000000640400000, 0x0000000640400000| Untracked 
| 258|0x0000000640800000, 0x0000000640800000, 0x0000000640c00000|  0%| F|  |TAMS 0x0000000640800000, 0x0000000640800000| Untracked 
| 259|0x0000000640c00000, 0x0000000640c00000, 0x0000000641000000|  0%| F|  |TAMS 0x0000000640c00000, 0x0000000640c00000| Untracked 
| 260|0x0000000641000000, 0x0000000641000000, 0x0000000641400000|  0%| F|  |TAMS 0x0000000641000000, 0x0000000641000000| Untracked 
| 261|0x0000000641400000, 0x0000000641400000, 0x0000000641800000|  0%| F|  |TAMS 0x0000000641400000, 0x0000000641400000| Untracked 
| 262|0x0000000641800000, 0x0000000641800000, 0x0000000641c00000|  0%| F|  |TAMS 0x0000000641800000, 0x0000000641800000| Untracked 
| 263|0x0000000641c00000, 0x0000000641c00000, 0x0000000642000000|  0%| F|  |TAMS 0x0000000641c00000, 0x0000000641c00000| Untracked 
| 264|0x0000000642000000, 0x0000000642000000, 0x0000000642400000|  0%| F|  |TAMS 0x0000000642000000, 0x0000000642000000| Untracked 
| 265|0x0000000642400000, 0x0000000642400000, 0x0000000642800000|  0%| F|  |TAMS 0x0000000642400000, 0x0000000642400000| Untracked 
| 266|0x0000000642800000, 0x0000000642800000, 0x0000000642c00000|  0%| F|  |TAMS 0x0000000642800000, 0x0000000642800000| Untracked 
| 267|0x0000000642c00000, 0x0000000642c00000, 0x0000000643000000|  0%| F|  |TAMS 0x0000000642c00000, 0x0000000642c00000| Untracked 
| 268|0x0000000643000000, 0x0000000643000000, 0x0000000643400000|  0%| F|  |TAMS 0x0000000643000000, 0x0000000643000000| Untracked 
| 269|0x0000000643400000, 0x0000000643400000, 0x0000000643800000|  0%| F|  |TAMS 0x0000000643400000, 0x0000000643400000| Untracked 
| 270|0x0000000643800000, 0x0000000643800000, 0x0000000643c00000|  0%| F|  |TAMS 0x0000000643800000, 0x0000000643800000| Untracked 
| 271|0x0000000643c00000, 0x0000000643c00000, 0x0000000644000000|  0%| F|  |TAMS 0x0000000643c00000, 0x0000000643c00000| Untracked 
| 272|0x0000000644000000, 0x0000000644000000, 0x0000000644400000|  0%| F|  |TAMS 0x0000000644000000, 0x0000000644000000| Untracked 
| 273|0x0000000644400000, 0x0000000644400000, 0x0000000644800000|  0%| F|  |TAMS 0x0000000644400000, 0x0000000644400000| Untracked 
| 274|0x0000000644800000, 0x0000000644800000, 0x0000000644c00000|  0%| F|  |TAMS 0x0000000644800000, 0x0000000644800000| Untracked 
| 275|0x0000000644c00000, 0x0000000644c00000, 0x0000000645000000|  0%| F|  |TAMS 0x0000000644c00000, 0x0000000644c00000| Untracked 
| 276|0x0000000645000000, 0x0000000645000000, 0x0000000645400000|  0%| F|  |TAMS 0x0000000645000000, 0x0000000645000000| Untracked 
| 277|0x0000000645400000, 0x0000000645400000, 0x0000000645800000|  0%| F|  |TAMS 0x0000000645400000, 0x0000000645400000| Untracked 
| 278|0x0000000645800000, 0x0000000645800000, 0x0000000645c00000|  0%| F|  |TAMS 0x0000000645800000, 0x0000000645800000| Untracked 
| 279|0x0000000645c00000, 0x0000000645c00000, 0x0000000646000000|  0%| F|  |TAMS 0x0000000645c00000, 0x0000000645c00000| Untracked 
| 280|0x0000000646000000, 0x0000000646000000, 0x0000000646400000|  0%| F|  |TAMS 0x0000000646000000, 0x0000000646000000| Untracked 
| 281|0x0000000646400000, 0x0000000646400000, 0x0000000646800000|  0%| F|  |TAMS 0x0000000646400000, 0x0000000646400000| Untracked 
| 282|0x0000000646800000, 0x0000000646800000, 0x0000000646c00000|  0%| F|  |TAMS 0x0000000646800000, 0x0000000646800000| Untracked 
| 283|0x0000000646c00000, 0x0000000646c00000, 0x0000000647000000|  0%| F|  |TAMS 0x0000000646c00000, 0x0000000646c00000| Untracked 
| 284|0x0000000647000000, 0x0000000647000000, 0x0000000647400000|  0%| F|  |TAMS 0x0000000647000000, 0x0000000647000000| Untracked 
| 285|0x0000000647400000, 0x0000000647400000, 0x0000000647800000|  0%| F|  |TAMS 0x0000000647400000, 0x0000000647400000| Untracked 
| 286|0x0000000647800000, 0x0000000647800000, 0x0000000647c00000|  0%| F|  |TAMS 0x0000000647800000, 0x0000000647800000| Untracked 
| 287|0x0000000647c00000, 0x0000000647c00000, 0x0000000648000000|  0%| F|  |TAMS 0x0000000647c00000, 0x0000000647c00000| Untracked 
| 288|0x0000000648000000, 0x0000000648000000, 0x0000000648400000|  0%| F|  |TAMS 0x0000000648000000, 0x0000000648000000| Untracked 
| 289|0x0000000648400000, 0x0000000648400000, 0x0000000648800000|  0%| F|  |TAMS 0x0000000648400000, 0x0000000648400000| Untracked 
| 290|0x0000000648800000, 0x0000000648800000, 0x0000000648c00000|  0%| F|  |TAMS 0x0000000648800000, 0x0000000648800000| Untracked 
| 291|0x0000000648c00000, 0x0000000649000000, 0x0000000649000000|100%| O|  |TAMS 0x0000000648c00000, 0x0000000648c00000| Untracked 
| 292|0x0000000649000000, 0x0000000649400000, 0x0000000649400000|100%| O|  |TAMS 0x0000000649000000, 0x0000000649000000| Untracked 
| 293|0x0000000649400000, 0x0000000649800000, 0x0000000649800000|100%| O|  |TAMS 0x0000000649400000, 0x0000000649400000| Untracked 
| 294|0x0000000649800000, 0x0000000649c00000, 0x0000000649c00000|100%| O|  |TAMS 0x0000000649800000, 0x0000000649800000| Untracked 
| 295|0x0000000649c00000, 0x000000064a000000, 0x000000064a000000|100%| O|  |TAMS 0x0000000649c00000, 0x0000000649c00000| Untracked 
| 296|0x000000064a000000, 0x000000064a400000, 0x000000064a400000|100%| O|  |TAMS 0x000000064a000000, 0x000000064a000000| Untracked 
| 297|0x000000064a400000, 0x000000064a400000, 0x000000064a800000|  0%| F|  |TAMS 0x000000064a400000, 0x000000064a400000| Untracked 
| 298|0x000000064a800000, 0x000000064a800000, 0x000000064ac00000|  0%| F|  |TAMS 0x000000064a800000, 0x000000064a800000| Untracked 
| 299|0x000000064ac00000, 0x000000064ac00000, 0x000000064b000000|  0%| F|  |TAMS 0x000000064ac00000, 0x000000064ac00000| Untracked 
| 300|0x000000064b000000, 0x000000064b000000, 0x000000064b400000|  0%| F|  |TAMS 0x000000064b000000, 0x000000064b000000| Untracked 
| 301|0x000000064b400000, 0x000000064b400000, 0x000000064b800000|  0%| F|  |TAMS 0x000000064b400000, 0x000000064b400000| Untracked 
| 302|0x000000064b800000, 0x000000064b800000, 0x000000064bc00000|  0%| F|  |TAMS 0x000000064b800000, 0x000000064b800000| Untracked 
| 303|0x000000064bc00000, 0x000000064bc00000, 0x000000064c000000|  0%| F|  |TAMS 0x000000064bc00000, 0x000000064bc00000| Untracked 
| 304|0x000000064c000000, 0x000000064c000000, 0x000000064c400000|  0%| F|  |TAMS 0x000000064c000000, 0x000000064c000000| Untracked 
| 305|0x000000064c400000, 0x000000064c400000, 0x000000064c800000|  0%| F|  |TAMS 0x000000064c400000, 0x000000064c400000| Untracked 
| 306|0x000000064c800000, 0x000000064c800000, 0x000000064cc00000|  0%| F|  |TAMS 0x000000064c800000, 0x000000064c800000| Untracked 
| 307|0x000000064cc00000, 0x000000064cc00000, 0x000000064d000000|  0%| F|  |TAMS 0x000000064cc00000, 0x000000064cc00000| Untracked 
| 308|0x000000064d000000, 0x000000064d000000, 0x000000064d400000|  0%| F|  |TAMS 0x000000064d000000, 0x000000064d000000| Untracked 
| 309|0x000000064d400000, 0x000000064d400000, 0x000000064d800000|  0%| F|  |TAMS 0x000000064d400000, 0x000000064d400000| Untracked 
| 310|0x000000064d800000, 0x000000064d800000, 0x000000064dc00000|  0%| F|  |TAMS 0x000000064d800000, 0x000000064d800000| Untracked 
| 311|0x000000064dc00000, 0x000000064dc00000, 0x000000064e000000|  0%| F|  |TAMS 0x000000064dc00000, 0x000000064dc00000| Untracked 
| 312|0x000000064e000000, 0x000000064e000000, 0x000000064e400000|  0%| F|  |TAMS 0x000000064e000000, 0x000000064e000000| Untracked 
| 313|0x000000064e400000, 0x000000064e400000, 0x000000064e800000|  0%| F|  |TAMS 0x000000064e400000, 0x000000064e400000| Untracked 
| 314|0x000000064e800000, 0x000000064e800000, 0x000000064ec00000|  0%| F|  |TAMS 0x000000064e800000, 0x000000064e800000| Untracked 
| 315|0x000000064ec00000, 0x000000064ec00000, 0x000000064f000000|  0%| F|  |TAMS 0x000000064ec00000, 0x000000064ec00000| Untracked 
| 316|0x000000064f000000, 0x000000064f000000, 0x000000064f400000|  0%| F|  |TAMS 0x000000064f000000, 0x000000064f000000| Untracked 
| 317|0x000000064f400000, 0x000000064f400000, 0x000000064f800000|  0%| F|  |TAMS 0x000000064f400000, 0x000000064f400000| Untracked 
| 318|0x000000064f800000, 0x000000064f800000, 0x000000064fc00000|  0%| F|  |TAMS 0x000000064f800000, 0x000000064f800000| Untracked 
| 319|0x000000064fc00000, 0x000000064fc00000, 0x0000000650000000|  0%| F|  |TAMS 0x000000064fc00000, 0x000000064fc00000| Untracked 
| 320|0x0000000650000000, 0x0000000650000000, 0x0000000650400000|  0%| F|  |TAMS 0x0000000650000000, 0x0000000650000000| Untracked 
| 321|0x0000000650400000, 0x0000000650400000, 0x0000000650800000|  0%| F|  |TAMS 0x0000000650400000, 0x0000000650400000| Untracked 
| 322|0x0000000650800000, 0x0000000650800000, 0x0000000650c00000|  0%| F|  |TAMS 0x0000000650800000, 0x0000000650800000| Untracked 
| 323|0x0000000650c00000, 0x0000000650c00000, 0x0000000651000000|  0%| F|  |TAMS 0x0000000650c00000, 0x0000000650c00000| Untracked 
| 324|0x0000000651000000, 0x0000000651000000, 0x0000000651400000|  0%| F|  |TAMS 0x0000000651000000, 0x0000000651000000| Untracked 
| 325|0x0000000651400000, 0x0000000651400000, 0x0000000651800000|  0%| F|  |TAMS 0x0000000651400000, 0x0000000651400000| Untracked 
| 326|0x0000000651800000, 0x0000000651800000, 0x0000000651c00000|  0%| F|  |TAMS 0x0000000651800000, 0x0000000651800000| Untracked 
| 327|0x0000000651c00000, 0x0000000651c00000, 0x0000000652000000|  0%| F|  |TAMS 0x0000000651c00000, 0x0000000651c00000| Untracked 
| 328|0x0000000652000000, 0x0000000652000000, 0x0000000652400000|  0%| F|  |TAMS 0x0000000652000000, 0x0000000652000000| Untracked 
| 329|0x0000000652400000, 0x0000000652400000, 0x0000000652800000|  0%| F|  |TAMS 0x0000000652400000, 0x0000000652400000| Untracked 
| 330|0x0000000652800000, 0x0000000652800000, 0x0000000652c00000|  0%| F|  |TAMS 0x0000000652800000, 0x0000000652800000| Untracked 
| 331|0x0000000652c00000, 0x0000000652c00000, 0x0000000653000000|  0%| F|  |TAMS 0x0000000652c00000, 0x0000000652c00000| Untracked 
| 332|0x0000000653000000, 0x0000000653000000, 0x0000000653400000|  0%| F|  |TAMS 0x0000000653000000, 0x0000000653000000| Untracked 
| 333|0x0000000653400000, 0x0000000653400000, 0x0000000653800000|  0%| F|  |TAMS 0x0000000653400000, 0x0000000653400000| Untracked 
| 334|0x0000000653800000, 0x0000000653800000, 0x0000000653c00000|  0%| F|  |TAMS 0x0000000653800000, 0x0000000653800000| Untracked 
| 335|0x0000000653c00000, 0x0000000653c00000, 0x0000000654000000|  0%| F|  |TAMS 0x0000000653c00000, 0x0000000653c00000| Untracked 
| 336|0x0000000654000000, 0x0000000654000000, 0x0000000654400000|  0%| F|  |TAMS 0x0000000654000000, 0x0000000654000000| Untracked 
| 337|0x0000000654400000, 0x0000000654400000, 0x0000000654800000|  0%| F|  |TAMS 0x0000000654400000, 0x0000000654400000| Untracked 
| 338|0x0000000654800000, 0x0000000654800000, 0x0000000654c00000|  0%| F|  |TAMS 0x0000000654800000, 0x0000000654800000| Untracked 
| 339|0x0000000654c00000, 0x0000000654c00000, 0x0000000655000000|  0%| F|  |TAMS 0x0000000654c00000, 0x0000000654c00000| Untracked 
| 340|0x0000000655000000, 0x0000000655000000, 0x0000000655400000|  0%| F|  |TAMS 0x0000000655000000, 0x0000000655000000| Untracked 
| 341|0x0000000655400000, 0x0000000655400000, 0x0000000655800000|  0%| F|  |TAMS 0x0000000655400000, 0x0000000655400000| Untracked 
| 342|0x0000000655800000, 0x0000000655800000, 0x0000000655c00000|  0%| F|  |TAMS 0x0000000655800000, 0x0000000655800000| Untracked 
| 343|0x0000000655c00000, 0x0000000655c00000, 0x0000000656000000|  0%| F|  |TAMS 0x0000000655c00000, 0x0000000655c00000| Untracked 
| 344|0x0000000656000000, 0x0000000656000000, 0x0000000656400000|  0%| F|  |TAMS 0x0000000656000000, 0x0000000656000000| Untracked 
| 345|0x0000000656400000, 0x0000000656400000, 0x0000000656800000|  0%| F|  |TAMS 0x0000000656400000, 0x0000000656400000| Untracked 
| 346|0x0000000656800000, 0x0000000656800000, 0x0000000656c00000|  0%| F|  |TAMS 0x0000000656800000, 0x0000000656800000| Untracked 
| 347|0x0000000656c00000, 0x0000000656c00000, 0x0000000657000000|  0%| F|  |TAMS 0x0000000656c00000, 0x0000000656c00000| Untracked 
| 348|0x0000000657000000, 0x0000000657000000, 0x0000000657400000|  0%| F|  |TAMS 0x0000000657000000, 0x0000000657000000| Untracked 
| 349|0x0000000657400000, 0x0000000657400000, 0x0000000657800000|  0%| F|  |TAMS 0x0000000657400000, 0x0000000657400000| Untracked 
| 350|0x0000000657800000, 0x0000000657800000, 0x0000000657c00000|  0%| F|  |TAMS 0x0000000657800000, 0x0000000657800000| Untracked 
| 351|0x0000000657c00000, 0x0000000657c00000, 0x0000000658000000|  0%| F|  |TAMS 0x0000000657c00000, 0x0000000657c00000| Untracked 
| 352|0x0000000658000000, 0x0000000658000000, 0x0000000658400000|  0%| F|  |TAMS 0x0000000658000000, 0x0000000658000000| Untracked 
| 353|0x0000000658400000, 0x0000000658400000, 0x0000000658800000|  0%| F|  |TAMS 0x0000000658400000, 0x0000000658400000| Untracked 
| 354|0x0000000658800000, 0x0000000658800000, 0x0000000658c00000|  0%| F|  |TAMS 0x0000000658800000, 0x0000000658800000| Untracked 
| 355|0x0000000658c00000, 0x0000000658c00000, 0x0000000659000000|  0%| F|  |TAMS 0x0000000658c00000, 0x0000000658c00000| Untracked 
| 356|0x0000000659000000, 0x0000000659000000, 0x0000000659400000|  0%| F|  |TAMS 0x0000000659000000, 0x0000000659000000| Untracked 
| 357|0x0000000659400000, 0x0000000659400000, 0x0000000659800000|  0%| F|  |TAMS 0x0000000659400000, 0x0000000659400000| Untracked 
| 358|0x0000000659800000, 0x0000000659800000, 0x0000000659c00000|  0%| F|  |TAMS 0x0000000659800000, 0x0000000659800000| Untracked 
| 359|0x0000000659c00000, 0x0000000659c00000, 0x000000065a000000|  0%| F|  |TAMS 0x0000000659c00000, 0x0000000659c00000| Untracked 
| 360|0x000000065a000000, 0x000000065a000000, 0x000000065a400000|  0%| F|  |TAMS 0x000000065a000000, 0x000000065a000000| Untracked 
| 361|0x000000065a400000, 0x000000065a400000, 0x000000065a800000|  0%| F|  |TAMS 0x000000065a400000, 0x000000065a400000| Untracked 
| 362|0x000000065a800000, 0x000000065a800000, 0x000000065ac00000|  0%| F|  |TAMS 0x000000065a800000, 0x000000065a800000| Untracked 
| 363|0x000000065ac00000, 0x000000065ac00000, 0x000000065b000000|  0%| F|  |TAMS 0x000000065ac00000, 0x000000065ac00000| Untracked 
| 364|0x000000065b000000, 0x000000065b000000, 0x000000065b400000|  0%| F|  |TAMS 0x000000065b000000, 0x000000065b000000| Untracked 
| 365|0x000000065b400000, 0x000000065b400000, 0x000000065b800000|  0%| F|  |TAMS 0x000000065b400000, 0x000000065b400000| Untracked 
| 366|0x000000065b800000, 0x000000065b800000, 0x000000065bc00000|  0%| F|  |TAMS 0x000000065b800000, 0x000000065b800000| Untracked 
| 367|0x000000065bc00000, 0x000000065bc00000, 0x000000065c000000|  0%| F|  |TAMS 0x000000065bc00000, 0x000000065bc00000| Untracked 
| 368|0x000000065c000000, 0x000000065c000000, 0x000000065c400000|  0%| F|  |TAMS 0x000000065c000000, 0x000000065c000000| Untracked 
| 369|0x000000065c400000, 0x000000065c400000, 0x000000065c800000|  0%| F|  |TAMS 0x000000065c400000, 0x000000065c400000| Untracked 
| 370|0x000000065c800000, 0x000000065c800000, 0x000000065cc00000|  0%| F|  |TAMS 0x000000065c800000, 0x000000065c800000| Untracked 
| 371|0x000000065cc00000, 0x000000065cc00000, 0x000000065d000000|  0%| F|  |TAMS 0x000000065cc00000, 0x000000065cc00000| Untracked 
| 372|0x000000065d000000, 0x000000065d000000, 0x000000065d400000|  0%| F|  |TAMS 0x000000065d000000, 0x000000065d000000| Untracked 
| 373|0x000000065d400000, 0x000000065d400000, 0x000000065d800000|  0%| F|  |TAMS 0x000000065d400000, 0x000000065d400000| Untracked 
| 374|0x000000065d800000, 0x000000065d800000, 0x000000065dc00000|  0%| F|  |TAMS 0x000000065d800000, 0x000000065d800000| Untracked 
| 375|0x000000065dc00000, 0x000000065dc00000, 0x000000065e000000|  0%| F|  |TAMS 0x000000065dc00000, 0x000000065dc00000| Untracked 
| 376|0x000000065e000000, 0x000000065e000000, 0x000000065e400000|  0%| F|  |TAMS 0x000000065e000000, 0x000000065e000000| Untracked 
| 377|0x000000065e400000, 0x000000065e400000, 0x000000065e800000|  0%| F|  |TAMS 0x000000065e400000, 0x000000065e400000| Untracked 
| 378|0x000000065e800000, 0x000000065e800000, 0x000000065ec00000|  0%| F|  |TAMS 0x000000065e800000, 0x000000065e800000| Untracked 
| 379|0x000000065ec00000, 0x000000065ec00000, 0x000000065f000000|  0%| F|  |TAMS 0x000000065ec00000, 0x000000065ec00000| Untracked 
| 380|0x000000065f000000, 0x000000065f000000, 0x000000065f400000|  0%| F|  |TAMS 0x000000065f000000, 0x000000065f000000| Untracked 
| 381|0x000000065f400000, 0x000000065f400000, 0x000000065f800000|  0%| F|  |TAMS 0x000000065f400000, 0x000000065f400000| Untracked 
| 382|0x000000065f800000, 0x000000065f800000, 0x000000065fc00000|  0%| F|  |TAMS 0x000000065f800000, 0x000000065f800000| Untracked 
| 383|0x000000065fc00000, 0x000000065fc00000, 0x0000000660000000|  0%| F|  |TAMS 0x000000065fc00000, 0x000000065fc00000| Untracked 
| 384|0x0000000660000000, 0x0000000660000000, 0x0000000660400000|  0%| F|  |TAMS 0x0000000660000000, 0x0000000660000000| Untracked 
| 385|0x0000000660400000, 0x0000000660400000, 0x0000000660800000|  0%| F|  |TAMS 0x0000000660400000, 0x0000000660400000| Untracked 
| 386|0x0000000660800000, 0x0000000660800000, 0x0000000660c00000|  0%| F|  |TAMS 0x0000000660800000, 0x0000000660800000| Untracked 
| 387|0x0000000660c00000, 0x0000000660c00000, 0x0000000661000000|  0%| F|  |TAMS 0x0000000660c00000, 0x0000000660c00000| Untracked 
| 388|0x0000000661000000, 0x0000000661000000, 0x0000000661400000|  0%| F|  |TAMS 0x0000000661000000, 0x0000000661000000| Untracked 
| 389|0x0000000661400000, 0x0000000661400000, 0x0000000661800000|  0%| F|  |TAMS 0x0000000661400000, 0x0000000661400000| Untracked 
| 390|0x0000000661800000, 0x0000000661800000, 0x0000000661c00000|  0%| F|  |TAMS 0x0000000661800000, 0x0000000661800000| Untracked 
| 391|0x0000000661c00000, 0x0000000661c00000, 0x0000000662000000|  0%| F|  |TAMS 0x0000000661c00000, 0x0000000661c00000| Untracked 
| 392|0x0000000662000000, 0x0000000662000000, 0x0000000662400000|  0%| F|  |TAMS 0x0000000662000000, 0x0000000662000000| Untracked 
| 393|0x0000000662400000, 0x0000000662400000, 0x0000000662800000|  0%| F|  |TAMS 0x0000000662400000, 0x0000000662400000| Untracked 
| 394|0x0000000662800000, 0x0000000662800000, 0x0000000662c00000|  0%| F|  |TAMS 0x0000000662800000, 0x0000000662800000| Untracked 
| 395|0x0000000662c00000, 0x0000000662c00000, 0x0000000663000000|  0%| F|  |TAMS 0x0000000662c00000, 0x0000000662c00000| Untracked 
| 396|0x0000000663000000, 0x0000000663000000, 0x0000000663400000|  0%| F|  |TAMS 0x0000000663000000, 0x0000000663000000| Untracked 
| 397|0x0000000663400000, 0x0000000663400000, 0x0000000663800000|  0%| F|  |TAMS 0x0000000663400000, 0x0000000663400000| Untracked 
| 398|0x0000000663800000, 0x0000000663800000, 0x0000000663c00000|  0%| F|  |TAMS 0x0000000663800000, 0x0000000663800000| Untracked 
| 399|0x0000000663c00000, 0x0000000663c00000, 0x0000000664000000|  0%| F|  |TAMS 0x0000000663c00000, 0x0000000663c00000| Untracked 
| 400|0x0000000664000000, 0x0000000664000000, 0x0000000664400000|  0%| F|  |TAMS 0x0000000664000000, 0x0000000664000000| Untracked 
| 401|0x0000000664400000, 0x0000000664400000, 0x0000000664800000|  0%| F|  |TAMS 0x0000000664400000, 0x0000000664400000| Untracked 
| 402|0x0000000664800000, 0x0000000664800000, 0x0000000664c00000|  0%| F|  |TAMS 0x0000000664800000, 0x0000000664800000| Untracked 
| 403|0x0000000664c00000, 0x0000000664c00000, 0x0000000665000000|  0%| F|  |TAMS 0x0000000664c00000, 0x0000000664c00000| Untracked 
| 404|0x0000000665000000, 0x0000000665000000, 0x0000000665400000|  0%| F|  |TAMS 0x0000000665000000, 0x0000000665000000| Untracked 
| 405|0x0000000665400000, 0x0000000665400000, 0x0000000665800000|  0%| F|  |TAMS 0x0000000665400000, 0x0000000665400000| Untracked 
| 406|0x0000000665800000, 0x0000000665800000, 0x0000000665c00000|  0%| F|  |TAMS 0x0000000665800000, 0x0000000665800000| Untracked 
| 407|0x0000000665c00000, 0x0000000665c00000, 0x0000000666000000|  0%| F|  |TAMS 0x0000000665c00000, 0x0000000665c00000| Untracked 
| 408|0x0000000666000000, 0x0000000666000000, 0x0000000666400000|  0%| F|  |TAMS 0x0000000666000000, 0x0000000666000000| Untracked 
| 409|0x0000000666400000, 0x0000000666400000, 0x0000000666800000|  0%| F|  |TAMS 0x0000000666400000, 0x0000000666400000| Untracked 
| 410|0x0000000666800000, 0x0000000666800000, 0x0000000666c00000|  0%| F|  |TAMS 0x0000000666800000, 0x0000000666800000| Untracked 
| 411|0x0000000666c00000, 0x0000000666c00000, 0x0000000667000000|  0%| F|  |TAMS 0x0000000666c00000, 0x0000000666c00000| Untracked 
| 412|0x0000000667000000, 0x0000000667000000, 0x0000000667400000|  0%| F|  |TAMS 0x0000000667000000, 0x0000000667000000| Untracked 
| 413|0x0000000667400000, 0x0000000667400000, 0x0000000667800000|  0%| F|  |TAMS 0x0000000667400000, 0x0000000667400000| Untracked 
| 414|0x0000000667800000, 0x0000000667800000, 0x0000000667c00000|  0%| F|  |TAMS 0x0000000667800000, 0x0000000667800000| Untracked 
| 415|0x0000000667c00000, 0x0000000667c00000, 0x0000000668000000|  0%| F|  |TAMS 0x0000000667c00000, 0x0000000667c00000| Untracked 
| 416|0x0000000668000000, 0x0000000668000000, 0x0000000668400000|  0%| F|  |TAMS 0x0000000668000000, 0x0000000668000000| Untracked 
| 417|0x0000000668400000, 0x0000000668400000, 0x0000000668800000|  0%| F|  |TAMS 0x0000000668400000, 0x0000000668400000| Untracked 
| 418|0x0000000668800000, 0x0000000668800000, 0x0000000668c00000|  0%| F|  |TAMS 0x0000000668800000, 0x0000000668800000| Untracked 
| 419|0x0000000668c00000, 0x0000000668c00000, 0x0000000669000000|  0%| F|  |TAMS 0x0000000668c00000, 0x0000000668c00000| Untracked 
| 420|0x0000000669000000, 0x0000000669000000, 0x0000000669400000|  0%| F|  |TAMS 0x0000000669000000, 0x0000000669000000| Untracked 
| 421|0x0000000669400000, 0x0000000669400000, 0x0000000669800000|  0%| F|  |TAMS 0x0000000669400000, 0x0000000669400000| Untracked 
| 422|0x0000000669800000, 0x0000000669800000, 0x0000000669c00000|  0%| F|  |TAMS 0x0000000669800000, 0x0000000669800000| Untracked 
| 423|0x0000000669c00000, 0x0000000669c00000, 0x000000066a000000|  0%| F|  |TAMS 0x0000000669c00000, 0x0000000669c00000| Untracked 
| 424|0x000000066a000000, 0x000000066a000000, 0x000000066a400000|  0%| F|  |TAMS 0x000000066a000000, 0x000000066a000000| Untracked 
| 425|0x000000066a400000, 0x000000066a400000, 0x000000066a800000|  0%| F|  |TAMS 0x000000066a400000, 0x000000066a400000| Untracked 
| 426|0x000000066a800000, 0x000000066a800000, 0x000000066ac00000|  0%| F|  |TAMS 0x000000066a800000, 0x000000066a800000| Untracked 
| 427|0x000000066ac00000, 0x000000066ac00000, 0x000000066b000000|  0%| F|  |TAMS 0x000000066ac00000, 0x000000066ac00000| Untracked 
| 428|0x000000066b000000, 0x000000066b000000, 0x000000066b400000|  0%| F|  |TAMS 0x000000066b000000, 0x000000066b000000| Untracked 
| 429|0x000000066b400000, 0x000000066b400000, 0x000000066b800000|  0%| F|  |TAMS 0x000000066b400000, 0x000000066b400000| Untracked 
| 430|0x000000066b800000, 0x000000066b800000, 0x000000066bc00000|  0%| F|  |TAMS 0x000000066b800000, 0x000000066b800000| Untracked 
| 431|0x000000066bc00000, 0x000000066bc00000, 0x000000066c000000|  0%| F|  |TAMS 0x000000066bc00000, 0x000000066bc00000| Untracked 
| 432|0x000000066c000000, 0x000000066c000000, 0x000000066c400000|  0%| F|  |TAMS 0x000000066c000000, 0x000000066c000000| Untracked 
| 433|0x000000066c400000, 0x000000066c400000, 0x000000066c800000|  0%| F|  |TAMS 0x000000066c400000, 0x000000066c400000| Untracked 
| 434|0x000000066c800000, 0x000000066c800000, 0x000000066cc00000|  0%| F|  |TAMS 0x000000066c800000, 0x000000066c800000| Untracked 
| 435|0x000000066cc00000, 0x000000066cc00000, 0x000000066d000000|  0%| F|  |TAMS 0x000000066cc00000, 0x000000066cc00000| Untracked 
| 436|0x000000066d000000, 0x000000066d000000, 0x000000066d400000|  0%| F|  |TAMS 0x000000066d000000, 0x000000066d000000| Untracked 
| 437|0x000000066d400000, 0x000000066d400000, 0x000000066d800000|  0%| F|  |TAMS 0x000000066d400000, 0x000000066d400000| Untracked 
| 438|0x000000066d800000, 0x000000066d800000, 0x000000066dc00000|  0%| F|  |TAMS 0x000000066d800000, 0x000000066d800000| Untracked 
| 439|0x000000066dc00000, 0x000000066dc00000, 0x000000066e000000|  0%| F|  |TAMS 0x000000066dc00000, 0x000000066dc00000| Untracked 
| 440|0x000000066e000000, 0x000000066e000000, 0x000000066e400000|  0%| F|  |TAMS 0x000000066e000000, 0x000000066e000000| Untracked 
| 441|0x000000066e400000, 0x000000066e400000, 0x000000066e800000|  0%| F|  |TAMS 0x000000066e400000, 0x000000066e400000| Untracked 
| 442|0x000000066e800000, 0x000000066e800000, 0x000000066ec00000|  0%| F|  |TAMS 0x000000066e800000, 0x000000066e800000| Untracked 
| 443|0x000000066ec00000, 0x000000066ec00000, 0x000000066f000000|  0%| F|  |TAMS 0x000000066ec00000, 0x000000066ec00000| Untracked 
| 444|0x000000066f000000, 0x000000066f000000, 0x000000066f400000|  0%| F|  |TAMS 0x000000066f000000, 0x000000066f000000| Untracked 
| 445|0x000000066f400000, 0x000000066f400000, 0x000000066f800000|  0%| F|  |TAMS 0x000000066f400000, 0x000000066f400000| Untracked 
| 446|0x000000066f800000, 0x000000066f800000, 0x000000066fc00000|  0%| F|  |TAMS 0x000000066f800000, 0x000000066f800000| Untracked 
| 447|0x000000066fc00000, 0x000000066fc00000, 0x0000000670000000|  0%| F|  |TAMS 0x000000066fc00000, 0x000000066fc00000| Untracked 
| 448|0x0000000670000000, 0x0000000670000000, 0x0000000670400000|  0%| F|  |TAMS 0x0000000670000000, 0x0000000670000000| Untracked 
| 449|0x0000000670400000, 0x0000000670400000, 0x0000000670800000|  0%| F|  |TAMS 0x0000000670400000, 0x0000000670400000| Untracked 
| 450|0x0000000670800000, 0x0000000670800000, 0x0000000670c00000|  0%| F|  |TAMS 0x0000000670800000, 0x0000000670800000| Untracked 
| 451|0x0000000670c00000, 0x0000000670c00000, 0x0000000671000000|  0%| F|  |TAMS 0x0000000670c00000, 0x0000000670c00000| Untracked 
| 452|0x0000000671000000, 0x0000000671000000, 0x0000000671400000|  0%| F|  |TAMS 0x0000000671000000, 0x0000000671000000| Untracked 
| 453|0x0000000671400000, 0x0000000671400000, 0x0000000671800000|  0%| F|  |TAMS 0x0000000671400000, 0x0000000671400000| Untracked 
| 454|0x0000000671800000, 0x0000000671800000, 0x0000000671c00000|  0%| F|  |TAMS 0x0000000671800000, 0x0000000671800000| Untracked 
| 455|0x0000000671c00000, 0x0000000671c00000, 0x0000000672000000|  0%| F|  |TAMS 0x0000000671c00000, 0x0000000671c00000| Untracked 
| 456|0x0000000672000000, 0x0000000672000000, 0x0000000672400000|  0%| F|  |TAMS 0x0000000672000000, 0x0000000672000000| Untracked 
| 457|0x0000000672400000, 0x0000000672400000, 0x0000000672800000|  0%| F|  |TAMS 0x0000000672400000, 0x0000000672400000| Untracked 
| 458|0x0000000672800000, 0x0000000672800000, 0x0000000672c00000|  0%| F|  |TAMS 0x0000000672800000, 0x0000000672800000| Untracked 
| 459|0x0000000672c00000, 0x0000000672c00000, 0x0000000673000000|  0%| F|  |TAMS 0x0000000672c00000, 0x0000000672c00000| Untracked 
| 460|0x0000000673000000, 0x0000000673000000, 0x0000000673400000|  0%| F|  |TAMS 0x0000000673000000, 0x0000000673000000| Untracked 
| 461|0x0000000673400000, 0x0000000673400000, 0x0000000673800000|  0%| F|  |TAMS 0x0000000673400000, 0x0000000673400000| Untracked 
| 462|0x0000000673800000, 0x0000000673800000, 0x0000000673c00000|  0%| F|  |TAMS 0x0000000673800000, 0x0000000673800000| Untracked 
| 463|0x0000000673c00000, 0x0000000673c00000, 0x0000000674000000|  0%| F|  |TAMS 0x0000000673c00000, 0x0000000673c00000| Untracked 
| 464|0x0000000674000000, 0x0000000674000000, 0x0000000674400000|  0%| F|  |TAMS 0x0000000674000000, 0x0000000674000000| Untracked 
| 465|0x0000000674400000, 0x0000000674400000, 0x0000000674800000|  0%| F|  |TAMS 0x0000000674400000, 0x0000000674400000| Untracked 
| 466|0x0000000674800000, 0x0000000674800000, 0x0000000674c00000|  0%| F|  |TAMS 0x0000000674800000, 0x0000000674800000| Untracked 
| 467|0x0000000674c00000, 0x0000000674c00000, 0x0000000675000000|  0%| F|  |TAMS 0x0000000674c00000, 0x0000000674c00000| Untracked 
| 468|0x0000000675000000, 0x0000000675000000, 0x0000000675400000|  0%| F|  |TAMS 0x0000000675000000, 0x0000000675000000| Untracked 
| 469|0x0000000675400000, 0x0000000675400000, 0x0000000675800000|  0%| F|  |TAMS 0x0000000675400000, 0x0000000675400000| Untracked 
| 470|0x0000000675800000, 0x0000000675800000, 0x0000000675c00000|  0%| F|  |TAMS 0x0000000675800000, 0x0000000675800000| Untracked 
| 471|0x0000000675c00000, 0x0000000675c00000, 0x0000000676000000|  0%| F|  |TAMS 0x0000000675c00000, 0x0000000675c00000| Untracked 
| 472|0x0000000676000000, 0x0000000676000000, 0x0000000676400000|  0%| F|  |TAMS 0x0000000676000000, 0x0000000676000000| Untracked 
| 473|0x0000000676400000, 0x0000000676400000, 0x0000000676800000|  0%| F|  |TAMS 0x0000000676400000, 0x0000000676400000| Untracked 
| 474|0x0000000676800000, 0x0000000676800000, 0x0000000676c00000|  0%| F|  |TAMS 0x0000000676800000, 0x0000000676800000| Untracked 
| 475|0x0000000676c00000, 0x0000000676c00000, 0x0000000677000000|  0%| F|  |TAMS 0x0000000676c00000, 0x0000000676c00000| Untracked 
| 476|0x0000000677000000, 0x0000000677000000, 0x0000000677400000|  0%| F|  |TAMS 0x0000000677000000, 0x0000000677000000| Untracked 
| 477|0x0000000677400000, 0x0000000677400000, 0x0000000677800000|  0%| F|  |TAMS 0x0000000677400000, 0x0000000677400000| Untracked 
| 478|0x0000000677800000, 0x0000000677800000, 0x0000000677c00000|  0%| F|  |TAMS 0x0000000677800000, 0x0000000677800000| Untracked 
| 479|0x0000000677c00000, 0x0000000677c00000, 0x0000000678000000|  0%| F|  |TAMS 0x0000000677c00000, 0x0000000677c00000| Untracked 
| 480|0x0000000678000000, 0x0000000678000000, 0x0000000678400000|  0%| F|  |TAMS 0x0000000678000000, 0x0000000678000000| Untracked 
| 481|0x0000000678400000, 0x0000000678400000, 0x0000000678800000|  0%| F|  |TAMS 0x0000000678400000, 0x0000000678400000| Untracked 
| 482|0x0000000678800000, 0x0000000678800000, 0x0000000678c00000|  0%| F|  |TAMS 0x0000000678800000, 0x0000000678800000| Untracked 
| 483|0x0000000678c00000, 0x0000000678c00000, 0x0000000679000000|  0%| F|  |TAMS 0x0000000678c00000, 0x0000000678c00000| Untracked 
| 484|0x0000000679000000, 0x0000000679000000, 0x0000000679400000|  0%| F|  |TAMS 0x0000000679000000, 0x0000000679000000| Untracked 
| 485|0x0000000679400000, 0x0000000679400000, 0x0000000679800000|  0%| F|  |TAMS 0x0000000679400000, 0x0000000679400000| Untracked 
| 486|0x0000000679800000, 0x0000000679800000, 0x0000000679c00000|  0%| F|  |TAMS 0x0000000679800000, 0x0000000679800000| Untracked 
| 487|0x0000000679c00000, 0x0000000679c00000, 0x000000067a000000|  0%| F|  |TAMS 0x0000000679c00000, 0x0000000679c00000| Untracked 
| 488|0x000000067a000000, 0x000000067a000000, 0x000000067a400000|  0%| F|  |TAMS 0x000000067a000000, 0x000000067a000000| Untracked 
| 489|0x000000067a400000, 0x000000067a400000, 0x000000067a800000|  0%| F|  |TAMS 0x000000067a400000, 0x000000067a400000| Untracked 
| 490|0x000000067a800000, 0x000000067a800000, 0x000000067ac00000|  0%| F|  |TAMS 0x000000067a800000, 0x000000067a800000| Untracked 
| 491|0x000000067ac00000, 0x000000067ac00000, 0x000000067b000000|  0%| F|  |TAMS 0x000000067ac00000, 0x000000067ac00000| Untracked 
| 492|0x000000067b000000, 0x000000067b000000, 0x000000067b400000|  0%| F|  |TAMS 0x000000067b000000, 0x000000067b000000| Untracked 
| 493|0x000000067b400000, 0x000000067b400000, 0x000000067b800000|  0%| F|  |TAMS 0x000000067b400000, 0x000000067b400000| Untracked 
| 494|0x000000067b800000, 0x000000067b800000, 0x000000067bc00000|  0%| F|  |TAMS 0x000000067b800000, 0x000000067b800000| Untracked 
| 495|0x000000067bc00000, 0x000000067bc00000, 0x000000067c000000|  0%| F|  |TAMS 0x000000067bc00000, 0x000000067bc00000| Untracked 
| 496|0x000000067c000000, 0x000000067c000000, 0x000000067c400000|  0%| F|  |TAMS 0x000000067c000000, 0x000000067c000000| Untracked 
| 497|0x000000067c400000, 0x000000067c400000, 0x000000067c800000|  0%| F|  |TAMS 0x000000067c400000, 0x000000067c400000| Untracked 
| 498|0x000000067c800000, 0x000000067c800000, 0x000000067cc00000|  0%| F|  |TAMS 0x000000067c800000, 0x000000067c800000| Untracked 
| 499|0x000000067cc00000, 0x000000067cc00000, 0x000000067d000000|  0%| F|  |TAMS 0x000000067cc00000, 0x000000067cc00000| Untracked 
| 500|0x000000067d000000, 0x000000067d000000, 0x000000067d400000|  0%| F|  |TAMS 0x000000067d000000, 0x000000067d000000| Untracked 
| 501|0x000000067d400000, 0x000000067d400000, 0x000000067d800000|  0%| F|  |TAMS 0x000000067d400000, 0x000000067d400000| Untracked 
| 502|0x000000067d800000, 0x000000067d800000, 0x000000067dc00000|  0%| F|  |TAMS 0x000000067d800000, 0x000000067d800000| Untracked 
| 503|0x000000067dc00000, 0x000000067dc00000, 0x000000067e000000|  0%| F|  |TAMS 0x000000067dc00000, 0x000000067dc00000| Untracked 
| 504|0x000000067e000000, 0x000000067e000000, 0x000000067e400000|  0%| F|  |TAMS 0x000000067e000000, 0x000000067e000000| Untracked 
| 505|0x000000067e400000, 0x000000067e400000, 0x000000067e800000|  0%| F|  |TAMS 0x000000067e400000, 0x000000067e400000| Untracked 
| 506|0x000000067e800000, 0x000000067e800000, 0x000000067ec00000|  0%| F|  |TAMS 0x000000067e800000, 0x000000067e800000| Untracked 
| 507|0x000000067ec00000, 0x000000067ec00000, 0x000000067f000000|  0%| F|  |TAMS 0x000000067ec00000, 0x000000067ec00000| Untracked 
| 508|0x000000067f000000, 0x000000067f000000, 0x000000067f400000|  0%| F|  |TAMS 0x000000067f000000, 0x000000067f000000| Untracked 
| 509|0x000000067f400000, 0x000000067f400000, 0x000000067f800000|  0%| F|  |TAMS 0x000000067f400000, 0x000000067f400000| Untracked 
| 510|0x000000067f800000, 0x000000067f800000, 0x000000067fc00000|  0%| F|  |TAMS 0x000000067f800000, 0x000000067f800000| Untracked 
| 511|0x000000067fc00000, 0x000000067fc00000, 0x0000000680000000|  0%| F|  |TAMS 0x000000067fc00000, 0x000000067fc00000| Untracked 
| 512|0x0000000680000000, 0x0000000680000000, 0x0000000680400000|  0%| F|  |TAMS 0x0000000680000000, 0x0000000680000000| Untracked 
| 513|0x0000000680400000, 0x0000000680400000, 0x0000000680800000|  0%| F|  |TAMS 0x0000000680400000, 0x0000000680400000| Untracked 
| 514|0x0000000680800000, 0x0000000680800000, 0x0000000680c00000|  0%| F|  |TAMS 0x0000000680800000, 0x0000000680800000| Untracked 
| 515|0x0000000680c00000, 0x0000000680c00000, 0x0000000681000000|  0%| F|  |TAMS 0x0000000680c00000, 0x0000000680c00000| Untracked 
| 516|0x0000000681000000, 0x0000000681000000, 0x0000000681400000|  0%| F|  |TAMS 0x0000000681000000, 0x0000000681000000| Untracked 
| 517|0x0000000681400000, 0x0000000681400000, 0x0000000681800000|  0%| F|  |TAMS 0x0000000681400000, 0x0000000681400000| Untracked 
| 518|0x0000000681800000, 0x0000000681800000, 0x0000000681c00000|  0%| F|  |TAMS 0x0000000681800000, 0x0000000681800000| Untracked 
| 519|0x0000000681c00000, 0x0000000681c00000, 0x0000000682000000|  0%| F|  |TAMS 0x0000000681c00000, 0x0000000681c00000| Untracked 
| 520|0x0000000682000000, 0x0000000682000000, 0x0000000682400000|  0%| F|  |TAMS 0x0000000682000000, 0x0000000682000000| Untracked 
| 521|0x0000000682400000, 0x0000000682400000, 0x0000000682800000|  0%| F|  |TAMS 0x0000000682400000, 0x0000000682400000| Untracked 
| 522|0x0000000682800000, 0x0000000682800000, 0x0000000682c00000|  0%| F|  |TAMS 0x0000000682800000, 0x0000000682800000| Untracked 
| 523|0x0000000682c00000, 0x0000000682c00000, 0x0000000683000000|  0%| F|  |TAMS 0x0000000682c00000, 0x0000000682c00000| Untracked 
| 524|0x0000000683000000, 0x0000000683000000, 0x0000000683400000|  0%| F|  |TAMS 0x0000000683000000, 0x0000000683000000| Untracked 
| 525|0x0000000683400000, 0x0000000683400000, 0x0000000683800000|  0%| F|  |TAMS 0x0000000683400000, 0x0000000683400000| Untracked 
| 526|0x0000000683800000, 0x0000000683800000, 0x0000000683c00000|  0%| F|  |TAMS 0x0000000683800000, 0x0000000683800000| Untracked 
| 527|0x0000000683c00000, 0x0000000683c00000, 0x0000000684000000|  0%| F|  |TAMS 0x0000000683c00000, 0x0000000683c00000| Untracked 
| 528|0x0000000684000000, 0x0000000684000000, 0x0000000684400000|  0%| F|  |TAMS 0x0000000684000000, 0x0000000684000000| Untracked 
| 529|0x0000000684400000, 0x0000000684400000, 0x0000000684800000|  0%| F|  |TAMS 0x0000000684400000, 0x0000000684400000| Untracked 
| 530|0x0000000684800000, 0x0000000684800000, 0x0000000684c00000|  0%| F|  |TAMS 0x0000000684800000, 0x0000000684800000| Untracked 
| 531|0x0000000684c00000, 0x0000000684c00000, 0x0000000685000000|  0%| F|  |TAMS 0x0000000684c00000, 0x0000000684c00000| Untracked 
| 532|0x0000000685000000, 0x0000000685000000, 0x0000000685400000|  0%| F|  |TAMS 0x0000000685000000, 0x0000000685000000| Untracked 
| 533|0x0000000685400000, 0x0000000685400000, 0x0000000685800000|  0%| F|  |TAMS 0x0000000685400000, 0x0000000685400000| Untracked 
| 534|0x0000000685800000, 0x0000000685800000, 0x0000000685c00000|  0%| F|  |TAMS 0x0000000685800000, 0x0000000685800000| Untracked 
| 535|0x0000000685c00000, 0x0000000685c00000, 0x0000000686000000|  0%| F|  |TAMS 0x0000000685c00000, 0x0000000685c00000| Untracked 
| 536|0x0000000686000000, 0x0000000686000000, 0x0000000686400000|  0%| F|  |TAMS 0x0000000686000000, 0x0000000686000000| Untracked 
| 537|0x0000000686400000, 0x0000000686400000, 0x0000000686800000|  0%| F|  |TAMS 0x0000000686400000, 0x0000000686400000| Untracked 
| 538|0x0000000686800000, 0x0000000686800000, 0x0000000686c00000|  0%| F|  |TAMS 0x0000000686800000, 0x0000000686800000| Untracked 
| 539|0x0000000686c00000, 0x0000000686c00000, 0x0000000687000000|  0%| F|  |TAMS 0x0000000686c00000, 0x0000000686c00000| Untracked 
| 540|0x0000000687000000, 0x0000000687000000, 0x0000000687400000|  0%| F|  |TAMS 0x0000000687000000, 0x0000000687000000| Untracked 
| 541|0x0000000687400000, 0x0000000687400000, 0x0000000687800000|  0%| F|  |TAMS 0x0000000687400000, 0x0000000687400000| Untracked 
| 542|0x0000000687800000, 0x0000000687800000, 0x0000000687c00000|  0%| F|  |TAMS 0x0000000687800000, 0x0000000687800000| Untracked 
| 543|0x0000000687c00000, 0x0000000687c00000, 0x0000000688000000|  0%| F|  |TAMS 0x0000000687c00000, 0x0000000687c00000| Untracked 
| 544|0x0000000688000000, 0x0000000688000000, 0x0000000688400000|  0%| F|  |TAMS 0x0000000688000000, 0x0000000688000000| Untracked 
| 545|0x0000000688400000, 0x0000000688400000, 0x0000000688800000|  0%| F|  |TAMS 0x0000000688400000, 0x0000000688400000| Untracked 
| 546|0x0000000688800000, 0x0000000688800000, 0x0000000688c00000|  0%| F|  |TAMS 0x0000000688800000, 0x0000000688800000| Untracked 
| 547|0x0000000688c00000, 0x0000000688c00000, 0x0000000689000000|  0%| F|  |TAMS 0x0000000688c00000, 0x0000000688c00000| Untracked 
| 548|0x0000000689000000, 0x0000000689000000, 0x0000000689400000|  0%| F|  |TAMS 0x0000000689000000, 0x0000000689000000| Untracked 
| 549|0x0000000689400000, 0x0000000689400000, 0x0000000689800000|  0%| F|  |TAMS 0x0000000689400000, 0x0000000689400000| Untracked 
| 550|0x0000000689800000, 0x0000000689800000, 0x0000000689c00000|  0%| F|  |TAMS 0x0000000689800000, 0x0000000689800000| Untracked 
| 551|0x0000000689c00000, 0x0000000689c00000, 0x000000068a000000|  0%| F|  |TAMS 0x0000000689c00000, 0x0000000689c00000| Untracked 
| 552|0x000000068a000000, 0x000000068a000000, 0x000000068a400000|  0%| F|  |TAMS 0x000000068a000000, 0x000000068a000000| Untracked 
| 553|0x000000068a400000, 0x000000068a400000, 0x000000068a800000|  0%| F|  |TAMS 0x000000068a400000, 0x000000068a400000| Untracked 
| 554|0x000000068a800000, 0x000000068a800000, 0x000000068ac00000|  0%| F|  |TAMS 0x000000068a800000, 0x000000068a800000| Untracked 
| 555|0x000000068ac00000, 0x000000068ac00000, 0x000000068b000000|  0%| F|  |TAMS 0x000000068ac00000, 0x000000068ac00000| Untracked 
| 556|0x000000068b000000, 0x000000068b000000, 0x000000068b400000|  0%| F|  |TAMS 0x000000068b000000, 0x000000068b000000| Untracked 
| 557|0x000000068b400000, 0x000000068b400000, 0x000000068b800000|  0%| F|  |TAMS 0x000000068b400000, 0x000000068b400000| Untracked 
| 558|0x000000068b800000, 0x000000068b800000, 0x000000068bc00000|  0%| F|  |TAMS 0x000000068b800000, 0x000000068b800000| Untracked 
| 559|0x000000068bc00000, 0x000000068bc00000, 0x000000068c000000|  0%| F|  |TAMS 0x000000068bc00000, 0x000000068bc00000| Untracked 
| 560|0x000000068c000000, 0x000000068c000000, 0x000000068c400000|  0%| F|  |TAMS 0x000000068c000000, 0x000000068c000000| Untracked 
| 561|0x000000068c400000, 0x000000068c400000, 0x000000068c800000|  0%| F|  |TAMS 0x000000068c400000, 0x000000068c400000| Untracked 
| 562|0x000000068c800000, 0x000000068c800000, 0x000000068cc00000|  0%| F|  |TAMS 0x000000068c800000, 0x000000068c800000| Untracked 
| 563|0x000000068cc00000, 0x000000068cc00000, 0x000000068d000000|  0%| F|  |TAMS 0x000000068cc00000, 0x000000068cc00000| Untracked 
| 564|0x000000068d000000, 0x000000068d000000, 0x000000068d400000|  0%| F|  |TAMS 0x000000068d000000, 0x000000068d000000| Untracked 
| 565|0x000000068d400000, 0x000000068d400000, 0x000000068d800000|  0%| F|  |TAMS 0x000000068d400000, 0x000000068d400000| Untracked 
| 566|0x000000068d800000, 0x000000068d800000, 0x000000068dc00000|  0%| F|  |TAMS 0x000000068d800000, 0x000000068d800000| Untracked 
| 567|0x000000068dc00000, 0x000000068dc00000, 0x000000068e000000|  0%| F|  |TAMS 0x000000068dc00000, 0x000000068dc00000| Untracked 
| 568|0x000000068e000000, 0x000000068e000000, 0x000000068e400000|  0%| F|  |TAMS 0x000000068e000000, 0x000000068e000000| Untracked 
| 569|0x000000068e400000, 0x000000068e400000, 0x000000068e800000|  0%| F|  |TAMS 0x000000068e400000, 0x000000068e400000| Untracked 
| 570|0x000000068e800000, 0x000000068e800000, 0x000000068ec00000|  0%| F|  |TAMS 0x000000068e800000, 0x000000068e800000| Untracked 
| 571|0x000000068ec00000, 0x000000068ec00000, 0x000000068f000000|  0%| F|  |TAMS 0x000000068ec00000, 0x000000068ec00000| Untracked 
| 572|0x000000068f000000, 0x000000068f000000, 0x000000068f400000|  0%| F|  |TAMS 0x000000068f000000, 0x000000068f000000| Untracked 
| 573|0x000000068f400000, 0x000000068f400000, 0x000000068f800000|  0%| F|  |TAMS 0x000000068f400000, 0x000000068f400000| Untracked 
| 574|0x000000068f800000, 0x000000068f800000, 0x000000068fc00000|  0%| F|  |TAMS 0x000000068f800000, 0x000000068f800000| Untracked 
| 575|0x000000068fc00000, 0x000000068fc00000, 0x0000000690000000|  0%| F|  |TAMS 0x000000068fc00000, 0x000000068fc00000| Untracked 
| 576|0x0000000690000000, 0x0000000690000000, 0x0000000690400000|  0%| F|  |TAMS 0x0000000690000000, 0x0000000690000000| Untracked 
| 577|0x0000000690400000, 0x0000000690400000, 0x0000000690800000|  0%| F|  |TAMS 0x0000000690400000, 0x0000000690400000| Untracked 
| 578|0x0000000690800000, 0x0000000690800000, 0x0000000690c00000|  0%| F|  |TAMS 0x0000000690800000, 0x0000000690800000| Untracked 
| 579|0x0000000690c00000, 0x0000000690c00000, 0x0000000691000000|  0%| F|  |TAMS 0x0000000690c00000, 0x0000000690c00000| Untracked 
| 580|0x0000000691000000, 0x0000000691000000, 0x0000000691400000|  0%| F|  |TAMS 0x0000000691000000, 0x0000000691000000| Untracked 
| 581|0x0000000691400000, 0x0000000691400000, 0x0000000691800000|  0%| F|  |TAMS 0x0000000691400000, 0x0000000691400000| Untracked 
| 582|0x0000000691800000, 0x0000000691800000, 0x0000000691c00000|  0%| F|  |TAMS 0x0000000691800000, 0x0000000691800000| Untracked 
| 583|0x0000000691c00000, 0x0000000691c00000, 0x0000000692000000|  0%| F|  |TAMS 0x0000000691c00000, 0x0000000691c00000| Untracked 
| 584|0x0000000692000000, 0x0000000692000000, 0x0000000692400000|  0%| F|  |TAMS 0x0000000692000000, 0x0000000692000000| Untracked 
| 585|0x0000000692400000, 0x0000000692400000, 0x0000000692800000|  0%| F|  |TAMS 0x0000000692400000, 0x0000000692400000| Untracked 
| 586|0x0000000692800000, 0x0000000692800000, 0x0000000692c00000|  0%| F|  |TAMS 0x0000000692800000, 0x0000000692800000| Untracked 
| 587|0x0000000692c00000, 0x0000000692c00000, 0x0000000693000000|  0%| F|  |TAMS 0x0000000692c00000, 0x0000000692c00000| Untracked 
| 588|0x0000000693000000, 0x0000000693000000, 0x0000000693400000|  0%| F|  |TAMS 0x0000000693000000, 0x0000000693000000| Untracked 
| 589|0x0000000693400000, 0x0000000693400000, 0x0000000693800000|  0%| F|  |TAMS 0x0000000693400000, 0x0000000693400000| Untracked 
| 590|0x0000000693800000, 0x0000000693800000, 0x0000000693c00000|  0%| F|  |TAMS 0x0000000693800000, 0x0000000693800000| Untracked 
| 591|0x0000000693c00000, 0x0000000693c00000, 0x0000000694000000|  0%| F|  |TAMS 0x0000000693c00000, 0x0000000693c00000| Untracked 
| 592|0x0000000694000000, 0x0000000694000000, 0x0000000694400000|  0%| F|  |TAMS 0x0000000694000000, 0x0000000694000000| Untracked 
| 593|0x0000000694400000, 0x0000000694400000, 0x0000000694800000|  0%| F|  |TAMS 0x0000000694400000, 0x0000000694400000| Untracked 
| 594|0x0000000694800000, 0x0000000694800000, 0x0000000694c00000|  0%| F|  |TAMS 0x0000000694800000, 0x0000000694800000| Untracked 
| 595|0x0000000694c00000, 0x0000000694c00000, 0x0000000695000000|  0%| F|  |TAMS 0x0000000694c00000, 0x0000000694c00000| Untracked 
| 596|0x0000000695000000, 0x0000000695000000, 0x0000000695400000|  0%| F|  |TAMS 0x0000000695000000, 0x0000000695000000| Untracked 
| 597|0x0000000695400000, 0x0000000695400000, 0x0000000695800000|  0%| F|  |TAMS 0x0000000695400000, 0x0000000695400000| Untracked 
| 598|0x0000000695800000, 0x0000000695800000, 0x0000000695c00000|  0%| F|  |TAMS 0x0000000695800000, 0x0000000695800000| Untracked 
| 599|0x0000000695c00000, 0x0000000695c00000, 0x0000000696000000|  0%| F|  |TAMS 0x0000000695c00000, 0x0000000695c00000| Untracked 
| 600|0x0000000696000000, 0x0000000696000000, 0x0000000696400000|  0%| F|  |TAMS 0x0000000696000000, 0x0000000696000000| Untracked 
| 601|0x0000000696400000, 0x0000000696400000, 0x0000000696800000|  0%| F|  |TAMS 0x0000000696400000, 0x0000000696400000| Untracked 
| 602|0x0000000696800000, 0x0000000696800000, 0x0000000696c00000|  0%| F|  |TAMS 0x0000000696800000, 0x0000000696800000| Untracked 
| 603|0x0000000696c00000, 0x0000000696c00000, 0x0000000697000000|  0%| F|  |TAMS 0x0000000696c00000, 0x0000000696c00000| Untracked 
| 604|0x0000000697000000, 0x0000000697000000, 0x0000000697400000|  0%| F|  |TAMS 0x0000000697000000, 0x0000000697000000| Untracked 
| 605|0x0000000697400000, 0x0000000697400000, 0x0000000697800000|  0%| F|  |TAMS 0x0000000697400000, 0x0000000697400000| Untracked 
| 606|0x0000000697800000, 0x0000000697800000, 0x0000000697c00000|  0%| F|  |TAMS 0x0000000697800000, 0x0000000697800000| Untracked 
| 607|0x0000000697c00000, 0x0000000697c00000, 0x0000000698000000|  0%| F|  |TAMS 0x0000000697c00000, 0x0000000697c00000| Untracked 
| 608|0x0000000698000000, 0x0000000698000000, 0x0000000698400000|  0%| F|  |TAMS 0x0000000698000000, 0x0000000698000000| Untracked 
| 609|0x0000000698400000, 0x0000000698400000, 0x0000000698800000|  0%| F|  |TAMS 0x0000000698400000, 0x0000000698400000| Untracked 
| 610|0x0000000698800000, 0x0000000698800000, 0x0000000698c00000|  0%| F|  |TAMS 0x0000000698800000, 0x0000000698800000| Untracked 
| 611|0x0000000698c00000, 0x0000000698c00000, 0x0000000699000000|  0%| F|  |TAMS 0x0000000698c00000, 0x0000000698c00000| Untracked 
| 612|0x0000000699000000, 0x0000000699000000, 0x0000000699400000|  0%| F|  |TAMS 0x0000000699000000, 0x0000000699000000| Untracked 
| 613|0x0000000699400000, 0x0000000699400000, 0x0000000699800000|  0%| F|  |TAMS 0x0000000699400000, 0x0000000699400000| Untracked 
| 614|0x0000000699800000, 0x0000000699800000, 0x0000000699c00000|  0%| F|  |TAMS 0x0000000699800000, 0x0000000699800000| Untracked 
| 615|0x0000000699c00000, 0x0000000699c00000, 0x000000069a000000|  0%| F|  |TAMS 0x0000000699c00000, 0x0000000699c00000| Untracked 
| 616|0x000000069a000000, 0x000000069a000000, 0x000000069a400000|  0%| F|  |TAMS 0x000000069a000000, 0x000000069a000000| Untracked 
| 617|0x000000069a400000, 0x000000069a400000, 0x000000069a800000|  0%| F|  |TAMS 0x000000069a400000, 0x000000069a400000| Untracked 
| 618|0x000000069a800000, 0x000000069a800000, 0x000000069ac00000|  0%| F|  |TAMS 0x000000069a800000, 0x000000069a800000| Untracked 
| 619|0x000000069ac00000, 0x000000069ac00000, 0x000000069b000000|  0%| F|  |TAMS 0x000000069ac00000, 0x000000069ac00000| Untracked 
| 620|0x000000069b000000, 0x000000069b000000, 0x000000069b400000|  0%| F|  |TAMS 0x000000069b000000, 0x000000069b000000| Untracked 
| 621|0x000000069b400000, 0x000000069b400000, 0x000000069b800000|  0%| F|  |TAMS 0x000000069b400000, 0x000000069b400000| Untracked 
| 622|0x000000069b800000, 0x000000069b800000, 0x000000069bc00000|  0%| F|  |TAMS 0x000000069b800000, 0x000000069b800000| Untracked 
| 623|0x000000069bc00000, 0x000000069bc00000, 0x000000069c000000|  0%| F|  |TAMS 0x000000069bc00000, 0x000000069bc00000| Untracked 
| 624|0x000000069c000000, 0x000000069c000000, 0x000000069c400000|  0%| F|  |TAMS 0x000000069c000000, 0x000000069c000000| Untracked 
| 625|0x000000069c400000, 0x000000069c400000, 0x000000069c800000|  0%| F|  |TAMS 0x000000069c400000, 0x000000069c400000| Untracked 
| 626|0x000000069c800000, 0x000000069c800000, 0x000000069cc00000|  0%| F|  |TAMS 0x000000069c800000, 0x000000069c800000| Untracked 
| 627|0x000000069cc00000, 0x000000069cc00000, 0x000000069d000000|  0%| F|  |TAMS 0x000000069cc00000, 0x000000069cc00000| Untracked 
| 628|0x000000069d000000, 0x000000069d000000, 0x000000069d400000|  0%| F|  |TAMS 0x000000069d000000, 0x000000069d000000| Untracked 
| 629|0x000000069d400000, 0x000000069d400000, 0x000000069d800000|  0%| F|  |TAMS 0x000000069d400000, 0x000000069d400000| Untracked 
| 630|0x000000069d800000, 0x000000069d800000, 0x000000069dc00000|  0%| F|  |TAMS 0x000000069d800000, 0x000000069d800000| Untracked 
| 631|0x000000069dc00000, 0x000000069dc00000, 0x000000069e000000|  0%| F|  |TAMS 0x000000069dc00000, 0x000000069dc00000| Untracked 
| 632|0x000000069e000000, 0x000000069e000000, 0x000000069e400000|  0%| F|  |TAMS 0x000000069e000000, 0x000000069e000000| Untracked 
| 633|0x000000069e400000, 0x000000069e400000, 0x000000069e800000|  0%| F|  |TAMS 0x000000069e400000, 0x000000069e400000| Untracked 
| 634|0x000000069e800000, 0x000000069e800000, 0x000000069ec00000|  0%| F|  |TAMS 0x000000069e800000, 0x000000069e800000| Untracked 
| 635|0x000000069ec00000, 0x000000069ec00000, 0x000000069f000000|  0%| F|  |TAMS 0x000000069ec00000, 0x000000069ec00000| Untracked 
| 636|0x000000069f000000, 0x000000069f000000, 0x000000069f400000|  0%| F|  |TAMS 0x000000069f000000, 0x000000069f000000| Untracked 
| 637|0x000000069f400000, 0x000000069f400000, 0x000000069f800000|  0%| F|  |TAMS 0x000000069f400000, 0x000000069f400000| Untracked 
| 638|0x000000069f800000, 0x000000069f800000, 0x000000069fc00000|  0%| F|  |TAMS 0x000000069f800000, 0x000000069f800000| Untracked 
| 639|0x000000069fc00000, 0x000000069fc00000, 0x00000006a0000000|  0%| F|  |TAMS 0x000000069fc00000, 0x000000069fc00000| Untracked 
| 640|0x00000006a0000000, 0x00000006a0000000, 0x00000006a0400000|  0%| F|  |TAMS 0x00000006a0000000, 0x00000006a0000000| Untracked 
| 641|0x00000006a0400000, 0x00000006a0400000, 0x00000006a0800000|  0%| F|  |TAMS 0x00000006a0400000, 0x00000006a0400000| Untracked 
| 642|0x00000006a0800000, 0x00000006a0800000, 0x00000006a0c00000|  0%| F|  |TAMS 0x00000006a0800000, 0x00000006a0800000| Untracked 
| 643|0x00000006a0c00000, 0x00000006a0c00000, 0x00000006a1000000|  0%| F|  |TAMS 0x00000006a0c00000, 0x00000006a0c00000| Untracked 
| 644|0x00000006a1000000, 0x00000006a1000000, 0x00000006a1400000|  0%| F|  |TAMS 0x00000006a1000000, 0x00000006a1000000| Untracked 
| 645|0x00000006a1400000, 0x00000006a1400000, 0x00000006a1800000|  0%| F|  |TAMS 0x00000006a1400000, 0x00000006a1400000| Untracked 
| 646|0x00000006a1800000, 0x00000006a1800000, 0x00000006a1c00000|  0%| F|  |TAMS 0x00000006a1800000, 0x00000006a1800000| Untracked 
| 647|0x00000006a1c00000, 0x00000006a1c00000, 0x00000006a2000000|  0%| F|  |TAMS 0x00000006a1c00000, 0x00000006a1c00000| Untracked 
| 648|0x00000006a2000000, 0x00000006a2000000, 0x00000006a2400000|  0%| F|  |TAMS 0x00000006a2000000, 0x00000006a2000000| Untracked 
| 649|0x00000006a2400000, 0x00000006a2400000, 0x00000006a2800000|  0%| F|  |TAMS 0x00000006a2400000, 0x00000006a2400000| Untracked 
| 650|0x00000006a2800000, 0x00000006a2800000, 0x00000006a2c00000|  0%| F|  |TAMS 0x00000006a2800000, 0x00000006a2800000| Untracked 
| 651|0x00000006a2c00000, 0x00000006a2c00000, 0x00000006a3000000|  0%| F|  |TAMS 0x00000006a2c00000, 0x00000006a2c00000| Untracked 
| 652|0x00000006a3000000, 0x00000006a3000000, 0x00000006a3400000|  0%| F|  |TAMS 0x00000006a3000000, 0x00000006a3000000| Untracked 
| 653|0x00000006a3400000, 0x00000006a3400000, 0x00000006a3800000|  0%| F|  |TAMS 0x00000006a3400000, 0x00000006a3400000| Untracked 
| 654|0x00000006a3800000, 0x00000006a3800000, 0x00000006a3c00000|  0%| F|  |TAMS 0x00000006a3800000, 0x00000006a3800000| Untracked 
| 655|0x00000006a3c00000, 0x00000006a3c00000, 0x00000006a4000000|  0%| F|  |TAMS 0x00000006a3c00000, 0x00000006a3c00000| Untracked 
| 656|0x00000006a4000000, 0x00000006a4000000, 0x00000006a4400000|  0%| F|  |TAMS 0x00000006a4000000, 0x00000006a4000000| Untracked 
| 657|0x00000006a4400000, 0x00000006a4400000, 0x00000006a4800000|  0%| F|  |TAMS 0x00000006a4400000, 0x00000006a4400000| Untracked 
| 658|0x00000006a4800000, 0x00000006a4800000, 0x00000006a4c00000|  0%| F|  |TAMS 0x00000006a4800000, 0x00000006a4800000| Untracked 
| 659|0x00000006a4c00000, 0x00000006a4c00000, 0x00000006a5000000|  0%| F|  |TAMS 0x00000006a4c00000, 0x00000006a4c00000| Untracked 
| 660|0x00000006a5000000, 0x00000006a5000000, 0x00000006a5400000|  0%| F|  |TAMS 0x00000006a5000000, 0x00000006a5000000| Untracked 
| 661|0x00000006a5400000, 0x00000006a5400000, 0x00000006a5800000|  0%| F|  |TAMS 0x00000006a5400000, 0x00000006a5400000| Untracked 
| 662|0x00000006a5800000, 0x00000006a5800000, 0x00000006a5c00000|  0%| F|  |TAMS 0x00000006a5800000, 0x00000006a5800000| Untracked 
| 663|0x00000006a5c00000, 0x00000006a5c00000, 0x00000006a6000000|  0%| F|  |TAMS 0x00000006a5c00000, 0x00000006a5c00000| Untracked 
| 664|0x00000006a6000000, 0x00000006a6000000, 0x00000006a6400000|  0%| F|  |TAMS 0x00000006a6000000, 0x00000006a6000000| Untracked 
| 665|0x00000006a6400000, 0x00000006a6400000, 0x00000006a6800000|  0%| F|  |TAMS 0x00000006a6400000, 0x00000006a6400000| Untracked 
| 666|0x00000006a6800000, 0x00000006a6800000, 0x00000006a6c00000|  0%| F|  |TAMS 0x00000006a6800000, 0x00000006a6800000| Untracked 
| 667|0x00000006a6c00000, 0x00000006a6c00000, 0x00000006a7000000|  0%| F|  |TAMS 0x00000006a6c00000, 0x00000006a6c00000| Untracked 
| 668|0x00000006a7000000, 0x00000006a7000000, 0x00000006a7400000|  0%| F|  |TAMS 0x00000006a7000000, 0x00000006a7000000| Untracked 
| 669|0x00000006a7400000, 0x00000006a7400000, 0x00000006a7800000|  0%| F|  |TAMS 0x00000006a7400000, 0x00000006a7400000| Untracked 
| 670|0x00000006a7800000, 0x00000006a7800000, 0x00000006a7c00000|  0%| F|  |TAMS 0x00000006a7800000, 0x00000006a7800000| Untracked 
| 671|0x00000006a7c00000, 0x00000006a7c00000, 0x00000006a8000000|  0%| F|  |TAMS 0x00000006a7c00000, 0x00000006a7c00000| Untracked 
| 672|0x00000006a8000000, 0x00000006a8000000, 0x00000006a8400000|  0%| F|  |TAMS 0x00000006a8000000, 0x00000006a8000000| Untracked 
| 673|0x00000006a8400000, 0x00000006a8400000, 0x00000006a8800000|  0%| F|  |TAMS 0x00000006a8400000, 0x00000006a8400000| Untracked 
| 674|0x00000006a8800000, 0x00000006a8800000, 0x00000006a8c00000|  0%| F|  |TAMS 0x00000006a8800000, 0x00000006a8800000| Untracked 
| 675|0x00000006a8c00000, 0x00000006a8c00000, 0x00000006a9000000|  0%| F|  |TAMS 0x00000006a8c00000, 0x00000006a8c00000| Untracked 
| 676|0x00000006a9000000, 0x00000006a9000000, 0x00000006a9400000|  0%| F|  |TAMS 0x00000006a9000000, 0x00000006a9000000| Untracked 
| 677|0x00000006a9400000, 0x00000006a9400000, 0x00000006a9800000|  0%| F|  |TAMS 0x00000006a9400000, 0x00000006a9400000| Untracked 
| 678|0x00000006a9800000, 0x00000006a9800000, 0x00000006a9c00000|  0%| F|  |TAMS 0x00000006a9800000, 0x00000006a9800000| Untracked 
| 679|0x00000006a9c00000, 0x00000006a9c00000, 0x00000006aa000000|  0%| F|  |TAMS 0x00000006a9c00000, 0x00000006a9c00000| Untracked 
| 680|0x00000006aa000000, 0x00000006aa000000, 0x00000006aa400000|  0%| F|  |TAMS 0x00000006aa000000, 0x00000006aa000000| Untracked 
| 681|0x00000006aa400000, 0x00000006aa400000, 0x00000006aa800000|  0%| F|  |TAMS 0x00000006aa400000, 0x00000006aa400000| Untracked 
| 682|0x00000006aa800000, 0x00000006aa800000, 0x00000006aac00000|  0%| F|  |TAMS 0x00000006aa800000, 0x00000006aa800000| Untracked 
| 683|0x00000006aac00000, 0x00000006aac00000, 0x00000006ab000000|  0%| F|  |TAMS 0x00000006aac00000, 0x00000006aac00000| Untracked 
| 684|0x00000006ab000000, 0x00000006ab000000, 0x00000006ab400000|  0%| F|  |TAMS 0x00000006ab000000, 0x00000006ab000000| Untracked 
| 685|0x00000006ab400000, 0x00000006ab400000, 0x00000006ab800000|  0%| F|  |TAMS 0x00000006ab400000, 0x00000006ab400000| Untracked 
| 686|0x00000006ab800000, 0x00000006ab800000, 0x00000006abc00000|  0%| F|  |TAMS 0x00000006ab800000, 0x00000006ab800000| Untracked 
| 687|0x00000006abc00000, 0x00000006abc00000, 0x00000006ac000000|  0%| F|  |TAMS 0x00000006abc00000, 0x00000006abc00000| Untracked 
| 688|0x00000006ac000000, 0x00000006ac000000, 0x00000006ac400000|  0%| F|  |TAMS 0x00000006ac000000, 0x00000006ac000000| Untracked 
| 689|0x00000006ac400000, 0x00000006ac400000, 0x00000006ac800000|  0%| F|  |TAMS 0x00000006ac400000, 0x00000006ac400000| Untracked 
| 690|0x00000006ac800000, 0x00000006ac800000, 0x00000006acc00000|  0%| F|  |TAMS 0x00000006ac800000, 0x00000006ac800000| Untracked 
| 691|0x00000006acc00000, 0x00000006acc00000, 0x00000006ad000000|  0%| F|  |TAMS 0x00000006acc00000, 0x00000006acc00000| Untracked 
| 692|0x00000006ad000000, 0x00000006ad000000, 0x00000006ad400000|  0%| F|  |TAMS 0x00000006ad000000, 0x00000006ad000000| Untracked 
| 693|0x00000006ad400000, 0x00000006ad400000, 0x00000006ad800000|  0%| F|  |TAMS 0x00000006ad400000, 0x00000006ad400000| Untracked 
| 694|0x00000006ad800000, 0x00000006ad800000, 0x00000006adc00000|  0%| F|  |TAMS 0x00000006ad800000, 0x00000006ad800000| Untracked 
| 695|0x00000006adc00000, 0x00000006adc00000, 0x00000006ae000000|  0%| F|  |TAMS 0x00000006adc00000, 0x00000006adc00000| Untracked 
| 696|0x00000006ae000000, 0x00000006ae000000, 0x00000006ae400000|  0%| F|  |TAMS 0x00000006ae000000, 0x00000006ae000000| Untracked 
| 697|0x00000006ae400000, 0x00000006ae400000, 0x00000006ae800000|  0%| F|  |TAMS 0x00000006ae400000, 0x00000006ae400000| Untracked 
| 698|0x00000006ae800000, 0x00000006ae800000, 0x00000006aec00000|  0%| F|  |TAMS 0x00000006ae800000, 0x00000006ae800000| Untracked 
| 699|0x00000006aec00000, 0x00000006aec00000, 0x00000006af000000|  0%| F|  |TAMS 0x00000006aec00000, 0x00000006aec00000| Untracked 
| 700|0x00000006af000000, 0x00000006af000000, 0x00000006af400000|  0%| F|  |TAMS 0x00000006af000000, 0x00000006af000000| Untracked 
| 701|0x00000006af400000, 0x00000006af400000, 0x00000006af800000|  0%| F|  |TAMS 0x00000006af400000, 0x00000006af400000| Untracked 
| 702|0x00000006af800000, 0x00000006af800000, 0x00000006afc00000|  0%| F|  |TAMS 0x00000006af800000, 0x00000006af800000| Untracked 
| 703|0x00000006afc00000, 0x00000006afc00000, 0x00000006b0000000|  0%| F|  |TAMS 0x00000006afc00000, 0x00000006afc00000| Untracked 
| 704|0x00000006b0000000, 0x00000006b0000000, 0x00000006b0400000|  0%| F|  |TAMS 0x00000006b0000000, 0x00000006b0000000| Untracked 
| 705|0x00000006b0400000, 0x00000006b0400000, 0x00000006b0800000|  0%| F|  |TAMS 0x00000006b0400000, 0x00000006b0400000| Untracked 
| 706|0x00000006b0800000, 0x00000006b0800000, 0x00000006b0c00000|  0%| F|  |TAMS 0x00000006b0800000, 0x00000006b0800000| Untracked 
| 707|0x00000006b0c00000, 0x00000006b0c00000, 0x00000006b1000000|  0%| F|  |TAMS 0x00000006b0c00000, 0x00000006b0c00000| Untracked 
| 708|0x00000006b1000000, 0x00000006b1000000, 0x00000006b1400000|  0%| F|  |TAMS 0x00000006b1000000, 0x00000006b1000000| Untracked 
| 709|0x00000006b1400000, 0x00000006b1400000, 0x00000006b1800000|  0%| F|  |TAMS 0x00000006b1400000, 0x00000006b1400000| Untracked 
| 710|0x00000006b1800000, 0x00000006b1800000, 0x00000006b1c00000|  0%| F|  |TAMS 0x00000006b1800000, 0x00000006b1800000| Untracked 
| 711|0x00000006b1c00000, 0x00000006b1c00000, 0x00000006b2000000|  0%| F|  |TAMS 0x00000006b1c00000, 0x00000006b1c00000| Untracked 
| 712|0x00000006b2000000, 0x00000006b2000000, 0x00000006b2400000|  0%| F|  |TAMS 0x00000006b2000000, 0x00000006b2000000| Untracked 
| 713|0x00000006b2400000, 0x00000006b2400000, 0x00000006b2800000|  0%| F|  |TAMS 0x00000006b2400000, 0x00000006b2400000| Untracked 
| 714|0x00000006b2800000, 0x00000006b2800000, 0x00000006b2c00000|  0%| F|  |TAMS 0x00000006b2800000, 0x00000006b2800000| Untracked 
| 715|0x00000006b2c00000, 0x00000006b2c00000, 0x00000006b3000000|  0%| F|  |TAMS 0x00000006b2c00000, 0x00000006b2c00000| Untracked 
| 716|0x00000006b3000000, 0x00000006b3000000, 0x00000006b3400000|  0%| F|  |TAMS 0x00000006b3000000, 0x00000006b3000000| Untracked 
| 717|0x00000006b3400000, 0x00000006b3400000, 0x00000006b3800000|  0%| F|  |TAMS 0x00000006b3400000, 0x00000006b3400000| Untracked 
| 718|0x00000006b3800000, 0x00000006b3800000, 0x00000006b3c00000|  0%| F|  |TAMS 0x00000006b3800000, 0x00000006b3800000| Untracked 
| 719|0x00000006b3c00000, 0x00000006b3c00000, 0x00000006b4000000|  0%| F|  |TAMS 0x00000006b3c00000, 0x00000006b3c00000| Untracked 
| 720|0x00000006b4000000, 0x00000006b4000000, 0x00000006b4400000|  0%| F|  |TAMS 0x00000006b4000000, 0x00000006b4000000| Untracked 
| 721|0x00000006b4400000, 0x00000006b4400000, 0x00000006b4800000|  0%| F|  |TAMS 0x00000006b4400000, 0x00000006b4400000| Untracked 
| 722|0x00000006b4800000, 0x00000006b4800000, 0x00000006b4c00000|  0%| F|  |TAMS 0x00000006b4800000, 0x00000006b4800000| Untracked 
| 723|0x00000006b4c00000, 0x00000006b4c00000, 0x00000006b5000000|  0%| F|  |TAMS 0x00000006b4c00000, 0x00000006b4c00000| Untracked 
| 724|0x00000006b5000000, 0x00000006b5000000, 0x00000006b5400000|  0%| F|  |TAMS 0x00000006b5000000, 0x00000006b5000000| Untracked 
| 725|0x00000006b5400000, 0x00000006b5400000, 0x00000006b5800000|  0%| F|  |TAMS 0x00000006b5400000, 0x00000006b5400000| Untracked 
| 726|0x00000006b5800000, 0x00000006b5800000, 0x00000006b5c00000|  0%| F|  |TAMS 0x00000006b5800000, 0x00000006b5800000| Untracked 
| 727|0x00000006b5c00000, 0x00000006b5c00000, 0x00000006b6000000|  0%| F|  |TAMS 0x00000006b5c00000, 0x00000006b5c00000| Untracked 
| 728|0x00000006b6000000, 0x00000006b6000000, 0x00000006b6400000|  0%| F|  |TAMS 0x00000006b6000000, 0x00000006b6000000| Untracked 
| 729|0x00000006b6400000, 0x00000006b6400000, 0x00000006b6800000|  0%| F|  |TAMS 0x00000006b6400000, 0x00000006b6400000| Untracked 
| 730|0x00000006b6800000, 0x00000006b6800000, 0x00000006b6c00000|  0%| F|  |TAMS 0x00000006b6800000, 0x00000006b6800000| Untracked 
| 731|0x00000006b6c00000, 0x00000006b6c00000, 0x00000006b7000000|  0%| F|  |TAMS 0x00000006b6c00000, 0x00000006b6c00000| Untracked 
| 732|0x00000006b7000000, 0x00000006b7000000, 0x00000006b7400000|  0%| F|  |TAMS 0x00000006b7000000, 0x00000006b7000000| Untracked 
| 733|0x00000006b7400000, 0x00000006b7400000, 0x00000006b7800000|  0%| F|  |TAMS 0x00000006b7400000, 0x00000006b7400000| Untracked 
| 734|0x00000006b7800000, 0x00000006b7800000, 0x00000006b7c00000|  0%| F|  |TAMS 0x00000006b7800000, 0x00000006b7800000| Untracked 
| 735|0x00000006b7c00000, 0x00000006b7c00000, 0x00000006b8000000|  0%| F|  |TAMS 0x00000006b7c00000, 0x00000006b7c00000| Untracked 
| 736|0x00000006b8000000, 0x00000006b8000000, 0x00000006b8400000|  0%| F|  |TAMS 0x00000006b8000000, 0x00000006b8000000| Untracked 
| 737|0x00000006b8400000, 0x00000006b8400000, 0x00000006b8800000|  0%| F|  |TAMS 0x00000006b8400000, 0x00000006b8400000| Untracked 
| 738|0x00000006b8800000, 0x00000006b8800000, 0x00000006b8c00000|  0%| F|  |TAMS 0x00000006b8800000, 0x00000006b8800000| Untracked 
| 739|0x00000006b8c00000, 0x00000006b8c00000, 0x00000006b9000000|  0%| F|  |TAMS 0x00000006b8c00000, 0x00000006b8c00000| Untracked 
| 740|0x00000006b9000000, 0x00000006b9000000, 0x00000006b9400000|  0%| F|  |TAMS 0x00000006b9000000, 0x00000006b9000000| Untracked 
| 741|0x00000006b9400000, 0x00000006b9400000, 0x00000006b9800000|  0%| F|  |TAMS 0x00000006b9400000, 0x00000006b9400000| Untracked 
| 742|0x00000006b9800000, 0x00000006b9800000, 0x00000006b9c00000|  0%| F|  |TAMS 0x00000006b9800000, 0x00000006b9800000| Untracked 
| 743|0x00000006b9c00000, 0x00000006b9c00000, 0x00000006ba000000|  0%| F|  |TAMS 0x00000006b9c00000, 0x00000006b9c00000| Untracked 
| 744|0x00000006ba000000, 0x00000006ba000000, 0x00000006ba400000|  0%| F|  |TAMS 0x00000006ba000000, 0x00000006ba000000| Untracked 
| 745|0x00000006ba400000, 0x00000006ba400000, 0x00000006ba800000|  0%| F|  |TAMS 0x00000006ba400000, 0x00000006ba400000| Untracked 
| 746|0x00000006ba800000, 0x00000006ba800000, 0x00000006bac00000|  0%| F|  |TAMS 0x00000006ba800000, 0x00000006ba800000| Untracked 
| 747|0x00000006bac00000, 0x00000006bac00000, 0x00000006bb000000|  0%| F|  |TAMS 0x00000006bac00000, 0x00000006bac00000| Untracked 
| 748|0x00000006bb000000, 0x00000006bb000000, 0x00000006bb400000|  0%| F|  |TAMS 0x00000006bb000000, 0x00000006bb000000| Untracked 
| 749|0x00000006bb400000, 0x00000006bb400000, 0x00000006bb800000|  0%| F|  |TAMS 0x00000006bb400000, 0x00000006bb400000| Untracked 
| 750|0x00000006bb800000, 0x00000006bb800000, 0x00000006bbc00000|  0%| F|  |TAMS 0x00000006bb800000, 0x00000006bb800000| Untracked 
| 751|0x00000006bbc00000, 0x00000006bbc00000, 0x00000006bc000000|  0%| F|  |TAMS 0x00000006bbc00000, 0x00000006bbc00000| Untracked 
| 752|0x00000006bc000000, 0x00000006bc000000, 0x00000006bc400000|  0%| F|  |TAMS 0x00000006bc000000, 0x00000006bc000000| Untracked 
| 753|0x00000006bc400000, 0x00000006bc400000, 0x00000006bc800000|  0%| F|  |TAMS 0x00000006bc400000, 0x00000006bc400000| Untracked 
| 754|0x00000006bc800000, 0x00000006bc800000, 0x00000006bcc00000|  0%| F|  |TAMS 0x00000006bc800000, 0x00000006bc800000| Untracked 
| 755|0x00000006bcc00000, 0x00000006bcc00000, 0x00000006bd000000|  0%| F|  |TAMS 0x00000006bcc00000, 0x00000006bcc00000| Untracked 
| 756|0x00000006bd000000, 0x00000006bd000000, 0x00000006bd400000|  0%| F|  |TAMS 0x00000006bd000000, 0x00000006bd000000| Untracked 
| 757|0x00000006bd400000, 0x00000006bd400000, 0x00000006bd800000|  0%| F|  |TAMS 0x00000006bd400000, 0x00000006bd400000| Untracked 
| 758|0x00000006bd800000, 0x00000006bd800000, 0x00000006bdc00000|  0%| F|  |TAMS 0x00000006bd800000, 0x00000006bd800000| Untracked 
| 759|0x00000006bdc00000, 0x00000006bdc00000, 0x00000006be000000|  0%| F|  |TAMS 0x00000006bdc00000, 0x00000006bdc00000| Untracked 
| 760|0x00000006be000000, 0x00000006be000000, 0x00000006be400000|  0%| F|  |TAMS 0x00000006be000000, 0x00000006be000000| Untracked 
| 761|0x00000006be400000, 0x00000006be400000, 0x00000006be800000|  0%| F|  |TAMS 0x00000006be400000, 0x00000006be400000| Untracked 
| 762|0x00000006be800000, 0x00000006be800000, 0x00000006bec00000|  0%| F|  |TAMS 0x00000006be800000, 0x00000006be800000| Untracked 
| 763|0x00000006bec00000, 0x00000006bec00000, 0x00000006bf000000|  0%| F|  |TAMS 0x00000006bec00000, 0x00000006bec00000| Untracked 
| 764|0x00000006bf000000, 0x00000006bf000000, 0x00000006bf400000|  0%| F|  |TAMS 0x00000006bf000000, 0x00000006bf000000| Untracked 
| 765|0x00000006bf400000, 0x00000006bf400000, 0x00000006bf800000|  0%| F|  |TAMS 0x00000006bf400000, 0x00000006bf400000| Untracked 
| 766|0x00000006bf800000, 0x00000006bf800000, 0x00000006bfc00000|  0%| F|  |TAMS 0x00000006bf800000, 0x00000006bf800000| Untracked 
| 767|0x00000006bfc00000, 0x00000006bfc00000, 0x00000006c0000000|  0%| F|  |TAMS 0x00000006bfc00000, 0x00000006bfc00000| Untracked 
| 768|0x00000006c0000000, 0x00000006c0000000, 0x00000006c0400000|  0%| F|  |TAMS 0x00000006c0000000, 0x00000006c0000000| Untracked 
| 769|0x00000006c0400000, 0x00000006c0400000, 0x00000006c0800000|  0%| F|  |TAMS 0x00000006c0400000, 0x00000006c0400000| Untracked 
| 770|0x00000006c0800000, 0x00000006c0800000, 0x00000006c0c00000|  0%| F|  |TAMS 0x00000006c0800000, 0x00000006c0800000| Untracked 
| 771|0x00000006c0c00000, 0x00000006c0c00000, 0x00000006c1000000|  0%| F|  |TAMS 0x00000006c0c00000, 0x00000006c0c00000| Untracked 
| 772|0x00000006c1000000, 0x00000006c1000000, 0x00000006c1400000|  0%| F|  |TAMS 0x00000006c1000000, 0x00000006c1000000| Untracked 
| 773|0x00000006c1400000, 0x00000006c1400000, 0x00000006c1800000|  0%| F|  |TAMS 0x00000006c1400000, 0x00000006c1400000| Untracked 
| 774|0x00000006c1800000, 0x00000006c1800000, 0x00000006c1c00000|  0%| F|  |TAMS 0x00000006c1800000, 0x00000006c1800000| Untracked 
| 775|0x00000006c1c00000, 0x00000006c1c00000, 0x00000006c2000000|  0%| F|  |TAMS 0x00000006c1c00000, 0x00000006c1c00000| Untracked 
| 776|0x00000006c2000000, 0x00000006c2000000, 0x00000006c2400000|  0%| F|  |TAMS 0x00000006c2000000, 0x00000006c2000000| Untracked 
| 777|0x00000006c2400000, 0x00000006c2400000, 0x00000006c2800000|  0%| F|  |TAMS 0x00000006c2400000, 0x00000006c2400000| Untracked 
| 778|0x00000006c2800000, 0x00000006c2800000, 0x00000006c2c00000|  0%| F|  |TAMS 0x00000006c2800000, 0x00000006c2800000| Untracked 
| 779|0x00000006c2c00000, 0x00000006c2c00000, 0x00000006c3000000|  0%| F|  |TAMS 0x00000006c2c00000, 0x00000006c2c00000| Untracked 
| 780|0x00000006c3000000, 0x00000006c3000000, 0x00000006c3400000|  0%| F|  |TAMS 0x00000006c3000000, 0x00000006c3000000| Untracked 
| 781|0x00000006c3400000, 0x00000006c3400000, 0x00000006c3800000|  0%| F|  |TAMS 0x00000006c3400000, 0x00000006c3400000| Untracked 
| 782|0x00000006c3800000, 0x00000006c3800000, 0x00000006c3c00000|  0%| F|  |TAMS 0x00000006c3800000, 0x00000006c3800000| Untracked 
| 783|0x00000006c3c00000, 0x00000006c3c00000, 0x00000006c4000000|  0%| F|  |TAMS 0x00000006c3c00000, 0x00000006c3c00000| Untracked 
| 784|0x00000006c4000000, 0x00000006c4000000, 0x00000006c4400000|  0%| F|  |TAMS 0x00000006c4000000, 0x00000006c4000000| Untracked 
| 785|0x00000006c4400000, 0x00000006c4400000, 0x00000006c4800000|  0%| F|  |TAMS 0x00000006c4400000, 0x00000006c4400000| Untracked 
| 786|0x00000006c4800000, 0x00000006c4800000, 0x00000006c4c00000|  0%| F|  |TAMS 0x00000006c4800000, 0x00000006c4800000| Untracked 
| 787|0x00000006c4c00000, 0x00000006c4c00000, 0x00000006c5000000|  0%| F|  |TAMS 0x00000006c4c00000, 0x00000006c4c00000| Untracked 
| 788|0x00000006c5000000, 0x00000006c5000000, 0x00000006c5400000|  0%| F|  |TAMS 0x00000006c5000000, 0x00000006c5000000| Untracked 
| 789|0x00000006c5400000, 0x00000006c5400000, 0x00000006c5800000|  0%| F|  |TAMS 0x00000006c5400000, 0x00000006c5400000| Untracked 
| 790|0x00000006c5800000, 0x00000006c5800000, 0x00000006c5c00000|  0%| F|  |TAMS 0x00000006c5800000, 0x00000006c5800000| Untracked 
| 791|0x00000006c5c00000, 0x00000006c5c00000, 0x00000006c6000000|  0%| F|  |TAMS 0x00000006c5c00000, 0x00000006c5c00000| Untracked 
| 792|0x00000006c6000000, 0x00000006c6000000, 0x00000006c6400000|  0%| F|  |TAMS 0x00000006c6000000, 0x00000006c6000000| Untracked 
| 793|0x00000006c6400000, 0x00000006c6400000, 0x00000006c6800000|  0%| F|  |TAMS 0x00000006c6400000, 0x00000006c6400000| Untracked 
| 794|0x00000006c6800000, 0x00000006c6800000, 0x00000006c6c00000|  0%| F|  |TAMS 0x00000006c6800000, 0x00000006c6800000| Untracked 
| 795|0x00000006c6c00000, 0x00000006c6c00000, 0x00000006c7000000|  0%| F|  |TAMS 0x00000006c6c00000, 0x00000006c6c00000| Untracked 
| 796|0x00000006c7000000, 0x00000006c7000000, 0x00000006c7400000|  0%| F|  |TAMS 0x00000006c7000000, 0x00000006c7000000| Untracked 
| 797|0x00000006c7400000, 0x00000006c7400000, 0x00000006c7800000|  0%| F|  |TAMS 0x00000006c7400000, 0x00000006c7400000| Untracked 
| 798|0x00000006c7800000, 0x00000006c7800000, 0x00000006c7c00000|  0%| F|  |TAMS 0x00000006c7800000, 0x00000006c7800000| Untracked 
| 799|0x00000006c7c00000, 0x00000006c7c00000, 0x00000006c8000000|  0%| F|  |TAMS 0x00000006c7c00000, 0x00000006c7c00000| Untracked 
| 800|0x00000006c8000000, 0x00000006c8000000, 0x00000006c8400000|  0%| F|  |TAMS 0x00000006c8000000, 0x00000006c8000000| Untracked 
| 801|0x00000006c8400000, 0x00000006c8400000, 0x00000006c8800000|  0%| F|  |TAMS 0x00000006c8400000, 0x00000006c8400000| Untracked 
| 802|0x00000006c8800000, 0x00000006c8800000, 0x00000006c8c00000|  0%| F|  |TAMS 0x00000006c8800000, 0x00000006c8800000| Untracked 
| 803|0x00000006c8c00000, 0x00000006c8c00000, 0x00000006c9000000|  0%| F|  |TAMS 0x00000006c8c00000, 0x00000006c8c00000| Untracked 
| 804|0x00000006c9000000, 0x00000006c9000000, 0x00000006c9400000|  0%| F|  |TAMS 0x00000006c9000000, 0x00000006c9000000| Untracked 
| 805|0x00000006c9400000, 0x00000006c9400000, 0x00000006c9800000|  0%| F|  |TAMS 0x00000006c9400000, 0x00000006c9400000| Untracked 
| 806|0x00000006c9800000, 0x00000006c9800000, 0x00000006c9c00000|  0%| F|  |TAMS 0x00000006c9800000, 0x00000006c9800000| Untracked 
| 807|0x00000006c9c00000, 0x00000006c9c00000, 0x00000006ca000000|  0%| F|  |TAMS 0x00000006c9c00000, 0x00000006c9c00000| Untracked 
| 808|0x00000006ca000000, 0x00000006ca000000, 0x00000006ca400000|  0%| F|  |TAMS 0x00000006ca000000, 0x00000006ca000000| Untracked 
| 809|0x00000006ca400000, 0x00000006ca400000, 0x00000006ca800000|  0%| F|  |TAMS 0x00000006ca400000, 0x00000006ca400000| Untracked 
| 810|0x00000006ca800000, 0x00000006ca800000, 0x00000006cac00000|  0%| F|  |TAMS 0x00000006ca800000, 0x00000006ca800000| Untracked 
| 811|0x00000006cac00000, 0x00000006cac00000, 0x00000006cb000000|  0%| F|  |TAMS 0x00000006cac00000, 0x00000006cac00000| Untracked 
| 812|0x00000006cb000000, 0x00000006cb000000, 0x00000006cb400000|  0%| F|  |TAMS 0x00000006cb000000, 0x00000006cb000000| Untracked 
| 813|0x00000006cb400000, 0x00000006cb400000, 0x00000006cb800000|  0%| F|  |TAMS 0x00000006cb400000, 0x00000006cb400000| Untracked 
| 814|0x00000006cb800000, 0x00000006cb800000, 0x00000006cbc00000|  0%| F|  |TAMS 0x00000006cb800000, 0x00000006cb800000| Untracked 
| 815|0x00000006cbc00000, 0x00000006cbc00000, 0x00000006cc000000|  0%| F|  |TAMS 0x00000006cbc00000, 0x00000006cbc00000| Untracked 
| 816|0x00000006cc000000, 0x00000006cc000000, 0x00000006cc400000|  0%| F|  |TAMS 0x00000006cc000000, 0x00000006cc000000| Untracked 
| 817|0x00000006cc400000, 0x00000006cc400000, 0x00000006cc800000|  0%| F|  |TAMS 0x00000006cc400000, 0x00000006cc400000| Untracked 
| 818|0x00000006cc800000, 0x00000006cc800000, 0x00000006ccc00000|  0%| F|  |TAMS 0x00000006cc800000, 0x00000006cc800000| Untracked 
| 819|0x00000006ccc00000, 0x00000006ccc00000, 0x00000006cd000000|  0%| F|  |TAMS 0x00000006ccc00000, 0x00000006ccc00000| Untracked 
| 820|0x00000006cd000000, 0x00000006cd000000, 0x00000006cd400000|  0%| F|  |TAMS 0x00000006cd000000, 0x00000006cd000000| Untracked 
| 821|0x00000006cd400000, 0x00000006cd400000, 0x00000006cd800000|  0%| F|  |TAMS 0x00000006cd400000, 0x00000006cd400000| Untracked 
| 822|0x00000006cd800000, 0x00000006cd800000, 0x00000006cdc00000|  0%| F|  |TAMS 0x00000006cd800000, 0x00000006cd800000| Untracked 
| 823|0x00000006cdc00000, 0x00000006cdc00000, 0x00000006ce000000|  0%| F|  |TAMS 0x00000006cdc00000, 0x00000006cdc00000| Untracked 
| 824|0x00000006ce000000, 0x00000006ce000000, 0x00000006ce400000|  0%| F|  |TAMS 0x00000006ce000000, 0x00000006ce000000| Untracked 
| 825|0x00000006ce400000, 0x00000006ce400000, 0x00000006ce800000|  0%| F|  |TAMS 0x00000006ce400000, 0x00000006ce400000| Untracked 
| 826|0x00000006ce800000, 0x00000006ce800000, 0x00000006cec00000|  0%| F|  |TAMS 0x00000006ce800000, 0x00000006ce800000| Untracked 
| 827|0x00000006cec00000, 0x00000006cec00000, 0x00000006cf000000|  0%| F|  |TAMS 0x00000006cec00000, 0x00000006cec00000| Untracked 
| 828|0x00000006cf000000, 0x00000006cf000000, 0x00000006cf400000|  0%| F|  |TAMS 0x00000006cf000000, 0x00000006cf000000| Untracked 
| 829|0x00000006cf400000, 0x00000006cf400000, 0x00000006cf800000|  0%| F|  |TAMS 0x00000006cf400000, 0x00000006cf400000| Untracked 
| 830|0x00000006cf800000, 0x00000006cf800000, 0x00000006cfc00000|  0%| F|  |TAMS 0x00000006cf800000, 0x00000006cf800000| Untracked 
| 831|0x00000006cfc00000, 0x00000006cfc00000, 0x00000006d0000000|  0%| F|  |TAMS 0x00000006cfc00000, 0x00000006cfc00000| Untracked 
| 832|0x00000006d0000000, 0x00000006d0000000, 0x00000006d0400000|  0%| F|  |TAMS 0x00000006d0000000, 0x00000006d0000000| Untracked 
| 833|0x00000006d0400000, 0x00000006d0400000, 0x00000006d0800000|  0%| F|  |TAMS 0x00000006d0400000, 0x00000006d0400000| Untracked 
| 834|0x00000006d0800000, 0x00000006d0800000, 0x00000006d0c00000|  0%| F|  |TAMS 0x00000006d0800000, 0x00000006d0800000| Untracked 
| 835|0x00000006d0c00000, 0x00000006d0c00000, 0x00000006d1000000|  0%| F|  |TAMS 0x00000006d0c00000, 0x00000006d0c00000| Untracked 
| 836|0x00000006d1000000, 0x00000006d1000000, 0x00000006d1400000|  0%| F|  |TAMS 0x00000006d1000000, 0x00000006d1000000| Untracked 
| 837|0x00000006d1400000, 0x00000006d1400000, 0x00000006d1800000|  0%| F|  |TAMS 0x00000006d1400000, 0x00000006d1400000| Untracked 
| 838|0x00000006d1800000, 0x00000006d1800000, 0x00000006d1c00000|  0%| F|  |TAMS 0x00000006d1800000, 0x00000006d1800000| Untracked 
| 839|0x00000006d1c00000, 0x00000006d1c00000, 0x00000006d2000000|  0%| F|  |TAMS 0x00000006d1c00000, 0x00000006d1c00000| Untracked 
| 840|0x00000006d2000000, 0x00000006d2000000, 0x00000006d2400000|  0%| F|  |TAMS 0x00000006d2000000, 0x00000006d2000000| Untracked 
| 841|0x00000006d2400000, 0x00000006d2400000, 0x00000006d2800000|  0%| F|  |TAMS 0x00000006d2400000, 0x00000006d2400000| Untracked 
| 842|0x00000006d2800000, 0x00000006d2800000, 0x00000006d2c00000|  0%| F|  |TAMS 0x00000006d2800000, 0x00000006d2800000| Untracked 
| 843|0x00000006d2c00000, 0x00000006d2c00000, 0x00000006d3000000|  0%| F|  |TAMS 0x00000006d2c00000, 0x00000006d2c00000| Untracked 
| 844|0x00000006d3000000, 0x00000006d3000000, 0x00000006d3400000|  0%| F|  |TAMS 0x00000006d3000000, 0x00000006d3000000| Untracked 
| 845|0x00000006d3400000, 0x00000006d3400000, 0x00000006d3800000|  0%| F|  |TAMS 0x00000006d3400000, 0x00000006d3400000| Untracked 
| 846|0x00000006d3800000, 0x00000006d3800000, 0x00000006d3c00000|  0%| F|  |TAMS 0x00000006d3800000, 0x00000006d3800000| Untracked 
| 847|0x00000006d3c00000, 0x00000006d3c00000, 0x00000006d4000000|  0%| F|  |TAMS 0x00000006d3c00000, 0x00000006d3c00000| Untracked 
| 848|0x00000006d4000000, 0x00000006d4000000, 0x00000006d4400000|  0%| F|  |TAMS 0x00000006d4000000, 0x00000006d4000000| Untracked 
| 849|0x00000006d4400000, 0x00000006d4400000, 0x00000006d4800000|  0%| F|  |TAMS 0x00000006d4400000, 0x00000006d4400000| Untracked 
| 850|0x00000006d4800000, 0x00000006d4800000, 0x00000006d4c00000|  0%| F|  |TAMS 0x00000006d4800000, 0x00000006d4800000| Untracked 
| 851|0x00000006d4c00000, 0x00000006d4c00000, 0x00000006d5000000|  0%| F|  |TAMS 0x00000006d4c00000, 0x00000006d4c00000| Untracked 
| 852|0x00000006d5000000, 0x00000006d5000000, 0x00000006d5400000|  0%| F|  |TAMS 0x00000006d5000000, 0x00000006d5000000| Untracked 
| 853|0x00000006d5400000, 0x00000006d5400000, 0x00000006d5800000|  0%| F|  |TAMS 0x00000006d5400000, 0x00000006d5400000| Untracked 
| 854|0x00000006d5800000, 0x00000006d5800000, 0x00000006d5c00000|  0%| F|  |TAMS 0x00000006d5800000, 0x00000006d5800000| Untracked 
| 855|0x00000006d5c00000, 0x00000006d5c00000, 0x00000006d6000000|  0%| F|  |TAMS 0x00000006d5c00000, 0x00000006d5c00000| Untracked 
| 856|0x00000006d6000000, 0x00000006d6000000, 0x00000006d6400000|  0%| F|  |TAMS 0x00000006d6000000, 0x00000006d6000000| Untracked 
| 857|0x00000006d6400000, 0x00000006d6400000, 0x00000006d6800000|  0%| F|  |TAMS 0x00000006d6400000, 0x00000006d6400000| Untracked 
| 858|0x00000006d6800000, 0x00000006d6800000, 0x00000006d6c00000|  0%| F|  |TAMS 0x00000006d6800000, 0x00000006d6800000| Untracked 
| 859|0x00000006d6c00000, 0x00000006d6c00000, 0x00000006d7000000|  0%| F|  |TAMS 0x00000006d6c00000, 0x00000006d6c00000| Untracked 
| 860|0x00000006d7000000, 0x00000006d7000000, 0x00000006d7400000|  0%| F|  |TAMS 0x00000006d7000000, 0x00000006d7000000| Untracked 
| 861|0x00000006d7400000, 0x00000006d7400000, 0x00000006d7800000|  0%| F|  |TAMS 0x00000006d7400000, 0x00000006d7400000| Untracked 
| 862|0x00000006d7800000, 0x00000006d7800000, 0x00000006d7c00000|  0%| F|  |TAMS 0x00000006d7800000, 0x00000006d7800000| Untracked 
| 863|0x00000006d7c00000, 0x00000006d7c00000, 0x00000006d8000000|  0%| F|  |TAMS 0x00000006d7c00000, 0x00000006d7c00000| Untracked 
| 864|0x00000006d8000000, 0x00000006d8000000, 0x00000006d8400000|  0%| F|  |TAMS 0x00000006d8000000, 0x00000006d8000000| Untracked 
| 865|0x00000006d8400000, 0x00000006d8400000, 0x00000006d8800000|  0%| F|  |TAMS 0x00000006d8400000, 0x00000006d8400000| Untracked 
| 866|0x00000006d8800000, 0x00000006d8800000, 0x00000006d8c00000|  0%| F|  |TAMS 0x00000006d8800000, 0x00000006d8800000| Untracked 
| 867|0x00000006d8c00000, 0x00000006d8c00000, 0x00000006d9000000|  0%| F|  |TAMS 0x00000006d8c00000, 0x00000006d8c00000| Untracked 
| 868|0x00000006d9000000, 0x00000006d9000000, 0x00000006d9400000|  0%| F|  |TAMS 0x00000006d9000000, 0x00000006d9000000| Untracked 
| 869|0x00000006d9400000, 0x00000006d9400000, 0x00000006d9800000|  0%| F|  |TAMS 0x00000006d9400000, 0x00000006d9400000| Untracked 
| 870|0x00000006d9800000, 0x00000006d9800000, 0x00000006d9c00000|  0%| F|  |TAMS 0x00000006d9800000, 0x00000006d9800000| Untracked 
| 871|0x00000006d9c00000, 0x00000006d9c00000, 0x00000006da000000|  0%| F|  |TAMS 0x00000006d9c00000, 0x00000006d9c00000| Untracked 
| 872|0x00000006da000000, 0x00000006da000000, 0x00000006da400000|  0%| F|  |TAMS 0x00000006da000000, 0x00000006da000000| Untracked 
| 873|0x00000006da400000, 0x00000006da400000, 0x00000006da800000|  0%| F|  |TAMS 0x00000006da400000, 0x00000006da400000| Untracked 
| 874|0x00000006da800000, 0x00000006da800000, 0x00000006dac00000|  0%| F|  |TAMS 0x00000006da800000, 0x00000006da800000| Untracked 
| 875|0x00000006dac00000, 0x00000006dac00000, 0x00000006db000000|  0%| F|  |TAMS 0x00000006dac00000, 0x00000006dac00000| Untracked 
| 876|0x00000006db000000, 0x00000006db000000, 0x00000006db400000|  0%| F|  |TAMS 0x00000006db000000, 0x00000006db000000| Untracked 
| 877|0x00000006db400000, 0x00000006db400000, 0x00000006db800000|  0%| F|  |TAMS 0x00000006db400000, 0x00000006db400000| Untracked 
| 878|0x00000006db800000, 0x00000006db800000, 0x00000006dbc00000|  0%| F|  |TAMS 0x00000006db800000, 0x00000006db800000| Untracked 
| 879|0x00000006dbc00000, 0x00000006dbc00000, 0x00000006dc000000|  0%| F|  |TAMS 0x00000006dbc00000, 0x00000006dbc00000| Untracked 
| 880|0x00000006dc000000, 0x00000006dc000000, 0x00000006dc400000|  0%| F|  |TAMS 0x00000006dc000000, 0x00000006dc000000| Untracked 
| 881|0x00000006dc400000, 0x00000006dc400000, 0x00000006dc800000|  0%| F|  |TAMS 0x00000006dc400000, 0x00000006dc400000| Untracked 
| 882|0x00000006dc800000, 0x00000006dc800000, 0x00000006dcc00000|  0%| F|  |TAMS 0x00000006dc800000, 0x00000006dc800000| Untracked 
| 883|0x00000006dcc00000, 0x00000006dcc00000, 0x00000006dd000000|  0%| F|  |TAMS 0x00000006dcc00000, 0x00000006dcc00000| Untracked 
| 884|0x00000006dd000000, 0x00000006dd000000, 0x00000006dd400000|  0%| F|  |TAMS 0x00000006dd000000, 0x00000006dd000000| Untracked 
| 885|0x00000006dd400000, 0x00000006dd400000, 0x00000006dd800000|  0%| F|  |TAMS 0x00000006dd400000, 0x00000006dd400000| Untracked 
| 886|0x00000006dd800000, 0x00000006dd800000, 0x00000006ddc00000|  0%| F|  |TAMS 0x00000006dd800000, 0x00000006dd800000| Untracked 
| 887|0x00000006ddc00000, 0x00000006ddc00000, 0x00000006de000000|  0%| F|  |TAMS 0x00000006ddc00000, 0x00000006ddc00000| Untracked 
| 888|0x00000006de000000, 0x00000006de000000, 0x00000006de400000|  0%| F|  |TAMS 0x00000006de000000, 0x00000006de000000| Untracked 
| 889|0x00000006de400000, 0x00000006de717d10, 0x00000006de800000| 77%| S|CS|TAMS 0x00000006de400000, 0x00000006de400000| Complete 
| 890|0x00000006de800000, 0x00000006dec00000, 0x00000006dec00000|100%| S|CS|TAMS 0x00000006de800000, 0x00000006de800000| Complete 
| 891|0x00000006dec00000, 0x00000006df000000, 0x00000006df000000|100%| S|CS|TAMS 0x00000006dec00000, 0x00000006dec00000| Complete 
| 892|0x00000006df000000, 0x00000006df400000, 0x00000006df400000|100%| S|CS|TAMS 0x00000006df000000, 0x00000006df000000| Complete 
| 893|0x00000006df400000, 0x00000006df400000, 0x00000006df800000|  0%| F|  |TAMS 0x00000006df400000, 0x00000006df400000| Untracked 
| 894|0x00000006df800000, 0x00000006df800000, 0x00000006dfc00000|  0%| F|  |TAMS 0x00000006df800000, 0x00000006df800000| Untracked 
| 895|0x00000006dfc00000, 0x00000006dfc00000, 0x00000006e0000000|  0%| F|  |TAMS 0x00000006dfc00000, 0x00000006dfc00000| Untracked 
| 896|0x00000006e0000000, 0x00000006e0000000, 0x00000006e0400000|  0%| F|  |TAMS 0x00000006e0000000, 0x00000006e0000000| Untracked 
| 897|0x00000006e0400000, 0x00000006e0400000, 0x00000006e0800000|  0%| F|  |TAMS 0x00000006e0400000, 0x00000006e0400000| Untracked 
| 898|0x00000006e0800000, 0x00000006e0800000, 0x00000006e0c00000|  0%| F|  |TAMS 0x00000006e0800000, 0x00000006e0800000| Untracked 
| 899|0x00000006e0c00000, 0x00000006e0c00000, 0x00000006e1000000|  0%| F|  |TAMS 0x00000006e0c00000, 0x00000006e0c00000| Untracked 
| 900|0x00000006e1000000, 0x00000006e1000000, 0x00000006e1400000|  0%| F|  |TAMS 0x00000006e1000000, 0x00000006e1000000| Untracked 
| 901|0x00000006e1400000, 0x00000006e1400000, 0x00000006e1800000|  0%| F|  |TAMS 0x00000006e1400000, 0x00000006e1400000| Untracked 
| 902|0x00000006e1800000, 0x00000006e1800000, 0x00000006e1c00000|  0%| F|  |TAMS 0x00000006e1800000, 0x00000006e1800000| Untracked 
| 903|0x00000006e1c00000, 0x00000006e1c00000, 0x00000006e2000000|  0%| F|  |TAMS 0x00000006e1c00000, 0x00000006e1c00000| Untracked 
| 904|0x00000006e2000000, 0x00000006e2000000, 0x00000006e2400000|  0%| F|  |TAMS 0x00000006e2000000, 0x00000006e2000000| Untracked 
| 905|0x00000006e2400000, 0x00000006e2400000, 0x00000006e2800000|  0%| F|  |TAMS 0x00000006e2400000, 0x00000006e2400000| Untracked 
| 906|0x00000006e2800000, 0x00000006e2800000, 0x00000006e2c00000|  0%| F|  |TAMS 0x00000006e2800000, 0x00000006e2800000| Untracked 
| 907|0x00000006e2c00000, 0x00000006e2c00000, 0x00000006e3000000|  0%| F|  |TAMS 0x00000006e2c00000, 0x00000006e2c00000| Untracked 
| 908|0x00000006e3000000, 0x00000006e3000000, 0x00000006e3400000|  0%| F|  |TAMS 0x00000006e3000000, 0x00000006e3000000| Untracked 
| 909|0x00000006e3400000, 0x00000006e3400000, 0x00000006e3800000|  0%| F|  |TAMS 0x00000006e3400000, 0x00000006e3400000| Untracked 
| 910|0x00000006e3800000, 0x00000006e3800000, 0x00000006e3c00000|  0%| F|  |TAMS 0x00000006e3800000, 0x00000006e3800000| Untracked 
| 911|0x00000006e3c00000, 0x00000006e3c00000, 0x00000006e4000000|  0%| F|  |TAMS 0x00000006e3c00000, 0x00000006e3c00000| Untracked 
| 912|0x00000006e4000000, 0x00000006e4000000, 0x00000006e4400000|  0%| F|  |TAMS 0x00000006e4000000, 0x00000006e4000000| Untracked 
| 913|0x00000006e4400000, 0x00000006e4400000, 0x00000006e4800000|  0%| F|  |TAMS 0x00000006e4400000, 0x00000006e4400000| Untracked 
| 914|0x00000006e4800000, 0x00000006e4800000, 0x00000006e4c00000|  0%| F|  |TAMS 0x00000006e4800000, 0x00000006e4800000| Untracked 
| 915|0x00000006e4c00000, 0x00000006e4c00000, 0x00000006e5000000|  0%| F|  |TAMS 0x00000006e4c00000, 0x00000006e4c00000| Untracked 
| 916|0x00000006e5000000, 0x00000006e5000000, 0x00000006e5400000|  0%| F|  |TAMS 0x00000006e5000000, 0x00000006e5000000| Untracked 
| 917|0x00000006e5400000, 0x00000006e5400000, 0x00000006e5800000|  0%| F|  |TAMS 0x00000006e5400000, 0x00000006e5400000| Untracked 
| 918|0x00000006e5800000, 0x00000006e5800000, 0x00000006e5c00000|  0%| F|  |TAMS 0x00000006e5800000, 0x00000006e5800000| Untracked 
| 919|0x00000006e5c00000, 0x00000006e5c00000, 0x00000006e6000000|  0%| F|  |TAMS 0x00000006e5c00000, 0x00000006e5c00000| Untracked 
|1708|0x00000007ab000000, 0x00000007ab000000, 0x00000007ab400000|  0%| F|  |TAMS 0x00000007ab000000, 0x00000007ab000000| Untracked 
|1709|0x00000007ab400000, 0x00000007ab400000, 0x00000007ab800000|  0%| F|  |TAMS 0x00000007ab400000, 0x00000007ab400000| Untracked 
|1710|0x00000007ab800000, 0x00000007ab800000, 0x00000007abc00000|  0%| F|  |TAMS 0x00000007ab800000, 0x00000007ab800000| Untracked 
|1711|0x00000007abc00000, 0x00000007abc00000, 0x00000007ac000000|  0%| F|  |TAMS 0x00000007abc00000, 0x00000007abc00000| Untracked 
|1712|0x00000007ac000000, 0x00000007ac000000, 0x00000007ac400000|  0%| F|  |TAMS 0x00000007ac000000, 0x00000007ac000000| Untracked 
|1713|0x00000007ac400000, 0x00000007ac400000, 0x00000007ac800000|  0%| F|  |TAMS 0x00000007ac400000, 0x00000007ac400000| Untracked 
|1714|0x00000007ac800000, 0x00000007ac800000, 0x00000007acc00000|  0%| F|  |TAMS 0x00000007ac800000, 0x00000007ac800000| Untracked 
|1715|0x00000007acc00000, 0x00000007acc00000, 0x00000007ad000000|  0%| F|  |TAMS 0x00000007acc00000, 0x00000007acc00000| Untracked 
|1716|0x00000007ad000000, 0x00000007ad000000, 0x00000007ad400000|  0%| F|  |TAMS 0x00000007ad000000, 0x00000007ad000000| Untracked 
|1717|0x00000007ad400000, 0x00000007ad400000, 0x00000007ad800000|  0%| F|  |TAMS 0x00000007ad400000, 0x00000007ad400000| Untracked 
|1718|0x00000007ad800000, 0x00000007ad800000, 0x00000007adc00000|  0%| F|  |TAMS 0x00000007ad800000, 0x00000007ad800000| Untracked 
|1719|0x00000007adc00000, 0x00000007adc00000, 0x00000007ae000000|  0%| F|  |TAMS 0x00000007adc00000, 0x00000007adc00000| Untracked 
|1720|0x00000007ae000000, 0x00000007ae000000, 0x00000007ae400000|  0%| F|  |TAMS 0x00000007ae000000, 0x00000007ae000000| Untracked 
|1721|0x00000007ae400000, 0x00000007ae400000, 0x00000007ae800000|  0%| F|  |TAMS 0x00000007ae400000, 0x00000007ae400000| Untracked 
|1722|0x00000007ae800000, 0x00000007ae800000, 0x00000007aec00000|  0%| F|  |TAMS 0x00000007ae800000, 0x00000007ae800000| Untracked 
|1723|0x00000007aec00000, 0x00000007aec00000, 0x00000007af000000|  0%| F|  |TAMS 0x00000007aec00000, 0x00000007aec00000| Untracked 
|1724|0x00000007af000000, 0x00000007af000000, 0x00000007af400000|  0%| F|  |TAMS 0x00000007af000000, 0x00000007af000000| Untracked 
|1725|0x00000007af400000, 0x00000007af400000, 0x00000007af800000|  0%| F|  |TAMS 0x00000007af400000, 0x00000007af400000| Untracked 
|1726|0x00000007af800000, 0x00000007af800000, 0x00000007afc00000|  0%| F|  |TAMS 0x00000007af800000, 0x00000007af800000| Untracked 
|1727|0x00000007afc00000, 0x00000007afc00000, 0x00000007b0000000|  0%| F|  |TAMS 0x00000007afc00000, 0x00000007afc00000| Untracked 

Card table byte_map: [0x000002e221000000,0x000002e222000000] _byte_map_base: 0x000002e21e000000

Marking Bits (Prev, Next): (CMBitMap*) 0x000002e276e68a40, (CMBitMap*) 0x000002e276e68a80
 Prev Bits: [0x000002e223000000, 0x000002e22b000000)
 Next Bits: [0x000002e22b000000, 0x000002e233000000)

Polling page: 0x000002e274b60000

Metaspace:

Usage:
  Non-class:    341.23 MB used.
      Class:     46.07 MB used.
       Both:    387.31 MB used.

Virtual space:
  Non-class space:      384.00 MB reserved,     343.00 MB ( 89%) committed,  6 nodes.
      Class space:        1.00 GB reserved,      48.19 MB (  5%) committed,  1 nodes.
             Both:        1.38 GB reserved,     391.19 MB ( 28%) committed. 

Chunk freelists:
   Non-Class:  496.00 KB
       Class:  3.90 MB
        Both:  4.39 MB

MaxMetaspaceSize: 4.00 GB
CompressedClassSpaceSize: 1.00 GB
Initial GC threshold: 21.00 MB
Current GC threshold: 651.38 MB
CDS: on
MetaspaceReclaimPolicy: balanced
 - commit_granule_bytes: 65536.
 - commit_granule_words: 8192.
 - virtual_space_node_default_size: 8388608.
 - enlarge_chunks_in_place: 1.
 - new_chunks_are_fully_committed: 0.
 - uncommit_free_chunks: 1.
 - use_allocation_guard: 0.


Internal statistics:

num_allocs_failed_limit: 178.
num_arena_births: 7316.
num_arena_deaths: 618.
num_vsnodes_births: 7.
num_vsnodes_deaths: 0.
num_space_committed: 6275.
num_space_uncommitted: 21.
num_chunks_returned_to_freelist: 1305.
num_chunks_taken_from_freelist: 25994.
num_chunk_merges: 326.
num_chunk_splits: 17173.
num_chunks_enlarged: 11064.
num_inconsistent_stats: 0.

CodeHeap 'non-profiled nmethods': size=259264Kb used=74649Kb max_used=74649Kb free=184614Kb
 bounds [0x000002e2102d0000, 0x000002e214bc0000, 0x000002e220000000]
CodeHeap 'profiled nmethods': size=259264Kb used=152029Kb max_used=152029Kb free=107234Kb
 bounds [0x000002e200000000, 0x000002e209490000, 0x000002e20fd30000]
CodeHeap 'non-nmethods': size=5760Kb used=2942Kb max_used=3094Kb free=2817Kb
 bounds [0x000002e20fd30000, 0x000002e210040000, 0x000002e2102d0000]
 total_blobs=69187 nmethods=67725 adapters=1367
 compilation: enabled
              stopped_count=0, restarted_count=0
 full_count=0

Compilation events (20 events):
Event: 2919.502 Thread 0x000002e23941c350 98747       3       com.android.builder.merge.LazyIncrementalFileMergerInput::getUpdatedPaths (14 bytes)
Event: 2919.502 Thread 0x000002e23941c350 nmethod 98747 0x000002e209488a90 code [0x000002e209488c60, 0x000002e2094891f8]
Event: 2919.502 Thread 0x000002e23941c350 98748       3       com.android.builder.merge.LazyIncrementalFileMergerInput$$Lambda$3962/0x00000008025ae760::get (8 bytes)
Event: 2919.503 Thread 0x000002e23941c350 nmethod 98748 0x000002e209489390 code [0x000002e209489540, 0x000002e209489688]
Event: 2919.503 Thread 0x000002e23941c350 98749       3       com.android.builder.merge.LazyIncrementalFileMergerInputs$$Lambda$3961/0x00000008025ae288::get (8 bytes)
Event: 2919.506 Thread 0x000002e23941c350 nmethod 98749 0x000002e209489710 code [0x000002e2094899a0, 0x000002e20948a978]
Event: 2919.516 Thread 0x000002e23941c350 98750       3       com.android.tools.build.apkzlib.zip.utils.CloseableDelegateByteSource::openStream (8 bytes)
Event: 2919.521 Thread 0x000002e23941c350 nmethod 98750 0x000002e20948ae10 code [0x000002e20948afe0, 0x000002e20948b3f8]
Event: 2919.602 Thread 0x000002e23941c350 98751       3       java.util.Calendar::setFieldsComputed (118 bytes)
Event: 2919.603 Thread 0x000002e23941c350 nmethod 98751 0x000002e20948b610 code [0x000002e20948b7e0, 0x000002e20948bc78]
Event: 2919.609 Thread 0x000002e23941c350 98752 %     3       com.android.builder.merge.LazyIncrementalFileMergerInput::lambda$new$1 @ 17 (54 bytes)
Event: 2919.610 Thread 0x000002e23941c350 nmethod 98752% 0x000002e20948bf10 code [0x000002e20948c180, 0x000002e20948cf98]
Event: 2919.614 Thread 0x000002e23941c350 98753       3       com.google.common.hash.Hashing$ChecksumType$1::get (5 bytes)
Event: 2919.617 Thread 0x000002e23941c350 nmethod 98753 0x000002e20948d390 code [0x000002e20948d540, 0x000002e20948d7b8]
Event: 2919.617 Thread 0x000002e23941c350 98754       3       com.google.common.hash.Hashing$ChecksumType$1::get (8 bytes)
Event: 2919.617 Thread 0x000002e23941c350 nmethod 98754 0x000002e20948d910 code [0x000002e20948dac0, 0x000002e20948dcd8]
Event: 2919.617 Thread 0x000002e23941c350 98755   !   3       com.google.common.io.ByteSource::copyTo (51 bytes)
Event: 2919.623 Thread 0x000002e23941c350 nmethod 98755 0x000002e20948de10 code [0x000002e20948e0c0, 0x000002e20948ed58]
Event: 2919.632 Thread 0x000002e23941c350 98756       3       com.intellij.openapi.util.text.StringUtil::containsLineBreak (46 bytes)
Event: 2919.637 Thread 0x000002e23941c350 nmethod 98756 0x000002e20948f310 code [0x000002e20948f500, 0x000002e20948fa08]

GC Heap History (20 events):
Event: 2267.590 GC heap after
{Heap after GC invocations=176 (full 0):
 garbage-first heap   total 7077888K, used 766549K [0x0000000600000000, 0x0000000800000000)
  region size 4096K, 5 young (20480K), 5 survivors (20480K)
 Metaspace       used 392270K, committed 396416K, reserved 1441792K
  class space    used 47071K, committed 49344K, reserved 1048576K
}
Event: 2268.151 GC heap before
{Heap before GC invocations=176 (full 0):
 garbage-first heap   total 7077888K, used 1094229K [0x0000000600000000, 0x0000000800000000)
  region size 4096K, 86 young (352256K), 5 survivors (20480K)
 Metaspace       used 392274K, committed 396416K, reserved 1441792K
  class space    used 47071K, committed 49344K, reserved 1048576K
}
Event: 2268.225 GC heap after
{Heap after GC invocations=177 (full 0):
 garbage-first heap   total 7077888K, used 764495K [0x0000000600000000, 0x0000000800000000)
  region size 4096K, 6 young (24576K), 6 survivors (24576K)
 Metaspace       used 392274K, committed 396416K, reserved 1441792K
  class space    used 47071K, committed 49344K, reserved 1048576K
}
Event: 2268.648 GC heap before
{Heap before GC invocations=177 (full 0):
 garbage-first heap   total 7077888K, used 1473103K [0x0000000600000000, 0x0000000800000000)
  region size 4096K, 179 young (733184K), 6 survivors (24576K)
 Metaspace       used 392277K, committed 396416K, reserved 1441792K
  class space    used 47071K, committed 49344K, reserved 1048576K
}
Event: 2268.713 GC heap after
{Heap after GC invocations=178 (full 0):
 garbage-first heap   total 7077888K, used 769758K [0x0000000600000000, 0x0000000800000000)
  region size 4096K, 7 young (28672K), 7 survivors (28672K)
 Metaspace       used 392277K, committed 396416K, reserved 1441792K
  class space    used 47071K, committed 49344K, reserved 1048576K
}
Event: 2269.590 GC heap before
{Heap before GC invocations=178 (full 0):
 garbage-first heap   total 7077888K, used 1969886K [0x0000000600000000, 0x0000000800000000)
  region size 4096K, 300 young (1228800K), 7 survivors (28672K)
 Metaspace       used 392295K, committed 396416K, reserved 1441792K
  class space    used 47071K, committed 49344K, reserved 1048576K
}
Event: 2269.737 GC heap after
{Heap after GC invocations=179 (full 0):
 garbage-first heap   total 7077888K, used 769885K [0x0000000600000000, 0x0000000800000000)
  region size 4096K, 7 young (28672K), 7 survivors (28672K)
 Metaspace       used 392295K, committed 396416K, reserved 1441792K
  class space    used 47071K, committed 49344K, reserved 1048576K
}
Event: 2277.908 GC heap before
{Heap before GC invocations=180 (full 0):
 garbage-first heap   total 4521984K, used 2183005K [0x0000000600000000, 0x0000000800000000)
  region size 4096K, 347 young (1421312K), 7 survivors (28672K)
 Metaspace       used 392366K, committed 396480K, reserved 1441792K
  class space    used 47071K, committed 49344K, reserved 1048576K
}
Event: 2277.944 GC heap after
{Heap after GC invocations=181 (full 0):
 garbage-first heap   total 4521984K, used 767358K [0x0000000600000000, 0x0000000800000000)
  region size 4096K, 7 young (28672K), 7 survivors (28672K)
 Metaspace       used 392366K, committed 396480K, reserved 1441792K
  class space    used 47071K, committed 49344K, reserved 1048576K
}
Event: 2282.034 GC heap before
{Heap before GC invocations=181 (full 0):
 garbage-first heap   total 4521984K, used 1025406K [0x0000000600000000, 0x0000000800000000)
  region size 4096K, 55 young (225280K), 7 survivors (28672K)
 Metaspace       used 392409K, committed 396480K, reserved 1441792K
  class space    used 47071K, committed 49344K, reserved 1048576K
}
Event: 2282.109 GC heap after
{Heap after GC invocations=182 (full 0):
 garbage-first heap   total 4521984K, used 791093K [0x0000000600000000, 0x0000000800000000)
  region size 4096K, 7 young (28672K), 7 survivors (28672K)
 Metaspace       used 392409K, committed 396480K, reserved 1441792K
  class space    used 47071K, committed 49344K, reserved 1048576K
}
Event: 2872.000 GC heap before
{Heap before GC invocations=182 (full 0):
 garbage-first heap   total 4521984K, used 3310133K [0x0000000600000000, 0x0000000800000000)
  region size 4096K, 624 young (2555904K), 7 survivors (28672K)
 Metaspace       used 396213K, committed 400192K, reserved 1441792K
  class space    used 47158K, committed 49344K, reserved 1048576K
}
Event: 2873.087 GC heap after
{Heap after GC invocations=183 (full 0):
 garbage-first heap   total 4521984K, used 794835K [0x0000000600000000, 0x0000000800000000)
  region size 4096K, 23 young (94208K), 23 survivors (94208K)
 Metaspace       used 396213K, committed 400192K, reserved 1441792K
  class space    used 47158K, committed 49344K, reserved 1048576K
}
Event: 2907.510 GC heap before
{Heap before GC invocations=184 (full 0):
 garbage-first heap   total 3850240K, used 1347795K [0x0000000600000000, 0x0000000800000000)
  region size 4096K, 55 young (225280K), 23 survivors (94208K)
 Metaspace       used 396534K, committed 400512K, reserved 1441792K
  class space    used 47178K, committed 49344K, reserved 1048576K
}
Event: 2908.126 GC heap after
{Heap after GC invocations=185 (full 0):
 garbage-first heap   total 3850240K, used 801945K [0x0000000600000000, 0x0000000800000000)
  region size 4096K, 4 young (16384K), 4 survivors (16384K)
 Metaspace       used 396534K, committed 400512K, reserved 1441792K
  class space    used 47178K, committed 49344K, reserved 1048576K
}
Event: 2917.369 GC heap before
{Heap before GC invocations=185 (full 0):
 garbage-first heap   total 3850240K, used 973977K [0x0000000600000000, 0x0000000800000000)
  region size 4096K, 47 young (192512K), 4 survivors (16384K)
 Metaspace       used 396588K, committed 400512K, reserved 1441792K
  class space    used 47178K, committed 49344K, reserved 1048576K
}
Event: 2917.864 GC heap after
{Heap after GC invocations=186 (full 0):
 garbage-first heap   total 3850240K, used 801828K [0x0000000600000000, 0x0000000800000000)
  region size 4096K, 6 young (24576K), 6 survivors (24576K)
 Metaspace       used 396588K, committed 400512K, reserved 1441792K
  class space    used 47178K, committed 49344K, reserved 1048576K
}
Event: 2918.516 GC heap before
{Heap before GC invocations=186 (full 0):
 garbage-first heap   total 3850240K, used 969764K [0x0000000600000000, 0x0000000800000000)
  region size 4096K, 47 young (192512K), 6 survivors (24576K)
 Metaspace       used 396594K, committed 400576K, reserved 1441792K
  class space    used 47178K, committed 49344K, reserved 1048576K
}
Event: 2919.332 GC heap after
{Heap after GC invocations=187 (full 0):
 garbage-first heap   total 3850240K, used 810611K [0x0000000600000000, 0x0000000800000000)
  region size 4096K, 4 young (16384K), 4 survivors (16384K)
 Metaspace       used 396594K, committed 400576K, reserved 1441792K
  class space    used 47178K, committed 49344K, reserved 1048576K
}
Event: 2919.653 GC heap before
{Heap before GC invocations=187 (full 0):
 garbage-first heap   total 3850240K, used 982643K [0x0000000600000000, 0x0000000800000000)
  region size 4096K, 47 young (192512K), 4 survivors (16384K)
 Metaspace       used 396602K, committed 400576K, reserved 1441792K
  class space    used 47178K, committed 49344K, reserved 1048576K
}

Dll operation events (18 events):
Event: 0.010 Loaded shared library C:\Program Files\Java\jdk-19\bin\java.dll
Event: 0.017 Loaded shared library C:\Program Files\Java\jdk-19\bin\jsvml.dll
Event: 0.057 Loaded shared library C:\Program Files\Java\jdk-19\bin\zip.dll
Event: 0.060 Loaded shared library C:\Program Files\Java\jdk-19\bin\instrument.dll
Event: 0.064 Loaded shared library C:\Program Files\Java\jdk-19\bin\net.dll
Event: 0.065 Loaded shared library C:\Program Files\Java\jdk-19\bin\nio.dll
Event: 0.068 Loaded shared library C:\Program Files\Java\jdk-19\bin\zip.dll
Event: 0.281 Loaded shared library C:\Program Files\Java\jdk-19\bin\jimage.dll
Event: 0.374 Loaded shared library C:\Program Files\Java\jdk-19\bin\verify.dll
Event: 0.463 Loaded shared library C:\Users\RAHUL\.gradle\native\c067742578af261105cb4f569cf0c3c89f3d7b1fecec35dd04571415982c5e48\windows-amd64\native-platform.dll
Event: 0.474 Loaded shared library C:\Users\RAHUL\.gradle\native\100fb08df4bc3b14c8652ba06237920a3bd2aa13389f12d3474272988ae205f9\windows-amd64\native-platform-file-events.dll
Event: 1.363 Loaded shared library C:\Program Files\Java\jdk-19\bin\management.dll
Event: 1.367 Loaded shared library C:\Program Files\Java\jdk-19\bin\management_ext.dll
Event: 1.532 Loaded shared library C:\Program Files\Java\jdk-19\bin\extnet.dll
Event: 1.725 Loaded shared library C:\Program Files\Java\jdk-19\bin\sunmscapi.dll
Event: 9.567 Loaded shared library C:\Users\RAHUL\AppData\Local\Temp\native-platform14218162477416610958dir\native-platform.dll
Event: 10.019 Loaded shared library C:\Program Files\Java\jdk-19\bin\rmi.dll
Event: 935.140 Loaded shared library C:\Program Files\Java\jdk-19\bin\awt.dll

Deoptimization events (20 events):
Event: 2910.568 Thread 0x000002e24d8cead0 Uncommon trap: trap_request=0xffffff45 fr.pc=0x000002e214b91940 relative=0x00000000000002e0
Event: 2910.568 Thread 0x000002e24d8cead0 Uncommon trap: reason=unstable_if action=reinterpret pc=0x000002e214b91940 method=com.google.common.cache.LongAdder.add(J)V @ 72 c2
Event: 2910.568 Thread 0x000002e24d8cead0 DEOPT PACKING pc=0x000002e214b91940 sp=0x000000fcbfdfc730
Event: 2910.569 Thread 0x000002e24d8cead0 DEOPT UNPACKING pc=0x000002e20fd96da3 sp=0x000000fcbfdfc690 mode 2
Event: 2916.254 Thread 0x000002e2540c8d00 DEOPT PACKING pc=0x000002e205f6646b sp=0x000000fcc8bfd8b0
Event: 2916.255 Thread 0x000002e2540c8d00 DEOPT UNPACKING pc=0x000002e20fd97543 sp=0x000000fcc8bfcdb0 mode 0
Event: 2916.294 Thread 0x000002e2540c8d00 DEOPT PACKING pc=0x000002e205f67f0e sp=0x000000fcc8bfdab0
Event: 2916.295 Thread 0x000002e2540c8d00 DEOPT UNPACKING pc=0x000002e20fd97543 sp=0x000000fcc8bfd010 mode 0
Event: 2916.499 Thread 0x000002e2540c8d00 DEOPT PACKING pc=0x000002e205f606f6 sp=0x000000fcc8bfda20
Event: 2916.499 Thread 0x000002e2540c8d00 DEOPT UNPACKING pc=0x000002e20fd97543 sp=0x000000fcc8bfcf88 mode 0
Event: 2916.524 Thread 0x000002e2540c8d00 DEOPT PACKING pc=0x000002e205f64c06 sp=0x000000fcc8bfd930
Event: 2916.525 Thread 0x000002e2540c8d00 DEOPT UNPACKING pc=0x000002e20fd97543 sp=0x000000fcc8bfce60 mode 0
Event: 2916.558 Thread 0x000002e2540c8d00 DEOPT PACKING pc=0x000002e203333f29 sp=0x000000fcc8bfd9d0
Event: 2916.558 Thread 0x000002e2540c8d00 DEOPT UNPACKING pc=0x000002e20fd97543 sp=0x000000fcc8bfce68 mode 0
Event: 2916.579 Thread 0x000002e2540c8d00 DEOPT PACKING pc=0x000002e205f6205b sp=0x000000fcc8bfdc30
Event: 2916.579 Thread 0x000002e2540c8d00 DEOPT UNPACKING pc=0x000002e20fd97543 sp=0x000000fcc8bfd188 mode 0
Event: 2919.487 Thread 0x000002e2540c8d00 DEOPT PACKING pc=0x000002e205fa7c9d sp=0x000000fcc8bfdba0
Event: 2919.488 Thread 0x000002e2540c8d00 DEOPT UNPACKING pc=0x000002e20fd97543 sp=0x000000fcc8bfd0b0 mode 0
Event: 2919.602 Thread 0x000002e2540c8d00 DEOPT PACKING pc=0x000002e20334ed11 sp=0x000000fcc8bfd5f0
Event: 2919.602 Thread 0x000002e2540c8d00 DEOPT UNPACKING pc=0x000002e20fd97543 sp=0x000000fcc8bfca80 mode 0

Classes loaded (20 events):
Event: 2840.811 Loading class java/io/JavaCompile
Event: 2840.811 Loading class java/io/JavaCompile done
Event: 2840.811 Loading class java/net/JavaCompile
Event: 2840.812 Loading class java/net/JavaCompile done
Event: 2840.825 Loading class java/lang/JavaVersion
Event: 2840.825 Loading class java/lang/JavaVersion done
Event: 2840.825 Loading class java/util/JavaVersion
Event: 2840.825 Loading class java/util/JavaVersion done
Event: 2840.825 Loading class java/io/JavaVersion
Event: 2840.826 Loading class java/io/JavaVersion done
Event: 2840.826 Loading class java/net/JavaVersion
Event: 2840.826 Loading class java/net/JavaVersion done
Event: 2840.830 Loading class java/lang/JavaVersion$VERSION_11
Event: 2840.830 Loading class java/lang/JavaVersion$VERSION_11 done
Event: 2840.830 Loading class java/util/JavaVersion$VERSION_11
Event: 2840.830 Loading class java/util/JavaVersion$VERSION_11 done
Event: 2840.830 Loading class java/io/JavaVersion$VERSION_11
Event: 2840.830 Loading class java/io/JavaVersion$VERSION_11 done
Event: 2840.830 Loading class java/net/JavaVersion$VERSION_11
Event: 2840.830 Loading class java/net/JavaVersion$VERSION_11 done

Classes unloaded (20 events):
Event: 2187.387 Thread 0x000002e27f679600 Unloading class 0x0000000803bd2da0 'jdk/internal/jimage/ImageHeader'
Event: 2187.387 Thread 0x000002e27f679600 Unloading class 0x0000000803bd2b80 'jdk/internal/jimage/BasicImageReader$2'
Event: 2187.387 Thread 0x000002e27f679600 Unloading class 0x0000000803bd2960 'jdk/internal/jimage/BasicImageReader$1'
Event: 2187.387 Thread 0x000002e27f679600 Unloading class 0x0000000803bd2708 'jdk/internal/jimage/ImageReader$Resource'
Event: 2187.387 Thread 0x000002e27f679600 Unloading class 0x0000000803bd24b0 'jdk/internal/jimage/ImageReader$LinkNode'
Event: 2187.387 Thread 0x000002e27f679600 Unloading class 0x0000000803bd2258 'jdk/internal/jimage/ImageReader$Directory'
Event: 2187.387 Thread 0x000002e27f679600 Unloading class 0x0000000803bd2000 'jdk/internal/jimage/ImageReader$Node'
Event: 2187.387 Thread 0x000002e27f679600 Unloading class 0x0000000802e81db0 'jdk/internal/jimage/ImageStrings'
Event: 2187.387 Thread 0x000002e27f679600 Unloading class 0x0000000802e81b00 'jdk/internal/jimage/ImageReader$SharedImageReader'
Event: 2187.387 Thread 0x000002e27f679600 Unloading class 0x0000000802e81850 'jdk/internal/jimage/BasicImageReader'
Event: 2187.387 Thread 0x000002e27f679600 Unloading class 0x0000000802e81640 'jdk/internal/jimage/ImageReader'
Event: 2187.387 Thread 0x000002e27f679600 Unloading class 0x0000000802e81428 'jdk/internal/jrtfs/SystemImage$2'
Event: 2187.387 Thread 0x000002e27f679600 Unloading class 0x0000000802e81220 'jdk/internal/jrtfs/SystemImage$$Lambda$12198+0x0000000802e81220'
Event: 2187.387 Thread 0x000002e27f679600 Unloading class 0x0000000802e81000 'jdk/internal/jrtfs/ExplodedImage'
Event: 2187.388 Thread 0x000002e27f679600 Unloading class 0x0000000803fa0db8 'jdk/internal/jrtfs/SystemImage$1'
Event: 2187.388 Thread 0x000002e27f679600 Unloading class 0x000000080402bdb8 'jdk/internal/jrtfs/SystemImage'
Event: 2187.388 Thread 0x000002e27f679600 Unloading class 0x0000000803fa0b68 'jdk/internal/jrtfs/JrtFileStore'
Event: 2187.388 Thread 0x000002e27f679600 Unloading class 0x0000000803fa0800 'jdk/internal/jrtfs/JrtPath'
Event: 2187.388 Thread 0x000002e27f679600 Unloading class 0x000000080402bad0 'jdk/internal/jrtfs/JrtFileSystem'
Event: 2187.389 Thread 0x000002e27f679600 Unloading class 0x000000080402b800 'jdk/internal/jrtfs/JrtFileSystemProvider'

Classes redefined (0 events):
No events

Internal exceptions (20 events):
Event: 2918.402 Thread 0x000002e261664080 Exception <a 'sun/nio/fs/WindowsException'{0x00000006e2866240}> (0x00000006e2866240) 
thrown [s\open\src\hotspot\share\prims\jni.cpp, line 517]
Event: 2919.423 Thread 0x000002e261664080 Exception <a 'sun/nio/fs/WindowsException'{0x00000007abdcc750}> (0x00000007abdcc750) 
thrown [s\open\src\hotspot\share\prims\jni.cpp, line 517]
Event: 2919.517 Thread 0x000002e261664080 Exception <a 'sun/nio/fs/WindowsException'{0x00000006e3efd768}> (0x00000006e3efd768) 
thrown [s\open\src\hotspot\share\prims\jni.cpp, line 517]
Event: 2919.518 Thread 0x000002e261664080 Exception <a 'sun/nio/fs/WindowsException'{0x00000006e3efde10}> (0x00000006e3efde10) 
thrown [s\open\src\hotspot\share\prims\jni.cpp, line 517]
Event: 2919.520 Thread 0x000002e261664080 Exception <a 'sun/nio/fs/WindowsException'{0x00000006e3efe558}> (0x00000006e3efe558) 
thrown [s\open\src\hotspot\share\prims\jni.cpp, line 517]
Event: 2919.521 Thread 0x000002e261664080 Exception <a 'sun/nio/fs/WindowsException'{0x00000006e3efecf0}> (0x00000006e3efecf0) 
thrown [s\open\src\hotspot\share\prims\jni.cpp, line 517]
Event: 2919.521 Thread 0x000002e261664080 Exception <a 'sun/nio/fs/WindowsException'{0x00000006e3effd78}> (0x00000006e3effd78) 
thrown [s\open\src\hotspot\share\prims\jni.cpp, line 517]
Event: 2919.521 Thread 0x000002e261664080 Exception <a 'sun/nio/fs/WindowsException'{0x00000006e3f00430}> (0x00000006e3f00430) 
thrown [s\open\src\hotspot\share\prims\jni.cpp, line 517]
Event: 2919.521 Thread 0x000002e261664080 Exception <a 'sun/nio/fs/WindowsException'{0x00000006e3f00b90}> (0x00000006e3f00b90) 
thrown [s\open\src\hotspot\share\prims\jni.cpp, line 517]
Event: 2919.522 Thread 0x000002e261664080 Exception <a 'sun/nio/fs/WindowsException'{0x00000006e3f01340}> (0x00000006e3f01340) 
thrown [s\open\src\hotspot\share\prims\jni.cpp, line 517]
Event: 2919.522 Thread 0x000002e261664080 Exception <a 'sun/nio/fs/WindowsException'{0x00000006e3f02458}> (0x00000006e3f02458) 
thrown [s\open\src\hotspot\share\prims\jni.cpp, line 517]
Event: 2919.522 Thread 0x000002e261664080 Exception <a 'sun/nio/fs/WindowsException'{0x00000006e3f02de8}> (0x00000006e3f02de8) 
thrown [s\open\src\hotspot\share\prims\jni.cpp, line 517]
Event: 2919.522 Thread 0x000002e261664080 Exception <a 'sun/nio/fs/WindowsException'{0x00000006e3f03490}> (0x00000006e3f03490) 
thrown [s\open\src\hotspot\share\prims\jni.cpp, line 517]
Event: 2919.523 Thread 0x000002e261664080 Exception <a 'sun/nio/fs/WindowsException'{0x00000006e3f03bd8}> (0x00000006e3f03bd8) 
thrown [s\open\src\hotspot\share\prims\jni.cpp, line 517]
Event: 2919.523 Thread 0x000002e261664080 Exception <a 'sun/nio/fs/WindowsException'{0x00000006e3f04370}> (0x00000006e3f04370) 
thrown [s\open\src\hotspot\share\prims\jni.cpp, line 517]
Event: 2919.524 Thread 0x000002e261664080 Exception <a 'sun/nio/fs/WindowsException'{0x00000006e3f05410}> (0x00000006e3f05410) 
thrown [s\open\src\hotspot\share\prims\jni.cpp, line 517]
Event: 2919.524 Thread 0x000002e261664080 Exception <a 'sun/nio/fs/WindowsException'{0x00000006e3f05ac8}> (0x00000006e3f05ac8) 
thrown [s\open\src\hotspot\share\prims\jni.cpp, line 517]
Event: 2919.524 Thread 0x000002e261664080 Exception <a 'sun/nio/fs/WindowsException'{0x00000006e3f06228}> (0x00000006e3f06228) 
thrown [s\open\src\hotspot\share\prims\jni.cpp, line 517]
Event: 2919.524 Thread 0x000002e261664080 Exception <a 'sun/nio/fs/WindowsException'{0x00000006e3f069d8}> (0x00000006e3f069d8) 
thrown [s\open\src\hotspot\share\prims\jni.cpp, line 517]
Event: 2919.525 Thread 0x000002e261664080 Exception <a 'sun/nio/fs/WindowsException'{0x00000006e3f082d0}> (0x00000006e3f082d0) 
thrown [s\open\src\hotspot\share\prims\jni.cpp, line 517]

VM Operations (20 events):
Event: 2910.127 Executing VM operation: Cleanup done
Event: 2912.128 Executing VM operation: Cleanup
Event: 2912.128 Executing VM operation: Cleanup done
Event: 2913.129 Executing VM operation: Cleanup
Event: 2913.129 Executing VM operation: Cleanup done
Event: 2915.129 Executing VM operation: Cleanup
Event: 2915.207 Executing VM operation: Cleanup done
Event: 2916.208 Executing VM operation: Cleanup
Event: 2916.227 Executing VM operation: Cleanup done
Event: 2917.228 Executing VM operation: Cleanup
Event: 2917.233 Executing VM operation: Cleanup done
Event: 2917.367 Executing VM operation: G1CollectForAllocation
Event: 2917.865 Executing VM operation: G1CollectForAllocation done
Event: 2918.299 Executing VM operation: HandshakeAllThreads
Event: 2918.301 Executing VM operation: HandshakeAllThreads done
Event: 2918.516 Executing VM operation: G1CollectForAllocation
Event: 2919.332 Executing VM operation: G1CollectForAllocation done
Event: 2919.652 Executing VM operation: G1CollectForAllocation
Event: 2919.653 Executing VM operation: G1CollectForAllocation done
Event: 2919.653 Executing VM operation: G1CollectForAllocation

Events (20 events):
Event: 2901.191 Thread 0x000002e253373140 Thread added: 0x000002e253373140
Event: 2901.198 Thread 0x000002e24847ef90 Thread added: 0x000002e24847ef90
Event: 2901.200 Thread 0x000002e245d64b20 Thread added: 0x000002e245d64b20
Event: 2901.203 Thread 0x000002e26221b810 Thread added: 0x000002e26221b810
Event: 2901.211 Thread 0x000002e253374680 Thread added: 0x000002e253374680
Event: 2901.211 Thread 0x000002e253373be0 Thread added: 0x000002e253373be0
Event: 2901.223 Thread 0x000002e25288b030 Thread added: 0x000002e25288b030
Event: 2901.225 Thread 0x000002e252889af0 Thread added: 0x000002e252889af0
Event: 2901.229 Thread 0x000002e262219d80 Thread added: 0x000002e262219d80
Event: 2901.231 Thread 0x000002e261e1f2d0 Thread added: 0x000002e261e1f2d0
Event: 2901.239 Thread 0x000002e26179fae0 Thread added: 0x000002e26179fae0
Event: 2901.240 Thread 0x000002e261e263f0 Thread added: 0x000002e261e263f0
Event: 2901.257 Thread 0x000002e24d8d0ab0 Thread added: 0x000002e24d8d0ab0
Event: 2901.258 Thread 0x000002e24d8ce580 Thread added: 0x000002e24d8ce580
Event: 2901.268 Thread 0x000002e247631b20 Thread added: 0x000002e247631b20
Event: 2901.269 Thread 0x000002e25354f5c0 Thread added: 0x000002e25354f5c0
Event: 2901.279 Thread 0x000002e25354f070 Thread added: 0x000002e25354f070
Event: 2901.280 Thread 0x000002e2535505b0 Thread added: 0x000002e2535505b0
Event: 2901.478 Thread 0x000002e25288b580 Thread added: 0x000002e25288b580
Event: 2908.277 Thread 0x000002e24847ef90 Thread exited: 0x000002e24847ef90


Dynamic libraries:
0x00007ff6c5980000 - 0x00007ff6c5990000 	C:\Program Files\Java\jdk-19\bin\java.exe
0x00007ffb0a9c0000 - 0x00007ffb0ac29000 	C:\WINDOWS\SYSTEM32\ntdll.dll
0x00007ffb088c0000 - 0x00007ffb08989000 	C:\WINDOWS\System32\KERNEL32.DLL
0x00007ffb07f40000 - 0x00007ffb08333000 	C:\WINDOWS\System32\KERNELBASE.dll
0x00007ffb07b50000 - 0x00007ffb07c9b000 	C:\WINDOWS\System32\ucrtbase.dll
0x00007ffa96190000 - 0x00007ffa961ab000 	C:\Program Files\Java\jdk-19\bin\VCRUNTIME140.dll
0x00007ffa9b880000 - 0x00007ffa9b898000 	C:\Program Files\Java\jdk-19\bin\jli.dll
0x00007ffb0a250000 - 0x00007ffb0a304000 	C:\WINDOWS\System32\ADVAPI32.dll
0x00007ffb094c0000 - 0x00007ffb09569000 	C:\WINDOWS\System32\msvcrt.dll
0x00007ffb09390000 - 0x00007ffb09436000 	C:\WINDOWS\System32\sechost.dll
0x00007ffb08ed0000 - 0x00007ffb08fe8000 	C:\WINDOWS\System32\RPCRT4.dll
0x00007ffb095a0000 - 0x00007ffb09764000 	C:\WINDOWS\System32\USER32.dll
0x00007ffaee070000 - 0x00007ffaee303000 	C:\WINDOWS\WinSxS\amd64_microsoft.windows.common-controls_6595b64144ccf1df_6.0.26100.5074_none_3e0d6f78e32fd63f\COMCTL32.dll
0x00007ffb07f10000 - 0x00007ffb07f37000 	C:\WINDOWS\System32\win32u.dll
0x00007ffb09570000 - 0x00007ffb0959b000 	C:\WINDOWS\System32\GDI32.dll
0x00007ffb07de0000 - 0x00007ffb07f0d000 	C:\WINDOWS\System32\gdi32full.dll
0x00007ffb07ca0000 - 0x00007ffb07d43000 	C:\WINDOWS\System32\msvcp_win.dll
0x00007ffb00d80000 - 0x00007ffb00d8b000 	C:\WINDOWS\SYSTEM32\VERSION.dll
0x00007ffb08c30000 - 0x00007ffb08c5f000 	C:\WINDOWS\System32\IMM32.DLL
0x00007ffac6480000 - 0x00007ffac648c000 	C:\Program Files\Java\jdk-19\bin\vcruntime140_1.dll
0x00007ffa88870000 - 0x00007ffa888fe000 	C:\Program Files\Java\jdk-19\bin\msvcp140.dll
0x00007ffa49a20000 - 0x00007ffa4a6e0000 	C:\Program Files\Java\jdk-19\bin\server\jvm.dll
0x00007ffae2fd0000 - 0x00007ffae2fda000 	C:\WINDOWS\SYSTEM32\WSOCK32.dll
0x00007ffb00d40000 - 0x00007ffb00d75000 	C:\WINDOWS\SYSTEM32\WINMM.dll
0x00007ffb08b60000 - 0x00007ffb08bd4000 	C:\WINDOWS\System32\WS2_32.dll
0x00007ffb06930000 - 0x00007ffb0694b000 	C:\WINDOWS\SYSTEM32\kernel.appcore.dll
0x00007ffac4f00000 - 0x00007ffac4f0a000 	C:\Program Files\Java\jdk-19\bin\jimage.dll
0x00007ffafadc0000 - 0x00007ffafb002000 	C:\WINDOWS\SYSTEM32\DBGHELP.DLL
0x00007ffb09770000 - 0x00007ffb09aeb000 	C:\WINDOWS\System32\combase.dll
0x00007ffb08990000 - 0x00007ffb08a67000 	C:\WINDOWS\System32\OLEAUT32.dll
0x00007ffae7b60000 - 0x00007ffae7b9d000 	C:\WINDOWS\SYSTEM32\dbgcore.DLL
0x00007ffb08340000 - 0x00007ffb083d9000 	C:\WINDOWS\System32\bcryptPrimitives.dll
0x00007ffacd420000 - 0x00007ffacd42e000 	C:\Program Files\Java\jdk-19\bin\instrument.dll
0x00007ffa88760000 - 0x00007ffa88786000 	C:\Program Files\Java\jdk-19\bin\java.dll
0x00007ffa70d80000 - 0x00007ffa70e57000 	C:\Program Files\Java\jdk-19\bin\jsvml.dll
0x00007ffb09b00000 - 0x00007ffb0a24d000 	C:\WINDOWS\System32\SHELL32.dll
0x00007ffb083e0000 - 0x00007ffb0854c000 	C:\WINDOWS\System32\wintypes.dll
0x00007ffb057f0000 - 0x00007ffb06049000 	C:\WINDOWS\SYSTEM32\windows.storage.dll
0x00007ffb087b0000 - 0x00007ffb088a0000 	C:\WINDOWS\System32\SHCORE.dll
0x00007ffb08ff0000 - 0x00007ffb09052000 	C:\WINDOWS\System32\shlwapi.dll
0x00007ffb07a70000 - 0x00007ffb07a99000 	C:\WINDOWS\SYSTEM32\profapi.dll
0x00007ffa88740000 - 0x00007ffa88758000 	C:\Program Files\Java\jdk-19\bin\zip.dll
0x00007ffa95b90000 - 0x00007ffa95ba3000 	C:\Program Files\Java\jdk-19\bin\net.dll
0x00007ffafd150000 - 0x00007ffafd26f000 	C:\WINDOWS\SYSTEM32\WINHTTP.dll
0x00007ffb06eb0000 - 0x00007ffb06f1b000 	C:\WINDOWS\system32\mswsock.dll
0x00007ffa95840000 - 0x00007ffa95856000 	C:\Program Files\Java\jdk-19\bin\nio.dll
0x00007ffb02b90000 - 0x00007ffb02ba0000 	C:\Program Files\Java\jdk-19\bin\verify.dll
0x00007ffacd430000 - 0x00007ffacd457000 	C:\Users\RAHUL\.gradle\native\c067742578af261105cb4f569cf0c3c89f3d7b1fecec35dd04571415982c5e48\windows-amd64\native-platform.dll
0x00007ffa944c0000 - 0x00007ffa94604000 	C:\Users\RAHUL\.gradle\native\100fb08df4bc3b14c8652ba06237920a3bd2aa13389f12d3474272988ae205f9\windows-amd64\native-platform-file-events.dll
0x00007ffac4eb0000 - 0x00007ffac4eba000 	C:\Program Files\Java\jdk-19\bin\management.dll
0x00007ffaaba30000 - 0x00007ffaaba3b000 	C:\Program Files\Java\jdk-19\bin\management_ext.dll
0x00007ffb09200000 - 0x00007ffb09208000 	C:\WINDOWS\System32\PSAPI.DLL
0x00007ffb07150000 - 0x00007ffb0716b000 	C:\WINDOWS\SYSTEM32\CRYPTSP.dll
0x00007ffb06890000 - 0x00007ffb068cb000 	C:\WINDOWS\system32\rsaenh.dll
0x00007ffb06f50000 - 0x00007ffb06f7b000 	C:\WINDOWS\SYSTEM32\USERENV.dll
0x00007ffb07a40000 - 0x00007ffb07a66000 	C:\WINDOWS\SYSTEM32\bcrypt.dll
0x00007ffb07170000 - 0x00007ffb0717c000 	C:\WINDOWS\SYSTEM32\CRYPTBASE.dll
0x00007ffb06350000 - 0x00007ffb06384000 	C:\WINDOWS\SYSTEM32\IPHLPAPI.DLL
0x00007ffb088b0000 - 0x00007ffb088ba000 	C:\WINDOWS\System32\NSI.dll
0x00007ffafdb60000 - 0x00007ffafdb7e000 	C:\WINDOWS\SYSTEM32\dhcpcsvc6.DLL
0x00007ffafd490000 - 0x00007ffafd4b3000 	C:\WINDOWS\SYSTEM32\dhcpcsvc.DLL
0x00007ffb063e0000 - 0x00007ffb06506000 	C:\WINDOWS\SYSTEM32\DNSAPI.dll
0x00007ffaab5b0000 - 0x00007ffaab5b8000 	C:\Program Files\Java\jdk-19\bin\extnet.dll
0x00007ffaab5e0000 - 0x00007ffaab5ee000 	C:\Program Files\Java\jdk-19\bin\sunmscapi.dll
0x00007ffb08550000 - 0x00007ffb086c7000 	C:\WINDOWS\System32\CRYPT32.dll
0x00007ffb07370000 - 0x00007ffb073a0000 	C:\WINDOWS\SYSTEM32\ncrypt.dll
0x00007ffb07320000 - 0x00007ffb0735f000 	C:\WINDOWS\SYSTEM32\NTASN1.dll
0x00007ffae68e0000 - 0x00007ffae68e8000 	C:\WINDOWS\system32\wshunix.dll
0x00007ffae2320000 - 0x00007ffae2338000 	C:\WINDOWS\system32\napinsp.dll
0x00007ffae17d0000 - 0x00007ffae17e2000 	C:\WINDOWS\System32\winrnr.dll
0x00007ffae15b0000 - 0x00007ffae15d8000 	C:\WINDOWS\system32\nlansp_c.dll
0x00007ffafe2a0000 - 0x00007ffafe2b6000 	C:\WINDOWS\system32\wshbth.dll
0x0000000050010000 - 0x0000000050036000 	C:\Program Files\Bonjour\mdnsNSP.dll
0x00007ffafe290000 - 0x00007ffafe29b000 	C:\Windows\System32\rasadhlp.dll
0x00007ffafc3f0000 - 0x00007ffafc476000 	C:\WINDOWS\System32\fwpuclnt.dll
0x00007ffadbb00000 - 0x00007ffadbb1e000 	C:\Users\RAHUL\AppData\Local\Temp\native-platform14218162477416610958dir\native-platform.dll
0x00007ffaabac0000 - 0x00007ffaabac7000 	C:\Program Files\Java\jdk-19\bin\rmi.dll
0x00007ffb06a50000 - 0x00007ffb06a86000 	C:\WINDOWS\SYSTEM32\ntmarta.dll
0x00007ffa95220000 - 0x00007ffa953b1000 	C:\Program Files\Java\jdk-19\bin\awt.dll
0x00007ffb04dc0000 - 0x00007ffb04e5e000 	C:\WINDOWS\SYSTEM32\apphelp.dll
0x00007ffb04ee0000 - 0x00007ffb04f88000 	C:\WINDOWS\system32\uxtheme.dll
0x00007ffb08d70000 - 0x00007ffb08ec8000 	C:\WINDOWS\System32\MSCTF.dll
0x00007ffb09060000 - 0x00007ffb091f8000 	C:\WINDOWS\System32\ole32.dll

dbghelp: loaded successfully - version: 4.0.5 - missing functions: none
symbol engine: initialized successfully - sym options: 0x614 - pdb path: .;C:\Program Files\Java\jdk-19\bin;C:\WINDOWS\SYSTEM32;C:\WINDOWS\WinSxS\amd64_microsoft.windows.common-controls_6595b64144ccf1df_6.0.26100.5074_none_3e0d6f78e32fd63f;C:\Program Files\Java\jdk-19\bin\server;C:\Users\RAHUL\.gradle\native\c067742578af261105cb4f569cf0c3c89f3d7b1fecec35dd04571415982c5e48\windows-amd64;C:\Users\RAHUL\.gradle\native\100fb08df4bc3b14c8652ba06237920a3bd2aa13389f12d3474272988ae205f9\windows-amd64;C:\Program Files\Bonjour;C:\Users\RAHUL\AppData\Local\Temp\native-platform14218162477416610958dir

VM Arguments:
jvm_args: -XX:MaxMetaspaceSize=4G -XX:ReservedCodeCacheSize=512m -XX:+HeapDumpOnOutOfMemoryError --add-opens=java.base/java.util=ALL-UNNAMED --add-opens=java.base/java.lang=ALL-UNNAMED --add-opens=java.base/java.lang.invoke=ALL-UNNAMED --add-opens=java.prefs/java.util.prefs=ALL-UNNAMED --add-exports=jdk.compiler/com.sun.tools.javac.api=ALL-UNNAMED --add-exports=jdk.compiler/com.sun.tools.javac.util=ALL-UNNAMED --add-opens=java.base/java.nio.charset=ALL-UNNAMED --add-opens=java.base/java.net=ALL-UNNAMED --add-opens=java.base/java.util.concurrent.atomic=ALL-UNNAMED -Xmx8G -Dfile.encoding=UTF-8 -Duser.country=IN -Duser.language=en -Duser.variant -javaagent:C:\Users\RAHUL\.gradle\wrapper\dists\gradle-8.10.2-all\7iv73wktx1xtkvlq19urqw1wm\gradle-8.10.2\lib\agents\gradle-instrumentation-agent-8.10.2.jar 
java_command: org.gradle.launcher.daemon.bootstrap.GradleDaemon 8.10.2
java_class_path (initial): C:\Users\RAHUL\.gradle\wrapper\dists\gradle-8.10.2-all\7iv73wktx1xtkvlq19urqw1wm\gradle-8.10.2\lib\gradle-daemon-main-8.10.2.jar
Launcher Type: SUN_STANDARD

[Global flags]
     intx CICompilerCount                          = 4                                         {product} {ergonomic}
     uint ConcGCThreads                            = 3                                         {product} {ergonomic}
     uint G1ConcRefinementThreads                  = 10                                        {product} {ergonomic}
   size_t G1HeapRegionSize                         = 4194304                                   {product} {ergonomic}
    uintx GCDrainStackTargetSize                   = 64                                        {product} {ergonomic}
     bool HeapDumpOnOutOfMemoryError               = true                                   {manageable} {command line}
   size_t InitialHeapSize                          = 125829120                                 {product} {ergonomic}
   size_t MarkStackSize                            = 4194304                                   {product} {ergonomic}
   size_t MaxHeapSize                              = 8589934592                                {product} {command line}
   size_t MaxMetaspaceSize                         = 4294967296                                {product} {command line}
   size_t MaxNewSize                               = 5150605312                                {product} {ergonomic}
   size_t MinHeapDeltaBytes                        = 4194304                                   {product} {ergonomic}
   size_t MinHeapSize                              = 8388608                                   {product} {ergonomic}
    uintx NonNMethodCodeHeapSize                   = 5839372                                {pd product} {ergonomic}
    uintx NonProfiledCodeHeapSize                  = 265515770                              {pd product} {ergonomic}
    uintx ProfiledCodeHeapSize                     = 265515770                              {pd product} {ergonomic}
    uintx ReservedCodeCacheSize                    = 536870912                              {pd product} {command line}
     bool SegmentedCodeCache                       = true                                      {product} {ergonomic}
   size_t SoftMaxHeapSize                          = 8589934592                             {manageable} {ergonomic}
   double SweeperThreshold                         = 0.234375                                  {product} {ergonomic}
     bool UseCompressedClassPointers               = true                           {product lp64_product} {ergonomic}
     bool UseCompressedOops                        = true                           {product lp64_product} {ergonomic}
     bool UseG1GC                                  = true                                      {product} {ergonomic}
     bool UseLargePagesIndividualAllocation        = false                                  {pd product} {ergonomic}

Logging:
Log output configuration:
 #0: stdout all=warning uptime,level,tags foldmultilines=false
 #1: stderr all=off uptime,level,tags foldmultilines=false

Environment Variables:
JAVA_HOME=C:\Program Files\Java\jdk-19
CLASSPATH=L:\flutter Projects\moodmate\moodmate\android\\gradle\wrapper\gradle-wrapper.jar
PATH=C:\Program Files\Java\jdk-19\bin;C:\Program Files\Java\jdk-19\bin;C:\Program Files\Common Files\Oracle\Java\javapath;C:\windows\system32;C:\windows;C:\windows\System32\Wbem;C:\windows\System32\WindowsPowerShell\v1.0\;C:\windows\System32\OpenSSH\;C:\Program Files (x86)\NVIDIA Corporation\PhysX\Common;C:\Program Files\NVIDIA Corporation\NVIDIA NvDLISR;C:\MinGW\bin;C:\WINDOWS\system32;C:\WINDOWS;C:\WINDOWS\System32\Wbem;C:\WINDOWS\System32\WindowsPowerShell\v1.0\;C:\WINDOWS\System32\OpenSSH\;L:\android studio\flutter\bin;C:\Users\RAHUL\AppData\Local\Pub\Cache\bin;C:\Program Files\Git\cmd;C:\Program Files (x86)\Incredibuild;C:\Program Files (x86)\Windows Kits\10\Windows Performance Toolkit\;L:\Nodejs\;C:\Users\RAHUL\AppData\Local\Programs\Eclipse Adoptium\jdk-17.0.12.7-hotspot\bin;C:\Users\RAHUL\AppData\Local\Programs\Eclipse Adoptium\jdk-17.0.16.8-hotspot\bin;C:\Users\RAHUL\AppData\Local\Programs\Python\Launcher\;C:\Users\RAHUL\AppData\Local\Microsoft\WindowsApps;C:\Users\RAHUL\AppData\Local\Programs\Microsoft VS Code\bin;C:\Users\RAHUL\AppData\Local\Microsoft\WindowsApps;C:\Users\RAHUL\AppData\Local\GitHubDesktop\bin;L:\flutter apps\new\flutter\bin;L:\android studio\flutter\bin;C:\Users\RAHUL\AppData\Roaming\npm;L:\flutter sdk\flutter\bin\mingit\cmd;L:\flutter sdk\flutter\bin\mingit\cmd
USERNAME=RAHUL
OS=Windows_NT
PROCESSOR_IDENTIFIER=AMD64 Family 25 Model 80 Stepping 0, AuthenticAMD
TMP=C:\Users\RAHUL\AppData\Local\Temp
TEMP=C:\Users\RAHUL\AppData\Local\Temp



---------------  S Y S T E M  ---------------

OS:
 Windows 11 , 64 bit Build 26100 (10.0.26100.5074)
OS uptime: 1 days 1:02 hours

CPU: total 12 (initial active 12) (12 cores per cpu, 2 threads per core) family 25 model 80 stepping 0 microcode 0xa50000d, cx8, cmov, fxsr, ht, mmx, 3dnowpref, sse, sse2, sse3, ssse3, sse4a, sse4.1, sse4.2, popcnt, lzcnt, tsc, tscinvbit, avx, avx2, aes, erms, clmul, bmi1, bmi2, adx, sha, fma, vzeroupper, clflush, clflushopt, rdtscp, rdpid, fsrm

Memory: 4k page, system-wide physical 7521M (411M free)
TotalPageFile size 31073M (AvailPageFile size 313M)
current process WorkingSet (physical memory assigned to process): 464M, peak: 3647M
current process commit charge ("private bytes"): 5004M, peak: 8291M

vm_info: Java HotSpot(TM) 64-Bit Server VM (19.0.1+10-21) for windows-amd64 JRE (19.0.1+10-21), built on 2022-09-14T12:45:06Z by "mach5one" with MS VC++ 17.1 (VS2022)

END.
