#
# There is insufficient memory for the Java Runtime Environment to continue.
# Native memory allocation (mmap) failed to map 1321205760 bytes for G1 virtual space
# Possible reasons:
#   The system is out of physical RAM or swap space
#   The process is running with CompressedOops enabled, and the Java Heap may be blocking the growth of the native heap
# Possible solutions:
#   Reduce memory load on the system
#   Increase physical memory or swap space
#   Check if swap backing store is full
#   Decrease Java heap size (-Xmx/-Xms)
#   Decrease number of Java threads
#   Decrease Java thread stack sizes (-Xss)
#   Set larger code cache with -XX:ReservedCodeCacheSize=
#   JVM is running with Zero Based Compressed Oops mode in which the Java heap is
#     placed in the first 32GB address space. The Java Heap base address is the
#     maximum limit for the native heap growth. Please use -XX:HeapBaseMinAddress
#     to set the Java Heap base and to place the Java Heap above 32GB virtual address.
# This output file may be truncated or incomplete.
#
#  Out of Memory Error (os_windows.cpp:3527), pid=22184, tid=19356
#
# JRE version: Java(TM) SE Runtime Environment (19.0.1+10) (build 19.0.1+10-21)
# Java VM: Java HotSpot(TM) 64-Bit Server VM (19.0.1+10-21, mixed mode, sharing, tiered, compressed oops, compressed class ptrs, g1 gc, windows-amd64)
# No core dump will be written. Minidumps are not enabled by default on client versions of Windows
#

---------------  S U M M A R Y ------------

Command Line: -XX:MaxMetaspaceSize=4G -XX:ReservedCodeCacheSize=512m -XX:+HeapDumpOnOutOfMemoryError --add-opens=java.base/java.util=ALL-UNNAMED --add-opens=java.base/java.lang=ALL-UNNAMED --add-opens=java.base/java.lang.invoke=ALL-UNNAMED --add-opens=java.prefs/java.util.prefs=ALL-UNNAMED --add-exports=jdk.compiler/com.sun.tools.javac.api=ALL-UNNAMED --add-exports=jdk.compiler/com.sun.tools.javac.util=ALL-UNNAMED --add-opens=java.base/java.nio.charset=ALL-UNNAMED --add-opens=java.base/java.net=ALL-UNNAMED --add-opens=java.base/java.util.concurrent.atomic=ALL-UNNAMED -Xmx8G -Dfile.encoding=UTF-8 -Duser.country=IN -Duser.language=en -Duser.variant -javaagent:C:\Users\RAHUL\.gradle\wrapper\dists\gradle-8.10.2-all\7iv73wktx1xtkvlq19urqw1wm\gradle-8.10.2\lib\agents\gradle-instrumentation-agent-8.10.2.jar org.gradle.launcher.daemon.bootstrap.GradleDaemon 8.10.2

Host: AMD Ryzen 5 5600H with Radeon Graphics         , 12 cores, 7G,  Windows 11 , 64 bit Build 26100 (10.0.26100.5074)
Time: Tue Sep 16 18:14:36 2025 India Standard Time elapsed time: 11761.282643 seconds (0d 3h 16m 1s)

---------------  T H R E A D  ---------------

Current thread (0x00000173fbc655c0):  VMThread "VM Thread" [stack: 0x00000033ba200000,0x00000033ba300000] [id=19356]

Stack: [0x00000033ba200000,0x00000033ba300000]
Native frames: (J=compiled Java code, j=interpreted, Vv=VM code, C=native code)
V  [jvm.dll+0x6ee8fa]
V  [jvm.dll+0x857a1e]
V  [jvm.dll+0x85940e]
V  [jvm.dll+0x859ac3]
V  [jvm.dll+0x28291f]
V  [jvm.dll+0x6eb6e9]
V  [jvm.dll+0x6e028a]
V  [jvm.dll+0x357136]
V  [jvm.dll+0x35eb96]
V  [jvm.dll+0x3b555e]
V  [jvm.dll+0x3b578f]
V  [jvm.dll+0x32c6ea]
V  [jvm.dll+0x32c797]
V  [jvm.dll+0x374b52]
V  [jvm.dll+0x37328f]
V  [jvm.dll+0x32bf10]
V  [jvm.dll+0x37282b]
V  [jvm.dll+0x85ef83]
V  [jvm.dll+0x85fd49]
V  [jvm.dll+0x86027d]
V  [jvm.dll+0x86070b]
V  [jvm.dll+0x8607c7]
V  [jvm.dll+0x8015fa]
V  [jvm.dll+0x6ed5eb]
C  [ucrtbase.dll+0x37b0]
C  [KERNEL32.DLL+0x2e8d7]
C  [ntdll.dll+0x8d9c]

VM_Operation (0x00000033c72fd760): G1CollectForAllocation, mode: safepoint, requested by thread 0x000001738783cf30


---------------  P R O C E S S  ---------------

Threads class SMR info:
_java_thread_list=0x0000017392a4ec40, length=247, elements={
0x00000173be3e6ee0, 0x00000173fbc7e820, 0x00000173fbc80060, 0x00000173fbc85bc0,
0x00000173fbc88860, 0x00000173fbc89ea0, 0x00000173fbc8e200, 0x00000173fbc9a340,
0x00000173fbca7370, 0x00000173fe882010, 0x00000173fe883000, 0x00000173fe881020,
0x00000173fe881570, 0x00000173fe881ac0, 0x00000173fe882ab0, 0x0000017385028970,
0x0000017385029960, 0x0000017385028ec0, 0x000001738502a400, 0x000001738502a950,
0x000001738502aea0, 0x0000017385797f80, 0x000001738e44d610, 0x000001738783f9b0,
0x00000173878409a0, 0x000001738e56d4f0, 0x000001738e56df90, 0x000001738e56e4e0,
0x000001738e56afc0, 0x0000017388695f90, 0x000001738f04a640, 0x000001738f049650,
0x000001738f0545a0, 0x000001738f057020, 0x000001738fa12640, 0x0000017387840ef0,
0x000001738e75a7b0, 0x000001738e75b7a0, 0x000001738e758280, 0x000001738e75cce0,
0x000001738e75d780, 0x000001738e75ad00, 0x000001738e75c240, 0x000001738e75b250,
0x000001738e75bcf0, 0x000001738e75d230, 0x000001738e56b510, 0x000001738e56f4d0,
0x000001738e56da40, 0x000001738e56ba60, 0x000001738e571f50, 0x000001738e570a10,
0x000001738e5714b0, 0x000001738e5724a0, 0x000001738e56ea30, 0x000001738e56ff70,
0x000001738e575f10, 0x000001738e5759c0, 0x000001738e5729f0, 0x000001738e573f30,
0x000001738e573490, 0x000001738e5769b0, 0x000001738e572f40, 0x000001738e576f00,
0x000001738e5739e0, 0x000001738e5779a0, 0x000001738e577ef0, 0x000001738e578440,
0x000001738e5749d0, 0x000001738e578990, 0x000001738e574f20, 0x000001738e578ee0,
0x000001738e57a970, 0x000001738e579430, 0x000001738e579980, 0x000001738e579ed0,
0x000001738e57a420, 0x000001738fa15b60, 0x000001738fa150c0, 0x000001738fa15610,
0x000001738fa140d0, 0x000001738fa16b50, 0x000001738fa17b40, 0x000001738fa160b0,
0x000001738fa1b5b0, 0x000001738fa1b060, 0x000001738fa18090, 0x000001738fa19080,
0x000001738fa18b30, 0x000001738fa195d0, 0x000001738fa185e0, 0x000001738fa19b20,
0x000001738fa1c050, 0x000001738fa1caf0, 0x000001738fa1dae0, 0x000001738fa1a070,
0x000001738fa1d040, 0x000001738fa1d590, 0x000001738fa1e030, 0x000001738fa1e580,
0x000001738fa1ab10, 0x000001738fa1ead0, 0x000001738fa1f570, 0x000001738f04b0e0,
0x000001738f04ab90, 0x000001738f048110, 0x000001738f04a0f0, 0x000001738f048660,
0x000001738f04b630, 0x000001738f04bb80, 0x000001738f04c0d0, 0x000001738f049100,
0x000001738f050b30, 0x000001738f04f5f0, 0x000001738f04fb40, 0x000001738f051080,
0x000001738f04d610, 0x000001738f0515d0, 0x000001738f051b20, 0x000001738f04e600,
0x000001738f0535b0, 0x000001738f055590, 0x000001738f052b10, 0x000001738f054af0,
0x000001738f056580, 0x000001738f056ad0, 0x000001738f057570, 0x000001738419d0d0,
0x000001738419f0b0, 0x000001738419f600, 0x000001738419eb60, 0x000001738419db70,
0x000001738419bb90, 0x000001738419d620, 0x000001738419e0c0, 0x000001738419e610,
0x000001738419fb50, 0x000001738419c0e0, 0x00000173841a00a0, 0x000001738419c630,
0x00000173841a05f0, 0x000001738419cb80, 0x00000173841a3070, 0x00000173841a1b30,
0x00000173841a25d0, 0x00000173841a0b40, 0x00000173841a1090, 0x00000173841a2b20,
0x00000173874c9d60, 0x00000173874c7830, 0x00000173874ca800, 0x00000173874c72e0,
0x00000173874c82d0, 0x00000173874c6d90, 0x00000173874cbd40, 0x00000173874ca2b0,
0x00000173874cad50, 0x00000173874cb7f0, 0x00000173874cc290, 0x00000173874c8d70,
0x00000173874cb2a0, 0x00000173874c8820, 0x00000173874ccd30, 0x00000173874cdd20,
0x00000173874cd280, 0x00000173874cc7e0, 0x00000173874cd7d0, 0x0000017388696a30,
0x0000017388693fb0, 0x00000173886954f0, 0x0000017388697f70, 0x0000017388694a50,
0x0000017388695a40, 0x00000173886964e0, 0x00000173886974d0, 0x0000017388696f80,
0x0000017388694500, 0x000001738869a9f0, 0x00000173886984c0, 0x0000017388698a10,
0x000001738869a4a0, 0x00000173886994b0, 0x0000017388699a00, 0x000001738869af40,
0x0000017385796a40, 0x0000017385796f90, 0x0000017385795fa0, 0x0000017385793a70,
0x0000017385795500, 0x0000017385793520, 0x0000017385793fc0, 0x0000017385799a10,
0x0000017385799f60, 0x000001738783e470, 0x000001738783cf30, 0x000001738783e9c0,
0x000001738783ff00, 0x0000017385027ed0, 0x0000017385026990, 0x0000017385027980,
0x0000017385029410, 0x000001738502d920, 0x000001738502b3f0, 0x000001738e44db60,
0x000001738e44cb70, 0x000001738e44a640, 0x000001738e44bb80, 0x000001738e44c620,
0x00000173fe883ff0, 0x00000173fe883550, 0x00000173fe880ad0, 0x0000017386da0950,
0x00000173857984d0, 0x000001738e56c500, 0x000001738e756d40, 0x000001738869b490,
0x000001738f0505e0, 0x0000017385028420, 0x000001739a4a50e0, 0x000001739a4a4640,
0x000001739a4a4b90, 0x000001739a4a40f0, 0x000001739a4a5b80, 0x000001739a4a5630,
0x000001739a4a70c0, 0x000001739a4afae0, 0x000001739a4ac070, 0x000001738783d480,
0x0000017386d9f960, 0x000001739848a900, 0x000001739848ae50, 0x000001739848f8b0,
0x000001739848fe00, 0x000001739848c390, 0x0000017398492dd0, 0x0000017398493320,
0x0000017398492880, 0x00000173984908a0, 0x0000017398493870, 0x000001739849cd30,
0x000001739849f7b0, 0x000001739849fd00, 0x00000173984a0250, 0x000001739849c7e0,
0x00000173984a2cd0, 0x00000173984a3770, 0x0000017385b90370
}

Java Threads: ( => current thread )
  0x00000173be3e6ee0 JavaThread "main" [_thread_blocked, id=17756, stack(0x00000033b9c00000,0x00000033b9d00000)]
  0x00000173fbc7e820 JavaThread "Reference Handler" daemon [_thread_blocked, id=2232, stack(0x00000033ba300000,0x00000033ba400000)]
  0x00000173fbc80060 JavaThread "Finalizer" daemon [_thread_blocked, id=22008, stack(0x00000033ba400000,0x00000033ba500000)]
  0x00000173fbc85bc0 JavaThread "Signal Dispatcher" daemon [_thread_blocked, id=8620, stack(0x00000033ba500000,0x00000033ba600000)]
  0x00000173fbc88860 JavaThread "Attach Listener" daemon [_thread_blocked, id=2408, stack(0x00000033ba600000,0x00000033ba700000)]
  0x00000173fbc89ea0 JavaThread "Service Thread" daemon [_thread_blocked, id=20088, stack(0x00000033ba700000,0x00000033ba800000)]
  0x00000173fbc8e200 JavaThread "Monitor Deflation Thread" daemon [_thread_blocked, id=10928, stack(0x00000033ba800000,0x00000033ba900000)]
  0x00000173fbc9a340 JavaThread "C2 CompilerThread0" daemon [_thread_blocked, id=24104, stack(0x00000033ba900000,0x00000033baa00000)]
  0x00000173fbca7370 JavaThread "C1 CompilerThread0" daemon [_thread_blocked, id=24672, stack(0x00000033baa00000,0x00000033bab00000)]
  0x00000173fe882010 JavaThread "Sweeper thread" daemon [_thread_blocked, id=23008, stack(0x00000033bab00000,0x00000033bac00000)]
  0x00000173fe883000 JavaThread "Common-Cleaner" daemon [_thread_blocked, id=9864, stack(0x00000033bac00000,0x00000033bad00000)]
  0x00000173fe881020 JavaThread "Notification Thread" daemon [_thread_blocked, id=24984, stack(0x00000033bae00000,0x00000033baf00000)]
  0x00000173fe881570 JavaThread "Daemon health stats" [_thread_blocked, id=11792, stack(0x00000033bb000000,0x00000033bb100000)]
  0x00000173fe881ac0 JavaThread "Incoming local TCP Connector on port 55165" [_thread_in_native, id=11852, stack(0x00000033bad00000,0x00000033bae00000)]
  0x00000173fe882ab0 JavaThread "Daemon periodic checks" [_thread_blocked, id=11720, stack(0x00000033bb500000,0x00000033bb600000)]
  0x0000017385028970 JavaThread "Cache worker for journal cache (C:\Users\RAHUL\.gradle\caches\journal-1)" [_thread_blocked, id=10820, stack(0x00000033bbd00000,0x00000033bbe00000)]
  0x0000017385029960 JavaThread "File lock request listener" [_thread_in_native, id=19880, stack(0x00000033bbe00000,0x00000033bbf00000)]
  0x0000017385028ec0 JavaThread "Cache worker for file hash cache (C:\Users\RAHUL\.gradle\caches\8.10.2\fileHashes)" [_thread_blocked, id=21204, stack(0x00000033bbf00000,0x00000033bc000000)]
  0x000001738502a400 JavaThread "File watcher server" daemon [_thread_blocked, id=9972, stack(0x00000033bcb00000,0x00000033bcc00000)]
  0x000001738502a950 JavaThread "File watcher consumer" daemon [_thread_blocked, id=16024, stack(0x00000033bcc00000,0x00000033bcd00000)]
  0x000001738502aea0 JavaThread "Cache worker for file content cache (C:\Users\RAHUL\.gradle\caches\8.10.2\fileContent)" [_thread_blocked, id=24532, stack(0x00000033bce00000,0x00000033bcf00000)]
  0x0000017385797f80 JavaThread "Memory manager" [_thread_blocked, id=2492, stack(0x00000033bf300000,0x00000033bf400000)]
  0x000001738e44d610 JavaThread "jar transforms" [_thread_blocked, id=17676, stack(0x00000033c4500000,0x00000033c4600000)]
  0x000001738783f9b0 JavaThread "jar transforms Thread 2" [_thread_blocked, id=17180, stack(0x00000033c5b00000,0x00000033c5c00000)]
  0x00000173878409a0 JavaThread "jar transforms Thread 3" [_thread_blocked, id=12524, stack(0x00000033c5c00000,0x00000033c5d00000)]
  0x000001738e56d4f0 JavaThread "jar transforms Thread 4" [_thread_blocked, id=16248, stack(0x00000033c5d00000,0x00000033c5e00000)]
  0x000001738e56df90 JavaThread "jar transforms Thread 5" [_thread_blocked, id=25240, stack(0x00000033c5e00000,0x00000033c5f00000)]
  0x000001738e56e4e0 JavaThread "jar transforms Thread 6" [_thread_blocked, id=17984, stack(0x00000033c5f00000,0x00000033c6000000)]
  0x000001738e56afc0 JavaThread "pool-3-thread-1" [_thread_blocked, id=22420, stack(0x00000033c6200000,0x00000033c6300000)]
  0x0000017388695f90 JavaThread "jar transforms Thread 7" [_thread_blocked, id=26660, stack(0x00000033c4d00000,0x00000033c4e00000)]
  0x000001738f04a640 JavaThread "jar transforms Thread 8" [_thread_blocked, id=5584, stack(0x00000033c5a00000,0x00000033c5b00000)]
  0x000001738f049650 JavaThread "pool-7-thread-1" [_thread_blocked, id=28432, stack(0x00000033c6000000,0x00000033c6100000)]
  0x000001738f0545a0 JavaThread "RMI Scheduler(0)" daemon [_thread_blocked, id=24596, stack(0x00000033c5900000,0x00000033c5a00000)]
  0x000001738f057020 JavaThread "RMI TCP Accept-0" daemon [_thread_in_native, id=15136, stack(0x00000033c4c00000,0x00000033c4d00000)]
  0x000001738fa12640 JavaThread "Cache worker for Java compile cache (C:\Users\RAHUL\.gradle\caches\8.10.2\javaCompile)" [_thread_blocked, id=4144, stack(0x00000033c7500000,0x00000033c7600000)]
  0x0000017387840ef0 JavaThread "pool-12-thread-1" [_thread_blocked, id=28124, stack(0x00000033c6300000,0x00000033c6400000)]
  0x000001738e75a7b0 JavaThread "Daemon Thread 4" [_thread_blocked, id=12488, stack(0x00000033b9900000,0x00000033b9a00000)]
  0x000001738e75b7a0 JavaThread "Handler for socket connection from /127.0.0.1:55165 to /127.0.0.1:57966" [_thread_in_native, id=24804, stack(0x00000033b9a00000,0x00000033b9b00000)]
  0x000001738e758280 JavaThread "Cancel handler" [_thread_blocked, id=24244, stack(0x00000033b9b00000,0x00000033b9c00000)]
  0x000001738e75cce0 JavaThread "Daemon worker Thread 4" [_thread_blocked, id=27112, stack(0x00000033bb600000,0x00000033bb700000)]
  0x000001738e75d780 JavaThread "Asynchronous log dispatcher for DefaultDaemonConnection: socket connection from /127.0.0.1:55165 to /127.0.0.1:57966" [_thread_blocked, id=27800, stack(0x00000033bb700000,0x00000033bb800000)]
  0x000001738e75ad00 JavaThread "Stdin handler" [_thread_blocked, id=4064, stack(0x00000033bb800000,0x00000033bb900000)]
  0x000001738e75c240 JavaThread "Daemon client event forwarder" [_thread_blocked, id=22840, stack(0x00000033bb900000,0x00000033bba00000)]
  0x000001738e75b250 JavaThread "Cache worker for file hash cache (L:\flutter Projects\moodmate\moodmate\android\.gradle\8.10.2\fileHashes)" [_thread_blocked, id=17220, stack(0x00000033bba00000,0x00000033bbb00000)]
  0x000001738e75bcf0 JavaThread "Cache worker for Build Output Cleanup Cache (L:\flutter Projects\moodmate\moodmate\android\.gradle\buildOutputCleanup)" [_thread_blocked, id=15868, stack(0x00000033bbb00000,0x00000033bbc00000)]
  0x000001738e75d230 JavaThread "Cache worker for checksums cache (L:\flutter Projects\moodmate\moodmate\android\.gradle\8.10.2\checksums)" [_thread_blocked, id=26772, stack(0x00000033bbc00000,0x00000033bbd00000)]
  0x000001738e56b510 JavaThread "Cache worker for cache directory md-rule (C:\Users\RAHUL\.gradle\caches\8.10.2\md-rule)" [_thread_blocked, id=18128, stack(0x00000033bc000000,0x00000033bc100000)]
  0x000001738e56f4d0 JavaThread "Cache worker for cache directory md-supplier (C:\Users\RAHUL\.gradle\caches\8.10.2\md-supplier)" [_thread_blocked, id=26864, stack(0x00000033bc600000,0x00000033bc700000)]
  0x000001738e56da40 JavaThread "Cache worker for Build Output Cleanup Cache (L:\flutter sdk\flutter\packages\flutter_tools\gradle\.gradle\buildOutputCleanup)" [_thread_blocked, id=19936, stack(0x00000033bc900000,0x00000033bca00000)]
  0x000001738e56ba60 JavaThread "Unconstrained build operations" [_thread_blocked, id=29052, stack(0x00000033bca00000,0x00000033bcb00000)]
  0x000001738e571f50 JavaThread "Unconstrained build operations Thread 2" [_thread_blocked, id=27760, stack(0x00000033bcd00000,0x00000033bce00000)]
  0x000001738e570a10 JavaThread "Unconstrained build operations Thread 3" [_thread_blocked, id=24792, stack(0x00000033bcf00000,0x00000033bd000000)]
  0x000001738e5714b0 JavaThread "Unconstrained build operations Thread 4" [_thread_blocked, id=26616, stack(0x00000033bd000000,0x00000033bd100000)]
  0x000001738e5724a0 JavaThread "Unconstrained build operations Thread 5" [_thread_blocked, id=5196, stack(0x00000033bd100000,0x00000033bd200000)]
  0x000001738e56ea30 JavaThread "Unconstrained build operations Thread 6" [_thread_blocked, id=27680, stack(0x00000033bd200000,0x00000033bd300000)]
  0x000001738e56ff70 JavaThread "Unconstrained build operations Thread 7" [_thread_blocked, id=22140, stack(0x00000033bd300000,0x00000033bd400000)]
  0x000001738e575f10 JavaThread "Unconstrained build operations Thread 8" [_thread_blocked, id=6888, stack(0x00000033bd400000,0x00000033bd500000)]
  0x000001738e5759c0 JavaThread "Unconstrained build operations Thread 9" [_thread_blocked, id=28240, stack(0x00000033bd500000,0x00000033bd600000)]
  0x000001738e5729f0 JavaThread "Unconstrained build operations Thread 10" [_thread_blocked, id=30616, stack(0x00000033bd600000,0x00000033bd700000)]
  0x000001738e573f30 JavaThread "Unconstrained build operations Thread 11" [_thread_blocked, id=28572, stack(0x00000033bd700000,0x00000033bd800000)]
  0x000001738e573490 JavaThread "Unconstrained build operations Thread 12" [_thread_blocked, id=29932, stack(0x00000033bd800000,0x00000033bd900000)]
  0x000001738e5769b0 JavaThread "Unconstrained build operations Thread 13" [_thread_blocked, id=29208, stack(0x00000033bd900000,0x00000033bda00000)]
  0x000001738e572f40 JavaThread "Unconstrained build operations Thread 14" [_thread_blocked, id=2540, stack(0x00000033bda00000,0x00000033bdb00000)]
  0x000001738e576f00 JavaThread "Unconstrained build operations Thread 15" [_thread_blocked, id=30040, stack(0x00000033bdb00000,0x00000033bdc00000)]
  0x000001738e5739e0 JavaThread "Unconstrained build operations Thread 16" [_thread_blocked, id=25112, stack(0x00000033bdc00000,0x00000033bdd00000)]
  0x000001738e5779a0 JavaThread "Unconstrained build operations Thread 17" [_thread_blocked, id=26208, stack(0x00000033bdd00000,0x00000033bde00000)]
  0x000001738e577ef0 JavaThread "Unconstrained build operations Thread 18" [_thread_blocked, id=30432, stack(0x00000033bde00000,0x00000033bdf00000)]
  0x000001738e578440 JavaThread "Unconstrained build operations Thread 19" [_thread_blocked, id=24248, stack(0x00000033bdf00000,0x00000033be000000)]
  0x000001738e5749d0 JavaThread "Unconstrained build operations Thread 20" [_thread_blocked, id=26640, stack(0x00000033be000000,0x00000033be100000)]
  0x000001738e578990 JavaThread "Unconstrained build operations Thread 21" [_thread_blocked, id=28732, stack(0x00000033be100000,0x00000033be200000)]
  0x000001738e574f20 JavaThread "Unconstrained build operations Thread 22" [_thread_blocked, id=28228, stack(0x00000033be200000,0x00000033be300000)]
  0x000001738e578ee0 JavaThread "build event listener" [_thread_blocked, id=6472, stack(0x00000033be400000,0x00000033be500000)]
  0x000001738e57a970 JavaThread "included builds" [_thread_blocked, id=27888, stack(0x00000033be500000,0x00000033be600000)]
  0x000001738e579430 JavaThread "Execution worker" [_thread_blocked, id=28664, stack(0x00000033be600000,0x00000033be700000)]
  0x000001738e579980 JavaThread "Execution worker Thread 2" [_thread_blocked, id=29948, stack(0x00000033be700000,0x00000033be800000)]
  0x000001738e579ed0 JavaThread "Execution worker Thread 3" [_thread_blocked, id=19720, stack(0x00000033be800000,0x00000033be900000)]
  0x000001738e57a420 JavaThread "Execution worker Thread 4" [_thread_blocked, id=24208, stack(0x00000033be900000,0x00000033bea00000)]
  0x000001738fa15b60 JavaThread "Execution worker Thread 5" [_thread_blocked, id=22428, stack(0x00000033bea00000,0x00000033beb00000)]
  0x000001738fa150c0 JavaThread "Execution worker Thread 6" [_thread_blocked, id=27972, stack(0x00000033beb00000,0x00000033bec00000)]
  0x000001738fa15610 JavaThread "Execution worker Thread 7" [_thread_blocked, id=16824, stack(0x00000033bec00000,0x00000033bed00000)]
  0x000001738fa140d0 JavaThread "Execution worker Thread 8" [_thread_blocked, id=28900, stack(0x00000033bed00000,0x00000033bee00000)]
  0x000001738fa16b50 JavaThread "Execution worker Thread 9" [_thread_blocked, id=19280, stack(0x00000033bee00000,0x00000033bef00000)]
  0x000001738fa17b40 JavaThread "Execution worker Thread 10" [_thread_blocked, id=26440, stack(0x00000033bef00000,0x00000033bf000000)]
  0x000001738fa160b0 JavaThread "Execution worker Thread 11" [_thread_blocked, id=5696, stack(0x00000033bf000000,0x00000033bf100000)]
  0x000001738fa1b5b0 JavaThread "Cache worker for execution history cache (L:\flutter sdk\flutter\packages\flutter_tools\gradle\.gradle\8.10.2\executionHistory)" [_thread_blocked, id=26404, stack(0x00000033bf100000,0x00000033bf200000)]
  0x000001738fa1b060 JavaThread "Unconstrained build operations Thread 23" [_thread_blocked, id=28660, stack(0x00000033bf200000,0x00000033bf300000)]
  0x000001738fa18090 JavaThread "Unconstrained build operations Thread 24" [_thread_blocked, id=28956, stack(0x00000033bf400000,0x00000033bf500000)]
  0x000001738fa19080 JavaThread "Unconstrained build operations Thread 25" [_thread_blocked, id=11388, stack(0x00000033bf500000,0x00000033bf600000)]
  0x000001738fa18b30 JavaThread "Unconstrained build operations Thread 26" [_thread_blocked, id=4128, stack(0x00000033bf600000,0x00000033bf700000)]
  0x000001738fa195d0 JavaThread "Unconstrained build operations Thread 27" [_thread_blocked, id=25780, stack(0x00000033bf700000,0x00000033bf800000)]
  0x000001738fa185e0 JavaThread "Unconstrained build operations Thread 28" [_thread_blocked, id=16440, stack(0x00000033bf800000,0x00000033bf900000)]
  0x000001738fa19b20 JavaThread "Unconstrained build operations Thread 29" [_thread_blocked, id=25116, stack(0x00000033bf900000,0x00000033bfa00000)]
  0x000001738fa1c050 JavaThread "Unconstrained build operations Thread 30" [_thread_blocked, id=4292, stack(0x00000033bfa00000,0x00000033bfb00000)]
  0x000001738fa1caf0 JavaThread "Unconstrained build operations Thread 31" [_thread_blocked, id=20940, stack(0x00000033bfb00000,0x00000033bfc00000)]
  0x000001738fa1dae0 JavaThread "Unconstrained build operations Thread 32" [_thread_blocked, id=6316, stack(0x00000033bfc00000,0x00000033bfd00000)]
  0x000001738fa1a070 JavaThread "Unconstrained build operations Thread 33" [_thread_blocked, id=7456, stack(0x00000033bfd00000,0x00000033bfe00000)]
  0x000001738fa1d040 JavaThread "Unconstrained build operations Thread 34" [_thread_blocked, id=27464, stack(0x00000033bfe00000,0x00000033bff00000)]
  0x000001738fa1d590 JavaThread "Unconstrained build operations Thread 35" [_thread_blocked, id=18864, stack(0x00000033bff00000,0x00000033c0000000)]
  0x000001738fa1e030 JavaThread "Unconstrained build operations Thread 36" [_thread_blocked, id=19784, stack(0x00000033c0000000,0x00000033c0100000)]
  0x000001738fa1e580 JavaThread "Unconstrained build operations Thread 37" [_thread_blocked, id=29628, stack(0x00000033c0100000,0x00000033c0200000)]
  0x000001738fa1ab10 JavaThread "Unconstrained build operations Thread 38" [_thread_blocked, id=26544, stack(0x00000033c0200000,0x00000033c0300000)]
  0x000001738fa1ead0 JavaThread "Unconstrained build operations Thread 39" [_thread_blocked, id=18944, stack(0x00000033c0300000,0x00000033c0400000)]
  0x000001738fa1f570 JavaThread "Unconstrained build operations Thread 40" [_thread_blocked, id=13380, stack(0x00000033c0400000,0x00000033c0500000)]
  0x000001738f04b0e0 JavaThread "Unconstrained build operations Thread 41" [_thread_blocked, id=30700, stack(0x00000033c0500000,0x00000033c0600000)]
  0x000001738f04ab90 JavaThread "Unconstrained build operations Thread 42" [_thread_blocked, id=25816, stack(0x00000033c0600000,0x00000033c0700000)]
  0x000001738f048110 JavaThread "Unconstrained build operations Thread 43" [_thread_blocked, id=25408, stack(0x00000033c0700000,0x00000033c0800000)]
  0x000001738f04a0f0 JavaThread "Unconstrained build operations Thread 44" [_thread_blocked, id=25708, stack(0x00000033c0800000,0x00000033c0900000)]
  0x000001738f048660 JavaThread "Unconstrained build operations Thread 45" [_thread_blocked, id=25832, stack(0x00000033c0900000,0x00000033c0a00000)]
  0x000001738f04b630 JavaThread "Unconstrained build operations Thread 46" [_thread_blocked, id=12284, stack(0x00000033c0a00000,0x00000033c0b00000)]
  0x000001738f04bb80 JavaThread "Unconstrained build operations Thread 47" [_thread_blocked, id=2136, stack(0x00000033c0b00000,0x00000033c0c00000)]
  0x000001738f04c0d0 JavaThread "Unconstrained build operations Thread 48" [_thread_blocked, id=29204, stack(0x00000033c0c00000,0x00000033c0d00000)]
  0x000001738f049100 JavaThread "Unconstrained build operations Thread 49" [_thread_blocked, id=30208, stack(0x00000033c0d00000,0x00000033c0e00000)]
  0x000001738f050b30 JavaThread "Unconstrained build operations Thread 50" [_thread_blocked, id=29460, stack(0x00000033c0e00000,0x00000033c0f00000)]
  0x000001738f04f5f0 JavaThread "Unconstrained build operations Thread 51" [_thread_blocked, id=23628, stack(0x00000033c0f00000,0x00000033c1000000)]
  0x000001738f04fb40 JavaThread "Unconstrained build operations Thread 52" [_thread_blocked, id=29012, stack(0x00000033c1000000,0x00000033c1100000)]
  0x000001738f051080 JavaThread "Unconstrained build operations Thread 53" [_thread_blocked, id=1968, stack(0x00000033c1100000,0x00000033c1200000)]
  0x000001738f04d610 JavaThread "Unconstrained build operations Thread 54" [_thread_blocked, id=9816, stack(0x00000033c1200000,0x00000033c1300000)]
  0x000001738f0515d0 JavaThread "Unconstrained build operations Thread 55" [_thread_blocked, id=2736, stack(0x00000033c1300000,0x00000033c1400000)]
  0x000001738f051b20 JavaThread "Unconstrained build operations Thread 56" [_thread_blocked, id=13440, stack(0x00000033c1400000,0x00000033c1500000)]
  0x000001738f04e600 JavaThread "Unconstrained build operations Thread 57" [_thread_blocked, id=26212, stack(0x00000033c1500000,0x00000033c1600000)]
  0x000001738f0535b0 JavaThread "Unconstrained build operations Thread 58" [_thread_blocked, id=23872, stack(0x00000033c1600000,0x00000033c1700000)]
  0x000001738f055590 JavaThread "Unconstrained build operations Thread 59" [_thread_blocked, id=1544, stack(0x00000033c1700000,0x00000033c1800000)]
  0x000001738f052b10 JavaThread "Unconstrained build operations Thread 60" [_thread_blocked, id=24616, stack(0x00000033c1800000,0x00000033c1900000)]
  0x000001738f054af0 JavaThread "Unconstrained build operations Thread 61" [_thread_blocked, id=26700, stack(0x00000033c1900000,0x00000033c1a00000)]
  0x000001738f056580 JavaThread "Unconstrained build operations Thread 62" [_thread_blocked, id=7824, stack(0x00000033c1a00000,0x00000033c1b00000)]
  0x000001738f056ad0 JavaThread "Unconstrained build operations Thread 63" [_thread_blocked, id=22848, stack(0x00000033c1b00000,0x00000033c1c00000)]
  0x000001738f057570 JavaThread "Unconstrained build operations Thread 64" [_thread_blocked, id=1116, stack(0x00000033c1c00000,0x00000033c1d00000)]
  0x000001738419d0d0 JavaThread "Unconstrained build operations Thread 65" [_thread_blocked, id=6060, stack(0x00000033c1d00000,0x00000033c1e00000)]
  0x000001738419f0b0 JavaThread "Unconstrained build operations Thread 66" [_thread_blocked, id=14280, stack(0x00000033c1e00000,0x00000033c1f00000)]
  0x000001738419f600 JavaThread "build event listener" [_thread_blocked, id=5764, stack(0x00000033be300000,0x00000033be400000)]
  0x000001738419eb60 JavaThread "Unconstrained build operations Thread 67" [_thread_blocked, id=21408, stack(0x00000033c1f00000,0x00000033c2000000)]
  0x000001738419db70 JavaThread "Unconstrained build operations Thread 68" [_thread_blocked, id=28972, stack(0x00000033c2000000,0x00000033c2100000)]
  0x000001738419bb90 JavaThread "Unconstrained build operations Thread 69" [_thread_blocked, id=9660, stack(0x00000033c2100000,0x00000033c2200000)]
  0x000001738419d620 JavaThread "Unconstrained build operations Thread 70" [_thread_blocked, id=14384, stack(0x00000033c2200000,0x00000033c2300000)]
  0x000001738419e0c0 JavaThread "Unconstrained build operations Thread 71" [_thread_blocked, id=4308, stack(0x00000033c2300000,0x00000033c2400000)]
  0x000001738419e610 JavaThread "Unconstrained build operations Thread 72" [_thread_blocked, id=16192, stack(0x00000033c2400000,0x00000033c2500000)]
  0x000001738419fb50 JavaThread "Unconstrained build operations Thread 73" [_thread_blocked, id=30316, stack(0x00000033c2500000,0x00000033c2600000)]
  0x000001738419c0e0 JavaThread "Unconstrained build operations Thread 74" [_thread_blocked, id=29732, stack(0x00000033c2600000,0x00000033c2700000)]
  0x00000173841a00a0 JavaThread "Unconstrained build operations Thread 75" [_thread_blocked, id=29804, stack(0x00000033c2700000,0x00000033c2800000)]
  0x000001738419c630 JavaThread "Unconstrained build operations Thread 76" [_thread_blocked, id=26136, stack(0x00000033c2800000,0x00000033c2900000)]
  0x00000173841a05f0 JavaThread "Unconstrained build operations Thread 77" [_thread_blocked, id=14136, stack(0x00000033c2900000,0x00000033c2a00000)]
  0x000001738419cb80 JavaThread "Unconstrained build operations Thread 78" [_thread_blocked, id=29348, stack(0x00000033c2a00000,0x00000033c2b00000)]
  0x00000173841a3070 JavaThread "Unconstrained build operations Thread 79" [_thread_blocked, id=29472, stack(0x00000033c2b00000,0x00000033c2c00000)]
  0x00000173841a1b30 JavaThread "Unconstrained build operations Thread 80" [_thread_blocked, id=14656, stack(0x00000033c2c00000,0x00000033c2d00000)]
  0x00000173841a25d0 JavaThread "Unconstrained build operations Thread 81" [_thread_blocked, id=29764, stack(0x00000033c2d00000,0x00000033c2e00000)]
  0x00000173841a0b40 JavaThread "Unconstrained build operations Thread 82" [_thread_blocked, id=20908, stack(0x00000033c2e00000,0x00000033c2f00000)]
  0x00000173841a1090 JavaThread "Unconstrained build operations Thread 83" [_thread_blocked, id=29136, stack(0x00000033c2f00000,0x00000033c3000000)]
  0x00000173841a2b20 JavaThread "Unconstrained build operations Thread 84" [_thread_blocked, id=29480, stack(0x00000033c3000000,0x00000033c3100000)]
  0x00000173874c9d60 JavaThread "Unconstrained build operations Thread 85" [_thread_blocked, id=25028, stack(0x00000033c3100000,0x00000033c3200000)]
  0x00000173874c7830 JavaThread "Unconstrained build operations Thread 86" [_thread_blocked, id=7868, stack(0x00000033c3200000,0x00000033c3300000)]
  0x00000173874ca800 JavaThread "Unconstrained build operations Thread 87" [_thread_blocked, id=27556, stack(0x00000033c3300000,0x00000033c3400000)]
  0x00000173874c72e0 JavaThread "Unconstrained build operations Thread 88" [_thread_blocked, id=28492, stack(0x00000033c3400000,0x00000033c3500000)]
  0x00000173874c82d0 JavaThread "Unconstrained build operations Thread 89" [_thread_blocked, id=20184, stack(0x00000033c3600000,0x00000033c3700000)]
  0x00000173874c6d90 JavaThread "Unconstrained build operations Thread 90" [_thread_blocked, id=26628, stack(0x00000033c3700000,0x00000033c3800000)]
  0x00000173874cbd40 JavaThread "Unconstrained build operations Thread 91" [_thread_blocked, id=20228, stack(0x00000033c3800000,0x00000033c3900000)]
  0x00000173874ca2b0 JavaThread "Unconstrained build operations Thread 92" [_thread_blocked, id=4388, stack(0x00000033c3900000,0x00000033c3a00000)]
  0x00000173874cad50 JavaThread "Unconstrained build operations Thread 93" [_thread_blocked, id=10676, stack(0x00000033c3a00000,0x00000033c3b00000)]
  0x00000173874cb7f0 JavaThread "Unconstrained build operations Thread 94" [_thread_blocked, id=27068, stack(0x00000033c3b00000,0x00000033c3c00000)]
  0x00000173874cc290 JavaThread "Unconstrained build operations Thread 95" [_thread_blocked, id=27344, stack(0x00000033c3c00000,0x00000033c3d00000)]
  0x00000173874c8d70 JavaThread "Unconstrained build operations Thread 96" [_thread_blocked, id=6480, stack(0x00000033c3d00000,0x00000033c3e00000)]
  0x00000173874cb2a0 JavaThread "Unconstrained build operations Thread 97" [_thread_blocked, id=2112, stack(0x00000033c3e00000,0x00000033c3f00000)]
  0x00000173874c8820 JavaThread "Unconstrained build operations Thread 98" [_thread_blocked, id=24528, stack(0x00000033c3f00000,0x00000033c4000000)]
  0x00000173874ccd30 JavaThread "Unconstrained build operations Thread 99" [_thread_blocked, id=28472, stack(0x00000033c4000000,0x00000033c4100000)]
  0x00000173874cdd20 JavaThread "Unconstrained build operations Thread 100" [_thread_blocked, id=29836, stack(0x00000033c4100000,0x00000033c4200000)]
  0x00000173874cd280 JavaThread "Unconstrained build operations Thread 101" [_thread_blocked, id=22780, stack(0x00000033c4200000,0x00000033c4300000)]
  0x00000173874cc7e0 JavaThread "Unconstrained build operations Thread 102" [_thread_blocked, id=4316, stack(0x00000033c4300000,0x00000033c4400000)]
  0x00000173874cd7d0 JavaThread "Unconstrained build operations Thread 103" [_thread_blocked, id=9828, stack(0x00000033c4400000,0x00000033c4500000)]
  0x0000017388696a30 JavaThread "Unconstrained build operations Thread 104" [_thread_blocked, id=29580, stack(0x00000033c4600000,0x00000033c4700000)]
  0x0000017388693fb0 JavaThread "Unconstrained build operations Thread 105" [_thread_blocked, id=4576, stack(0x00000033c4700000,0x00000033c4800000)]
  0x00000173886954f0 JavaThread "Unconstrained build operations Thread 106" [_thread_blocked, id=21336, stack(0x00000033c4800000,0x00000033c4900000)]
  0x0000017388697f70 JavaThread "Unconstrained build operations Thread 107" [_thread_blocked, id=27712, stack(0x00000033c4900000,0x00000033c4a00000)]
  0x0000017388694a50 JavaThread "Unconstrained build operations Thread 108" [_thread_blocked, id=3024, stack(0x00000033c4a00000,0x00000033c4b00000)]
  0x0000017388695a40 JavaThread "Unconstrained build operations Thread 109" [_thread_blocked, id=29672, stack(0x00000033c4b00000,0x00000033c4c00000)]
  0x00000173886964e0 JavaThread "Unconstrained build operations Thread 110" [_thread_blocked, id=25980, stack(0x00000033c4e00000,0x00000033c4f00000)]
  0x00000173886974d0 JavaThread "Unconstrained build operations Thread 111" [_thread_blocked, id=27444, stack(0x00000033c4f00000,0x00000033c5000000)]
  0x0000017388696f80 JavaThread "Unconstrained build operations Thread 112" [_thread_blocked, id=29556, stack(0x00000033c5000000,0x00000033c5100000)]
  0x0000017388694500 JavaThread "Unconstrained build operations Thread 113" [_thread_blocked, id=19316, stack(0x00000033c5100000,0x00000033c5200000)]
  0x000001738869a9f0 JavaThread "Unconstrained build operations Thread 114" [_thread_blocked, id=25096, stack(0x00000033c5200000,0x00000033c5300000)]
  0x00000173886984c0 JavaThread "Unconstrained build operations Thread 115" [_thread_blocked, id=27908, stack(0x00000033c5300000,0x00000033c5400000)]
  0x0000017388698a10 JavaThread "Unconstrained build operations Thread 116" [_thread_blocked, id=30292, stack(0x00000033c5400000,0x00000033c5500000)]
  0x000001738869a4a0 JavaThread "Unconstrained build operations Thread 117" [_thread_blocked, id=16744, stack(0x00000033c5500000,0x00000033c5600000)]
  0x00000173886994b0 JavaThread "Unconstrained build operations Thread 118" [_thread_blocked, id=28692, stack(0x00000033c5600000,0x00000033c5700000)]
  0x0000017388699a00 JavaThread "Unconstrained build operations Thread 119" [_thread_blocked, id=29300, stack(0x00000033c5700000,0x00000033c5800000)]
  0x000001738869af40 JavaThread "Unconstrained build operations Thread 120" [_thread_blocked, id=27828, stack(0x00000033c5800000,0x00000033c5900000)]
  0x0000017385796a40 JavaThread "pool-15-thread-1" [_thread_blocked, id=26888, stack(0x00000033c6400000,0x00000033c6500000)]
  0x0000017385796f90 JavaThread "build event listener" [_thread_blocked, id=29268, stack(0x00000033c6500000,0x00000033c6600000)]
  0x0000017385795fa0 JavaThread "Cache worker for execution history cache (L:\flutter Projects\moodmate\moodmate\android\.gradle\8.10.2\executionHistory)" [_thread_blocked, id=17060, stack(0x00000033c6600000,0x00000033c6700000)]
  0x0000017385793a70 JavaThread "WorkerExecutor Queue" [_thread_blocked, id=13076, stack(0x00000033c6700000,0x00000033c6800000)]
  0x0000017385795500 JavaThread "WorkerExecutor Queue Thread 2" [_thread_blocked, id=19808, stack(0x00000033c6800000,0x00000033c6900000)]
  0x0000017385793520 JavaThread "WorkerExecutor Queue Thread 3" [_thread_blocked, id=13240, stack(0x00000033c6900000,0x00000033c6a00000)]
  0x0000017385793fc0 JavaThread "WorkerExecutor Queue Thread 4" [_thread_blocked, id=30196, stack(0x00000033c6a00000,0x00000033c6b00000)]
  0x0000017385799a10 JavaThread "WorkerExecutor Queue Thread 7" [_thread_blocked, id=27784, stack(0x00000033c6d00000,0x00000033c6e00000)]
  0x0000017385799f60 JavaThread "WorkerExecutor Queue Thread 9" [_thread_blocked, id=4496, stack(0x00000033c6f00000,0x00000033c7000000)]
  0x000001738783e470 JavaThread "WorkerExecutor Queue Thread 11" [_thread_blocked, id=17028, stack(0x00000033c7100000,0x00000033c7200000)]
  0x000001738783cf30 JavaThread "WorkerExecutor Queue Thread 12" [_thread_blocked, id=6752, stack(0x00000033c7200000,0x00000033c7300000)]
  0x000001738783e9c0 JavaThread "WorkerExecutor Queue Thread 14" [_thread_blocked, id=25716, stack(0x00000033c7400000,0x00000033c7500000)]
  0x000001738783ff00 JavaThread "RMI GC Daemon" daemon [_thread_blocked, id=10932, stack(0x00000033c7a00000,0x00000033c7b00000)]
  0x0000017385027ed0 JavaThread "RMI Reaper" [_thread_blocked, id=13320, stack(0x00000033c7b00000,0x00000033c7c00000)]
  0x0000017385026990 JavaThread "RMI TCP Connection(idle)" daemon [_thread_blocked, id=30180, stack(0x00000033c7c00000,0x00000033c7d00000)]
  0x0000017385027980 JavaThread "Build operations" [_thread_blocked, id=28796, stack(0x00000033c7d00000,0x00000033c7e00000)]
  0x0000017385029410 JavaThread "Build operations Thread 2" [_thread_blocked, id=30132, stack(0x00000033c7e00000,0x00000033c7f00000)]
  0x000001738502d920 JavaThread "Build operations Thread 3" [_thread_blocked, id=27008, stack(0x00000033c7f00000,0x00000033c8000000)]
  0x000001738502b3f0 JavaThread "Build operations Thread 4" [_thread_blocked, id=13276, stack(0x00000033c8000000,0x00000033c8100000)]
  0x000001738e44db60 JavaThread "Build operations Thread 5" [_thread_blocked, id=26532, stack(0x00000033c8100000,0x00000033c8200000)]
  0x000001738e44cb70 JavaThread "Build operations Thread 6" [_thread_blocked, id=12088, stack(0x00000033c8200000,0x00000033c8300000)]
  0x000001738e44a640 JavaThread "Build operations Thread 7" [_thread_blocked, id=24712, stack(0x00000033c8300000,0x00000033c8400000)]
  0x000001738e44bb80 JavaThread "Build operations Thread 8" [_thread_blocked, id=3000, stack(0x00000033c8400000,0x00000033c8500000)]
  0x000001738e44c620 JavaThread "Build operations Thread 9" [_thread_blocked, id=27928, stack(0x00000033c8500000,0x00000033c8600000)]
  0x00000173fe883ff0 JavaThread "Build operations Thread 10" [_thread_blocked, id=28440, stack(0x00000033c8600000,0x00000033c8700000)]
  0x00000173fe883550 JavaThread "Build operations Thread 11" [_thread_blocked, id=12760, stack(0x00000033c8700000,0x00000033c8800000)]
  0x00000173fe880ad0 JavaThread "Build operations Thread 12" [_thread_blocked, id=30708, stack(0x00000033c8800000,0x00000033c8900000)]
  0x0000017386da0950 JavaThread "RMI TCP Connection(idle)" daemon [_thread_blocked, id=7944, stack(0x00000033c7000000,0x00000033c7100000)]
  0x00000173857984d0 JavaThread "WorkerExecutor Queue Thread 15" [_thread_blocked, id=25748, stack(0x00000033c8900000,0x00000033c8a00000)]
  0x000001738e56c500 JavaThread "pool-16-thread-1" [_thread_blocked, id=30216, stack(0x00000033c8a00000,0x00000033c8b00000)]
  0x000001738e756d40 JavaThread "stderr" [_thread_in_native, id=11228, stack(0x00000033c8b00000,0x00000033c8c00000)]
  0x000001738869b490 JavaThread "stdout" [_thread_in_native, id=25644, stack(0x00000033c8c00000,0x00000033c8d00000)]
  0x000001738f0505e0 JavaThread "stderr" [_thread_in_native, id=28936, stack(0x00000033c8d00000,0x00000033c8e00000)]
  0x0000017385028420 JavaThread "stdout" [_thread_in_native, id=16760, stack(0x00000033c8e00000,0x00000033c8f00000)]
  0x000001739a4a50e0 JavaThread "stderr" [_thread_in_native, id=17764, stack(0x00000033c8f00000,0x00000033c9000000)]
  0x000001739a4a4640 JavaThread "stdout" [_thread_in_native, id=26728, stack(0x00000033c9000000,0x00000033c9100000)]
  0x000001739a4a4b90 JavaThread "stderr" [_thread_in_native, id=15604, stack(0x00000033c9100000,0x00000033c9200000)]
  0x000001739a4a40f0 JavaThread "stdout" [_thread_in_native, id=26764, stack(0x00000033c9d00000,0x00000033c9e00000)]
  0x000001739a4a5b80 JavaThread "stderr" [_thread_in_native, id=28696, stack(0x00000033c9f00000,0x00000033ca000000)]
  0x000001739a4a5630 JavaThread "stdout" [_thread_in_native, id=28392, stack(0x00000033ca000000,0x00000033ca100000)]
  0x000001739a4a70c0 JavaThread "WorkerExecutor Queue Thread 16" [_thread_blocked, id=11300, stack(0x00000033c9e00000,0x00000033c9f00000)]
  0x000001739a4afae0 JavaThread "Java2D Disposer" daemon [_thread_blocked, id=30712, stack(0x00000033c3500000,0x00000033c3600000)]
  0x000001739a4ac070 JavaThread "AWT-Windows" daemon [_thread_in_native, id=27596, stack(0x00000033c7300000,0x00000033c7400000)]
  0x000001738783d480 JavaThread "Periodic tasks thread" daemon [_thread_blocked, id=11932, stack(0x00000033ca200000,0x00000033ca300000)]
  0x0000017386d9f960 JavaThread "ApplicationImpl pooled thread 1" [_thread_blocked, id=29308, stack(0x00000033ca300000,0x00000033ca400000)]
  0x000001739848a900 JavaThread "Periodic tasks thread" daemon [_thread_blocked, id=29384, stack(0x00000033c6c00000,0x00000033c6d00000)]
  0x000001739848ae50 JavaThread "ApplicationImpl pooled thread 1" [_thread_blocked, id=29196, stack(0x00000033ca400000,0x00000033ca500000)]
  0x000001739848f8b0 JavaThread "File lock release action executor" [_thread_blocked, id=28184, stack(0x00000033c6b00000,0x00000033c6c00000)]
  0x000001739848fe00 JavaThread "stderr" [_thread_in_native, id=4204, stack(0x00000033ca100000,0x00000033ca200000)]
  0x000001739848c390 JavaThread "stdout" [_thread_in_native, id=27676, stack(0x00000033ca500000,0x00000033ca600000)]
  0x0000017398492dd0 JavaThread "stderr" [_thread_in_native, id=30596, stack(0x00000033ca600000,0x00000033ca700000)]
  0x0000017398493320 JavaThread "stdout" [_thread_in_native, id=29264, stack(0x00000033ca700000,0x00000033ca800000)]
  0x0000017398492880 JavaThread "stderr" [_thread_in_native, id=4332, stack(0x00000033ca800000,0x00000033ca900000)]
  0x00000173984908a0 JavaThread "stdout" [_thread_in_native, id=2624, stack(0x00000033ca900000,0x00000033caa00000)]
  0x0000017398493870 JavaThread "WorkerExecutor Queue Thread 17" [_thread_blocked, id=20864, stack(0x00000033c6100000,0x00000033c6200000)]
  0x000001739849cd30 JavaThread "RMI TCP Connection(idle)" daemon [_thread_blocked, id=24120, stack(0x00000033cc500000,0x00000033cc600000)]
  0x000001739849f7b0 JavaThread "ForkJoinPool-2-worker-1" daemon [_thread_blocked, id=8184, stack(0x00000033cc400000,0x00000033cc500000)]
  0x000001739849fd00 JavaThread "ForkJoinPool-2-worker-2" daemon [_thread_blocked, id=8524, stack(0x00000033cc600000,0x00000033cc700000)]
  0x00000173984a0250 JavaThread "ForkJoinPool-2-worker-3" daemon [_thread_blocked, id=24648, stack(0x00000033cc700000,0x00000033cc800000)]
  0x000001739849c7e0 JavaThread "ForkJoinPool-2-worker-4" daemon [_thread_blocked, id=29076, stack(0x00000033cc800000,0x00000033cc900000)]
  0x00000173984a2cd0 JavaThread "ForkJoinPool-2-worker-5" daemon [_thread_blocked, id=16232, stack(0x00000033cc900000,0x00000033cca00000)]
  0x00000173984a3770 JavaThread "ForkJoinPool-2-worker-6" daemon [_thread_blocked, id=23712, stack(0x00000033cca00000,0x00000033ccb00000)]
  0x0000017385b90370 JavaThread "C2 CompilerThread1" daemon [_thread_blocked, id=17580, stack(0x00000033ccb00000,0x00000033ccc00000)]

Other Threads:
=>0x00000173fbc655c0 VMThread "VM Thread" [stack: 0x00000033ba200000,0x00000033ba300000] [id=19356]
  0x00000173fea8a4c0 WatcherThread "VM Periodic Task Thread" [stack: 0x00000033baf00000,0x00000033bb000000] [id=23448]
  0x00000173be49a240 WorkerThread "GC Thread#0" [stack: 0x00000033b9d00000,0x00000033b9e00000] [id=192]
  0x00000173feb21020 WorkerThread "GC Thread#1" [stack: 0x00000033bb100000,0x00000033bb200000] [id=22288]
  0x00000173fee07b20 WorkerThread "GC Thread#2" [stack: 0x00000033bb200000,0x00000033bb300000] [id=8228]
  0x00000173fee07850 WorkerThread "GC Thread#3" [stack: 0x00000033bb300000,0x00000033bb400000] [id=9924]
  0x00000173fee08c00 WorkerThread "GC Thread#4" [stack: 0x00000033bb400000,0x00000033bb500000] [id=3348]
  0x0000017384f1e5e0 WorkerThread "GC Thread#5" [stack: 0x00000033bc100000,0x00000033bc200000] [id=14132]
  0x0000017384f20d40 WorkerThread "GC Thread#6" [stack: 0x00000033bc200000,0x00000033bc300000] [id=24368]
  0x0000017384f1f120 WorkerThread "GC Thread#7" [stack: 0x00000033bc300000,0x00000033bc400000] [id=15892]
  0x0000017384f1eb80 WorkerThread "GC Thread#8" [stack: 0x00000033bc400000,0x00000033bc500000] [id=8128]
  0x0000017384f204d0 WorkerThread "GC Thread#9" [stack: 0x00000033bc500000,0x00000033bc600000] [id=25460]
  0x00000173fbabc2e0 ConcurrentGCThread "G1 Main Marker" [stack: 0x00000033b9e00000,0x00000033b9f00000] [id=25384]
  0x00000173fbabd990 WorkerThread "G1 Conc#0" [stack: 0x00000033b9f00000,0x00000033ba000000] [id=11724]
  0x0000017384f212e0 WorkerThread "G1 Conc#1" [stack: 0x00000033bc700000,0x00000033bc800000] [id=15844]
  0x0000017384f1e040 WorkerThread "G1 Conc#2" [stack: 0x00000033bc800000,0x00000033bc900000] [id=20236]
  0x00000173fbb1c640 ConcurrentGCThread "G1 Refine#0" [stack: 0x00000033ba000000,0x00000033ba100000] [id=14392]
  0x000001738f5e00c0 ConcurrentGCThread "G1 Refine#1" [stack: 0x00000033c9200000,0x00000033c9300000] [id=24724]
  0x000001738f6eb170 ConcurrentGCThread "G1 Refine#2" [stack: 0x00000033c9300000,0x00000033c9400000] [id=26516]
  0x000001739023bbb0 ConcurrentGCThread "G1 Refine#3" [stack: 0x00000033c9400000,0x00000033c9500000] [id=25912]
  0x000001739023cbc0 ConcurrentGCThread "G1 Refine#4" [stack: 0x00000033c9500000,0x00000033c9600000] [id=21392]
  0x0000017384370410 ConcurrentGCThread "G1 Refine#5" [stack: 0x00000033c9600000,0x00000033c9700000] [id=24224]
  0x0000017392420f80 ConcurrentGCThread "G1 Refine#6" [stack: 0x00000033c9700000,0x00000033c9800000] [id=24412]
  0x000001738f6edef0 ConcurrentGCThread "G1 Refine#7" [stack: 0x00000033c9a00000,0x00000033c9b00000] [id=27528]
  0x00000173928eaf30 ConcurrentGCThread "G1 Refine#8" [stack: 0x00000033c9b00000,0x00000033c9c00000] [id=2900]
  0x0000017392421600 ConcurrentGCThread "G1 Refine#9" [stack: 0x00000033c9c00000,0x00000033c9d00000] [id=8100]
  0x00000173fbb1df40 ConcurrentGCThread "G1 Service" [stack: 0x00000033ba100000,0x00000033ba200000] [id=25440]

Threads with active compile tasks:

VM state: at safepoint (normal execution)

VM Mutex/Monitor currently owned by a thread:  ([mutex/lock_event])
[0x00000173be3e5740] Threads_lock - owner thread: 0x00000173fbc655c0
[0x00000173be3e4150] Heap_lock - owner thread: 0x000001738783cf30

Heap address: 0x0000000600000000, size: 8192 MB, Compressed Oops mode: Zero based, Oop shift amount: 3

CDS archive(s) mapped at: [0x0000000800000000-0x0000000800c40000-0x0000000800c40000), size 12845056, SharedBaseAddress: 0x0000000800000000, ArchiveRelocationMode: 0.
Compressed class space mapped at: 0x0000000801000000-0x0000000841000000, reserved size: 1073741824
Narrow klass base: 0x0000000800000000, Narrow klass shift: 0, Narrow klass range: 0x100000000

GC Precious Log:
 CardTable entry size: 512
 Card Set container configuration: InlinePtr #cards 4 size 8 Array Of Cards #cards 32 size 80 Howl #buckets 8 coarsen threshold 7372 Howl Bitmap #cards 1024 size 144 coarsen threshold 921 Card regions per heap region 1 cards per card region 8192
 CPUs: 12 total, 12 available
 Memory: 7521M
 Large Page Support: Disabled
 NUMA Support: Disabled
 Compressed Oops: Enabled (Zero based)
 Heap Region Size: 4M
 Heap Min Capacity: 8M
 Heap Initial Capacity: 120M
 Heap Max Capacity: 8G
 Pre-touch: Disabled
 Parallel Workers: 10
 Concurrent Workers: 3
 Concurrent Refinement Workers: 10
 Periodic GC: Disabled

Heap:
 garbage-first heap   total 3018752K, used 666737K [0x0000000600000000, 0x0000000800000000)
  region size 4096K, 13 young (53248K), 13 survivors (53248K)
 Metaspace       used 372477K, committed 374976K, reserved 1441792K
  class space    used 44855K, committed 46080K, reserved 1048576K

Heap Regions: E=young(eden), S=young(survivor), O=old, HS=humongous(starts), HC=humongous(continues), CS=collection set, F=free, OA=open archive, CA=closed archive, TAMS=top-at-mark-start (previous, next)
|   0|0x0000000600000000, 0x0000000600400000, 0x0000000600400000|100%|HS|  |TAMS 0x0000000600400000, 0x0000000600400000| Complete 
|   1|0x0000000600400000, 0x0000000600800000, 0x0000000600800000|100%| O|  |TAMS 0x0000000600800000, 0x0000000600800000| Untracked 
|   2|0x0000000600800000, 0x0000000600bffff0, 0x0000000600c00000| 99%| O|  |TAMS 0x0000000600bffff0, 0x0000000600bffff0| Untracked 
|   3|0x0000000600c00000, 0x0000000600fb0a80, 0x0000000601000000| 92%| O|  |TAMS 0x0000000600fb0a80, 0x0000000600fb0a80| Untracked 
|   4|0x0000000601000000, 0x0000000601400000, 0x0000000601400000|100%| O|  |TAMS 0x0000000601400000, 0x0000000601400000| Untracked 
|   5|0x0000000601400000, 0x0000000601781590, 0x0000000601800000| 87%| O|  |TAMS 0x0000000601781590, 0x0000000601781590| Untracked 
|   6|0x0000000601800000, 0x0000000601bfffd0, 0x0000000601c00000| 99%| O|  |TAMS 0x0000000601bfffd0, 0x0000000601bfffd0| Untracked 
|   7|0x0000000601c00000, 0x0000000602000000, 0x0000000602000000|100%|HS|  |TAMS 0x0000000602000000, 0x0000000602000000| Complete 
|   8|0x0000000602000000, 0x00000006023fffe8, 0x0000000602400000| 99%| O|  |TAMS 0x00000006023fffe8, 0x00000006023fffe8| Untracked 
|   9|0x0000000602400000, 0x00000006027ffff0, 0x0000000602800000| 99%| O|  |TAMS 0x00000006027ffff0, 0x00000006027ffff0| Untracked 
|  10|0x0000000602800000, 0x0000000602c00000, 0x0000000602c00000|100%|HS|  |TAMS 0x0000000602c00000, 0x0000000602c00000| Complete 
|  11|0x0000000602c00000, 0x0000000603000000, 0x0000000603000000|100%| O|  |TAMS 0x0000000603000000, 0x0000000603000000| Untracked 
|  12|0x0000000603000000, 0x00000006033ffff8, 0x0000000603400000| 99%| O|  |TAMS 0x00000006033ffff8, 0x00000006033ffff8| Untracked 
|  13|0x0000000603400000, 0x00000006037fffb0, 0x0000000603800000| 99%| O|  |TAMS 0x00000006037fffb0, 0x00000006037fffb0| Untracked 
|  14|0x0000000603800000, 0x0000000603c00000, 0x0000000603c00000|100%| O|  |TAMS 0x0000000603c00000, 0x0000000603c00000| Untracked 
|  15|0x0000000603c00000, 0x0000000603ffffe8, 0x0000000604000000| 99%| O|  |TAMS 0x0000000603ffffe8, 0x0000000603ffffe8| Untracked 
|  16|0x0000000604000000, 0x00000006043ffff8, 0x0000000604400000| 99%| O|  |TAMS 0x00000006043ffff8, 0x00000006043ffff8| Untracked 
|  17|0x0000000604400000, 0x00000006047ffff8, 0x0000000604800000| 99%| O|  |TAMS 0x00000006047ffff8, 0x00000006047ffff8| Untracked 
|  18|0x0000000604800000, 0x0000000604c00000, 0x0000000604c00000|100%| O|  |TAMS 0x0000000604c00000, 0x0000000604c00000| Untracked 
|  19|0x0000000604c00000, 0x0000000605000000, 0x0000000605000000|100%| O|  |TAMS 0x0000000605000000, 0x0000000605000000| Untracked 
|  20|0x0000000605000000, 0x0000000605400000, 0x0000000605400000|100%| O|  |TAMS 0x0000000605400000, 0x0000000605400000| Untracked 
|  21|0x0000000605400000, 0x00000006057fffe8, 0x0000000605800000| 99%| O|  |TAMS 0x00000006057fffe8, 0x00000006057fffe8| Untracked 
|  22|0x0000000605800000, 0x0000000605bdc950, 0x0000000605c00000| 96%| O|  |TAMS 0x0000000605bdc950, 0x0000000605bdc950| Untracked 
|  23|0x0000000605c00000, 0x0000000605ffff78, 0x0000000606000000| 99%| O|  |TAMS 0x0000000605ffff78, 0x0000000605ffff78| Untracked 
|  24|0x0000000606000000, 0x00000006063b2a30, 0x0000000606400000| 92%| O|  |TAMS 0x00000006063b2a30, 0x00000006063b2a30| Untracked 
|  25|0x0000000606400000, 0x00000006067fffc0, 0x0000000606800000| 99%| O|  |TAMS 0x00000006067fffc0, 0x00000006067fffc0| Untracked 
|  26|0x0000000606800000, 0x0000000606c00000, 0x0000000606c00000|100%| O|  |TAMS 0x0000000606c00000, 0x0000000606c00000| Untracked 
|  27|0x0000000606c00000, 0x0000000606fffff8, 0x0000000607000000| 99%| O|  |TAMS 0x0000000606fffff8, 0x0000000606fffff8| Untracked 
|  28|0x0000000607000000, 0x00000006073fffd8, 0x0000000607400000| 99%| O|  |TAMS 0x00000006073fffd8, 0x00000006073fffd8| Untracked 
|  29|0x0000000607400000, 0x00000006077fffe8, 0x0000000607800000| 99%| O|  |TAMS 0x00000006077fffe8, 0x00000006077fffe8| Untracked 
|  30|0x0000000607800000, 0x0000000607c00000, 0x0000000607c00000|100%|HS|  |TAMS 0x0000000607c00000, 0x0000000607c00000| Complete 
|  31|0x0000000607c00000, 0x0000000608000000, 0x0000000608000000|100%| O|  |TAMS 0x0000000608000000, 0x0000000608000000| Untracked 
|  32|0x0000000608000000, 0x00000006083fff78, 0x0000000608400000| 99%| O|  |TAMS 0x00000006083fff78, 0x00000006083fff78| Untracked 
|  33|0x0000000608400000, 0x0000000608780428, 0x0000000608800000| 87%| O|  |TAMS 0x0000000608780428, 0x0000000608780428| Untracked 
|  34|0x0000000608800000, 0x0000000608c00000, 0x0000000608c00000|100%| O|  |TAMS 0x0000000608c00000, 0x0000000608c00000| Untracked 
|  35|0x0000000608c00000, 0x0000000608f98198, 0x0000000609000000| 89%| O|  |TAMS 0x0000000608f98198, 0x0000000608f98198| Untracked 
|  36|0x0000000609000000, 0x00000006093fffe0, 0x0000000609400000| 99%| O|  |TAMS 0x00000006093fffe0, 0x00000006093fffe0| Untracked 
|  37|0x0000000609400000, 0x00000006095f6998, 0x0000000609800000| 49%| O|  |TAMS 0x00000006095f6998, 0x00000006095f6998| Untracked 
|  38|0x0000000609800000, 0x0000000609bffff0, 0x0000000609c00000| 99%| O|  |TAMS 0x0000000609bffff0, 0x0000000609bffff0| Untracked 
|  39|0x0000000609c00000, 0x0000000609c00000, 0x000000060a000000|  0%| F|  |TAMS 0x0000000609c00000, 0x0000000609c00000| Untracked 
|  40|0x000000060a000000, 0x000000060a165878, 0x000000060a400000| 34%| O|  |TAMS 0x000000060a165878, 0x000000060a165878| Untracked 
|  41|0x000000060a400000, 0x000000060a7ffff8, 0x000000060a800000| 99%| O|  |TAMS 0x000000060a7ffff8, 0x000000060a7ffff8| Untracked 
|  42|0x000000060a800000, 0x000000060ac00000, 0x000000060ac00000|100%| O|  |TAMS 0x000000060ac00000, 0x000000060ac00000| Untracked 
|  43|0x000000060ac00000, 0x000000060afffff8, 0x000000060b000000| 99%| O|  |TAMS 0x000000060afffff8, 0x000000060afffff8| Untracked 
|  44|0x000000060b000000, 0x000000060b400000, 0x000000060b400000|100%| O|  |TAMS 0x000000060b400000, 0x000000060b400000| Untracked 
|  45|0x000000060b400000, 0x000000060b582f88, 0x000000060b800000| 37%| O|  |TAMS 0x000000060b582f88, 0x000000060b582f88| Untracked 
|  46|0x000000060b800000, 0x000000060bc00000, 0x000000060bc00000|100%| O|  |TAMS 0x000000060bc00000, 0x000000060bc00000| Untracked 
|  47|0x000000060bc00000, 0x000000060c000000, 0x000000060c000000|100%| O|  |TAMS 0x000000060c000000, 0x000000060c000000| Untracked 
|  48|0x000000060c000000, 0x000000060c400000, 0x000000060c400000|100%| O|  |TAMS 0x000000060c400000, 0x000000060c400000| Untracked 
|  49|0x000000060c400000, 0x000000060c800000, 0x000000060c800000|100%| O|  |TAMS 0x000000060c800000, 0x000000060c800000| Untracked 
|  50|0x000000060c800000, 0x000000060cc00000, 0x000000060cc00000|100%| O|  |TAMS 0x000000060cc00000, 0x000000060cc00000| Untracked 
|  51|0x000000060cc00000, 0x000000060d000000, 0x000000060d000000|100%| O|  |TAMS 0x000000060d000000, 0x000000060d000000| Untracked 
|  52|0x000000060d000000, 0x000000060d400000, 0x000000060d400000|100%| O|  |TAMS 0x000000060d400000, 0x000000060d400000| Untracked 
|  53|0x000000060d400000, 0x000000060d800000, 0x000000060d800000|100%| O|  |TAMS 0x000000060d800000, 0x000000060d800000| Untracked 
|  54|0x000000060d800000, 0x000000060dc00000, 0x000000060dc00000|100%| O|  |TAMS 0x000000060dc00000, 0x000000060dc00000| Untracked 
|  55|0x000000060dc00000, 0x000000060dc00000, 0x000000060e000000|  0%| F|  |TAMS 0x000000060dc00000, 0x000000060dc00000| Untracked 
|  56|0x000000060e000000, 0x000000060e000000, 0x000000060e400000|  0%| F|  |TAMS 0x000000060e000000, 0x000000060e000000| Untracked 
|  57|0x000000060e400000, 0x000000060e800000, 0x000000060e800000|100%| O|  |TAMS 0x000000060e800000, 0x000000060e800000| Untracked 
|  58|0x000000060e800000, 0x000000060e800000, 0x000000060ec00000|  0%| F|  |TAMS 0x000000060e800000, 0x000000060e800000| Untracked 
|  59|0x000000060ec00000, 0x000000060ec00000, 0x000000060f000000|  0%| F|  |TAMS 0x000000060ec00000, 0x000000060ec00000| Untracked 
|  60|0x000000060f000000, 0x000000060f000000, 0x000000060f400000|  0%| F|  |TAMS 0x000000060f000000, 0x000000060f000000| Untracked 
|  61|0x000000060f400000, 0x000000060f800000, 0x000000060f800000|100%| O|  |TAMS 0x000000060f800000, 0x000000060f800000| Untracked 
|  62|0x000000060f800000, 0x000000060f800000, 0x000000060fc00000|  0%| F|  |TAMS 0x000000060f800000, 0x000000060f800000| Untracked 
|  63|0x000000060fc00000, 0x0000000610000000, 0x0000000610000000|100%|HS|  |TAMS 0x0000000610000000, 0x0000000610000000| Complete 
|  64|0x0000000610000000, 0x0000000610400000, 0x0000000610400000|100%|HS|  |TAMS 0x0000000610400000, 0x0000000610400000| Complete 
|  65|0x0000000610400000, 0x0000000610400000, 0x0000000610800000|  0%| F|  |TAMS 0x0000000610400000, 0x0000000610400000| Untracked 
|  66|0x0000000610800000, 0x0000000610c00000, 0x0000000610c00000|100%| O|  |TAMS 0x0000000610c00000, 0x0000000610c00000| Untracked 
|  67|0x0000000610c00000, 0x0000000610c00000, 0x0000000611000000|  0%| F|  |TAMS 0x0000000610c00000, 0x0000000610c00000| Untracked 
|  68|0x0000000611000000, 0x0000000611000000, 0x0000000611400000|  0%| F|  |TAMS 0x0000000611000000, 0x0000000611000000| Untracked 
|  69|0x0000000611400000, 0x0000000611800000, 0x0000000611800000|100%| O|  |TAMS 0x0000000611800000, 0x0000000611800000| Untracked 
|  70|0x0000000611800000, 0x0000000611c00000, 0x0000000611c00000|100%| O|  |TAMS 0x0000000611c00000, 0x0000000611c00000| Untracked 
|  71|0x0000000611c00000, 0x0000000612000000, 0x0000000612000000|100%| O|  |TAMS 0x0000000612000000, 0x0000000612000000| Untracked 
|  72|0x0000000612000000, 0x0000000612400000, 0x0000000612400000|100%| O|  |TAMS 0x0000000612400000, 0x0000000612400000| Untracked 
|  73|0x0000000612400000, 0x0000000612800000, 0x0000000612800000|100%| O|  |TAMS 0x0000000612800000, 0x0000000612800000| Untracked 
|  74|0x0000000612800000, 0x0000000612800000, 0x0000000612c00000|  0%| F|  |TAMS 0x0000000612800000, 0x0000000612800000| Untracked 
|  75|0x0000000612c00000, 0x0000000612c00000, 0x0000000613000000|  0%| F|  |TAMS 0x0000000612c00000, 0x0000000612c00000| Untracked 
|  76|0x0000000613000000, 0x0000000613000000, 0x0000000613400000|  0%| F|  |TAMS 0x0000000613000000, 0x0000000613000000| Untracked 
|  77|0x0000000613400000, 0x0000000613800000, 0x0000000613800000|100%| O|  |TAMS 0x0000000613800000, 0x0000000613800000| Untracked 
|  78|0x0000000613800000, 0x0000000613800000, 0x0000000613c00000|  0%| F|  |TAMS 0x0000000613800000, 0x0000000613800000| Untracked 
|  79|0x0000000613c00000, 0x0000000613c00000, 0x0000000614000000|  0%| F|  |TAMS 0x0000000613c00000, 0x0000000613c00000| Untracked 
|  80|0x0000000614000000, 0x0000000614400000, 0x0000000614400000|100%| O|  |TAMS 0x0000000614400000, 0x0000000614400000| Untracked 
|  81|0x0000000614400000, 0x0000000614800000, 0x0000000614800000|100%|HS|  |TAMS 0x0000000614800000, 0x0000000614800000| Complete 
|  82|0x0000000614800000, 0x0000000614c00000, 0x0000000614c00000|100%| O|  |TAMS 0x0000000614c00000, 0x0000000614c00000| Untracked 
|  83|0x0000000614c00000, 0x0000000615000000, 0x0000000615000000|100%| O|  |TAMS 0x0000000615000000, 0x0000000615000000| Untracked 
|  84|0x0000000615000000, 0x0000000615400000, 0x0000000615400000|100%| O|  |TAMS 0x0000000615400000, 0x0000000615400000| Untracked 
|  85|0x0000000615400000, 0x0000000615800000, 0x0000000615800000|100%| O|  |TAMS 0x0000000615800000, 0x0000000615800000| Untracked 
|  86|0x0000000615800000, 0x0000000615c00000, 0x0000000615c00000|100%| O|  |TAMS 0x0000000615c00000, 0x0000000615c00000| Untracked 
|  87|0x0000000615c00000, 0x0000000616000000, 0x0000000616000000|100%| O|  |TAMS 0x0000000616000000, 0x0000000616000000| Untracked 
|  88|0x0000000616000000, 0x0000000616000000, 0x0000000616400000|  0%| F|  |TAMS 0x0000000616000000, 0x0000000616000000| Untracked 
|  89|0x0000000616400000, 0x0000000616800000, 0x0000000616800000|100%| O|  |TAMS 0x0000000616800000, 0x0000000616800000| Untracked 
|  90|0x0000000616800000, 0x0000000616c00000, 0x0000000616c00000|100%| O|  |TAMS 0x0000000616c00000, 0x0000000616c00000| Untracked 
|  91|0x0000000616c00000, 0x0000000617000000, 0x0000000617000000|100%| O|  |TAMS 0x0000000617000000, 0x0000000617000000| Untracked 
|  92|0x0000000617000000, 0x0000000617400000, 0x0000000617400000|100%| O|  |TAMS 0x0000000617400000, 0x0000000617400000| Untracked 
|  93|0x0000000617400000, 0x0000000617800000, 0x0000000617800000|100%| O|  |TAMS 0x0000000617800000, 0x0000000617800000| Untracked 
|  94|0x0000000617800000, 0x0000000617c00000, 0x0000000617c00000|100%| O|  |TAMS 0x0000000617c00000, 0x0000000617c00000| Untracked 
|  95|0x0000000617c00000, 0x0000000618000000, 0x0000000618000000|100%| O|  |TAMS 0x0000000618000000, 0x0000000618000000| Untracked 
|  96|0x0000000618000000, 0x0000000618400000, 0x0000000618400000|100%| O|  |TAMS 0x0000000618400000, 0x0000000618400000| Untracked 
|  97|0x0000000618400000, 0x00000006187a0800, 0x0000000618800000| 90%| O|  |TAMS 0x00000006187a0800, 0x00000006187a0800| Untracked 
|  98|0x0000000618800000, 0x0000000618c00000, 0x0000000618c00000|100%| O|  |TAMS 0x0000000618c00000, 0x0000000618c00000| Untracked 
|  99|0x0000000618c00000, 0x0000000618c00000, 0x0000000619000000|  0%| F|  |TAMS 0x0000000618c00000, 0x0000000618c00000| Untracked 
| 100|0x0000000619000000, 0x0000000619400000, 0x0000000619400000|100%| O|  |TAMS 0x0000000619400000, 0x0000000619400000| Untracked 
| 101|0x0000000619400000, 0x0000000619800000, 0x0000000619800000|100%| O|  |TAMS 0x0000000619800000, 0x0000000619800000| Untracked 
| 102|0x0000000619800000, 0x0000000619800000, 0x0000000619c00000|  0%| F|  |TAMS 0x0000000619800000, 0x0000000619800000| Untracked 
| 103|0x0000000619c00000, 0x0000000619c00000, 0x000000061a000000|  0%| F|  |TAMS 0x0000000619c00000, 0x0000000619c00000| Untracked 
| 104|0x000000061a000000, 0x000000061a000000, 0x000000061a400000|  0%| F|  |TAMS 0x000000061a000000, 0x000000061a000000| Untracked 
| 105|0x000000061a400000, 0x000000061a800000, 0x000000061a800000|100%| O|  |TAMS 0x000000061a400000, 0x000000061a800000| Untracked 
| 106|0x000000061a800000, 0x000000061a800000, 0x000000061ac00000|  0%| F|  |TAMS 0x000000061a800000, 0x000000061a800000| Untracked 
| 107|0x000000061ac00000, 0x000000061b000000, 0x000000061b000000|100%| O|  |TAMS 0x000000061b000000, 0x000000061b000000| Untracked 
| 108|0x000000061b000000, 0x000000061b400000, 0x000000061b400000|100%| O|  |TAMS 0x000000061b400000, 0x000000061b400000| Untracked 
| 109|0x000000061b400000, 0x000000061b800000, 0x000000061b800000|100%| O|  |TAMS 0x000000061b800000, 0x000000061b800000| Untracked 
| 110|0x000000061b800000, 0x000000061b800000, 0x000000061bc00000|  0%| F|  |TAMS 0x000000061b800000, 0x000000061b800000| Untracked 
| 111|0x000000061bc00000, 0x000000061bc00000, 0x000000061c000000|  0%| F|  |TAMS 0x000000061bc00000, 0x000000061bc00000| Untracked 
| 112|0x000000061c000000, 0x000000061c000000, 0x000000061c400000|  0%| F|  |TAMS 0x000000061c000000, 0x000000061c000000| Untracked 
| 113|0x000000061c400000, 0x000000061c400000, 0x000000061c800000|  0%| F|  |TAMS 0x000000061c400000, 0x000000061c400000| Untracked 
| 114|0x000000061c800000, 0x000000061c800000, 0x000000061cc00000|  0%| F|  |TAMS 0x000000061c800000, 0x000000061c800000| Untracked 
| 115|0x000000061cc00000, 0x000000061cc00000, 0x000000061d000000|  0%| F|  |TAMS 0x000000061cc00000, 0x000000061cc00000| Untracked 
| 116|0x000000061d000000, 0x000000061d000000, 0x000000061d400000|  0%| F|  |TAMS 0x000000061d000000, 0x000000061d000000| Untracked 
| 117|0x000000061d400000, 0x000000061d800000, 0x000000061d800000|100%| O|  |TAMS 0x000000061d800000, 0x000000061d800000| Untracked 
| 118|0x000000061d800000, 0x000000061dc00000, 0x000000061dc00000|100%| O|  |TAMS 0x000000061dc00000, 0x000000061dc00000| Untracked 
| 119|0x000000061dc00000, 0x000000061e000000, 0x000000061e000000|100%| O|  |TAMS 0x000000061e000000, 0x000000061e000000| Untracked 
| 120|0x000000061e000000, 0x000000061e400000, 0x000000061e400000|100%| O|  |TAMS 0x000000061e400000, 0x000000061e400000| Untracked 
| 121|0x000000061e400000, 0x000000061e800000, 0x000000061e800000|100%| O|  |TAMS 0x000000061e800000, 0x000000061e800000| Untracked 
| 122|0x000000061e800000, 0x000000061ec00000, 0x000000061ec00000|100%| O|  |TAMS 0x000000061ec00000, 0x000000061ec00000| Untracked 
| 123|0x000000061ec00000, 0x000000061f000000, 0x000000061f000000|100%| O|  |TAMS 0x000000061f000000, 0x000000061f000000| Untracked 
| 124|0x000000061f000000, 0x000000061f400000, 0x000000061f400000|100%| O|  |TAMS 0x000000061f400000, 0x000000061f400000| Untracked 
| 125|0x000000061f400000, 0x000000061f800000, 0x000000061f800000|100%| O|  |TAMS 0x000000061f800000, 0x000000061f800000| Untracked 
| 126|0x000000061f800000, 0x000000061fc00000, 0x000000061fc00000|100%| O|  |TAMS 0x000000061fc00000, 0x000000061fc00000| Untracked 
| 127|0x000000061fc00000, 0x0000000620000000, 0x0000000620000000|100%| O|  |TAMS 0x0000000620000000, 0x0000000620000000| Untracked 
| 128|0x0000000620000000, 0x0000000620400000, 0x0000000620400000|100%| O|  |TAMS 0x0000000620400000, 0x0000000620400000| Untracked 
| 129|0x0000000620400000, 0x0000000620800000, 0x0000000620800000|100%| O|  |TAMS 0x0000000620800000, 0x0000000620800000| Untracked 
| 130|0x0000000620800000, 0x0000000620c00000, 0x0000000620c00000|100%| O|  |TAMS 0x0000000620c00000, 0x0000000620c00000| Untracked 
| 131|0x0000000620c00000, 0x0000000621000000, 0x0000000621000000|100%| O|  |TAMS 0x0000000621000000, 0x0000000621000000| Untracked 
| 132|0x0000000621000000, 0x0000000621400000, 0x0000000621400000|100%| O|  |TAMS 0x0000000621400000, 0x0000000621400000| Untracked 
| 133|0x0000000621400000, 0x0000000621800000, 0x0000000621800000|100%| O|  |TAMS 0x0000000621800000, 0x0000000621800000| Untracked 
| 134|0x0000000621800000, 0x0000000621c00000, 0x0000000621c00000|100%| O|  |TAMS 0x0000000621c00000, 0x0000000621c00000| Untracked 
| 135|0x0000000621c00000, 0x0000000622000000, 0x0000000622000000|100%| O|  |TAMS 0x0000000622000000, 0x0000000622000000| Untracked 
| 136|0x0000000622000000, 0x0000000622400000, 0x0000000622400000|100%| O|  |TAMS 0x0000000622400000, 0x0000000622400000| Untracked 
| 137|0x0000000622400000, 0x0000000622800000, 0x0000000622800000|100%| O|  |TAMS 0x0000000622800000, 0x0000000622800000| Untracked 
| 138|0x0000000622800000, 0x0000000622c00000, 0x0000000622c00000|100%| O|  |TAMS 0x0000000622c00000, 0x0000000622c00000| Untracked 
| 139|0x0000000622c00000, 0x0000000623000000, 0x0000000623000000|100%| O|  |TAMS 0x0000000623000000, 0x0000000623000000| Untracked 
| 140|0x0000000623000000, 0x0000000623400000, 0x0000000623400000|100%| O|  |TAMS 0x0000000623400000, 0x0000000623400000| Untracked 
| 141|0x0000000623400000, 0x0000000623800000, 0x0000000623800000|100%| O|  |TAMS 0x0000000623800000, 0x0000000623800000| Untracked 
| 142|0x0000000623800000, 0x0000000623c00000, 0x0000000623c00000|100%| O|  |TAMS 0x0000000623c00000, 0x0000000623c00000| Untracked 
| 143|0x0000000623c00000, 0x0000000624000000, 0x0000000624000000|100%| O|  |TAMS 0x0000000624000000, 0x0000000624000000| Untracked 
| 144|0x0000000624000000, 0x0000000624400000, 0x0000000624400000|100%| O|  |TAMS 0x0000000624400000, 0x0000000624400000| Untracked 
| 145|0x0000000624400000, 0x0000000624800000, 0x0000000624800000|100%| O|  |TAMS 0x0000000624800000, 0x0000000624800000| Untracked 
| 146|0x0000000624800000, 0x0000000624c00000, 0x0000000624c00000|100%| O|  |TAMS 0x0000000624c00000, 0x0000000624c00000| Untracked 
| 147|0x0000000624c00000, 0x0000000625000000, 0x0000000625000000|100%| O|  |TAMS 0x0000000625000000, 0x0000000625000000| Untracked 
| 148|0x0000000625000000, 0x0000000625400000, 0x0000000625400000|100%| O|  |TAMS 0x0000000625400000, 0x0000000625400000| Untracked 
| 149|0x0000000625400000, 0x0000000625800000, 0x0000000625800000|100%| O|  |TAMS 0x0000000625800000, 0x0000000625800000| Untracked 
| 150|0x0000000625800000, 0x0000000625c00000, 0x0000000625c00000|100%| O|  |TAMS 0x0000000625c00000, 0x0000000625c00000| Untracked 
| 151|0x0000000625c00000, 0x0000000626000000, 0x0000000626000000|100%| O|  |TAMS 0x0000000625d75600, 0x0000000626000000| Untracked 
| 152|0x0000000626000000, 0x0000000626400000, 0x0000000626400000|100%| O|  |TAMS 0x0000000626000000, 0x0000000626400000| Untracked 
| 153|0x0000000626400000, 0x0000000626800000, 0x0000000626800000|100%| O|  |TAMS 0x0000000626400000, 0x0000000626800000| Untracked 
| 154|0x0000000626800000, 0x0000000626c00000, 0x0000000626c00000|100%| O|  |TAMS 0x0000000626800000, 0x0000000626c00000| Untracked 
| 155|0x0000000626c00000, 0x0000000627000000, 0x0000000627000000|100%| O|  |TAMS 0x0000000626c00000, 0x0000000627000000| Untracked 
| 156|0x0000000627000000, 0x0000000627400000, 0x0000000627400000|100%| O|  |TAMS 0x0000000627000000, 0x0000000627400000| Untracked 
| 157|0x0000000627400000, 0x0000000627800000, 0x0000000627800000|100%| O|  |TAMS 0x0000000627400000, 0x0000000627800000| Untracked 
| 158|0x0000000627800000, 0x0000000627c00000, 0x0000000627c00000|100%| O|  |TAMS 0x0000000627800000, 0x0000000627c00000| Untracked 
| 159|0x0000000627c00000, 0x0000000628000000, 0x0000000628000000|100%| O|  |TAMS 0x0000000627c00000, 0x0000000628000000| Untracked 
| 160|0x0000000628000000, 0x0000000628400000, 0x0000000628400000|100%| O|  |TAMS 0x0000000628000000, 0x0000000628400000| Untracked 
| 161|0x0000000628400000, 0x0000000628800000, 0x0000000628800000|100%| O|  |TAMS 0x0000000628400000, 0x0000000628800000| Untracked 
| 162|0x0000000628800000, 0x0000000628c00000, 0x0000000628c00000|100%| O|  |TAMS 0x0000000628800000, 0x0000000628c00000| Untracked 
| 163|0x0000000628c00000, 0x0000000629000000, 0x0000000629000000|100%| O|  |TAMS 0x0000000628c00000, 0x0000000629000000| Untracked 
| 164|0x0000000629000000, 0x0000000629400000, 0x0000000629400000|100%| O|  |TAMS 0x0000000629000000, 0x0000000629400000| Untracked 
| 165|0x0000000629400000, 0x0000000629800000, 0x0000000629800000|100%| O|  |TAMS 0x0000000629400000, 0x0000000629800000| Untracked 
| 166|0x0000000629800000, 0x0000000629c00000, 0x0000000629c00000|100%| O|  |TAMS 0x0000000629800000, 0x0000000629c00000| Untracked 
| 167|0x0000000629c00000, 0x000000062a000000, 0x000000062a000000|100%|HS|  |TAMS 0x0000000629c00000, 0x000000062a000000| Complete 
| 168|0x000000062a000000, 0x000000062a400000, 0x000000062a400000|100%|HC|  |TAMS 0x000000062a000000, 0x000000062a400000| Complete 
| 169|0x000000062a400000, 0x000000062a800000, 0x000000062a800000|100%| O|  |TAMS 0x000000062a400000, 0x000000062a800000| Untracked 
| 170|0x000000062a800000, 0x000000062a800000, 0x000000062ac00000|  0%| F|  |TAMS 0x000000062a800000, 0x000000062a800000| Untracked 
| 171|0x000000062ac00000, 0x000000062ac00000, 0x000000062b000000|  0%| F|  |TAMS 0x000000062ac00000, 0x000000062ac00000| Untracked 
| 172|0x000000062b000000, 0x000000062b000000, 0x000000062b400000|  0%| F|  |TAMS 0x000000062b000000, 0x000000062b000000| Untracked 
| 173|0x000000062b400000, 0x000000062b400000, 0x000000062b800000|  0%| F|  |TAMS 0x000000062b400000, 0x000000062b400000| Untracked 
| 174|0x000000062b800000, 0x000000062b800000, 0x000000062bc00000|  0%| F|  |TAMS 0x000000062b800000, 0x000000062b800000| Untracked 
| 175|0x000000062bc00000, 0x000000062bc00000, 0x000000062c000000|  0%| F|  |TAMS 0x000000062bc00000, 0x000000062bc00000| Untracked 
| 176|0x000000062c000000, 0x000000062c000000, 0x000000062c400000|  0%| F|  |TAMS 0x000000062c000000, 0x000000062c000000| Untracked 
| 177|0x000000062c400000, 0x000000062c400000, 0x000000062c800000|  0%| F|  |TAMS 0x000000062c400000, 0x000000062c400000| Untracked 
| 178|0x000000062c800000, 0x000000062cc00000, 0x000000062cc00000|100%| O|  |TAMS 0x000000062c800000, 0x000000062cc00000| Untracked 
| 179|0x000000062cc00000, 0x000000062cc00000, 0x000000062d000000|  0%| F|  |TAMS 0x000000062cc00000, 0x000000062cc00000| Untracked 
| 180|0x000000062d000000, 0x000000062d000000, 0x000000062d400000|  0%| F|  |TAMS 0x000000062d000000, 0x000000062d000000| Untracked 
| 181|0x000000062d400000, 0x000000062d400000, 0x000000062d800000|  0%| F|  |TAMS 0x000000062d400000, 0x000000062d400000| Untracked 
| 182|0x000000062d800000, 0x000000062dc00000, 0x000000062dc00000|100%| O|  |TAMS 0x000000062d800000, 0x000000062dc00000| Untracked 
| 183|0x000000062dc00000, 0x000000062e000000, 0x000000062e000000|100%| O|  |TAMS 0x000000062dc00000, 0x000000062e000000| Untracked 
| 184|0x000000062e000000, 0x000000062e400000, 0x000000062e400000|100%| O|  |TAMS 0x000000062e000000, 0x000000062e400000| Untracked 
| 185|0x000000062e400000, 0x000000062e800000, 0x000000062e800000|100%| O|  |TAMS 0x000000062e400000, 0x000000062e800000| Untracked 
| 186|0x000000062e800000, 0x000000062ec00000, 0x000000062ec00000|100%| O|  |TAMS 0x000000062e800000, 0x000000062ec00000| Untracked 
| 187|0x000000062ec00000, 0x000000062f000000, 0x000000062f000000|100%| O|  |TAMS 0x000000062ec00000, 0x000000062f000000| Untracked 
| 188|0x000000062f000000, 0x000000062f400000, 0x000000062f400000|100%| O|  |TAMS 0x000000062f000000, 0x000000062f400000| Untracked 
| 189|0x000000062f400000, 0x000000062f800000, 0x000000062f800000|100%| O|  |TAMS 0x000000062f400000, 0x000000062f800000| Untracked 
| 190|0x000000062f800000, 0x000000062fc00000, 0x000000062fc00000|100%| O|  |TAMS 0x000000062f800000, 0x000000062fc00000| Untracked 
| 191|0x000000062fc00000, 0x000000062fe73800, 0x0000000630000000| 61%| O|  |TAMS 0x000000062fc00000, 0x000000062fe73800| Untracked 
| 192|0x0000000630000000, 0x0000000630000000, 0x0000000630400000|  0%| F|  |TAMS 0x0000000630000000, 0x0000000630000000| Untracked 
| 193|0x0000000630400000, 0x0000000630400000, 0x0000000630800000|  0%| F|  |TAMS 0x0000000630400000, 0x0000000630400000| Untracked 
| 194|0x0000000630800000, 0x0000000630800000, 0x0000000630c00000|  0%| F|  |TAMS 0x0000000630800000, 0x0000000630800000| Untracked 
| 195|0x0000000630c00000, 0x0000000630c00000, 0x0000000631000000|  0%| F|  |TAMS 0x0000000630c00000, 0x0000000630c00000| Untracked 
| 196|0x0000000631000000, 0x0000000631000000, 0x0000000631400000|  0%| F|  |TAMS 0x0000000631000000, 0x0000000631000000| Untracked 
| 197|0x0000000631400000, 0x0000000631400000, 0x0000000631800000|  0%| F|  |TAMS 0x0000000631400000, 0x0000000631400000| Untracked 
| 198|0x0000000631800000, 0x0000000631800000, 0x0000000631c00000|  0%| F|  |TAMS 0x0000000631800000, 0x0000000631800000| Untracked 
| 199|0x0000000631c00000, 0x0000000631c00000, 0x0000000632000000|  0%| F|  |TAMS 0x0000000631c00000, 0x0000000631c00000| Untracked 
| 200|0x0000000632000000, 0x0000000632000000, 0x0000000632400000|  0%| F|  |TAMS 0x0000000632000000, 0x0000000632000000| Untracked 
| 201|0x0000000632400000, 0x0000000632400000, 0x0000000632800000|  0%| F|  |TAMS 0x0000000632400000, 0x0000000632400000| Untracked 
| 202|0x0000000632800000, 0x0000000632800000, 0x0000000632c00000|  0%| F|  |TAMS 0x0000000632800000, 0x0000000632800000| Untracked 
| 203|0x0000000632c00000, 0x0000000632c00000, 0x0000000633000000|  0%| F|  |TAMS 0x0000000632c00000, 0x0000000632c00000| Untracked 
| 204|0x0000000633000000, 0x0000000633000000, 0x0000000633400000|  0%| F|  |TAMS 0x0000000633000000, 0x0000000633000000| Untracked 
| 205|0x0000000633400000, 0x0000000633400000, 0x0000000633800000|  0%| F|  |TAMS 0x0000000633400000, 0x0000000633400000| Untracked 
| 206|0x0000000633800000, 0x0000000633800000, 0x0000000633c00000|  0%| F|  |TAMS 0x0000000633800000, 0x0000000633800000| Untracked 
| 207|0x0000000633c00000, 0x0000000633c00000, 0x0000000634000000|  0%| F|  |TAMS 0x0000000633c00000, 0x0000000633c00000| Untracked 
| 208|0x0000000634000000, 0x0000000634000000, 0x0000000634400000|  0%| F|  |TAMS 0x0000000634000000, 0x0000000634000000| Untracked 
| 209|0x0000000634400000, 0x0000000634400000, 0x0000000634800000|  0%| F|  |TAMS 0x0000000634400000, 0x0000000634400000| Untracked 
| 210|0x0000000634800000, 0x0000000634800000, 0x0000000634c00000|  0%| F|  |TAMS 0x0000000634800000, 0x0000000634800000| Untracked 
| 211|0x0000000634c00000, 0x0000000634c00000, 0x0000000635000000|  0%| F|  |TAMS 0x0000000634c00000, 0x0000000634c00000| Untracked 
| 212|0x0000000635000000, 0x0000000635000000, 0x0000000635400000|  0%| F|  |TAMS 0x0000000635000000, 0x0000000635000000| Untracked 
| 213|0x0000000635400000, 0x0000000635400000, 0x0000000635800000|  0%| F|  |TAMS 0x0000000635400000, 0x0000000635400000| Untracked 
| 214|0x0000000635800000, 0x0000000635800000, 0x0000000635c00000|  0%| F|  |TAMS 0x0000000635800000, 0x0000000635800000| Untracked 
| 215|0x0000000635c00000, 0x0000000635c00000, 0x0000000636000000|  0%| F|  |TAMS 0x0000000635c00000, 0x0000000635c00000| Untracked 
| 216|0x0000000636000000, 0x0000000636000000, 0x0000000636400000|  0%| F|  |TAMS 0x0000000636000000, 0x0000000636000000| Untracked 
| 217|0x0000000636400000, 0x0000000636400000, 0x0000000636800000|  0%| F|  |TAMS 0x0000000636400000, 0x0000000636400000| Untracked 
| 218|0x0000000636800000, 0x0000000636800000, 0x0000000636c00000|  0%| F|  |TAMS 0x0000000636800000, 0x0000000636800000| Untracked 
| 219|0x0000000636c00000, 0x0000000636c00000, 0x0000000637000000|  0%| F|  |TAMS 0x0000000636c00000, 0x0000000636c00000| Untracked 
| 220|0x0000000637000000, 0x0000000637000000, 0x0000000637400000|  0%| F|  |TAMS 0x0000000637000000, 0x0000000637000000| Untracked 
| 221|0x0000000637400000, 0x0000000637400000, 0x0000000637800000|  0%| F|  |TAMS 0x0000000637400000, 0x0000000637400000| Untracked 
| 222|0x0000000637800000, 0x0000000637800000, 0x0000000637c00000|  0%| F|  |TAMS 0x0000000637800000, 0x0000000637800000| Untracked 
| 223|0x0000000637c00000, 0x0000000637c00000, 0x0000000638000000|  0%| F|  |TAMS 0x0000000637c00000, 0x0000000637c00000| Untracked 
| 224|0x0000000638000000, 0x0000000638000000, 0x0000000638400000|  0%| F|  |TAMS 0x0000000638000000, 0x0000000638000000| Untracked 
| 225|0x0000000638400000, 0x0000000638400000, 0x0000000638800000|  0%| F|  |TAMS 0x0000000638400000, 0x0000000638400000| Untracked 
| 226|0x0000000638800000, 0x0000000638800000, 0x0000000638c00000|  0%| F|  |TAMS 0x0000000638800000, 0x0000000638800000| Untracked 
| 227|0x0000000638c00000, 0x0000000638c00000, 0x0000000639000000|  0%| F|  |TAMS 0x0000000638c00000, 0x0000000638c00000| Untracked 
| 228|0x0000000639000000, 0x0000000639000000, 0x0000000639400000|  0%| F|  |TAMS 0x0000000639000000, 0x0000000639000000| Untracked 
| 229|0x0000000639400000, 0x0000000639400000, 0x0000000639800000|  0%| F|  |TAMS 0x0000000639400000, 0x0000000639400000| Untracked 
| 230|0x0000000639800000, 0x0000000639800000, 0x0000000639c00000|  0%| F|  |TAMS 0x0000000639800000, 0x0000000639800000| Untracked 
| 231|0x0000000639c00000, 0x0000000639c00000, 0x000000063a000000|  0%| F|  |TAMS 0x0000000639c00000, 0x0000000639c00000| Untracked 
| 232|0x000000063a000000, 0x000000063a000000, 0x000000063a400000|  0%| F|  |TAMS 0x000000063a000000, 0x000000063a000000| Untracked 
| 233|0x000000063a400000, 0x000000063a400000, 0x000000063a800000|  0%| F|  |TAMS 0x000000063a400000, 0x000000063a400000| Untracked 
| 234|0x000000063a800000, 0x000000063a800000, 0x000000063ac00000|  0%| F|  |TAMS 0x000000063a800000, 0x000000063a800000| Untracked 
| 235|0x000000063ac00000, 0x000000063ac00000, 0x000000063b000000|  0%| F|  |TAMS 0x000000063ac00000, 0x000000063ac00000| Untracked 
| 236|0x000000063b000000, 0x000000063b000000, 0x000000063b400000|  0%| F|  |TAMS 0x000000063b000000, 0x000000063b000000| Untracked 
| 237|0x000000063b400000, 0x000000063b400000, 0x000000063b800000|  0%| F|  |TAMS 0x000000063b400000, 0x000000063b400000| Untracked 
| 238|0x000000063b800000, 0x000000063b800000, 0x000000063bc00000|  0%| F|  |TAMS 0x000000063b800000, 0x000000063b800000| Untracked 
| 239|0x000000063bc00000, 0x000000063bc00000, 0x000000063c000000|  0%| F|  |TAMS 0x000000063bc00000, 0x000000063bc00000| Untracked 
| 240|0x000000063c000000, 0x000000063c000000, 0x000000063c400000|  0%| F|  |TAMS 0x000000063c000000, 0x000000063c000000| Untracked 
| 241|0x000000063c400000, 0x000000063c400000, 0x000000063c800000|  0%| F|  |TAMS 0x000000063c400000, 0x000000063c400000| Untracked 
| 242|0x000000063c800000, 0x000000063c800000, 0x000000063cc00000|  0%| F|  |TAMS 0x000000063c800000, 0x000000063c800000| Untracked 
| 243|0x000000063cc00000, 0x000000063cc00000, 0x000000063d000000|  0%| F|  |TAMS 0x000000063cc00000, 0x000000063cc00000| Untracked 
| 244|0x000000063d000000, 0x000000063d000000, 0x000000063d400000|  0%| F|  |TAMS 0x000000063d000000, 0x000000063d000000| Untracked 
| 245|0x000000063d400000, 0x000000063d400000, 0x000000063d800000|  0%| F|  |TAMS 0x000000063d400000, 0x000000063d400000| Untracked 
| 246|0x000000063d800000, 0x000000063d800000, 0x000000063dc00000|  0%| F|  |TAMS 0x000000063d800000, 0x000000063d800000| Untracked 
| 247|0x000000063dc00000, 0x000000063dc00000, 0x000000063e000000|  0%| F|  |TAMS 0x000000063dc00000, 0x000000063dc00000| Untracked 
| 248|0x000000063e000000, 0x000000063e000000, 0x000000063e400000|  0%| F|  |TAMS 0x000000063e000000, 0x000000063e000000| Untracked 
| 249|0x000000063e400000, 0x000000063e400000, 0x000000063e800000|  0%| F|  |TAMS 0x000000063e400000, 0x000000063e400000| Untracked 
| 250|0x000000063e800000, 0x000000063e800000, 0x000000063ec00000|  0%| F|  |TAMS 0x000000063e800000, 0x000000063e800000| Untracked 
| 251|0x000000063ec00000, 0x000000063ec00000, 0x000000063f000000|  0%| F|  |TAMS 0x000000063ec00000, 0x000000063ec00000| Untracked 
| 252|0x000000063f000000, 0x000000063f000000, 0x000000063f400000|  0%| F|  |TAMS 0x000000063f000000, 0x000000063f000000| Untracked 
| 253|0x000000063f400000, 0x000000063f400000, 0x000000063f800000|  0%| F|  |TAMS 0x000000063f400000, 0x000000063f400000| Untracked 
| 254|0x000000063f800000, 0x000000063f800000, 0x000000063fc00000|  0%| F|  |TAMS 0x000000063f800000, 0x000000063f800000| Untracked 
| 255|0x000000063fc00000, 0x000000063fc00000, 0x0000000640000000|  0%| F|  |TAMS 0x000000063fc00000, 0x000000063fc00000| Untracked 
| 256|0x0000000640000000, 0x0000000640000000, 0x0000000640400000|  0%| F|  |TAMS 0x0000000640000000, 0x0000000640000000| Untracked 
| 257|0x0000000640400000, 0x0000000640400000, 0x0000000640800000|  0%| F|  |TAMS 0x0000000640400000, 0x0000000640400000| Untracked 
| 258|0x0000000640800000, 0x0000000640800000, 0x0000000640c00000|  0%| F|  |TAMS 0x0000000640800000, 0x0000000640800000| Untracked 
| 259|0x0000000640c00000, 0x0000000640c00000, 0x0000000641000000|  0%| F|  |TAMS 0x0000000640c00000, 0x0000000640c00000| Untracked 
| 260|0x0000000641000000, 0x0000000641000000, 0x0000000641400000|  0%| F|  |TAMS 0x0000000641000000, 0x0000000641000000| Untracked 
| 261|0x0000000641400000, 0x0000000641400000, 0x0000000641800000|  0%| F|  |TAMS 0x0000000641400000, 0x0000000641400000| Untracked 
| 262|0x0000000641800000, 0x0000000641800000, 0x0000000641c00000|  0%| F|  |TAMS 0x0000000641800000, 0x0000000641800000| Untracked 
| 263|0x0000000641c00000, 0x0000000641c00000, 0x0000000642000000|  0%| F|  |TAMS 0x0000000641c00000, 0x0000000641c00000| Untracked 
| 264|0x0000000642000000, 0x0000000642000000, 0x0000000642400000|  0%| F|  |TAMS 0x0000000642000000, 0x0000000642000000| Untracked 
| 265|0x0000000642400000, 0x000000064264fea0, 0x0000000642800000| 57%| S|CS|TAMS 0x0000000642400000, 0x0000000642400000| Complete 
| 266|0x0000000642800000, 0x0000000642c00000, 0x0000000642c00000|100%| S|CS|TAMS 0x0000000642800000, 0x0000000642800000| Complete 
| 267|0x0000000642c00000, 0x0000000643000000, 0x0000000643000000|100%| S|CS|TAMS 0x0000000642c00000, 0x0000000642c00000| Complete 
| 268|0x0000000643000000, 0x0000000643400000, 0x0000000643400000|100%| S|CS|TAMS 0x0000000643000000, 0x0000000643000000| Complete 
| 269|0x0000000643400000, 0x0000000643800000, 0x0000000643800000|100%| S|CS|TAMS 0x0000000643400000, 0x0000000643400000| Complete 
| 270|0x0000000643800000, 0x0000000643c00000, 0x0000000643c00000|100%| S|CS|TAMS 0x0000000643800000, 0x0000000643800000| Complete 
| 271|0x0000000643c00000, 0x0000000644000000, 0x0000000644000000|100%| S|CS|TAMS 0x0000000643c00000, 0x0000000643c00000| Complete 
| 272|0x0000000644000000, 0x0000000644400000, 0x0000000644400000|100%| S|CS|TAMS 0x0000000644000000, 0x0000000644000000| Complete 
| 273|0x0000000644400000, 0x0000000644800000, 0x0000000644800000|100%| S|CS|TAMS 0x0000000644400000, 0x0000000644400000| Complete 
| 274|0x0000000644800000, 0x0000000644c00000, 0x0000000644c00000|100%| S|CS|TAMS 0x0000000644800000, 0x0000000644800000| Complete 
| 275|0x0000000644c00000, 0x0000000645000000, 0x0000000645000000|100%| S|CS|TAMS 0x0000000644c00000, 0x0000000644c00000| Complete 
| 276|0x0000000645000000, 0x0000000645400000, 0x0000000645400000|100%| S|CS|TAMS 0x0000000645000000, 0x0000000645000000| Complete 
| 277|0x0000000645400000, 0x0000000645800000, 0x0000000645800000|100%| S|CS|TAMS 0x0000000645400000, 0x0000000645400000| Complete 
| 278|0x0000000645800000, 0x0000000645800000, 0x0000000645c00000|  0%| F|  |TAMS 0x0000000645800000, 0x0000000645800000| Untracked 
| 279|0x0000000645c00000, 0x0000000645c00000, 0x0000000646000000|  0%| F|  |TAMS 0x0000000645c00000, 0x0000000645c00000| Untracked 
| 280|0x0000000646000000, 0x0000000646000000, 0x0000000646400000|  0%| F|  |TAMS 0x0000000646000000, 0x0000000646000000| Untracked 
| 281|0x0000000646400000, 0x0000000646400000, 0x0000000646800000|  0%| F|  |TAMS 0x0000000646400000, 0x0000000646400000| Untracked 
| 282|0x0000000646800000, 0x0000000646800000, 0x0000000646c00000|  0%| F|  |TAMS 0x0000000646800000, 0x0000000646800000| Untracked 
| 283|0x0000000646c00000, 0x0000000646c00000, 0x0000000647000000|  0%| F|  |TAMS 0x0000000646c00000, 0x0000000646c00000| Untracked 
| 284|0x0000000647000000, 0x0000000647000000, 0x0000000647400000|  0%| F|  |TAMS 0x0000000647000000, 0x0000000647000000| Untracked 
| 285|0x0000000647400000, 0x0000000647400000, 0x0000000647800000|  0%| F|  |TAMS 0x0000000647400000, 0x0000000647400000| Untracked 
| 286|0x0000000647800000, 0x0000000647800000, 0x0000000647c00000|  0%| F|  |TAMS 0x0000000647800000, 0x0000000647800000| Untracked 
| 287|0x0000000647c00000, 0x0000000647c00000, 0x0000000648000000|  0%| F|  |TAMS 0x0000000647c00000, 0x0000000647c00000| Untracked 
| 288|0x0000000648000000, 0x0000000648000000, 0x0000000648400000|  0%| F|  |TAMS 0x0000000648000000, 0x0000000648000000| Untracked 
| 289|0x0000000648400000, 0x0000000648400000, 0x0000000648800000|  0%| F|  |TAMS 0x0000000648400000, 0x0000000648400000| Untracked 
| 290|0x0000000648800000, 0x0000000648800000, 0x0000000648c00000|  0%| F|  |TAMS 0x0000000648800000, 0x0000000648800000| Untracked 
| 291|0x0000000648c00000, 0x0000000648c00000, 0x0000000649000000|  0%| F|  |TAMS 0x0000000648c00000, 0x0000000648c00000| Untracked 
| 292|0x0000000649000000, 0x0000000649000000, 0x0000000649400000|  0%| F|  |TAMS 0x0000000649000000, 0x0000000649000000| Untracked 
| 293|0x0000000649400000, 0x0000000649400000, 0x0000000649800000|  0%| F|  |TAMS 0x0000000649400000, 0x0000000649400000| Untracked 
| 294|0x0000000649800000, 0x0000000649800000, 0x0000000649c00000|  0%| F|  |TAMS 0x0000000649800000, 0x0000000649800000| Untracked 
| 295|0x0000000649c00000, 0x0000000649c00000, 0x000000064a000000|  0%| F|  |TAMS 0x0000000649c00000, 0x0000000649c00000| Untracked 
| 296|0x000000064a000000, 0x000000064a000000, 0x000000064a400000|  0%| F|  |TAMS 0x000000064a000000, 0x000000064a000000| Untracked 
| 297|0x000000064a400000, 0x000000064a400000, 0x000000064a800000|  0%| F|  |TAMS 0x000000064a400000, 0x000000064a400000| Untracked 
| 298|0x000000064a800000, 0x000000064a800000, 0x000000064ac00000|  0%| F|  |TAMS 0x000000064a800000, 0x000000064a800000| Untracked 
| 299|0x000000064ac00000, 0x000000064ac00000, 0x000000064b000000|  0%| F|  |TAMS 0x000000064ac00000, 0x000000064ac00000| Untracked 
| 300|0x000000064b000000, 0x000000064b000000, 0x000000064b400000|  0%| F|  |TAMS 0x000000064b000000, 0x000000064b000000| Untracked 
| 301|0x000000064b400000, 0x000000064b400000, 0x000000064b800000|  0%| F|  |TAMS 0x000000064b400000, 0x000000064b400000| Untracked 
| 302|0x000000064b800000, 0x000000064b800000, 0x000000064bc00000|  0%| F|  |TAMS 0x000000064b800000, 0x000000064b800000| Untracked 
| 303|0x000000064bc00000, 0x000000064bc00000, 0x000000064c000000|  0%| F|  |TAMS 0x000000064bc00000, 0x000000064bc00000| Untracked 
| 304|0x000000064c000000, 0x000000064c000000, 0x000000064c400000|  0%| F|  |TAMS 0x000000064c000000, 0x000000064c000000| Untracked 
| 305|0x000000064c400000, 0x000000064c400000, 0x000000064c800000|  0%| F|  |TAMS 0x000000064c400000, 0x000000064c400000| Untracked 
| 306|0x000000064c800000, 0x000000064c800000, 0x000000064cc00000|  0%| F|  |TAMS 0x000000064c800000, 0x000000064c800000| Untracked 
| 307|0x000000064cc00000, 0x000000064cc00000, 0x000000064d000000|  0%| F|  |TAMS 0x000000064cc00000, 0x000000064cc00000| Untracked 
| 308|0x000000064d000000, 0x000000064d000000, 0x000000064d400000|  0%| F|  |TAMS 0x000000064d000000, 0x000000064d000000| Untracked 
| 309|0x000000064d400000, 0x000000064d400000, 0x000000064d800000|  0%| F|  |TAMS 0x000000064d400000, 0x000000064d400000| Untracked 
| 310|0x000000064d800000, 0x000000064d800000, 0x000000064dc00000|  0%| F|  |TAMS 0x000000064d800000, 0x000000064d800000| Untracked 
| 311|0x000000064dc00000, 0x000000064dc00000, 0x000000064e000000|  0%| F|  |TAMS 0x000000064dc00000, 0x000000064dc00000| Untracked 
| 312|0x000000064e000000, 0x000000064e000000, 0x000000064e400000|  0%| F|  |TAMS 0x000000064e000000, 0x000000064e000000| Untracked 
| 313|0x000000064e400000, 0x000000064e400000, 0x000000064e800000|  0%| F|  |TAMS 0x000000064e400000, 0x000000064e400000| Untracked 
| 314|0x000000064e800000, 0x000000064e800000, 0x000000064ec00000|  0%| F|  |TAMS 0x000000064e800000, 0x000000064e800000| Untracked 
| 315|0x000000064ec00000, 0x000000064ec00000, 0x000000064f000000|  0%| F|  |TAMS 0x000000064ec00000, 0x000000064ec00000| Untracked 
| 316|0x000000064f000000, 0x000000064f000000, 0x000000064f400000|  0%| F|  |TAMS 0x000000064f000000, 0x000000064f000000| Untracked 
| 317|0x000000064f400000, 0x000000064f400000, 0x000000064f800000|  0%| F|  |TAMS 0x000000064f400000, 0x000000064f400000| Untracked 
| 318|0x000000064f800000, 0x000000064f800000, 0x000000064fc00000|  0%| F|  |TAMS 0x000000064f800000, 0x000000064f800000| Untracked 
| 319|0x000000064fc00000, 0x000000064fc00000, 0x0000000650000000|  0%| F|  |TAMS 0x000000064fc00000, 0x000000064fc00000| Untracked 
| 320|0x0000000650000000, 0x0000000650000000, 0x0000000650400000|  0%| F|  |TAMS 0x0000000650000000, 0x0000000650000000| Untracked 
| 321|0x0000000650400000, 0x0000000650400000, 0x0000000650800000|  0%| F|  |TAMS 0x0000000650400000, 0x0000000650400000| Untracked 
| 322|0x0000000650800000, 0x0000000650800000, 0x0000000650c00000|  0%| F|  |TAMS 0x0000000650800000, 0x0000000650800000| Untracked 
| 323|0x0000000650c00000, 0x0000000650c00000, 0x0000000651000000|  0%| F|  |TAMS 0x0000000650c00000, 0x0000000650c00000| Untracked 
| 324|0x0000000651000000, 0x0000000651000000, 0x0000000651400000|  0%| F|  |TAMS 0x0000000651000000, 0x0000000651000000| Untracked 
| 325|0x0000000651400000, 0x0000000651400000, 0x0000000651800000|  0%| F|  |TAMS 0x0000000651400000, 0x0000000651400000| Untracked 
| 326|0x0000000651800000, 0x0000000651800000, 0x0000000651c00000|  0%| F|  |TAMS 0x0000000651800000, 0x0000000651800000| Untracked 
| 327|0x0000000651c00000, 0x0000000651c00000, 0x0000000652000000|  0%| F|  |TAMS 0x0000000651c00000, 0x0000000651c00000| Untracked 
| 328|0x0000000652000000, 0x0000000652000000, 0x0000000652400000|  0%| F|  |TAMS 0x0000000652000000, 0x0000000652000000| Untracked 
| 329|0x0000000652400000, 0x0000000652400000, 0x0000000652800000|  0%| F|  |TAMS 0x0000000652400000, 0x0000000652400000| Untracked 
| 330|0x0000000652800000, 0x0000000652800000, 0x0000000652c00000|  0%| F|  |TAMS 0x0000000652800000, 0x0000000652800000| Untracked 
| 331|0x0000000652c00000, 0x0000000652c00000, 0x0000000653000000|  0%| F|  |TAMS 0x0000000652c00000, 0x0000000652c00000| Untracked 
| 332|0x0000000653000000, 0x0000000653000000, 0x0000000653400000|  0%| F|  |TAMS 0x0000000653000000, 0x0000000653000000| Untracked 
| 333|0x0000000653400000, 0x0000000653400000, 0x0000000653800000|  0%| F|  |TAMS 0x0000000653400000, 0x0000000653400000| Untracked 
| 334|0x0000000653800000, 0x0000000653800000, 0x0000000653c00000|  0%| F|  |TAMS 0x0000000653800000, 0x0000000653800000| Untracked 
| 335|0x0000000653c00000, 0x0000000653c00000, 0x0000000654000000|  0%| F|  |TAMS 0x0000000653c00000, 0x0000000653c00000| Untracked 
| 336|0x0000000654000000, 0x0000000654000000, 0x0000000654400000|  0%| F|  |TAMS 0x0000000654000000, 0x0000000654000000| Untracked 
| 337|0x0000000654400000, 0x0000000654400000, 0x0000000654800000|  0%| F|  |TAMS 0x0000000654400000, 0x0000000654400000| Untracked 
| 338|0x0000000654800000, 0x0000000654800000, 0x0000000654c00000|  0%| F|  |TAMS 0x0000000654800000, 0x0000000654800000| Untracked 
| 339|0x0000000654c00000, 0x0000000654c00000, 0x0000000655000000|  0%| F|  |TAMS 0x0000000654c00000, 0x0000000654c00000| Untracked 
| 340|0x0000000655000000, 0x0000000655000000, 0x0000000655400000|  0%| F|  |TAMS 0x0000000655000000, 0x0000000655000000| Untracked 
| 341|0x0000000655400000, 0x0000000655400000, 0x0000000655800000|  0%| F|  |TAMS 0x0000000655400000, 0x0000000655400000| Untracked 
| 342|0x0000000655800000, 0x0000000655800000, 0x0000000655c00000|  0%| F|  |TAMS 0x0000000655800000, 0x0000000655800000| Untracked 
| 343|0x0000000655c00000, 0x0000000655c00000, 0x0000000656000000|  0%| F|  |TAMS 0x0000000655c00000, 0x0000000655c00000| Untracked 
| 344|0x0000000656000000, 0x0000000656000000, 0x0000000656400000|  0%| F|  |TAMS 0x0000000656000000, 0x0000000656000000| Untracked 
| 345|0x0000000656400000, 0x0000000656400000, 0x0000000656800000|  0%| F|  |TAMS 0x0000000656400000, 0x0000000656400000| Untracked 
| 346|0x0000000656800000, 0x0000000656800000, 0x0000000656c00000|  0%| F|  |TAMS 0x0000000656800000, 0x0000000656800000| Untracked 
| 347|0x0000000656c00000, 0x0000000656c00000, 0x0000000657000000|  0%| F|  |TAMS 0x0000000656c00000, 0x0000000656c00000| Untracked 
| 348|0x0000000657000000, 0x0000000657000000, 0x0000000657400000|  0%| F|  |TAMS 0x0000000657000000, 0x0000000657000000| Untracked 
| 349|0x0000000657400000, 0x0000000657400000, 0x0000000657800000|  0%| F|  |TAMS 0x0000000657400000, 0x0000000657400000| Untracked 
| 350|0x0000000657800000, 0x0000000657800000, 0x0000000657c00000|  0%| F|  |TAMS 0x0000000657800000, 0x0000000657800000| Untracked 
| 351|0x0000000657c00000, 0x0000000657c00000, 0x0000000658000000|  0%| F|  |TAMS 0x0000000657c00000, 0x0000000657c00000| Untracked 
| 352|0x0000000658000000, 0x0000000658000000, 0x0000000658400000|  0%| F|  |TAMS 0x0000000658000000, 0x0000000658000000| Untracked 
| 353|0x0000000658400000, 0x0000000658400000, 0x0000000658800000|  0%| F|  |TAMS 0x0000000658400000, 0x0000000658400000| Untracked 
| 354|0x0000000658800000, 0x0000000658800000, 0x0000000658c00000|  0%| F|  |TAMS 0x0000000658800000, 0x0000000658800000| Untracked 
| 355|0x0000000658c00000, 0x0000000658c00000, 0x0000000659000000|  0%| F|  |TAMS 0x0000000658c00000, 0x0000000658c00000| Untracked 
| 356|0x0000000659000000, 0x0000000659000000, 0x0000000659400000|  0%| F|  |TAMS 0x0000000659000000, 0x0000000659000000| Untracked 
| 357|0x0000000659400000, 0x0000000659400000, 0x0000000659800000|  0%| F|  |TAMS 0x0000000659400000, 0x0000000659400000| Untracked 
| 358|0x0000000659800000, 0x0000000659800000, 0x0000000659c00000|  0%| F|  |TAMS 0x0000000659800000, 0x0000000659800000| Untracked 
| 359|0x0000000659c00000, 0x0000000659c00000, 0x000000065a000000|  0%| F|  |TAMS 0x0000000659c00000, 0x0000000659c00000| Untracked 
| 360|0x000000065a000000, 0x000000065a000000, 0x000000065a400000|  0%| F|  |TAMS 0x000000065a000000, 0x000000065a000000| Untracked 
| 361|0x000000065a400000, 0x000000065a400000, 0x000000065a800000|  0%| F|  |TAMS 0x000000065a400000, 0x000000065a400000| Untracked 
| 362|0x000000065a800000, 0x000000065a800000, 0x000000065ac00000|  0%| F|  |TAMS 0x000000065a800000, 0x000000065a800000| Untracked 
| 363|0x000000065ac00000, 0x000000065ac00000, 0x000000065b000000|  0%| F|  |TAMS 0x000000065ac00000, 0x000000065ac00000| Untracked 
| 364|0x000000065b000000, 0x000000065b000000, 0x000000065b400000|  0%| F|  |TAMS 0x000000065b000000, 0x000000065b000000| Untracked 
| 365|0x000000065b400000, 0x000000065b400000, 0x000000065b800000|  0%| F|  |TAMS 0x000000065b400000, 0x000000065b400000| Untracked 
| 366|0x000000065b800000, 0x000000065b800000, 0x000000065bc00000|  0%| F|  |TAMS 0x000000065b800000, 0x000000065b800000| Untracked 
| 367|0x000000065bc00000, 0x000000065bc00000, 0x000000065c000000|  0%| F|  |TAMS 0x000000065bc00000, 0x000000065bc00000| Untracked 
| 368|0x000000065c000000, 0x000000065c000000, 0x000000065c400000|  0%| F|  |TAMS 0x000000065c000000, 0x000000065c000000| Untracked 
| 369|0x000000065c400000, 0x000000065c400000, 0x000000065c800000|  0%| F|  |TAMS 0x000000065c400000, 0x000000065c400000| Untracked 
| 370|0x000000065c800000, 0x000000065c800000, 0x000000065cc00000|  0%| F|  |TAMS 0x000000065c800000, 0x000000065c800000| Untracked 
| 371|0x000000065cc00000, 0x000000065cc00000, 0x000000065d000000|  0%| F|  |TAMS 0x000000065cc00000, 0x000000065cc00000| Untracked 
| 372|0x000000065d000000, 0x000000065d000000, 0x000000065d400000|  0%| F|  |TAMS 0x000000065d000000, 0x000000065d000000| Untracked 
| 373|0x000000065d400000, 0x000000065d400000, 0x000000065d800000|  0%| F|  |TAMS 0x000000065d400000, 0x000000065d400000| Untracked 
| 374|0x000000065d800000, 0x000000065d800000, 0x000000065dc00000|  0%| F|  |TAMS 0x000000065d800000, 0x000000065d800000| Untracked 
| 375|0x000000065dc00000, 0x000000065dc00000, 0x000000065e000000|  0%| F|  |TAMS 0x000000065dc00000, 0x000000065dc00000| Untracked 
| 376|0x000000065e000000, 0x000000065e000000, 0x000000065e400000|  0%| F|  |TAMS 0x000000065e000000, 0x000000065e000000| Untracked 
| 377|0x000000065e400000, 0x000000065e400000, 0x000000065e800000|  0%| F|  |TAMS 0x000000065e400000, 0x000000065e400000| Untracked 
| 378|0x000000065e800000, 0x000000065e800000, 0x000000065ec00000|  0%| F|  |TAMS 0x000000065e800000, 0x000000065e800000| Untracked 
| 379|0x000000065ec00000, 0x000000065ec00000, 0x000000065f000000|  0%| F|  |TAMS 0x000000065ec00000, 0x000000065ec00000| Untracked 
| 380|0x000000065f000000, 0x000000065f000000, 0x000000065f400000|  0%| F|  |TAMS 0x000000065f000000, 0x000000065f000000| Untracked 
| 381|0x000000065f400000, 0x000000065f400000, 0x000000065f800000|  0%| F|  |TAMS 0x000000065f400000, 0x000000065f400000| Untracked 
| 382|0x000000065f800000, 0x000000065f800000, 0x000000065fc00000|  0%| F|  |TAMS 0x000000065f800000, 0x000000065f800000| Untracked 
| 383|0x000000065fc00000, 0x000000065fc00000, 0x0000000660000000|  0%| F|  |TAMS 0x000000065fc00000, 0x000000065fc00000| Untracked 
| 384|0x0000000660000000, 0x0000000660000000, 0x0000000660400000|  0%| F|  |TAMS 0x0000000660000000, 0x0000000660000000| Untracked 
| 385|0x0000000660400000, 0x0000000660400000, 0x0000000660800000|  0%| F|  |TAMS 0x0000000660400000, 0x0000000660400000| Untracked 
| 386|0x0000000660800000, 0x0000000660800000, 0x0000000660c00000|  0%| F|  |TAMS 0x0000000660800000, 0x0000000660800000| Untracked 
| 387|0x0000000660c00000, 0x0000000660c00000, 0x0000000661000000|  0%| F|  |TAMS 0x0000000660c00000, 0x0000000660c00000| Untracked 
| 388|0x0000000661000000, 0x0000000661000000, 0x0000000661400000|  0%| F|  |TAMS 0x0000000661000000, 0x0000000661000000| Untracked 
| 389|0x0000000661400000, 0x0000000661400000, 0x0000000661800000|  0%| F|  |TAMS 0x0000000661400000, 0x0000000661400000| Untracked 
| 390|0x0000000661800000, 0x0000000661800000, 0x0000000661c00000|  0%| F|  |TAMS 0x0000000661800000, 0x0000000661800000| Untracked 
| 391|0x0000000661c00000, 0x0000000661c00000, 0x0000000662000000|  0%| F|  |TAMS 0x0000000661c00000, 0x0000000661c00000| Untracked 
| 392|0x0000000662000000, 0x0000000662000000, 0x0000000662400000|  0%| F|  |TAMS 0x0000000662000000, 0x0000000662000000| Untracked 
| 393|0x0000000662400000, 0x0000000662400000, 0x0000000662800000|  0%| F|  |TAMS 0x0000000662400000, 0x0000000662400000| Untracked 
| 394|0x0000000662800000, 0x0000000662800000, 0x0000000662c00000|  0%| F|  |TAMS 0x0000000662800000, 0x0000000662800000| Untracked 
| 395|0x0000000662c00000, 0x0000000662c00000, 0x0000000663000000|  0%| F|  |TAMS 0x0000000662c00000, 0x0000000662c00000| Untracked 
| 396|0x0000000663000000, 0x0000000663000000, 0x0000000663400000|  0%| F|  |TAMS 0x0000000663000000, 0x0000000663000000| Untracked 
| 397|0x0000000663400000, 0x0000000663400000, 0x0000000663800000|  0%| F|  |TAMS 0x0000000663400000, 0x0000000663400000| Untracked 
| 398|0x0000000663800000, 0x0000000663800000, 0x0000000663c00000|  0%| F|  |TAMS 0x0000000663800000, 0x0000000663800000| Untracked 
| 399|0x0000000663c00000, 0x0000000663c00000, 0x0000000664000000|  0%| F|  |TAMS 0x0000000663c00000, 0x0000000663c00000| Untracked 
| 400|0x0000000664000000, 0x0000000664000000, 0x0000000664400000|  0%| F|  |TAMS 0x0000000664000000, 0x0000000664000000| Untracked 
| 401|0x0000000664400000, 0x0000000664400000, 0x0000000664800000|  0%| F|  |TAMS 0x0000000664400000, 0x0000000664400000| Untracked 
| 402|0x0000000664800000, 0x0000000664800000, 0x0000000664c00000|  0%| F|  |TAMS 0x0000000664800000, 0x0000000664800000| Untracked 
| 403|0x0000000664c00000, 0x0000000664c00000, 0x0000000665000000|  0%| F|  |TAMS 0x0000000664c00000, 0x0000000664c00000| Untracked 
| 404|0x0000000665000000, 0x0000000665000000, 0x0000000665400000|  0%| F|  |TAMS 0x0000000665000000, 0x0000000665000000| Untracked 
| 405|0x0000000665400000, 0x0000000665400000, 0x0000000665800000|  0%| F|  |TAMS 0x0000000665400000, 0x0000000665400000| Untracked 
| 406|0x0000000665800000, 0x0000000665800000, 0x0000000665c00000|  0%| F|  |TAMS 0x0000000665800000, 0x0000000665800000| Untracked 
| 407|0x0000000665c00000, 0x0000000665c00000, 0x0000000666000000|  0%| F|  |TAMS 0x0000000665c00000, 0x0000000665c00000| Untracked 
| 408|0x0000000666000000, 0x0000000666000000, 0x0000000666400000|  0%| F|  |TAMS 0x0000000666000000, 0x0000000666000000| Untracked 
| 409|0x0000000666400000, 0x0000000666400000, 0x0000000666800000|  0%| F|  |TAMS 0x0000000666400000, 0x0000000666400000| Untracked 
| 410|0x0000000666800000, 0x0000000666800000, 0x0000000666c00000|  0%| F|  |TAMS 0x0000000666800000, 0x0000000666800000| Untracked 
| 411|0x0000000666c00000, 0x0000000666c00000, 0x0000000667000000|  0%| F|  |TAMS 0x0000000666c00000, 0x0000000666c00000| Untracked 
| 412|0x0000000667000000, 0x0000000667000000, 0x0000000667400000|  0%| F|  |TAMS 0x0000000667000000, 0x0000000667000000| Untracked 
| 413|0x0000000667400000, 0x0000000667400000, 0x0000000667800000|  0%| F|  |TAMS 0x0000000667400000, 0x0000000667400000| Untracked 
| 414|0x0000000667800000, 0x0000000667800000, 0x0000000667c00000|  0%| F|  |TAMS 0x0000000667800000, 0x0000000667800000| Untracked 
| 415|0x0000000667c00000, 0x0000000667c00000, 0x0000000668000000|  0%| F|  |TAMS 0x0000000667c00000, 0x0000000667c00000| Untracked 
| 416|0x0000000668000000, 0x0000000668000000, 0x0000000668400000|  0%| F|  |TAMS 0x0000000668000000, 0x0000000668000000| Untracked 
| 417|0x0000000668400000, 0x0000000668400000, 0x0000000668800000|  0%| F|  |TAMS 0x0000000668400000, 0x0000000668400000| Untracked 
| 418|0x0000000668800000, 0x0000000668800000, 0x0000000668c00000|  0%| F|  |TAMS 0x0000000668800000, 0x0000000668800000| Untracked 
| 419|0x0000000668c00000, 0x0000000668c00000, 0x0000000669000000|  0%| F|  |TAMS 0x0000000668c00000, 0x0000000668c00000| Untracked 
| 420|0x0000000669000000, 0x0000000669000000, 0x0000000669400000|  0%| F|  |TAMS 0x0000000669000000, 0x0000000669000000| Untracked 
| 421|0x0000000669400000, 0x0000000669400000, 0x0000000669800000|  0%| F|  |TAMS 0x0000000669400000, 0x0000000669400000| Untracked 
| 422|0x0000000669800000, 0x0000000669800000, 0x0000000669c00000|  0%| F|  |TAMS 0x0000000669800000, 0x0000000669800000| Untracked 
| 423|0x0000000669c00000, 0x0000000669c00000, 0x000000066a000000|  0%| F|  |TAMS 0x0000000669c00000, 0x0000000669c00000| Untracked 
| 424|0x000000066a000000, 0x000000066a000000, 0x000000066a400000|  0%| F|  |TAMS 0x000000066a000000, 0x000000066a000000| Untracked 
| 425|0x000000066a400000, 0x000000066a400000, 0x000000066a800000|  0%| F|  |TAMS 0x000000066a400000, 0x000000066a400000| Untracked 
| 426|0x000000066a800000, 0x000000066a800000, 0x000000066ac00000|  0%| F|  |TAMS 0x000000066a800000, 0x000000066a800000| Untracked 
| 427|0x000000066ac00000, 0x000000066ac00000, 0x000000066b000000|  0%| F|  |TAMS 0x000000066ac00000, 0x000000066ac00000| Untracked 
| 428|0x000000066b000000, 0x000000066b000000, 0x000000066b400000|  0%| F|  |TAMS 0x000000066b000000, 0x000000066b000000| Untracked 
| 429|0x000000066b400000, 0x000000066b400000, 0x000000066b800000|  0%| F|  |TAMS 0x000000066b400000, 0x000000066b400000| Untracked 
| 430|0x000000066b800000, 0x000000066b800000, 0x000000066bc00000|  0%| F|  |TAMS 0x000000066b800000, 0x000000066b800000| Untracked 
| 431|0x000000066bc00000, 0x000000066bc00000, 0x000000066c000000|  0%| F|  |TAMS 0x000000066bc00000, 0x000000066bc00000| Untracked 
| 432|0x000000066c000000, 0x000000066c000000, 0x000000066c400000|  0%| F|  |TAMS 0x000000066c000000, 0x000000066c000000| Untracked 
| 433|0x000000066c400000, 0x000000066c400000, 0x000000066c800000|  0%| F|  |TAMS 0x000000066c400000, 0x000000066c400000| Untracked 
| 434|0x000000066c800000, 0x000000066c800000, 0x000000066cc00000|  0%| F|  |TAMS 0x000000066c800000, 0x000000066c800000| Untracked 
| 435|0x000000066cc00000, 0x000000066cc00000, 0x000000066d000000|  0%| F|  |TAMS 0x000000066cc00000, 0x000000066cc00000| Untracked 
| 436|0x000000066d000000, 0x000000066d000000, 0x000000066d400000|  0%| F|  |TAMS 0x000000066d000000, 0x000000066d000000| Untracked 
| 437|0x000000066d400000, 0x000000066d400000, 0x000000066d800000|  0%| F|  |TAMS 0x000000066d400000, 0x000000066d400000| Untracked 
| 438|0x000000066d800000, 0x000000066d800000, 0x000000066dc00000|  0%| F|  |TAMS 0x000000066d800000, 0x000000066d800000| Untracked 
| 439|0x000000066dc00000, 0x000000066dc00000, 0x000000066e000000|  0%| F|  |TAMS 0x000000066dc00000, 0x000000066dc00000| Untracked 
| 440|0x000000066e000000, 0x000000066e000000, 0x000000066e400000|  0%| F|  |TAMS 0x000000066e000000, 0x000000066e000000| Untracked 
| 441|0x000000066e400000, 0x000000066e400000, 0x000000066e800000|  0%| F|  |TAMS 0x000000066e400000, 0x000000066e400000| Untracked 
| 442|0x000000066e800000, 0x000000066e800000, 0x000000066ec00000|  0%| F|  |TAMS 0x000000066e800000, 0x000000066e800000| Untracked 
| 443|0x000000066ec00000, 0x000000066ec00000, 0x000000066f000000|  0%| F|  |TAMS 0x000000066ec00000, 0x000000066ec00000| Untracked 
| 444|0x000000066f000000, 0x000000066f000000, 0x000000066f400000|  0%| F|  |TAMS 0x000000066f000000, 0x000000066f000000| Untracked 
| 445|0x000000066f400000, 0x000000066f400000, 0x000000066f800000|  0%| F|  |TAMS 0x000000066f400000, 0x000000066f400000| Untracked 
| 446|0x000000066f800000, 0x000000066f800000, 0x000000066fc00000|  0%| F|  |TAMS 0x000000066f800000, 0x000000066f800000| Untracked 
| 447|0x000000066fc00000, 0x000000066fc00000, 0x0000000670000000|  0%| F|  |TAMS 0x000000066fc00000, 0x000000066fc00000| Untracked 
| 448|0x0000000670000000, 0x0000000670000000, 0x0000000670400000|  0%| F|  |TAMS 0x0000000670000000, 0x0000000670000000| Untracked 
| 449|0x0000000670400000, 0x0000000670400000, 0x0000000670800000|  0%| F|  |TAMS 0x0000000670400000, 0x0000000670400000| Untracked 
| 450|0x0000000670800000, 0x0000000670800000, 0x0000000670c00000|  0%| F|  |TAMS 0x0000000670800000, 0x0000000670800000| Untracked 
| 451|0x0000000670c00000, 0x0000000670c00000, 0x0000000671000000|  0%| F|  |TAMS 0x0000000670c00000, 0x0000000670c00000| Untracked 
| 452|0x0000000671000000, 0x0000000671000000, 0x0000000671400000|  0%| F|  |TAMS 0x0000000671000000, 0x0000000671000000| Untracked 
| 453|0x0000000671400000, 0x0000000671400000, 0x0000000671800000|  0%| F|  |TAMS 0x0000000671400000, 0x0000000671400000| Untracked 
| 454|0x0000000671800000, 0x0000000671800000, 0x0000000671c00000|  0%| F|  |TAMS 0x0000000671800000, 0x0000000671800000| Untracked 
| 455|0x0000000671c00000, 0x0000000671c00000, 0x0000000672000000|  0%| F|  |TAMS 0x0000000671c00000, 0x0000000671c00000| Untracked 
| 456|0x0000000672000000, 0x0000000672000000, 0x0000000672400000|  0%| F|  |TAMS 0x0000000672000000, 0x0000000672000000| Untracked 
| 457|0x0000000672400000, 0x0000000672400000, 0x0000000672800000|  0%| F|  |TAMS 0x0000000672400000, 0x0000000672400000| Untracked 
| 458|0x0000000672800000, 0x0000000672800000, 0x0000000672c00000|  0%| F|  |TAMS 0x0000000672800000, 0x0000000672800000| Untracked 
| 459|0x0000000672c00000, 0x0000000672c00000, 0x0000000673000000|  0%| F|  |TAMS 0x0000000672c00000, 0x0000000672c00000| Untracked 
| 460|0x0000000673000000, 0x0000000673000000, 0x0000000673400000|  0%| F|  |TAMS 0x0000000673000000, 0x0000000673000000| Untracked 
| 461|0x0000000673400000, 0x0000000673400000, 0x0000000673800000|  0%| F|  |TAMS 0x0000000673400000, 0x0000000673400000| Untracked 
| 462|0x0000000673800000, 0x0000000673800000, 0x0000000673c00000|  0%| F|  |TAMS 0x0000000673800000, 0x0000000673800000| Untracked 
| 463|0x0000000673c00000, 0x0000000673c00000, 0x0000000674000000|  0%| F|  |TAMS 0x0000000673c00000, 0x0000000673c00000| Untracked 
| 464|0x0000000674000000, 0x0000000674000000, 0x0000000674400000|  0%| F|  |TAMS 0x0000000674000000, 0x0000000674000000| Untracked 
| 465|0x0000000674400000, 0x0000000674400000, 0x0000000674800000|  0%| F|  |TAMS 0x0000000674400000, 0x0000000674400000| Untracked 
| 466|0x0000000674800000, 0x0000000674800000, 0x0000000674c00000|  0%| F|  |TAMS 0x0000000674800000, 0x0000000674800000| Untracked 
| 467|0x0000000674c00000, 0x0000000674c00000, 0x0000000675000000|  0%| F|  |TAMS 0x0000000674c00000, 0x0000000674c00000| Untracked 
| 468|0x0000000675000000, 0x0000000675000000, 0x0000000675400000|  0%| F|  |TAMS 0x0000000675000000, 0x0000000675000000| Untracked 
| 469|0x0000000675400000, 0x0000000675400000, 0x0000000675800000|  0%| F|  |TAMS 0x0000000675400000, 0x0000000675400000| Untracked 
| 470|0x0000000675800000, 0x0000000675800000, 0x0000000675c00000|  0%| F|  |TAMS 0x0000000675800000, 0x0000000675800000| Untracked 
| 471|0x0000000675c00000, 0x0000000675c00000, 0x0000000676000000|  0%| F|  |TAMS 0x0000000675c00000, 0x0000000675c00000| Untracked 
| 472|0x0000000676000000, 0x0000000676000000, 0x0000000676400000|  0%| F|  |TAMS 0x0000000676000000, 0x0000000676000000| Untracked 
| 473|0x0000000676400000, 0x0000000676400000, 0x0000000676800000|  0%| F|  |TAMS 0x0000000676400000, 0x0000000676400000| Untracked 
| 474|0x0000000676800000, 0x0000000676800000, 0x0000000676c00000|  0%| F|  |TAMS 0x0000000676800000, 0x0000000676800000| Untracked 
| 475|0x0000000676c00000, 0x0000000676c00000, 0x0000000677000000|  0%| F|  |TAMS 0x0000000676c00000, 0x0000000676c00000| Untracked 
| 476|0x0000000677000000, 0x0000000677000000, 0x0000000677400000|  0%| F|  |TAMS 0x0000000677000000, 0x0000000677000000| Untracked 
| 477|0x0000000677400000, 0x0000000677400000, 0x0000000677800000|  0%| F|  |TAMS 0x0000000677400000, 0x0000000677400000| Untracked 
| 478|0x0000000677800000, 0x0000000677800000, 0x0000000677c00000|  0%| F|  |TAMS 0x0000000677800000, 0x0000000677800000| Untracked 
| 479|0x0000000677c00000, 0x0000000677c00000, 0x0000000678000000|  0%| F|  |TAMS 0x0000000677c00000, 0x0000000677c00000| Untracked 
| 480|0x0000000678000000, 0x0000000678000000, 0x0000000678400000|  0%| F|  |TAMS 0x0000000678000000, 0x0000000678000000| Untracked 
| 481|0x0000000678400000, 0x0000000678400000, 0x0000000678800000|  0%| F|  |TAMS 0x0000000678400000, 0x0000000678400000| Untracked 
| 482|0x0000000678800000, 0x0000000678800000, 0x0000000678c00000|  0%| F|  |TAMS 0x0000000678800000, 0x0000000678800000| Untracked 
| 483|0x0000000678c00000, 0x0000000678c00000, 0x0000000679000000|  0%| F|  |TAMS 0x0000000678c00000, 0x0000000678c00000| Untracked 
| 484|0x0000000679000000, 0x0000000679000000, 0x0000000679400000|  0%| F|  |TAMS 0x0000000679000000, 0x0000000679000000| Untracked 
| 485|0x0000000679400000, 0x0000000679400000, 0x0000000679800000|  0%| F|  |TAMS 0x0000000679400000, 0x0000000679400000| Untracked 
| 486|0x0000000679800000, 0x0000000679800000, 0x0000000679c00000|  0%| F|  |TAMS 0x0000000679800000, 0x0000000679800000| Untracked 
| 487|0x0000000679c00000, 0x0000000679c00000, 0x000000067a000000|  0%| F|  |TAMS 0x0000000679c00000, 0x0000000679c00000| Untracked 
| 488|0x000000067a000000, 0x000000067a000000, 0x000000067a400000|  0%| F|  |TAMS 0x000000067a000000, 0x000000067a000000| Untracked 
| 489|0x000000067a400000, 0x000000067a400000, 0x000000067a800000|  0%| F|  |TAMS 0x000000067a400000, 0x000000067a400000| Untracked 
| 490|0x000000067a800000, 0x000000067a800000, 0x000000067ac00000|  0%| F|  |TAMS 0x000000067a800000, 0x000000067a800000| Untracked 
| 491|0x000000067ac00000, 0x000000067ac00000, 0x000000067b000000|  0%| F|  |TAMS 0x000000067ac00000, 0x000000067ac00000| Untracked 
| 492|0x000000067b000000, 0x000000067b000000, 0x000000067b400000|  0%| F|  |TAMS 0x000000067b000000, 0x000000067b000000| Untracked 
| 493|0x000000067b400000, 0x000000067b400000, 0x000000067b800000|  0%| F|  |TAMS 0x000000067b400000, 0x000000067b400000| Untracked 
| 494|0x000000067b800000, 0x000000067b800000, 0x000000067bc00000|  0%| F|  |TAMS 0x000000067b800000, 0x000000067b800000| Untracked 
| 495|0x000000067bc00000, 0x000000067bc00000, 0x000000067c000000|  0%| F|  |TAMS 0x000000067bc00000, 0x000000067bc00000| Untracked 
| 496|0x000000067c000000, 0x000000067c000000, 0x000000067c400000|  0%| F|  |TAMS 0x000000067c000000, 0x000000067c000000| Untracked 
| 497|0x000000067c400000, 0x000000067c400000, 0x000000067c800000|  0%| F|  |TAMS 0x000000067c400000, 0x000000067c400000| Untracked 
| 498|0x000000067c800000, 0x000000067c800000, 0x000000067cc00000|  0%| F|  |TAMS 0x000000067c800000, 0x000000067c800000| Untracked 
| 499|0x000000067cc00000, 0x000000067cc00000, 0x000000067d000000|  0%| F|  |TAMS 0x000000067cc00000, 0x000000067cc00000| Untracked 
| 500|0x000000067d000000, 0x000000067d000000, 0x000000067d400000|  0%| F|  |TAMS 0x000000067d000000, 0x000000067d000000| Untracked 
| 501|0x000000067d400000, 0x000000067d400000, 0x000000067d800000|  0%| F|  |TAMS 0x000000067d400000, 0x000000067d400000| Untracked 
| 502|0x000000067d800000, 0x000000067d800000, 0x000000067dc00000|  0%| F|  |TAMS 0x000000067d800000, 0x000000067d800000| Untracked 
| 503|0x000000067dc00000, 0x000000067dc00000, 0x000000067e000000|  0%| F|  |TAMS 0x000000067dc00000, 0x000000067dc00000| Untracked 
| 504|0x000000067e000000, 0x000000067e000000, 0x000000067e400000|  0%| F|  |TAMS 0x000000067e000000, 0x000000067e000000| Untracked 
| 505|0x000000067e400000, 0x000000067e400000, 0x000000067e800000|  0%| F|  |TAMS 0x000000067e400000, 0x000000067e400000| Untracked 
| 506|0x000000067e800000, 0x000000067e800000, 0x000000067ec00000|  0%| F|  |TAMS 0x000000067e800000, 0x000000067e800000| Untracked 
| 507|0x000000067ec00000, 0x000000067ec00000, 0x000000067f000000|  0%| F|  |TAMS 0x000000067ec00000, 0x000000067ec00000| Untracked 
| 508|0x000000067f000000, 0x000000067f000000, 0x000000067f400000|  0%| F|  |TAMS 0x000000067f000000, 0x000000067f000000| Untracked 
| 509|0x000000067f400000, 0x000000067f400000, 0x000000067f800000|  0%| F|  |TAMS 0x000000067f400000, 0x000000067f400000| Untracked 
| 510|0x000000067f800000, 0x000000067f800000, 0x000000067fc00000|  0%| F|  |TAMS 0x000000067f800000, 0x000000067f800000| Untracked 
| 511|0x000000067fc00000, 0x000000067fc00000, 0x0000000680000000|  0%| F|  |TAMS 0x000000067fc00000, 0x000000067fc00000| Untracked 
| 512|0x0000000680000000, 0x0000000680000000, 0x0000000680400000|  0%| F|  |TAMS 0x0000000680000000, 0x0000000680000000| Untracked 
| 513|0x0000000680400000, 0x0000000680400000, 0x0000000680800000|  0%| F|  |TAMS 0x0000000680400000, 0x0000000680400000| Untracked 
| 514|0x0000000680800000, 0x0000000680800000, 0x0000000680c00000|  0%| F|  |TAMS 0x0000000680800000, 0x0000000680800000| Untracked 
| 515|0x0000000680c00000, 0x0000000680c00000, 0x0000000681000000|  0%| F|  |TAMS 0x0000000680c00000, 0x0000000680c00000| Untracked 
| 516|0x0000000681000000, 0x0000000681000000, 0x0000000681400000|  0%| F|  |TAMS 0x0000000681000000, 0x0000000681000000| Untracked 
| 517|0x0000000681400000, 0x0000000681400000, 0x0000000681800000|  0%| F|  |TAMS 0x0000000681400000, 0x0000000681400000| Untracked 
| 518|0x0000000681800000, 0x0000000681800000, 0x0000000681c00000|  0%| F|  |TAMS 0x0000000681800000, 0x0000000681800000| Untracked 
| 519|0x0000000681c00000, 0x0000000681c00000, 0x0000000682000000|  0%| F|  |TAMS 0x0000000681c00000, 0x0000000681c00000| Untracked 
| 520|0x0000000682000000, 0x0000000682000000, 0x0000000682400000|  0%| F|  |TAMS 0x0000000682000000, 0x0000000682000000| Untracked 
| 521|0x0000000682400000, 0x0000000682400000, 0x0000000682800000|  0%| F|  |TAMS 0x0000000682400000, 0x0000000682400000| Untracked 
| 522|0x0000000682800000, 0x0000000682800000, 0x0000000682c00000|  0%| F|  |TAMS 0x0000000682800000, 0x0000000682800000| Untracked 
| 523|0x0000000682c00000, 0x0000000682c00000, 0x0000000683000000|  0%| F|  |TAMS 0x0000000682c00000, 0x0000000682c00000| Untracked 
| 524|0x0000000683000000, 0x0000000683000000, 0x0000000683400000|  0%| F|  |TAMS 0x0000000683000000, 0x0000000683000000| Untracked 
| 525|0x0000000683400000, 0x0000000683400000, 0x0000000683800000|  0%| F|  |TAMS 0x0000000683400000, 0x0000000683400000| Untracked 
| 526|0x0000000683800000, 0x0000000683800000, 0x0000000683c00000|  0%| F|  |TAMS 0x0000000683800000, 0x0000000683800000| Untracked 
| 527|0x0000000683c00000, 0x0000000683c00000, 0x0000000684000000|  0%| F|  |TAMS 0x0000000683c00000, 0x0000000683c00000| Untracked 
| 528|0x0000000684000000, 0x0000000684000000, 0x0000000684400000|  0%| F|  |TAMS 0x0000000684000000, 0x0000000684000000| Untracked 
| 529|0x0000000684400000, 0x0000000684400000, 0x0000000684800000|  0%| F|  |TAMS 0x0000000684400000, 0x0000000684400000| Untracked 
| 530|0x0000000684800000, 0x0000000684800000, 0x0000000684c00000|  0%| F|  |TAMS 0x0000000684800000, 0x0000000684800000| Untracked 
| 531|0x0000000684c00000, 0x0000000684c00000, 0x0000000685000000|  0%| F|  |TAMS 0x0000000684c00000, 0x0000000684c00000| Untracked 
| 532|0x0000000685000000, 0x0000000685000000, 0x0000000685400000|  0%| F|  |TAMS 0x0000000685000000, 0x0000000685000000| Untracked 
| 533|0x0000000685400000, 0x0000000685400000, 0x0000000685800000|  0%| F|  |TAMS 0x0000000685400000, 0x0000000685400000| Untracked 
| 534|0x0000000685800000, 0x0000000685800000, 0x0000000685c00000|  0%| F|  |TAMS 0x0000000685800000, 0x0000000685800000| Untracked 
| 535|0x0000000685c00000, 0x0000000685c00000, 0x0000000686000000|  0%| F|  |TAMS 0x0000000685c00000, 0x0000000685c00000| Untracked 
| 536|0x0000000686000000, 0x0000000686000000, 0x0000000686400000|  0%| F|  |TAMS 0x0000000686000000, 0x0000000686000000| Untracked 
| 537|0x0000000686400000, 0x0000000686400000, 0x0000000686800000|  0%| F|  |TAMS 0x0000000686400000, 0x0000000686400000| Untracked 
| 538|0x0000000686800000, 0x0000000686800000, 0x0000000686c00000|  0%| F|  |TAMS 0x0000000686800000, 0x0000000686800000| Untracked 
| 539|0x0000000686c00000, 0x0000000686c00000, 0x0000000687000000|  0%| F|  |TAMS 0x0000000686c00000, 0x0000000686c00000| Untracked 
| 540|0x0000000687000000, 0x0000000687000000, 0x0000000687400000|  0%| F|  |TAMS 0x0000000687000000, 0x0000000687000000| Untracked 
| 541|0x0000000687400000, 0x0000000687400000, 0x0000000687800000|  0%| F|  |TAMS 0x0000000687400000, 0x0000000687400000| Untracked 
| 542|0x0000000687800000, 0x0000000687800000, 0x0000000687c00000|  0%| F|  |TAMS 0x0000000687800000, 0x0000000687800000| Untracked 
| 543|0x0000000687c00000, 0x0000000687c00000, 0x0000000688000000|  0%| F|  |TAMS 0x0000000687c00000, 0x0000000687c00000| Untracked 
| 544|0x0000000688000000, 0x0000000688000000, 0x0000000688400000|  0%| F|  |TAMS 0x0000000688000000, 0x0000000688000000| Untracked 
| 545|0x0000000688400000, 0x0000000688400000, 0x0000000688800000|  0%| F|  |TAMS 0x0000000688400000, 0x0000000688400000| Untracked 
| 546|0x0000000688800000, 0x0000000688800000, 0x0000000688c00000|  0%| F|  |TAMS 0x0000000688800000, 0x0000000688800000| Untracked 
| 547|0x0000000688c00000, 0x0000000688c00000, 0x0000000689000000|  0%| F|  |TAMS 0x0000000688c00000, 0x0000000688c00000| Untracked 
| 548|0x0000000689000000, 0x0000000689000000, 0x0000000689400000|  0%| F|  |TAMS 0x0000000689000000, 0x0000000689000000| Untracked 
| 549|0x0000000689400000, 0x0000000689400000, 0x0000000689800000|  0%| F|  |TAMS 0x0000000689400000, 0x0000000689400000| Untracked 
| 550|0x0000000689800000, 0x0000000689800000, 0x0000000689c00000|  0%| F|  |TAMS 0x0000000689800000, 0x0000000689800000| Untracked 
| 551|0x0000000689c00000, 0x0000000689c00000, 0x000000068a000000|  0%| F|  |TAMS 0x0000000689c00000, 0x0000000689c00000| Untracked 
| 552|0x000000068a000000, 0x000000068a000000, 0x000000068a400000|  0%| F|  |TAMS 0x000000068a000000, 0x000000068a000000| Untracked 
| 553|0x000000068a400000, 0x000000068a400000, 0x000000068a800000|  0%| F|  |TAMS 0x000000068a400000, 0x000000068a400000| Untracked 
| 554|0x000000068a800000, 0x000000068a800000, 0x000000068ac00000|  0%| F|  |TAMS 0x000000068a800000, 0x000000068a800000| Untracked 
| 555|0x000000068ac00000, 0x000000068ac00000, 0x000000068b000000|  0%| F|  |TAMS 0x000000068ac00000, 0x000000068ac00000| Untracked 
| 556|0x000000068b000000, 0x000000068b000000, 0x000000068b400000|  0%| F|  |TAMS 0x000000068b000000, 0x000000068b000000| Untracked 
| 557|0x000000068b400000, 0x000000068b400000, 0x000000068b800000|  0%| F|  |TAMS 0x000000068b400000, 0x000000068b400000| Untracked 
| 558|0x000000068b800000, 0x000000068b800000, 0x000000068bc00000|  0%| F|  |TAMS 0x000000068b800000, 0x000000068b800000| Untracked 
| 559|0x000000068bc00000, 0x000000068bc00000, 0x000000068c000000|  0%| F|  |TAMS 0x000000068bc00000, 0x000000068bc00000| Untracked 
| 560|0x000000068c000000, 0x000000068c000000, 0x000000068c400000|  0%| F|  |TAMS 0x000000068c000000, 0x000000068c000000| Untracked 
| 561|0x000000068c400000, 0x000000068c400000, 0x000000068c800000|  0%| F|  |TAMS 0x000000068c400000, 0x000000068c400000| Untracked 
| 562|0x000000068c800000, 0x000000068c800000, 0x000000068cc00000|  0%| F|  |TAMS 0x000000068c800000, 0x000000068c800000| Untracked 
| 563|0x000000068cc00000, 0x000000068cc00000, 0x000000068d000000|  0%| F|  |TAMS 0x000000068cc00000, 0x000000068cc00000| Untracked 
| 564|0x000000068d000000, 0x000000068d000000, 0x000000068d400000|  0%| F|  |TAMS 0x000000068d000000, 0x000000068d000000| Untracked 
| 565|0x000000068d400000, 0x000000068d400000, 0x000000068d800000|  0%| F|  |TAMS 0x000000068d400000, 0x000000068d400000| Untracked 
| 566|0x000000068d800000, 0x000000068d800000, 0x000000068dc00000|  0%| F|  |TAMS 0x000000068d800000, 0x000000068d800000| Untracked 
| 567|0x000000068dc00000, 0x000000068dc00000, 0x000000068e000000|  0%| F|  |TAMS 0x000000068dc00000, 0x000000068dc00000| Untracked 
| 568|0x000000068e000000, 0x000000068e000000, 0x000000068e400000|  0%| F|  |TAMS 0x000000068e000000, 0x000000068e000000| Untracked 
| 569|0x000000068e400000, 0x000000068e400000, 0x000000068e800000|  0%| F|  |TAMS 0x000000068e400000, 0x000000068e400000| Untracked 
| 570|0x000000068e800000, 0x000000068e800000, 0x000000068ec00000|  0%| F|  |TAMS 0x000000068e800000, 0x000000068e800000| Untracked 
| 571|0x000000068ec00000, 0x000000068ec00000, 0x000000068f000000|  0%| F|  |TAMS 0x000000068ec00000, 0x000000068ec00000| Untracked 
| 572|0x000000068f000000, 0x000000068f000000, 0x000000068f400000|  0%| F|  |TAMS 0x000000068f000000, 0x000000068f000000| Untracked 
| 573|0x000000068f400000, 0x000000068f400000, 0x000000068f800000|  0%| F|  |TAMS 0x000000068f400000, 0x000000068f400000| Untracked 
| 574|0x000000068f800000, 0x000000068f800000, 0x000000068fc00000|  0%| F|  |TAMS 0x000000068f800000, 0x000000068f800000| Untracked 
| 575|0x000000068fc00000, 0x000000068fc00000, 0x0000000690000000|  0%| F|  |TAMS 0x000000068fc00000, 0x000000068fc00000| Untracked 
| 576|0x0000000690000000, 0x0000000690000000, 0x0000000690400000|  0%| F|  |TAMS 0x0000000690000000, 0x0000000690000000| Untracked 
| 577|0x0000000690400000, 0x0000000690400000, 0x0000000690800000|  0%| F|  |TAMS 0x0000000690400000, 0x0000000690400000| Untracked 
| 578|0x0000000690800000, 0x0000000690800000, 0x0000000690c00000|  0%| F|  |TAMS 0x0000000690800000, 0x0000000690800000| Untracked 
| 579|0x0000000690c00000, 0x0000000690c00000, 0x0000000691000000|  0%| F|  |TAMS 0x0000000690c00000, 0x0000000690c00000| Untracked 
| 580|0x0000000691000000, 0x0000000691000000, 0x0000000691400000|  0%| F|  |TAMS 0x0000000691000000, 0x0000000691000000| Untracked 
| 581|0x0000000691400000, 0x0000000691400000, 0x0000000691800000|  0%| F|  |TAMS 0x0000000691400000, 0x0000000691400000| Untracked 
| 582|0x0000000691800000, 0x0000000691800000, 0x0000000691c00000|  0%| F|  |TAMS 0x0000000691800000, 0x0000000691800000| Untracked 
| 583|0x0000000691c00000, 0x0000000691c00000, 0x0000000692000000|  0%| F|  |TAMS 0x0000000691c00000, 0x0000000691c00000| Untracked 
| 584|0x0000000692000000, 0x0000000692000000, 0x0000000692400000|  0%| F|  |TAMS 0x0000000692000000, 0x0000000692000000| Untracked 
| 585|0x0000000692400000, 0x0000000692400000, 0x0000000692800000|  0%| F|  |TAMS 0x0000000692400000, 0x0000000692400000| Untracked 
| 586|0x0000000692800000, 0x0000000692800000, 0x0000000692c00000|  0%| F|  |TAMS 0x0000000692800000, 0x0000000692800000| Untracked 
| 587|0x0000000692c00000, 0x0000000692c00000, 0x0000000693000000|  0%| F|  |TAMS 0x0000000692c00000, 0x0000000692c00000| Untracked 
| 588|0x0000000693000000, 0x0000000693000000, 0x0000000693400000|  0%| F|  |TAMS 0x0000000693000000, 0x0000000693000000| Untracked 
| 589|0x0000000693400000, 0x0000000693400000, 0x0000000693800000|  0%| F|  |TAMS 0x0000000693400000, 0x0000000693400000| Untracked 
| 590|0x0000000693800000, 0x0000000693800000, 0x0000000693c00000|  0%| F|  |TAMS 0x0000000693800000, 0x0000000693800000| Untracked 
| 591|0x0000000693c00000, 0x0000000693c00000, 0x0000000694000000|  0%| F|  |TAMS 0x0000000693c00000, 0x0000000693c00000| Untracked 
| 592|0x0000000694000000, 0x0000000694000000, 0x0000000694400000|  0%| F|  |TAMS 0x0000000694000000, 0x0000000694000000| Untracked 
| 593|0x0000000694400000, 0x0000000694400000, 0x0000000694800000|  0%| F|  |TAMS 0x0000000694400000, 0x0000000694400000| Untracked 
| 594|0x0000000694800000, 0x0000000694800000, 0x0000000694c00000|  0%| F|  |TAMS 0x0000000694800000, 0x0000000694800000| Untracked 
| 595|0x0000000694c00000, 0x0000000694c00000, 0x0000000695000000|  0%| F|  |TAMS 0x0000000694c00000, 0x0000000694c00000| Untracked 
| 596|0x0000000695000000, 0x0000000695000000, 0x0000000695400000|  0%| F|  |TAMS 0x0000000695000000, 0x0000000695000000| Untracked 
| 597|0x0000000695400000, 0x0000000695400000, 0x0000000695800000|  0%| F|  |TAMS 0x0000000695400000, 0x0000000695400000| Untracked 
| 598|0x0000000695800000, 0x0000000695800000, 0x0000000695c00000|  0%| F|  |TAMS 0x0000000695800000, 0x0000000695800000| Untracked 
| 599|0x0000000695c00000, 0x0000000695c00000, 0x0000000696000000|  0%| F|  |TAMS 0x0000000695c00000, 0x0000000695c00000| Untracked 
| 600|0x0000000696000000, 0x0000000696000000, 0x0000000696400000|  0%| F|  |TAMS 0x0000000696000000, 0x0000000696000000| Untracked 
| 601|0x0000000696400000, 0x0000000696400000, 0x0000000696800000|  0%| F|  |TAMS 0x0000000696400000, 0x0000000696400000| Untracked 
| 602|0x0000000696800000, 0x0000000696800000, 0x0000000696c00000|  0%| F|  |TAMS 0x0000000696800000, 0x0000000696800000| Untracked 
| 603|0x0000000696c00000, 0x0000000696c00000, 0x0000000697000000|  0%| F|  |TAMS 0x0000000696c00000, 0x0000000696c00000| Untracked 
| 604|0x0000000697000000, 0x0000000697000000, 0x0000000697400000|  0%| F|  |TAMS 0x0000000697000000, 0x0000000697000000| Untracked 
| 605|0x0000000697400000, 0x0000000697400000, 0x0000000697800000|  0%| F|  |TAMS 0x0000000697400000, 0x0000000697400000| Untracked 
| 606|0x0000000697800000, 0x0000000697800000, 0x0000000697c00000|  0%| F|  |TAMS 0x0000000697800000, 0x0000000697800000| Untracked 
| 607|0x0000000697c00000, 0x0000000697c00000, 0x0000000698000000|  0%| F|  |TAMS 0x0000000697c00000, 0x0000000697c00000| Untracked 
| 608|0x0000000698000000, 0x0000000698000000, 0x0000000698400000|  0%| F|  |TAMS 0x0000000698000000, 0x0000000698000000| Untracked 
| 609|0x0000000698400000, 0x0000000698400000, 0x0000000698800000|  0%| F|  |TAMS 0x0000000698400000, 0x0000000698400000| Untracked 
| 610|0x0000000698800000, 0x0000000698800000, 0x0000000698c00000|  0%| F|  |TAMS 0x0000000698800000, 0x0000000698800000| Untracked 
| 611|0x0000000698c00000, 0x0000000698c00000, 0x0000000699000000|  0%| F|  |TAMS 0x0000000698c00000, 0x0000000698c00000| Untracked 
| 612|0x0000000699000000, 0x0000000699000000, 0x0000000699400000|  0%| F|  |TAMS 0x0000000699000000, 0x0000000699000000| Untracked 
| 613|0x0000000699400000, 0x0000000699400000, 0x0000000699800000|  0%| F|  |TAMS 0x0000000699400000, 0x0000000699400000| Untracked 
| 614|0x0000000699800000, 0x0000000699800000, 0x0000000699c00000|  0%| F|  |TAMS 0x0000000699800000, 0x0000000699800000| Untracked 
| 615|0x0000000699c00000, 0x0000000699c00000, 0x000000069a000000|  0%| F|  |TAMS 0x0000000699c00000, 0x0000000699c00000| Untracked 
| 616|0x000000069a000000, 0x000000069a000000, 0x000000069a400000|  0%| F|  |TAMS 0x000000069a000000, 0x000000069a000000| Untracked 
| 617|0x000000069a400000, 0x000000069a400000, 0x000000069a800000|  0%| F|  |TAMS 0x000000069a400000, 0x000000069a400000| Untracked 
| 618|0x000000069a800000, 0x000000069a800000, 0x000000069ac00000|  0%| F|  |TAMS 0x000000069a800000, 0x000000069a800000| Untracked 
| 619|0x000000069ac00000, 0x000000069ac00000, 0x000000069b000000|  0%| F|  |TAMS 0x000000069ac00000, 0x000000069ac00000| Untracked 
| 620|0x000000069b000000, 0x000000069b000000, 0x000000069b400000|  0%| F|  |TAMS 0x000000069b000000, 0x000000069b000000| Untracked 
| 621|0x000000069b400000, 0x000000069b400000, 0x000000069b800000|  0%| F|  |TAMS 0x000000069b400000, 0x000000069b400000| Untracked 
| 622|0x000000069b800000, 0x000000069b800000, 0x000000069bc00000|  0%| F|  |TAMS 0x000000069b800000, 0x000000069b800000| Untracked 
| 623|0x000000069bc00000, 0x000000069bc00000, 0x000000069c000000|  0%| F|  |TAMS 0x000000069bc00000, 0x000000069bc00000| Untracked 
| 624|0x000000069c000000, 0x000000069c000000, 0x000000069c400000|  0%| F|  |TAMS 0x000000069c000000, 0x000000069c000000| Untracked 
| 625|0x000000069c400000, 0x000000069c400000, 0x000000069c800000|  0%| F|  |TAMS 0x000000069c400000, 0x000000069c400000| Untracked 
| 626|0x000000069c800000, 0x000000069c800000, 0x000000069cc00000|  0%| F|  |TAMS 0x000000069c800000, 0x000000069c800000| Untracked 
| 627|0x000000069cc00000, 0x000000069cc00000, 0x000000069d000000|  0%| F|  |TAMS 0x000000069cc00000, 0x000000069cc00000| Untracked 
| 628|0x000000069d000000, 0x000000069d000000, 0x000000069d400000|  0%| F|  |TAMS 0x000000069d000000, 0x000000069d000000| Untracked 
| 629|0x000000069d400000, 0x000000069d400000, 0x000000069d800000|  0%| F|  |TAMS 0x000000069d400000, 0x000000069d400000| Untracked 
| 630|0x000000069d800000, 0x000000069d800000, 0x000000069dc00000|  0%| F|  |TAMS 0x000000069d800000, 0x000000069d800000| Untracked 
| 631|0x000000069dc00000, 0x000000069dc00000, 0x000000069e000000|  0%| F|  |TAMS 0x000000069dc00000, 0x000000069dc00000| Untracked 
| 632|0x000000069e000000, 0x000000069e000000, 0x000000069e400000|  0%| F|  |TAMS 0x000000069e000000, 0x000000069e000000| Untracked 
| 633|0x000000069e400000, 0x000000069e400000, 0x000000069e800000|  0%| F|  |TAMS 0x000000069e400000, 0x000000069e400000| Untracked 
| 634|0x000000069e800000, 0x000000069e800000, 0x000000069ec00000|  0%| F|  |TAMS 0x000000069e800000, 0x000000069e800000| Untracked 
| 635|0x000000069ec00000, 0x000000069ec00000, 0x000000069f000000|  0%| F|  |TAMS 0x000000069ec00000, 0x000000069ec00000| Untracked 
| 636|0x000000069f000000, 0x000000069f000000, 0x000000069f400000|  0%| F|  |TAMS 0x000000069f000000, 0x000000069f000000| Untracked 
| 637|0x000000069f400000, 0x000000069f400000, 0x000000069f800000|  0%| F|  |TAMS 0x000000069f400000, 0x000000069f400000| Untracked 
| 638|0x000000069f800000, 0x000000069f800000, 0x000000069fc00000|  0%| F|  |TAMS 0x000000069f800000, 0x000000069f800000| Untracked 
| 639|0x000000069fc00000, 0x000000069fc00000, 0x00000006a0000000|  0%| F|  |TAMS 0x000000069fc00000, 0x000000069fc00000| Untracked 
| 640|0x00000006a0000000, 0x00000006a0000000, 0x00000006a0400000|  0%| F|  |TAMS 0x00000006a0000000, 0x00000006a0000000| Untracked 
| 641|0x00000006a0400000, 0x00000006a0400000, 0x00000006a0800000|  0%| F|  |TAMS 0x00000006a0400000, 0x00000006a0400000| Untracked 
| 642|0x00000006a0800000, 0x00000006a0800000, 0x00000006a0c00000|  0%| F|  |TAMS 0x00000006a0800000, 0x00000006a0800000| Untracked 
| 643|0x00000006a0c00000, 0x00000006a0c00000, 0x00000006a1000000|  0%| F|  |TAMS 0x00000006a0c00000, 0x00000006a0c00000| Untracked 
| 644|0x00000006a1000000, 0x00000006a1000000, 0x00000006a1400000|  0%| F|  |TAMS 0x00000006a1000000, 0x00000006a1000000| Untracked 
| 645|0x00000006a1400000, 0x00000006a1400000, 0x00000006a1800000|  0%| F|  |TAMS 0x00000006a1400000, 0x00000006a1400000| Untracked 
| 646|0x00000006a1800000, 0x00000006a1800000, 0x00000006a1c00000|  0%| F|  |TAMS 0x00000006a1800000, 0x00000006a1800000| Untracked 
| 647|0x00000006a1c00000, 0x00000006a1c00000, 0x00000006a2000000|  0%| F|  |TAMS 0x00000006a1c00000, 0x00000006a1c00000| Untracked 
| 648|0x00000006a2000000, 0x00000006a2000000, 0x00000006a2400000|  0%| F|  |TAMS 0x00000006a2000000, 0x00000006a2000000| Untracked 
| 649|0x00000006a2400000, 0x00000006a2400000, 0x00000006a2800000|  0%| F|  |TAMS 0x00000006a2400000, 0x00000006a2400000| Untracked 
| 650|0x00000006a2800000, 0x00000006a2800000, 0x00000006a2c00000|  0%| F|  |TAMS 0x00000006a2800000, 0x00000006a2800000| Untracked 
| 651|0x00000006a2c00000, 0x00000006a2c00000, 0x00000006a3000000|  0%| F|  |TAMS 0x00000006a2c00000, 0x00000006a2c00000| Untracked 
| 652|0x00000006a3000000, 0x00000006a3000000, 0x00000006a3400000|  0%| F|  |TAMS 0x00000006a3000000, 0x00000006a3000000| Untracked 
| 653|0x00000006a3400000, 0x00000006a3400000, 0x00000006a3800000|  0%| F|  |TAMS 0x00000006a3400000, 0x00000006a3400000| Untracked 
| 654|0x00000006a3800000, 0x00000006a3800000, 0x00000006a3c00000|  0%| F|  |TAMS 0x00000006a3800000, 0x00000006a3800000| Untracked 
| 655|0x00000006a3c00000, 0x00000006a3c00000, 0x00000006a4000000|  0%| F|  |TAMS 0x00000006a3c00000, 0x00000006a3c00000| Untracked 
| 656|0x00000006a4000000, 0x00000006a4000000, 0x00000006a4400000|  0%| F|  |TAMS 0x00000006a4000000, 0x00000006a4000000| Untracked 
| 657|0x00000006a4400000, 0x00000006a4400000, 0x00000006a4800000|  0%| F|  |TAMS 0x00000006a4400000, 0x00000006a4400000| Untracked 
| 658|0x00000006a4800000, 0x00000006a4800000, 0x00000006a4c00000|  0%| F|  |TAMS 0x00000006a4800000, 0x00000006a4800000| Untracked 
| 659|0x00000006a4c00000, 0x00000006a4c00000, 0x00000006a5000000|  0%| F|  |TAMS 0x00000006a4c00000, 0x00000006a4c00000| Untracked 
| 660|0x00000006a5000000, 0x00000006a5000000, 0x00000006a5400000|  0%| F|  |TAMS 0x00000006a5000000, 0x00000006a5000000| Untracked 
| 661|0x00000006a5400000, 0x00000006a5400000, 0x00000006a5800000|  0%| F|  |TAMS 0x00000006a5400000, 0x00000006a5400000| Untracked 
| 662|0x00000006a5800000, 0x00000006a5800000, 0x00000006a5c00000|  0%| F|  |TAMS 0x00000006a5800000, 0x00000006a5800000| Untracked 
| 663|0x00000006a5c00000, 0x00000006a5c00000, 0x00000006a6000000|  0%| F|  |TAMS 0x00000006a5c00000, 0x00000006a5c00000| Untracked 
| 664|0x00000006a6000000, 0x00000006a6000000, 0x00000006a6400000|  0%| F|  |TAMS 0x00000006a6000000, 0x00000006a6000000| Untracked 
| 665|0x00000006a6400000, 0x00000006a6400000, 0x00000006a6800000|  0%| F|  |TAMS 0x00000006a6400000, 0x00000006a6400000| Untracked 
| 666|0x00000006a6800000, 0x00000006a6800000, 0x00000006a6c00000|  0%| F|  |TAMS 0x00000006a6800000, 0x00000006a6800000| Untracked 
| 667|0x00000006a6c00000, 0x00000006a6c00000, 0x00000006a7000000|  0%| F|  |TAMS 0x00000006a6c00000, 0x00000006a6c00000| Untracked 
| 668|0x00000006a7000000, 0x00000006a7000000, 0x00000006a7400000|  0%| F|  |TAMS 0x00000006a7000000, 0x00000006a7000000| Untracked 
| 669|0x00000006a7400000, 0x00000006a7400000, 0x00000006a7800000|  0%| F|  |TAMS 0x00000006a7400000, 0x00000006a7400000| Untracked 
| 670|0x00000006a7800000, 0x00000006a7800000, 0x00000006a7c00000|  0%| F|  |TAMS 0x00000006a7800000, 0x00000006a7800000| Untracked 
| 671|0x00000006a7c00000, 0x00000006a7c00000, 0x00000006a8000000|  0%| F|  |TAMS 0x00000006a7c00000, 0x00000006a7c00000| Untracked 
| 672|0x00000006a8000000, 0x00000006a8000000, 0x00000006a8400000|  0%| F|  |TAMS 0x00000006a8000000, 0x00000006a8000000| Untracked 
| 673|0x00000006a8400000, 0x00000006a8400000, 0x00000006a8800000|  0%| F|  |TAMS 0x00000006a8400000, 0x00000006a8400000| Untracked 
| 674|0x00000006a8800000, 0x00000006a8800000, 0x00000006a8c00000|  0%| F|  |TAMS 0x00000006a8800000, 0x00000006a8800000| Untracked 
| 675|0x00000006a8c00000, 0x00000006a8c00000, 0x00000006a9000000|  0%| F|  |TAMS 0x00000006a8c00000, 0x00000006a8c00000| Untracked 
| 676|0x00000006a9000000, 0x00000006a9000000, 0x00000006a9400000|  0%| F|  |TAMS 0x00000006a9000000, 0x00000006a9000000| Untracked 
| 677|0x00000006a9400000, 0x00000006a9400000, 0x00000006a9800000|  0%| F|  |TAMS 0x00000006a9400000, 0x00000006a9400000| Untracked 
| 678|0x00000006a9800000, 0x00000006a9800000, 0x00000006a9c00000|  0%| F|  |TAMS 0x00000006a9800000, 0x00000006a9800000| Untracked 
| 679|0x00000006a9c00000, 0x00000006a9c00000, 0x00000006aa000000|  0%| F|  |TAMS 0x00000006a9c00000, 0x00000006a9c00000| Untracked 
| 680|0x00000006aa000000, 0x00000006aa000000, 0x00000006aa400000|  0%| F|  |TAMS 0x00000006aa000000, 0x00000006aa000000| Untracked 
| 681|0x00000006aa400000, 0x00000006aa400000, 0x00000006aa800000|  0%| F|  |TAMS 0x00000006aa400000, 0x00000006aa400000| Untracked 
| 682|0x00000006aa800000, 0x00000006aa800000, 0x00000006aac00000|  0%| F|  |TAMS 0x00000006aa800000, 0x00000006aa800000| Untracked 
| 683|0x00000006aac00000, 0x00000006aac00000, 0x00000006ab000000|  0%| F|  |TAMS 0x00000006aac00000, 0x00000006aac00000| Untracked 
| 684|0x00000006ab000000, 0x00000006ab000000, 0x00000006ab400000|  0%| F|  |TAMS 0x00000006ab000000, 0x00000006ab000000| Untracked 
| 685|0x00000006ab400000, 0x00000006ab400000, 0x00000006ab800000|  0%| F|  |TAMS 0x00000006ab400000, 0x00000006ab400000| Untracked 
| 686|0x00000006ab800000, 0x00000006ab800000, 0x00000006abc00000|  0%| F|  |TAMS 0x00000006ab800000, 0x00000006ab800000| Untracked 
| 687|0x00000006abc00000, 0x00000006abc00000, 0x00000006ac000000|  0%| F|  |TAMS 0x00000006abc00000, 0x00000006abc00000| Untracked 
| 688|0x00000006ac000000, 0x00000006ac000000, 0x00000006ac400000|  0%| F|  |TAMS 0x00000006ac000000, 0x00000006ac000000| Untracked 
| 689|0x00000006ac400000, 0x00000006ac400000, 0x00000006ac800000|  0%| F|  |TAMS 0x00000006ac400000, 0x00000006ac400000| Untracked 
| 690|0x00000006ac800000, 0x00000006ac800000, 0x00000006acc00000|  0%| F|  |TAMS 0x00000006ac800000, 0x00000006ac800000| Untracked 
| 691|0x00000006acc00000, 0x00000006acc00000, 0x00000006ad000000|  0%| F|  |TAMS 0x00000006acc00000, 0x00000006acc00000| Untracked 
| 692|0x00000006ad000000, 0x00000006ad000000, 0x00000006ad400000|  0%| F|  |TAMS 0x00000006ad000000, 0x00000006ad000000| Untracked 
| 693|0x00000006ad400000, 0x00000006ad400000, 0x00000006ad800000|  0%| F|  |TAMS 0x00000006ad400000, 0x00000006ad400000| Untracked 
| 694|0x00000006ad800000, 0x00000006ad800000, 0x00000006adc00000|  0%| F|  |TAMS 0x00000006ad800000, 0x00000006ad800000| Untracked 
| 695|0x00000006adc00000, 0x00000006adc00000, 0x00000006ae000000|  0%| F|  |TAMS 0x00000006adc00000, 0x00000006adc00000| Untracked 
| 696|0x00000006ae000000, 0x00000006ae000000, 0x00000006ae400000|  0%| F|  |TAMS 0x00000006ae000000, 0x00000006ae000000| Untracked 
| 697|0x00000006ae400000, 0x00000006ae400000, 0x00000006ae800000|  0%| F|  |TAMS 0x00000006ae400000, 0x00000006ae400000| Untracked 
| 698|0x00000006ae800000, 0x00000006ae800000, 0x00000006aec00000|  0%| F|  |TAMS 0x00000006ae800000, 0x00000006ae800000| Untracked 
| 699|0x00000006aec00000, 0x00000006aec00000, 0x00000006af000000|  0%| F|  |TAMS 0x00000006aec00000, 0x00000006aec00000| Untracked 
| 700|0x00000006af000000, 0x00000006af000000, 0x00000006af400000|  0%| F|  |TAMS 0x00000006af000000, 0x00000006af000000| Untracked 
| 701|0x00000006af400000, 0x00000006af400000, 0x00000006af800000|  0%| F|  |TAMS 0x00000006af400000, 0x00000006af400000| Untracked 
| 702|0x00000006af800000, 0x00000006af800000, 0x00000006afc00000|  0%| F|  |TAMS 0x00000006af800000, 0x00000006af800000| Untracked 
| 703|0x00000006afc00000, 0x00000006afc00000, 0x00000006b0000000|  0%| F|  |TAMS 0x00000006afc00000, 0x00000006afc00000| Untracked 
| 704|0x00000006b0000000, 0x00000006b0000000, 0x00000006b0400000|  0%| F|  |TAMS 0x00000006b0000000, 0x00000006b0000000| Untracked 
| 705|0x00000006b0400000, 0x00000006b0400000, 0x00000006b0800000|  0%| F|  |TAMS 0x00000006b0400000, 0x00000006b0400000| Untracked 
| 706|0x00000006b0800000, 0x00000006b0800000, 0x00000006b0c00000|  0%| F|  |TAMS 0x00000006b0800000, 0x00000006b0800000| Untracked 
| 707|0x00000006b0c00000, 0x00000006b0c00000, 0x00000006b1000000|  0%| F|  |TAMS 0x00000006b0c00000, 0x00000006b0c00000| Untracked 
| 708|0x00000006b1000000, 0x00000006b1000000, 0x00000006b1400000|  0%| F|  |TAMS 0x00000006b1000000, 0x00000006b1000000| Untracked 
| 709|0x00000006b1400000, 0x00000006b1400000, 0x00000006b1800000|  0%| F|  |TAMS 0x00000006b1400000, 0x00000006b1400000| Untracked 
| 710|0x00000006b1800000, 0x00000006b1800000, 0x00000006b1c00000|  0%| F|  |TAMS 0x00000006b1800000, 0x00000006b1800000| Untracked 
| 711|0x00000006b1c00000, 0x00000006b1c00000, 0x00000006b2000000|  0%| F|  |TAMS 0x00000006b1c00000, 0x00000006b1c00000| Untracked 
| 712|0x00000006b2000000, 0x00000006b2000000, 0x00000006b2400000|  0%| F|  |TAMS 0x00000006b2000000, 0x00000006b2000000| Untracked 
| 713|0x00000006b2400000, 0x00000006b2400000, 0x00000006b2800000|  0%| F|  |TAMS 0x00000006b2400000, 0x00000006b2400000| Untracked 
| 714|0x00000006b2800000, 0x00000006b2800000, 0x00000006b2c00000|  0%| F|  |TAMS 0x00000006b2800000, 0x00000006b2800000| Untracked 
| 715|0x00000006b2c00000, 0x00000006b2c00000, 0x00000006b3000000|  0%| F|  |TAMS 0x00000006b2c00000, 0x00000006b2c00000| Untracked 
| 716|0x00000006b3000000, 0x00000006b3000000, 0x00000006b3400000|  0%| F|  |TAMS 0x00000006b3000000, 0x00000006b3000000| Untracked 
| 717|0x00000006b3400000, 0x00000006b3400000, 0x00000006b3800000|  0%| F|  |TAMS 0x00000006b3400000, 0x00000006b3400000| Untracked 
| 718|0x00000006b3800000, 0x00000006b3800000, 0x00000006b3c00000|  0%| F|  |TAMS 0x00000006b3800000, 0x00000006b3800000| Untracked 
| 719|0x00000006b3c00000, 0x00000006b3c00000, 0x00000006b4000000|  0%| F|  |TAMS 0x00000006b3c00000, 0x00000006b3c00000| Untracked 
| 720|0x00000006b4000000, 0x00000006b4000000, 0x00000006b4400000|  0%| F|  |TAMS 0x00000006b4000000, 0x00000006b4000000| Untracked 
| 721|0x00000006b4400000, 0x00000006b4400000, 0x00000006b4800000|  0%| F|  |TAMS 0x00000006b4400000, 0x00000006b4400000| Untracked 
| 722|0x00000006b4800000, 0x00000006b4800000, 0x00000006b4c00000|  0%| F|  |TAMS 0x00000006b4800000, 0x00000006b4800000| Untracked 
| 723|0x00000006b4c00000, 0x00000006b4c00000, 0x00000006b5000000|  0%| F|  |TAMS 0x00000006b4c00000, 0x00000006b4c00000| Untracked 
| 724|0x00000006b5000000, 0x00000006b5000000, 0x00000006b5400000|  0%| F|  |TAMS 0x00000006b5000000, 0x00000006b5000000| Untracked 
| 725|0x00000006b5400000, 0x00000006b5400000, 0x00000006b5800000|  0%| F|  |TAMS 0x00000006b5400000, 0x00000006b5400000| Untracked 
| 726|0x00000006b5800000, 0x00000006b5800000, 0x00000006b5c00000|  0%| F|  |TAMS 0x00000006b5800000, 0x00000006b5800000| Untracked 
| 727|0x00000006b5c00000, 0x00000006b5c00000, 0x00000006b6000000|  0%| F|  |TAMS 0x00000006b5c00000, 0x00000006b5c00000| Untracked 
| 728|0x00000006b6000000, 0x00000006b6000000, 0x00000006b6400000|  0%| F|  |TAMS 0x00000006b6000000, 0x00000006b6000000| Untracked 
| 729|0x00000006b6400000, 0x00000006b6400000, 0x00000006b6800000|  0%| F|  |TAMS 0x00000006b6400000, 0x00000006b6400000| Untracked 
| 730|0x00000006b6800000, 0x00000006b6800000, 0x00000006b6c00000|  0%| F|  |TAMS 0x00000006b6800000, 0x00000006b6800000| Untracked 
| 731|0x00000006b6c00000, 0x00000006b6c00000, 0x00000006b7000000|  0%| F|  |TAMS 0x00000006b6c00000, 0x00000006b6c00000| Untracked 
| 732|0x00000006b7000000, 0x00000006b7000000, 0x00000006b7400000|  0%| F|  |TAMS 0x00000006b7000000, 0x00000006b7000000| Untracked 
| 733|0x00000006b7400000, 0x00000006b7400000, 0x00000006b7800000|  0%| F|  |TAMS 0x00000006b7400000, 0x00000006b7400000| Untracked 
| 734|0x00000006b7800000, 0x00000006b7800000, 0x00000006b7c00000|  0%| F|  |TAMS 0x00000006b7800000, 0x00000006b7800000| Untracked 
| 735|0x00000006b7c00000, 0x00000006b7c00000, 0x00000006b8000000|  0%| F|  |TAMS 0x00000006b7c00000, 0x00000006b7c00000| Untracked 
| 736|0x00000006b8000000, 0x00000006b8000000, 0x00000006b8400000|  0%| F|  |TAMS 0x00000006b8000000, 0x00000006b8000000| Untracked 

Card table byte_map: [0x00000173e9a20000,0x00000173eaa20000] _byte_map_base: 0x00000173e6a20000

Marking Bits (Prev, Next): (CMBitMap*) 0x00000173be49a7c0, (CMBitMap*) 0x00000173be49a780
 Prev Bits: [0x00000173f3a20000, 0x00000173fba20000)
 Next Bits: [0x00000173eba20000, 0x00000173f3a20000)

Polling page: 0x00000173be140000

Metaspace:

Usage:
  Non-class:    319.94 MB used.
      Class:     43.80 MB used.
       Both:    363.75 MB used.

Virtual space:
  Non-class space:      384.00 MB reserved,     321.19 MB ( 84%) committed,  6 nodes.
      Class space:        1.00 GB reserved,      45.00 MB (  4%) committed,  1 nodes.
             Both:        1.38 GB reserved,     366.19 MB ( 26%) committed. 

Chunk freelists:
   Non-Class:  2.67 MB
       Class:  2.95 MB
        Both:  5.62 MB

MaxMetaspaceSize: 4.00 GB
CompressedClassSpaceSize: 1.00 GB
Initial GC threshold: 21.00 MB
Current GC threshold: 607.00 MB
CDS: on
MetaspaceReclaimPolicy: balanced
 - commit_granule_bytes: 65536.
 - commit_granule_words: 8192.
 - virtual_space_node_default_size: 8388608.
 - enlarge_chunks_in_place: 1.
 - new_chunks_are_fully_committed: 0.
 - uncommit_free_chunks: 1.
 - use_allocation_guard: 0.


Internal statistics:

num_allocs_failed_limit: 78.
num_arena_births: 7234.
num_arena_deaths: 3052.
num_vsnodes_births: 7.
num_vsnodes_deaths: 0.
num_space_committed: 5858.
num_space_uncommitted: 9.
num_chunks_returned_to_freelist: 3848.
num_chunks_taken_from_freelist: 26088.
num_chunk_merges: 1101.
num_chunk_splits: 16171.
num_chunks_enlarged: 10373.
num_inconsistent_stats: 0.

CodeHeap 'non-profiled nmethods': size=259264Kb used=41760Kb max_used=41760Kb free=217504Kb
 bounds [0x00000173d7e40000, 0x00000173da710000, 0x00000173e7b70000]
CodeHeap 'profiled nmethods': size=259264Kb used=111076Kb max_used=111882Kb free=148187Kb
 bounds [0x00000173c7b70000, 0x00000173ce8c0000, 0x00000173d78a0000]
CodeHeap 'non-nmethods': size=5760Kb used=2926Kb max_used=3008Kb free=2833Kb
 bounds [0x00000173d78a0000, 0x00000173d7ba0000, 0x00000173d7e40000]
 total_blobs=52682 nmethods=51236 adapters=1353
 compilation: enabled
              stopped_count=0, restarted_count=0
 full_count=0

Compilation events (20 events):
Event: 11760.072 Thread 0x0000017385b90370 nmethod 70438 0x00000173da6eb110 code [0x00000173da6eb2e0, 0x00000173da6eb6d8]
Event: 11760.072 Thread 0x0000017385b90370 70439       4       com.android.tools.r8.internal.Q2::a (6 bytes)
Event: 11760.072 Thread 0x0000017385b90370 nmethod 70439 0x00000173da6eba90 code [0x00000173da6ebc20, 0x00000173da6ebcc8]
Event: 11760.072 Thread 0x0000017385b90370 70444       4       com.android.tools.r8.shaking.M::a (418 bytes)
Event: 11760.280 Thread 0x0000017385b90370 nmethod 70444 0x00000173da6ebd90 code [0x00000173da6ec240, 0x00000173da6f0640]
Event: 11760.280 Thread 0x0000017385b90370 70440       4       com.android.tools.r8.shaking.x::<init> (54 bytes)
Event: 11760.305 Thread 0x0000017385b90370 nmethod 70440 0x00000173da6f3190 code [0x00000173da6f3380, 0x00000173da6f4a28]
Event: 11760.305 Thread 0x0000017385b90370 70441       4       com.android.tools.r8.shaking.u::<init> (36 bytes)
Event: 11760.320 Thread 0x0000017385b90370 nmethod 70441 0x00000173da6f4f90 code [0x00000173da6f5160, 0x00000173da6f6128]
Event: 11760.321 Thread 0x0000017385b90370 70442       4       com.android.tools.r8.shaking.M$$Lambda$8824/0x00000008032f51d0::a (13 bytes)
Event: 11760.322 Thread 0x0000017385b90370 nmethod 70442 0x00000173da6f6510 code [0x00000173da6f66a0, 0x00000173da6f67e8]
Event: 11760.322 Thread 0x0000017385b90370 70443       4       com.android.tools.r8.graph.b6::<init> (22 bytes)
Event: 11760.324 Thread 0x0000017385b90370 nmethod 70443 0x00000173da6f6910 code [0x00000173da6f6aa0, 0x00000173da6f6db8]
Event: 11760.324 Thread 0x0000017385b90370 70430       4       com.android.tools.r8.shaking.M::c (187 bytes)
Event: 11760.327 Thread 0x00000173fbc9a340 nmethod 70451% 0x00000173da6f6e10 code [0x00000173da6f7ba0, 0x00000173da700730]
Event: 11760.328 Thread 0x00000173fbc9a340 70435       4       com.android.tools.r8.graph.C4::a (7 bytes)
Event: 11760.328 Thread 0x00000173fbc9a340 nmethod 70435 0x00000173da706e10 code [0x00000173da706f80, 0x00000173da706ff8]
Event: 11760.328 Thread 0x00000173fbc9a340 70432       4       com.android.tools.r8.graph.D4$a::a (11 bytes)
Event: 11760.329 Thread 0x0000017385b90370 nmethod 70430 0x00000173da707110 code [0x00000173da7072c0, 0x00000173da7075a8]
Event: 11760.330 Thread 0x00000173fbc9a340 nmethod 70432 0x00000173da707a10 code [0x00000173da707ba0, 0x00000173da707d98]

GC Heap History (20 events):
Event: 11699.604 GC heap after
{Heap after GC invocations=99 (full 3):
 garbage-first heap   total 1585152K, used 523319K [0x0000000600000000, 0x0000000800000000)
  region size 4096K, 2 young (8192K), 2 survivors (8192K)
 Metaspace       used 363167K, committed 365632K, reserved 1376256K
  class space    used 43501K, committed 44736K, reserved 1048576K
}
Event: 11723.219 GC heap before
{Heap before GC invocations=99 (full 3):
 garbage-first heap   total 1585152K, used 1252407K [0x0000000600000000, 0x0000000800000000)
  region size 4096K, 169 young (692224K), 2 survivors (8192K)
 Metaspace       used 364841K, committed 367360K, reserved 1376256K
  class space    used 43697K, committed 44928K, reserved 1048576K
}
Event: 11723.321 GC heap after
{Heap after GC invocations=100 (full 3):
 garbage-first heap   total 1585152K, used 580599K [0x0000000600000000, 0x0000000800000000)
  region size 4096K, 20 young (81920K), 20 survivors (81920K)
 Metaspace       used 364841K, committed 367360K, reserved 1376256K
  class space    used 43697K, committed 44928K, reserved 1048576K
}
Event: 11738.799 GC heap before
{Heap before GC invocations=100 (full 3):
 garbage-first heap   total 1585152K, used 1223671K [0x0000000600000000, 0x0000000800000000)
  region size 4096K, 178 young (729088K), 20 survivors (81920K)
 Metaspace       used 369485K, committed 372032K, reserved 1376256K
  class space    used 44477K, committed 45696K, reserved 1048576K
}
Event: 11739.959 GC heap after
{Heap after GC invocations=101 (full 3):
 garbage-first heap   total 1585152K, used 629840K [0x0000000600000000, 0x0000000800000000)
  region size 4096K, 23 young (94208K), 23 survivors (94208K)
 Metaspace       used 369485K, committed 372032K, reserved 1376256K
  class space    used 44477K, committed 45696K, reserved 1048576K
}
Event: 11739.970 GC heap before
{Heap before GC invocations=101 (full 3):
 garbage-first heap   total 1585152K, used 633936K [0x0000000600000000, 0x0000000800000000)
  region size 4096K, 24 young (98304K), 23 survivors (94208K)
 Metaspace       used 369485K, committed 372032K, reserved 1376256K
  class space    used 44477K, committed 45696K, reserved 1048576K
}
Event: 11740.367 GC heap after
{Heap after GC invocations=102 (full 3):
 garbage-first heap   total 1585152K, used 645242K [0x0000000600000000, 0x0000000800000000)
  region size 4096K, 3 young (12288K), 3 survivors (12288K)
 Metaspace       used 369485K, committed 372032K, reserved 1376256K
  class space    used 44477K, committed 45696K, reserved 1048576K
}
Event: 11743.803 GC heap before
{Heap before GC invocations=102 (full 3):
 garbage-first heap   total 1585152K, used 780410K [0x0000000600000000, 0x0000000800000000)
  region size 4096K, 36 young (147456K), 3 survivors (12288K)
 Metaspace       used 369521K, committed 372032K, reserved 1376256K
  class space    used 44479K, committed 45696K, reserved 1048576K
}
Event: 11743.844 GC heap after
{Heap after GC invocations=103 (full 3):
 garbage-first heap   total 1585152K, used 678987K [0x0000000600000000, 0x0000000800000000)
  region size 4096K, 5 young (20480K), 5 survivors (20480K)
 Metaspace       used 369521K, committed 372032K, reserved 1376256K
  class space    used 44479K, committed 45696K, reserved 1048576K
}
Event: 11745.016 GC heap before
{Heap before GC invocations=103 (full 3):
 garbage-first heap   total 1585152K, used 793675K [0x0000000600000000, 0x0000000800000000)
  region size 4096K, 33 young (135168K), 5 survivors (20480K)
 Metaspace       used 370068K, committed 372672K, reserved 1376256K
  class space    used 44552K, committed 45824K, reserved 1048576K
}
Event: 11745.076 GC heap after
{Heap after GC invocations=104 (full 3):
 garbage-first heap   total 1585152K, used 710169K [0x0000000600000000, 0x0000000800000000)
  region size 4096K, 5 young (20480K), 5 survivors (20480K)
 Metaspace       used 370068K, committed 372672K, reserved 1376256K
  class space    used 44552K, committed 45824K, reserved 1048576K
}
Event: 11746.126 GC heap before
{Heap before GC invocations=104 (full 3):
 garbage-first heap   total 1585152K, used 820761K [0x0000000600000000, 0x0000000800000000)
  region size 4096K, 32 young (131072K), 5 survivors (20480K)
 Metaspace       used 370543K, committed 373056K, reserved 1376256K
  class space    used 44596K, committed 45824K, reserved 1048576K
}
Event: 11746.167 GC heap after
{Heap after GC invocations=105 (full 3):
 garbage-first heap   total 1585152K, used 722475K [0x0000000600000000, 0x0000000800000000)
  region size 4096K, 3 young (12288K), 3 survivors (12288K)
 Metaspace       used 370543K, committed 373056K, reserved 1376256K
  class space    used 44596K, committed 45824K, reserved 1048576K
}
Event: 11746.744 GC heap before
{Heap before GC invocations=105 (full 3):
 garbage-first heap   total 1585152K, used 898603K [0x0000000600000000, 0x0000000800000000)
  region size 4096K, 46 young (188416K), 3 survivors (12288K)
 Metaspace       used 370561K, committed 373120K, reserved 1376256K
  class space    used 44596K, committed 45824K, reserved 1048576K
}
Event: 11746.753 GC heap after
{Heap after GC invocations=106 (full 3):
 garbage-first heap   total 1585152K, used 722538K [0x0000000600000000, 0x0000000800000000)
  region size 4096K, 3 young (12288K), 3 survivors (12288K)
 Metaspace       used 370561K, committed 373120K, reserved 1376256K
  class space    used 44596K, committed 45824K, reserved 1048576K
}
Event: 11752.911 GC heap before
{Heap before GC invocations=107 (full 3):
 garbage-first heap   total 1585152K, used 960106K [0x0000000600000000, 0x0000000800000000)
  region size 4096K, 58 young (237568K), 3 survivors (12288K)
 Metaspace       used 371722K, committed 374208K, reserved 1441792K
  class space    used 44731K, committed 45952K, reserved 1048576K
}
Event: 11752.942 GC heap after
{Heap after GC invocations=108 (full 3):
 garbage-first heap   total 1585152K, used 747125K [0x0000000600000000, 0x0000000800000000)
  region size 4096K, 8 young (32768K), 8 survivors (32768K)
 Metaspace       used 371722K, committed 374208K, reserved 1441792K
  class space    used 44731K, committed 45952K, reserved 1048576K
}
Event: 11753.170 GC heap before
{Heap before GC invocations=108 (full 3):
 garbage-first heap   total 1585152K, used 792181K [0x0000000600000000, 0x0000000800000000)
  region size 4096K, 19 young (77824K), 8 survivors (32768K)
 Metaspace       used 371736K, committed 374208K, reserved 1441792K
  class space    used 44731K, committed 45952K, reserved 1048576K
}
Event: 11753.223 GC heap after
{Heap after GC invocations=109 (full 3):
 garbage-first heap   total 1585152K, used 623097K [0x0000000600000000, 0x0000000800000000)
  region size 4096K, 2 young (8192K), 2 survivors (8192K)
 Metaspace       used 371736K, committed 374208K, reserved 1441792K
  class space    used 44731K, committed 45952K, reserved 1048576K
}
Event: 11760.634 GC heap before
{Heap before GC invocations=109 (full 3):
 garbage-first heap   total 1585152K, used 1061369K [0x0000000600000000, 0x0000000800000000)
  region size 4096K, 109 young (446464K), 2 survivors (8192K)
 Metaspace       used 372477K, committed 374976K, reserved 1441792K
  class space    used 44855K, committed 46080K, reserved 1048576K
}

Dll operation events (17 events):
Event: 0.018 Loaded shared library C:\Program Files\Java\jdk-19\bin\java.dll
Event: 0.031 Loaded shared library C:\Program Files\Java\jdk-19\bin\jsvml.dll
Event: 0.118 Loaded shared library C:\Program Files\Java\jdk-19\bin\zip.dll
Event: 0.124 Loaded shared library C:\Program Files\Java\jdk-19\bin\instrument.dll
Event: 0.132 Loaded shared library C:\Program Files\Java\jdk-19\bin\net.dll
Event: 0.135 Loaded shared library C:\Program Files\Java\jdk-19\bin\nio.dll
Event: 0.139 Loaded shared library C:\Program Files\Java\jdk-19\bin\zip.dll
Event: 0.523 Loaded shared library C:\Program Files\Java\jdk-19\bin\jimage.dll
Event: 0.725 Loaded shared library C:\Program Files\Java\jdk-19\bin\verify.dll
Event: 0.915 Loaded shared library C:\Users\RAHUL\.gradle\native\c067742578af261105cb4f569cf0c3c89f3d7b1fecec35dd04571415982c5e48\windows-amd64\native-platform.dll
Event: 0.931 Loaded shared library C:\Users\RAHUL\.gradle\native\100fb08df4bc3b14c8652ba06237920a3bd2aa13389f12d3474272988ae205f9\windows-amd64\native-platform-file-events.dll
Event: 2.862 Loaded shared library C:\Program Files\Java\jdk-19\bin\management.dll
Event: 2.864 Loaded shared library C:\Program Files\Java\jdk-19\bin\management_ext.dll
Event: 3.192 Loaded shared library C:\Program Files\Java\jdk-19\bin\extnet.dll
Event: 3.608 Loaded shared library C:\Program Files\Java\jdk-19\bin\sunmscapi.dll
Event: 5237.198 Loaded shared library C:\Program Files\Java\jdk-19\bin\rmi.dll
Event: 11637.846 Loaded shared library C:\Program Files\Java\jdk-19\bin\awt.dll

Deoptimization events (20 events):
Event: 11758.344 Thread 0x000001738783cf30 Uncommon trap: trap_request=0xffffffc6 fr.pc=0x00000173d94246a0 relative=0x00000000000006a0
Event: 11758.344 Thread 0x000001738783cf30 Uncommon trap: reason=bimorphic_or_optimized_type_check action=maybe_recompile pc=0x00000173d94246a0 method=com.android.tools.r8.internal.UI.<init>(Ljava/util/Iterator;Ljava/util/function/Predicate;)V @ 18 c2
Event: 11758.345 Thread 0x000001738783cf30 DEOPT PACKING pc=0x00000173d94246a0 sp=0x00000033c72fdb00
Event: 11758.345 Thread 0x000001738783cf30 DEOPT UNPACKING pc=0x00000173d7906da3 sp=0x00000033c72fdad8 mode 2
Event: 11758.378 Thread 0x000001738783cf30 Uncommon trap: trap_request=0xffffff6e fr.pc=0x00000173da41fecc relative=0x000000000000042c
Event: 11758.378 Thread 0x000001738783cf30 Uncommon trap: reason=loop_limit_check action=maybe_recompile pc=0x00000173da41fecc method=com.android.tools.r8.internal.vG.add(I)Z @ 10 c2
Event: 11758.378 Thread 0x000001738783cf30 DEOPT PACKING pc=0x00000173da41fecc sp=0x00000033c72fd7b0
Event: 11758.378 Thread 0x000001738783cf30 DEOPT UNPACKING pc=0x00000173d7906da3 sp=0x00000033c72fd760 mode 2
Event: 11758.387 Thread 0x000001738783cf30 Uncommon trap: trap_request=0xffffff45 fr.pc=0x00000173da49a17c relative=0x0000000000001ebc
Event: 11758.387 Thread 0x000001738783cf30 Uncommon trap: reason=unstable_if action=reinterpret pc=0x00000173da49a17c method=com.android.tools.r8.internal.rr0.a(Lcom/android/tools/r8/internal/sr0;)Lcom/android/tools/r8/internal/Kt0; @ 9 c2
Event: 11758.387 Thread 0x000001738783cf30 DEOPT PACKING pc=0x00000173da49a17c sp=0x00000033c72fd7c0
Event: 11758.387 Thread 0x000001738783cf30 DEOPT UNPACKING pc=0x00000173d7906da3 sp=0x00000033c72fd748 mode 2
Event: 11758.507 Thread 0x000001738783cf30 Uncommon trap: trap_request=0xffffffde fr.pc=0x00000173da4e7ba8 relative=0x0000000000001368
Event: 11758.507 Thread 0x000001738783cf30 Uncommon trap: reason=class_check action=maybe_recompile pc=0x00000173da4e7ba8 method=com.android.tools.r8.internal.K5.a(ILcom/android/tools/r8/internal/vt0;Lcom/android/tools/r8/internal/I5;)V @ 203 c2
Event: 11758.507 Thread 0x000001738783cf30 DEOPT PACKING pc=0x00000173da4e7ba8 sp=0x00000033c72fd4d0
Event: 11758.507 Thread 0x000001738783cf30 DEOPT UNPACKING pc=0x00000173d7906da3 sp=0x00000033c72fd4b8 mode 2
Event: 11758.536 Thread 0x000001739849fd00 DEOPT PACKING pc=0x00000173c7f3e28f sp=0x00000033cc6fe380
Event: 11758.536 Thread 0x000001739849fd00 DEOPT UNPACKING pc=0x00000173d7907543 sp=0x00000033cc6fd7f8 mode 0
Event: 11759.899 Thread 0x000001739849fd00 DEOPT PACKING pc=0x00000173c7f3e1f2 sp=0x00000033cc6fe380
Event: 11759.899 Thread 0x000001739849fd00 DEOPT UNPACKING pc=0x00000173d7907543 sp=0x00000033cc6fd7f8 mode 0

Classes loaded (20 events):
Event: 11653.868 Loading class java/net/JavaVersion
Event: 11653.868 Loading class java/net/JavaVersion done
Event: 11653.869 Loading class java/lang/JavaVersion$VERSION_11
Event: 11653.869 Loading class java/lang/JavaVersion$VERSION_11 done
Event: 11653.869 Loading class java/util/JavaVersion$VERSION_11
Event: 11653.869 Loading class java/util/JavaVersion$VERSION_11 done
Event: 11653.869 Loading class java/io/JavaVersion$VERSION_11
Event: 11653.869 Loading class java/io/JavaVersion$VERSION_11 done
Event: 11653.869 Loading class java/net/JavaVersion$VERSION_11
Event: 11653.869 Loading class java/net/JavaVersion$VERSION_11 done
Event: 11673.295 Loading class com/sun/org/apache/xerces/internal/xni/grammars/XMLGrammarPool
Event: 11673.296 Loading class com/sun/org/apache/xerces/internal/xni/grammars/XMLGrammarPool done
Event: 11695.103 Loading class java/security/spec/ECPublicKeySpec
Event: 11695.103 Loading class java/security/spec/ECPublicKeySpec done
Event: 11695.878 Loading class java/nio/channels/Channels$WritableByteChannelImpl
Event: 11695.879 Loading class java/nio/channels/Channels$WritableByteChannelImpl done
Event: 11726.221 Loading class java/text/MessageFormat
Event: 11726.235 Loading class java/text/MessageFormat done
Event: 11726.445 Loading class java/text/ChoiceFormat
Event: 11726.447 Loading class java/text/ChoiceFormat done

Classes unloaded (20 events):
Event: 11746.843 Thread 0x00000173fbc655c0 Unloading class 0x0000000802f594d8 'androidx/fragment/lint/AttachAndDetachInSameTransactionDetector$Issues'
Event: 11746.843 Thread 0x00000173fbc655c0 Unloading class 0x0000000802f58fd8 'androidx/fragment/lint/AttachAndDetachInSameTransactionDetector'
Event: 11746.843 Thread 0x00000173fbc655c0 Unloading class 0x0000000802f58de8 'androidx/fragment/lint/UnsafeRepeatOnLifecycleDetector$Companion'
Event: 11746.843 Thread 0x00000173fbc655c0 Unloading class 0x0000000802f588e0 'androidx/fragment/lint/UnsafeRepeatOnLifecycleDetector'
Event: 11746.843 Thread 0x00000173fbc655c0 Unloading class 0x0000000802f586f0 'androidx/fragment/lint/OnCreateDialogIncorrectCallbackDetector$Issues'
Event: 11746.843 Thread 0x00000173fbc655c0 Unloading class 0x0000000802f581f0 'androidx/fragment/lint/OnCreateDialogIncorrectCallbackDetector'
Event: 11746.843 Thread 0x00000173fbc655c0 Unloading class 0x0000000802f58000 'androidx/fragment/lint/UseGetLayoutInflater$Issues'
Event: 11746.843 Thread 0x00000173fbc655c0 Unloading class 0x0000000802f56ad0 'androidx/fragment/lint/UseGetLayoutInflater'
Event: 11746.843 Thread 0x00000173fbc655c0 Unloading class 0x0000000802f568e0 'androidx/fragment/lint/UseRequireInsteadOfGetKt'
Event: 11746.843 Thread 0x00000173fbc655c0 Unloading class 0x0000000802f566f0 'androidx/fragment/lint/UseRequireInsteadOfGet$Companion'
Event: 11746.843 Thread 0x00000173fbc655c0 Unloading class 0x0000000802f561f0 'androidx/fragment/lint/UseRequireInsteadOfGet'
Event: 11746.843 Thread 0x00000173fbc655c0 Unloading class 0x0000000802f56000 'androidx/fragment/lint/UnsafeFragmentLifecycleObserverDetector$Issues'
Event: 11746.843 Thread 0x00000173fbc655c0 Unloading class 0x0000000802f551f0 'androidx/fragment/lint/UnsafeFragmentLifecycleObserverDetector'
Event: 11746.843 Thread 0x00000173fbc655c0 Unloading class 0x0000000802f55000 'androidx/fragment/lint/FragmentTagDetector$Companion'
Event: 11746.843 Thread 0x00000173fbc655c0 Unloading class 0x0000000802f54250 'androidx/fragment/lint/FragmentTagDetector'
Event: 11746.843 Thread 0x00000173fbc655c0 Unloading class 0x0000000802f54000 'androidx/fragment/lint/FragmentIssueRegistry'
Event: 11746.844 Thread 0x00000173fbc655c0 Unloading class 0x0000000802f391f0 'androidx/lifecycle/lint/NonNullableMutableLiveDataDetector$createUastHandler$1'
Event: 11746.844 Thread 0x00000173fbc655c0 Unloading class 0x0000000802f39000 'androidx/lifecycle/lint/NonNullableMutableLiveDataDetector$Companion'
Event: 11746.844 Thread 0x00000173fbc655c0 Unloading class 0x0000000802f38a50 'androidx/lifecycle/lint/NonNullableMutableLiveDataDetector'
Event: 11746.844 Thread 0x00000173fbc655c0 Unloading class 0x0000000802f38800 'androidx/lifecycle/lint/LiveDataCoreIssueRegistry'

Classes redefined (0 events):
No events

Internal exceptions (20 events):
Event: 11744.956 Thread 0x000001738783cf30 Implicit null exception at 0x00000173da208477 to 0x00000173da20898c
Event: 11744.963 Thread 0x000001738783cf30 Exception <a 'java/lang/NoSuchMethodError'{0x0000000659cced10}: 'void java.lang.invoke.DirectMethodHandle$Holder.invokeStatic(java.lang.Object, java.lang.Object, java.lang.Object, java.lang.Object, java.lang.Object, java.lang.Object, java.lang.Object, java.lang.Object, java.lang.Object)'> (0x0000000659cced10) 
thrown [s\open\src\hotspot\share\interpreter\linkResolver.cpp, line 774]
Event: 11744.967 Thread 0x000001738783cf30 Exception <a 'java/lang/IncompatibleClassChangeError'{0x0000000659ce0fd0}: Found class java.lang.Object, but interface was expected> (0x0000000659ce0fd0) 
thrown [s\open\src\hotspot\share\interpreter\linkResolver.cpp, line 841]
Event: 11745.463 Thread 0x000001738783cf30 Implicit null exception at 0x00000173d9f49093 to 0x00000173d9f49a10
Event: 11745.944 Thread 0x000001739849c7e0 Exception <a 'java/lang/NoSuchMethodError'{0x000000065ac3f2d0}: 'void java.lang.invoke.DirectMethodHandle$Holder.invokeSpecial(java.lang.Object, java.lang.Object, java.lang.Object, java.lang.Object, java.lang.Object, java.lang.Object, java.lang.Object, java.lang.Object, java.lang.Object, java.lang.Object)'> (0x000000065ac3f2d0) 
thrown [s\open\src\hotspot\share\interpreter\linkResolver.cpp, line 774]
Event: 11746.762 Thread 0x000001738783cf30 Exception <a 'java/lang/IncompatibleClassChangeError'{0x00000006b819d318}: Found class java.lang.Object, but interface was expected> (0x00000006b819d318) 
thrown [s\open\src\hotspot\share\interpreter\linkResolver.cpp, line 841]
Event: 11751.115 Thread 0x000001738783cf30 Implicit null exception at 0x00000173da4bee23 to 0x00000173da4c04bc
Event: 11753.679 Thread 0x000001739849f7b0 Exception <a 'java/lang/NoSuchMethodError'{0x00000006aa7e3fb8}: 'void java.lang.invoke.DirectMethodHandle$Holder.invokeSpecialIFC(java.lang.Object, java.lang.Object, java.lang.Object, java.lang.Object)'> (0x00000006aa7e3fb8) 
thrown [s\open\src\hotspot\share\interpreter\linkResolver.cpp, line 774]
Event: 11753.679 Thread 0x00000173984a2cd0 Exception <a 'java/lang/NoSuchMethodError'{0x00000006aa729630}: 'void java.lang.invoke.DirectMethodHandle$Holder.invokeSpecialIFC(java.lang.Object, java.lang.Object, java.lang.Object, java.lang.Object)'> (0x00000006aa729630) 
thrown [s\open\src\hotspot\share\interpreter\linkResolver.cpp, line 774]
Event: 11753.679 Thread 0x00000173984a3770 Exception <a 'java/lang/NoSuchMethodError'{0x00000006aa7bba10}: 'void java.lang.invoke.DirectMethodHandle$Holder.invokeSpecialIFC(java.lang.Object, java.lang.Object, java.lang.Object, java.lang.Object)'> (0x00000006aa7bba10) 
thrown [s\open\src\hotspot\share\interpreter\linkResolver.cpp, line 774]
Event: 11753.679 Thread 0x000001739849c7e0 Exception <a 'java/lang/NoSuchMethodError'{0x00000006aa027e88}: 'void java.lang.invoke.DirectMethodHandle$Holder.invokeSpecialIFC(java.lang.Object, java.lang.Object, java.lang.Object, java.lang.Object)'> (0x00000006aa027e88) 
thrown [s\open\src\hotspot\share\interpreter\linkResolver.cpp, line 774]
Event: 11753.681 Thread 0x000001739849c7e0 Exception <a 'java/lang/NoSuchMethodError'{0x00000006aa02e080}: 'java.lang.Object java.lang.invoke.DirectMethodHandle$Holder.invokeStatic(java.lang.Object, int, java.lang.Object, java.lang.Object, java.lang.Object, java.lang.Object)'> (0x00000006aa02e080) 
thrown [s\open\src\hotspot\share\interpreter\linkResolver.cpp, line 774]
Event: 11753.681 Thread 0x00000173984a2cd0 Exception <a 'java/lang/NoSuchMethodError'{0x00000006aa72f6d0}: 'java.lang.Object java.lang.invoke.DirectMethodHandle$Holder.invokeStatic(java.lang.Object, int, java.lang.Object, java.lang.Object, java.lang.Object, java.lang.Object)'> (0x00000006aa72f6d0) 
thrown [s\open\src\hotspot\share\interpreter\linkResolver.cpp, line 774]
Event: 11753.681 Thread 0x00000173984a0250 Exception <a 'java/lang/NoSuchMethodError'{0x00000006aa01c358}: 'java.lang.Object java.lang.invoke.DirectMethodHandle$Holder.invokeStatic(java.lang.Object, int, java.lang.Object, java.lang.Object, java.lang.Object, java.lang.Object)'> (0x00000006aa01c358) 
thrown [s\open\src\hotspot\share\interpreter\linkResolver.cpp, line 774]
Event: 11753.681 Thread 0x00000173984a3770 Exception <a 'java/lang/NoSuchMethodError'{0x00000006aa7c1ab0}: 'java.lang.Object java.lang.invoke.DirectMethodHandle$Holder.invokeStatic(java.lang.Object, int, java.lang.Object, java.lang.Object, java.lang.Object, java.lang.Object)'> (0x00000006aa7c1ab0) 
thrown [s\open\src\hotspot\share\interpreter\linkResolver.cpp, line 774]
Event: 11753.691 Thread 0x00000173984a0250 Exception <a 'java/lang/IncompatibleClassChangeError'{0x00000006aa0fb7d0}: Found class java.lang.Object, but interface was expected> (0x00000006aa0fb7d0) 
thrown [s\open\src\hotspot\share\interpreter\linkResolver.cpp, line 841]
Event: 11754.263 Thread 0x000001738783cf30 Implicit null exception at 0x00000173da542680 to 0x00000173da542c80
Event: 11754.429 Thread 0x000001738783cf30 Implicit null exception at 0x00000173da4fe878 to 0x00000173da4feb20
Event: 11754.433 Thread 0x000001738783cf30 Implicit null exception at 0x00000173d9603614 to 0x00000173d9603a84
Event: 11755.328 Thread 0x000001738783cf30 Implicit null exception at 0x00000173da456f28 to 0x00000173da457dc0

VM Operations (20 events):
Event: 11753.597 Executing VM operation: HandshakeAllThreads done
Event: 11754.038 Executing VM operation: ICBufferFull
Event: 11754.039 Executing VM operation: ICBufferFull done
Event: 11755.040 Executing VM operation: Cleanup
Event: 11755.040 Executing VM operation: Cleanup done
Event: 11755.301 Executing VM operation: HandshakeAllThreads
Event: 11755.301 Executing VM operation: HandshakeAllThreads done
Event: 11755.307 Executing VM operation: HandshakeAllThreads
Event: 11755.317 Executing VM operation: HandshakeAllThreads done
Event: 11755.317 Executing VM operation: HandshakeAllThreads
Event: 11755.318 Executing VM operation: HandshakeAllThreads done
Event: 11756.318 Executing VM operation: Cleanup
Event: 11756.318 Executing VM operation: Cleanup done
Event: 11758.225 Executing VM operation: HandshakeAllThreads
Event: 11758.226 Executing VM operation: HandshakeAllThreads done
Event: 11758.226 Executing VM operation: Cleanup
Event: 11758.226 Executing VM operation: Cleanup done
Event: 11760.225 Executing VM operation: Cleanup
Event: 11760.227 Executing VM operation: Cleanup done
Event: 11760.634 Executing VM operation: G1CollectForAllocation

Events (20 events):
Event: 11758.476 Thread 0x00000173fe882010 flushing nmethod 0x00000173ce7f8110
Event: 11758.476 Thread 0x00000173fe882010 flushing nmethod 0x00000173ce801610
Event: 11758.476 Thread 0x00000173fe882010 flushing nmethod 0x00000173ce802510
Event: 11758.476 Thread 0x00000173fe882010 flushing nmethod 0x00000173ce802910
Event: 11758.476 Thread 0x00000173fe882010 flushing nmethod 0x00000173ce803d10
Event: 11758.476 Thread 0x00000173fe882010 flushing nmethod 0x00000173ce808410
Event: 11758.476 Thread 0x00000173fe882010 flushing nmethod 0x00000173ce80f890
Event: 11758.476 Thread 0x00000173fe882010 flushing nmethod 0x00000173ce80fc90
Event: 11758.476 Thread 0x00000173fe882010 flushing nmethod 0x00000173ce812110
Event: 11758.476 Thread 0x00000173fe882010 flushing nmethod 0x00000173ce816490
Event: 11758.476 Thread 0x00000173fe882010 flushing nmethod 0x00000173ce816c10
Event: 11758.476 Thread 0x00000173fe882010 flushing nmethod 0x00000173ce817490
Event: 11758.476 Thread 0x00000173fe882010 flushing nmethod 0x00000173ce817810
Event: 11758.476 Thread 0x00000173fe882010 flushing nmethod 0x00000173ce81c290
Event: 11758.476 Thread 0x00000173fe882010 flushing nmethod 0x00000173ce81df90
Event: 11758.476 Thread 0x00000173fe882010 flushing nmethod 0x00000173ce81e490
Event: 11758.476 Thread 0x00000173fe882010 flushing nmethod 0x00000173ce81fa10
Event: 11758.476 Thread 0x00000173fe882010 flushing nmethod 0x00000173ce82da10
Event: 11758.476 Thread 0x00000173fe882010 flushing nmethod 0x00000173ce82de10
Event: 11758.476 Thread 0x00000173fe882010 flushing nmethod 0x00000173ce82e690


Dynamic libraries:
0x00007ff61d8f0000 - 0x00007ff61d900000 	C:\Program Files\Java\jdk-19\bin\java.exe
0x00007ffbd8e20000 - 0x00007ffbd9089000 	C:\WINDOWS\SYSTEM32\ntdll.dll
0x00007ffbd7c40000 - 0x00007ffbd7d09000 	C:\WINDOWS\System32\KERNEL32.DLL
0x00007ffbd5fe0000 - 0x00007ffbd63d3000 	C:\WINDOWS\System32\KERNELBASE.dll
0x00007ffbd68a0000 - 0x00007ffbd69eb000 	C:\WINDOWS\System32\ucrtbase.dll
0x00007ffbb30b0000 - 0x00007ffbb30cb000 	C:\Program Files\Java\jdk-19\bin\VCRUNTIME140.dll
0x00007ffbb2c20000 - 0x00007ffbb2c38000 	C:\Program Files\Java\jdk-19\bin\jli.dll
0x00007ffbd6de0000 - 0x00007ffbd6e94000 	C:\WINDOWS\System32\ADVAPI32.dll
0x00007ffbd8680000 - 0x00007ffbd8729000 	C:\WINDOWS\System32\msvcrt.dll
0x00007ffbd7d90000 - 0x00007ffbd7e36000 	C:\WINDOWS\System32\sechost.dll
0x00007ffbd8340000 - 0x00007ffbd8458000 	C:\WINDOWS\System32\RPCRT4.dll
0x00007ffbd8460000 - 0x00007ffbd8624000 	C:\WINDOWS\System32\USER32.dll
0x00007ffbd5fb0000 - 0x00007ffbd5fd7000 	C:\WINDOWS\System32\win32u.dll
0x00007ffbd6cb0000 - 0x00007ffbd6cdb000 	C:\WINDOWS\System32\GDI32.dll
0x00007ffbbce40000 - 0x00007ffbbd0d3000 	C:\WINDOWS\WinSxS\amd64_microsoft.windows.common-controls_6595b64144ccf1df_6.0.26100.5074_none_3e0d6f78e32fd63f\COMCTL32.dll
0x00007ffbd6770000 - 0x00007ffbd689d000 	C:\WINDOWS\System32\gdi32full.dll
0x00007ffbd6b40000 - 0x00007ffbd6be3000 	C:\WINDOWS\System32\msvcp_win.dll
0x00007ffbced20000 - 0x00007ffbced2b000 	C:\WINDOWS\SYSTEM32\VERSION.dll
0x00007ffbd8da0000 - 0x00007ffbd8dcf000 	C:\WINDOWS\System32\IMM32.DLL
0x00007ffbc2980000 - 0x00007ffbc298c000 	C:\Program Files\Java\jdk-19\bin\vcruntime140_1.dll
0x00007ffb971c0000 - 0x00007ffb9724e000 	C:\Program Files\Java\jdk-19\bin\msvcp140.dll
0x00007ffafe9c0000 - 0x00007ffaff680000 	C:\Program Files\Java\jdk-19\bin\server\jvm.dll
0x00007ffbcdb70000 - 0x00007ffbcdba5000 	C:\WINDOWS\SYSTEM32\WINMM.dll
0x00007ffbb2f00000 - 0x00007ffbb2f0a000 	C:\WINDOWS\SYSTEM32\WSOCK32.dll
0x00007ffbd7830000 - 0x00007ffbd78a4000 	C:\WINDOWS\System32\WS2_32.dll
0x00007ffbd4d90000 - 0x00007ffbd4dab000 	C:\WINDOWS\SYSTEM32\kernel.appcore.dll
0x00007ffbc16e0000 - 0x00007ffbc16ea000 	C:\Program Files\Java\jdk-19\bin\jimage.dll
0x00007ffbca600000 - 0x00007ffbca842000 	C:\WINDOWS\SYSTEM32\DBGHELP.DLL
0x00007ffbd78b0000 - 0x00007ffbd7c2b000 	C:\WINDOWS\System32\combase.dll
0x00007ffbd8050000 - 0x00007ffbd8127000 	C:\WINDOWS\System32\OLEAUT32.dll
0x00007ffbb8010000 - 0x00007ffbb804d000 	C:\WINDOWS\SYSTEM32\dbgcore.DLL
0x00007ffbd6550000 - 0x00007ffbd65e9000 	C:\WINDOWS\System32\bcryptPrimitives.dll
0x00007ffbb0000000 - 0x00007ffbb000e000 	C:\Program Files\Java\jdk-19\bin\instrument.dll
0x00007ffba4cd0000 - 0x00007ffba4cf6000 	C:\Program Files\Java\jdk-19\bin\java.dll
0x00007ffb76ca0000 - 0x00007ffb76d77000 	C:\Program Files\Java\jdk-19\bin\jsvml.dll
0x00007ffbd70e0000 - 0x00007ffbd782d000 	C:\WINDOWS\System32\SHELL32.dll
0x00007ffbd63e0000 - 0x00007ffbd654c000 	C:\WINDOWS\System32\wintypes.dll
0x00007ffbd3c50000 - 0x00007ffbd44a9000 	C:\WINDOWS\SYSTEM32\windows.storage.dll
0x00007ffbd8130000 - 0x00007ffbd8220000 	C:\WINDOWS\System32\SHCORE.dll
0x00007ffbd7d10000 - 0x00007ffbd7d72000 	C:\WINDOWS\System32\shlwapi.dll
0x00007ffbd5ed0000 - 0x00007ffbd5ef9000 	C:\WINDOWS\SYSTEM32\profapi.dll
0x00007ffb9d040000 - 0x00007ffb9d058000 	C:\Program Files\Java\jdk-19\bin\zip.dll
0x00007ffbb0340000 - 0x00007ffbb0353000 	C:\Program Files\Java\jdk-19\bin\net.dll
0x00007ffbceb50000 - 0x00007ffbcec6f000 	C:\WINDOWS\SYSTEM32\WINHTTP.dll
0x00007ffbd5310000 - 0x00007ffbd537b000 	C:\WINDOWS\system32\mswsock.dll
0x00007ffba8a90000 - 0x00007ffba8aa6000 	C:\Program Files\Java\jdk-19\bin\nio.dll
0x00007ffbb00a0000 - 0x00007ffbb00b0000 	C:\Program Files\Java\jdk-19\bin\verify.dll
0x00007ffb97540000 - 0x00007ffb97567000 	C:\Users\RAHUL\.gradle\native\c067742578af261105cb4f569cf0c3c89f3d7b1fecec35dd04571415982c5e48\windows-amd64\native-platform.dll
0x00007ffb6e7c0000 - 0x00007ffb6e904000 	C:\Users\RAHUL\.gradle\native\100fb08df4bc3b14c8652ba06237920a3bd2aa13389f12d3474272988ae205f9\windows-amd64\native-platform-file-events.dll
0x00007ffbbb9f0000 - 0x00007ffbbb9fa000 	C:\Program Files\Java\jdk-19\bin\management.dll
0x00007ffbb9060000 - 0x00007ffbb906b000 	C:\Program Files\Java\jdk-19\bin\management_ext.dll
0x00007ffbd7d80000 - 0x00007ffbd7d88000 	C:\WINDOWS\System32\PSAPI.DLL
0x00007ffbd55b0000 - 0x00007ffbd55cb000 	C:\WINDOWS\SYSTEM32\CRYPTSP.dll
0x00007ffbd4cf0000 - 0x00007ffbd4d2b000 	C:\WINDOWS\system32\rsaenh.dll
0x00007ffbd53b0000 - 0x00007ffbd53db000 	C:\WINDOWS\SYSTEM32\USERENV.dll
0x00007ffbd5ea0000 - 0x00007ffbd5ec6000 	C:\WINDOWS\SYSTEM32\bcrypt.dll
0x00007ffbd55d0000 - 0x00007ffbd55dc000 	C:\WINDOWS\SYSTEM32\CRYPTBASE.dll
0x00007ffbd47b0000 - 0x00007ffbd47e4000 	C:\WINDOWS\SYSTEM32\IPHLPAPI.DLL
0x00007ffbd6f50000 - 0x00007ffbd6f5a000 	C:\WINDOWS\System32\NSI.dll
0x00007ffbce570000 - 0x00007ffbce58e000 	C:\WINDOWS\SYSTEM32\dhcpcsvc6.DLL
0x00007ffbce3d0000 - 0x00007ffbce3f3000 	C:\WINDOWS\SYSTEM32\dhcpcsvc.DLL
0x00007ffbd48a0000 - 0x00007ffbd49c6000 	C:\WINDOWS\SYSTEM32\DNSAPI.dll
0x00007ffbb8ea0000 - 0x00007ffbb8ea8000 	C:\Program Files\Java\jdk-19\bin\extnet.dll
0x00007ffbb8fd0000 - 0x00007ffbb8fde000 	C:\Program Files\Java\jdk-19\bin\sunmscapi.dll
0x00007ffbd65f0000 - 0x00007ffbd6767000 	C:\WINDOWS\System32\CRYPT32.dll
0x00007ffbd57d0000 - 0x00007ffbd5800000 	C:\WINDOWS\SYSTEM32\ncrypt.dll
0x00007ffbd5780000 - 0x00007ffbd57bf000 	C:\WINDOWS\SYSTEM32\NTASN1.dll
0x00007ffb10bd0000 - 0x00007ffb10bd8000 	C:\WINDOWS\system32\wshunix.dll
0x00007ffbb2f10000 - 0x00007ffbb2f28000 	C:\WINDOWS\system32\napinsp.dll
0x00007ffbb2d00000 - 0x00007ffbb2d12000 	C:\WINDOWS\System32\winrnr.dll
0x00007ffbb0740000 - 0x00007ffbb0768000 	C:\WINDOWS\system32\nlansp_c.dll
0x00007ffbcda60000 - 0x00007ffbcda76000 	C:\WINDOWS\system32\wshbth.dll
0x000000005ab00000 - 0x000000005ab26000 	C:\Program Files\Bonjour\mdnsNSP.dll
0x00007ffbced30000 - 0x00007ffbced3b000 	C:\Windows\System32\rasadhlp.dll
0x00007ffbcb6c0000 - 0x00007ffbcb746000 	C:\WINDOWS\System32\fwpuclnt.dll
0x00007ffbafff0000 - 0x00007ffbafff7000 	C:\Program Files\Java\jdk-19\bin\rmi.dll
0x00007ffbd4eb0000 - 0x00007ffbd4ee6000 	C:\WINDOWS\SYSTEM32\ntmarta.dll
0x00007ffb69de0000 - 0x00007ffb69f71000 	C:\Program Files\Java\jdk-19\bin\awt.dll
0x00007ffbd3170000 - 0x00007ffbd320e000 	C:\WINDOWS\SYSTEM32\apphelp.dll
0x00007ffbd2d70000 - 0x00007ffbd2e18000 	C:\WINDOWS\system32\uxtheme.dll
0x00007ffbd6f80000 - 0x00007ffbd70d8000 	C:\WINDOWS\System32\MSCTF.dll
0x00007ffbd7eb0000 - 0x00007ffbd8048000 	C:\WINDOWS\System32\ole32.dll

dbghelp: loaded successfully - version: 4.0.5 - missing functions: none
symbol engine: initialized successfully - sym options: 0x614 - pdb path: .;C:\Program Files\Java\jdk-19\bin;C:\WINDOWS\SYSTEM32;C:\WINDOWS\WinSxS\amd64_microsoft.windows.common-controls_6595b64144ccf1df_6.0.26100.5074_none_3e0d6f78e32fd63f;C:\Program Files\Java\jdk-19\bin\server;C:\Users\RAHUL\.gradle\native\c067742578af261105cb4f569cf0c3c89f3d7b1fecec35dd04571415982c5e48\windows-amd64;C:\Users\RAHUL\.gradle\native\100fb08df4bc3b14c8652ba06237920a3bd2aa13389f12d3474272988ae205f9\windows-amd64;C:\Program Files\Bonjour

VM Arguments:
jvm_args: -XX:MaxMetaspaceSize=4G -XX:ReservedCodeCacheSize=512m -XX:+HeapDumpOnOutOfMemoryError --add-opens=java.base/java.util=ALL-UNNAMED --add-opens=java.base/java.lang=ALL-UNNAMED --add-opens=java.base/java.lang.invoke=ALL-UNNAMED --add-opens=java.prefs/java.util.prefs=ALL-UNNAMED --add-exports=jdk.compiler/com.sun.tools.javac.api=ALL-UNNAMED --add-exports=jdk.compiler/com.sun.tools.javac.util=ALL-UNNAMED --add-opens=java.base/java.nio.charset=ALL-UNNAMED --add-opens=java.base/java.net=ALL-UNNAMED --add-opens=java.base/java.util.concurrent.atomic=ALL-UNNAMED -Xmx8G -Dfile.encoding=UTF-8 -Duser.country=IN -Duser.language=en -Duser.variant -javaagent:C:\Users\RAHUL\.gradle\wrapper\dists\gradle-8.10.2-all\7iv73wktx1xtkvlq19urqw1wm\gradle-8.10.2\lib\agents\gradle-instrumentation-agent-8.10.2.jar 
java_command: org.gradle.launcher.daemon.bootstrap.GradleDaemon 8.10.2
java_class_path (initial): C:\Users\RAHUL\.gradle\wrapper\dists\gradle-8.10.2-all\7iv73wktx1xtkvlq19urqw1wm\gradle-8.10.2\lib\gradle-daemon-main-8.10.2.jar
Launcher Type: SUN_STANDARD

[Global flags]
     intx CICompilerCount                          = 4                                         {product} {ergonomic}
     uint ConcGCThreads                            = 3                                         {product} {ergonomic}
     uint G1ConcRefinementThreads                  = 10                                        {product} {ergonomic}
   size_t G1HeapRegionSize                         = 4194304                                   {product} {ergonomic}
    uintx GCDrainStackTargetSize                   = 64                                        {product} {ergonomic}
     bool HeapDumpOnOutOfMemoryError               = true                                   {manageable} {command line}
   size_t InitialHeapSize                          = 125829120                                 {product} {ergonomic}
   size_t MarkStackSize                            = 4194304                                   {product} {ergonomic}
   size_t MaxHeapSize                              = 8589934592                                {product} {command line}
   size_t MaxMetaspaceSize                         = 4294967296                                {product} {command line}
   size_t MaxNewSize                               = 5150605312                                {product} {ergonomic}
   size_t MinHeapDeltaBytes                        = 4194304                                   {product} {ergonomic}
   size_t MinHeapSize                              = 8388608                                   {product} {ergonomic}
    uintx NonNMethodCodeHeapSize                   = 5839372                                {pd product} {ergonomic}
    uintx NonProfiledCodeHeapSize                  = 265515770                              {pd product} {ergonomic}
    uintx ProfiledCodeHeapSize                     = 265515770                              {pd product} {ergonomic}
    uintx ReservedCodeCacheSize                    = 536870912                              {pd product} {command line}
     bool SegmentedCodeCache                       = true                                      {product} {ergonomic}
   size_t SoftMaxHeapSize                          = 8589934592                             {manageable} {ergonomic}
   double SweeperThreshold                         = 0.234375                                  {product} {ergonomic}
     bool UseCompressedClassPointers               = true                           {product lp64_product} {ergonomic}
     bool UseCompressedOops                        = true                           {product lp64_product} {ergonomic}
     bool UseG1GC                                  = true                                      {product} {ergonomic}
     bool UseLargePagesIndividualAllocation        = false                                  {pd product} {ergonomic}

Logging:
Log output configuration:
 #0: stdout all=warning uptime,level,tags foldmultilines=false
 #1: stderr all=off uptime,level,tags foldmultilines=false

Environment Variables:
JAVA_HOME=C:\Program Files\Java\jdk-19
CLASSPATH=L:\flutter Projects\moodmate\moodmate\android\\gradle\wrapper\gradle-wrapper.jar
PATH=C:\Program Files\Java\jdk-19\bin;C:\Program Files\Java\jdk-19\bin;C:\Program Files\Common Files\Oracle\Java\javapath;C:\windows\system32;C:\windows;C:\windows\System32\Wbem;C:\windows\System32\WindowsPowerShell\v1.0\;C:\windows\System32\OpenSSH\;C:\Program Files (x86)\NVIDIA Corporation\PhysX\Common;C:\Program Files\NVIDIA Corporation\NVIDIA NvDLISR;C:\MinGW\bin;C:\WINDOWS\system32;C:\WINDOWS;C:\WINDOWS\System32\Wbem;C:\WINDOWS\System32\WindowsPowerShell\v1.0\;C:\WINDOWS\System32\OpenSSH\;L:\android studio\flutter\bin;C:\Users\RAHUL\AppData\Local\Pub\Cache\bin;C:\Program Files\Git\cmd;C:\Program Files (x86)\Incredibuild;C:\Program Files (x86)\Windows Kits\10\Windows Performance Toolkit\;L:\Nodejs\;C:\Users\RAHUL\AppData\Local\Programs\Eclipse Adoptium\jdk-17.0.12.7-hotspot\bin;C:\Users\RAHUL\AppData\Local\Programs\Eclipse Adoptium\jdk-17.0.16.8-hotspot\bin;C:\Users\RAHUL\AppData\Local\Programs\Python\Launcher\;C:\Users\RAHUL\AppData\Local\Microsoft\WindowsApps;C:\Users\RAHUL\AppData\Local\Programs\Microsoft VS Code\bin;C:\Users\RAHUL\AppData\Local\Microsoft\WindowsApps;C:\Users\RAHUL\AppData\Local\GitHubDesktop\bin;L:\flutter apps\new\flutter\bin;L:\android studio\flutter\bin;C:\Users\RAHUL\AppData\Roaming\npm;L:\flutter sdk\flutter\bin\mingit\cmd;L:\flutter sdk\flutter\bin\mingit\cmd
USERNAME=RAHUL
OS=Windows_NT
PROCESSOR_IDENTIFIER=AMD64 Family 25 Model 80 Stepping 0, AuthenticAMD
TMP=C:\Users\RAHUL\AppData\Local\Temp
TEMP=C:\Users\RAHUL\AppData\Local\Temp



---------------  S Y S T E M  ---------------

OS:
 Windows 11 , 64 bit Build 26100 (10.0.26100.5074)
OS uptime: 0 days 8:52 hours

CPU: total 12 (initial active 12) (12 cores per cpu, 2 threads per core) family 25 model 80 stepping 0 microcode 0xa50000d, cx8, cmov, fxsr, ht, mmx, 3dnowpref, sse, sse2, sse3, ssse3, sse4a, sse4.1, sse4.2, popcnt, lzcnt, tsc, tscinvbit, avx, avx2, aes, erms, clmul, bmi1, bmi2, adx, sha, fma, vzeroupper, clflush, clflushopt, rdtscp, rdpid, fsrm

Memory: 4k page, system-wide physical 7521M (21M free)
TotalPageFile size 30855M (AvailPageFile size 937M)
current process WorkingSet (physical memory assigned to process): 239M, peak: 1488M
current process commit charge ("private bytes"): 4026M, peak: 5286M

vm_info: Java HotSpot(TM) 64-Bit Server VM (19.0.1+10-21) for windows-amd64 JRE (19.0.1+10-21), built on 2022-09-14T12:45:06Z by "mach5one" with MS VC++ 17.1 (VS2022)

END.
