#
# There is insufficient memory for the Java Runtime Environment to continue.
# Native memory allocation (mmap) failed to map 2298478592 bytes for G1 virtual space
# Possible reasons:
#   The system is out of physical RAM or swap space
#   The process is running with CompressedOops enabled, and the Java Heap may be blocking the growth of the native heap
# Possible solutions:
#   Reduce memory load on the system
#   Increase physical memory or swap space
#   Check if swap backing store is full
#   Decrease Java heap size (-Xmx/-Xms)
#   Decrease number of Java threads
#   Decrease Java thread stack sizes (-Xss)
#   Set larger code cache with -XX:ReservedCodeCacheSize=
#   JVM is running with Zero Based Compressed Oops mode in which the Java heap is
#     placed in the first 32GB address space. The Java Heap base address is the
#     maximum limit for the native heap growth. Please use -XX:HeapBaseMinAddress
#     to set the Java Heap base and to place the Java Heap above 32GB virtual address.
# This output file may be truncated or incomplete.
#
#  Out of Memory Error (os_windows.cpp:3527), pid=21512, tid=11552
#
# JRE version: Java(TM) SE Runtime Environment (19.0.1+10) (build 19.0.1+10-21)
# Java VM: Java HotSpot(TM) 64-Bit Server VM (19.0.1+10-21, mixed mode, sharing, tiered, compressed oops, compressed class ptrs, g1 gc, windows-amd64)
# No core dump will be written. Minidumps are not enabled by default on client versions of Windows
#

---------------  S U M M A R Y ------------

Command Line: -XX:MaxMetaspaceSize=4G -XX:ReservedCodeCacheSize=512m -XX:+HeapDumpOnOutOfMemoryError --add-opens=java.base/java.util=ALL-UNNAMED --add-opens=java.base/java.lang=ALL-UNNAMED --add-opens=java.base/java.lang.invoke=ALL-UNNAMED --add-opens=java.prefs/java.util.prefs=ALL-UNNAMED --add-exports=jdk.compiler/com.sun.tools.javac.api=ALL-UNNAMED --add-exports=jdk.compiler/com.sun.tools.javac.util=ALL-UNNAMED --add-opens=java.base/java.nio.charset=ALL-UNNAMED --add-opens=java.base/java.net=ALL-UNNAMED --add-opens=java.base/java.util.concurrent.atomic=ALL-UNNAMED -Xmx8G -Dfile.encoding=UTF-8 -Duser.country=IN -Duser.language=en -Duser.variant -javaagent:C:\Users\RAHUL\.gradle\wrapper\dists\gradle-8.10.2-all\7iv73wktx1xtkvlq19urqw1wm\gradle-8.10.2\lib\agents\gradle-instrumentation-agent-8.10.2.jar org.gradle.launcher.daemon.bootstrap.GradleDaemon 8.10.2

Host: AMD Ryzen 5 5600H with Radeon Graphics         , 12 cores, 7G,  Windows 11 , 64 bit Build 26100 (10.0.26100.5074)
Time: Tue Sep 23 17:55:17 2025 India Standard Time elapsed time: 150.526723 seconds (0d 0h 2m 30s)

---------------  T H R E A D  ---------------

Current thread (0x000001fafab418a0):  VMThread "VM Thread" [stack: 0x00000056b1d00000,0x00000056b1e00000] [id=11552]

Stack: [0x00000056b1d00000,0x00000056b1e00000]
Native frames: (J=compiled Java code, j=interpreted, Vv=VM code, C=native code)
V  [jvm.dll+0x6ee8fa]
V  [jvm.dll+0x857a1e]
V  [jvm.dll+0x85940e]
V  [jvm.dll+0x859ac3]
V  [jvm.dll+0x28291f]
V  [jvm.dll+0x6eb6e9]
V  [jvm.dll+0x6e028a]
V  [jvm.dll+0x357136]
V  [jvm.dll+0x35eb96]
V  [jvm.dll+0x3b555e]
V  [jvm.dll+0x3b578f]
V  [jvm.dll+0x32c6ea]
V  [jvm.dll+0x32c797]
V  [jvm.dll+0x374b52]
V  [jvm.dll+0x37328f]
V  [jvm.dll+0x32bf10]
V  [jvm.dll+0x32f8de]
V  [jvm.dll+0x384b66]
V  [jvm.dll+0x85ef83]
V  [jvm.dll+0x85fd49]
V  [jvm.dll+0x86027d]
V  [jvm.dll+0x86070b]
V  [jvm.dll+0x8607c7]
V  [jvm.dll+0x8015fa]
V  [jvm.dll+0x6ed5eb]
C  [ucrtbase.dll+0x37b0]
C  [KERNEL32.DLL+0x2e8d7]
C  [ntdll.dll+0x8d9c]

VM_Operation (0x00000056be1fbfd0): CollectForMetadataAllocation, mode: safepoint, requested by thread 0x000001fa983f96a0


---------------  P R O C E S S  ---------------

Threads class SMR info:
_java_thread_list=0x000001faa454ba20, length=235, elements={
0x000001fabf2a5580, 0x000001fafab5a510, 0x000001fafab5bab0, 0x000001fafab61170,
0x000001fafab63d30, 0x000001fafab651d0, 0x000001fafab66670, 0x000001fafab6e490,
0x000001fafd7594b0, 0x000001fafd7629a0, 0x000001fafd82fb60, 0x000001fafd9b4760,
0x000001fafe75c200, 0x000001faff216520, 0x000001faff238670, 0x000001fa84182fa0,
0x000001fa842a29f0, 0x000001faff26f100, 0x000001faff237040, 0x000001fa841a8950,
0x000001fa841a8ea0, 0x000001fa841a7eb0, 0x000001fa841a7410, 0x000001fa841a6970,
0x000001fa841a9940, 0x000001fa841a6ec0, 0x000001fa841a6420, 0x000001fa841a7960,
0x000001fa841a93f0, 0x000001fa856cbcd0, 0x000001fa856cc770, 0x000001fa856ca790,
0x000001fa856cc220, 0x000001fa87c39480, 0x000001fa89013530, 0x000001fa89013fd0,
0x000001fa89014520, 0x000001fa89011550, 0x000001fa89010ab0, 0x000001fa89014a70,
0x000001fa89014fc0, 0x000001fa89015510, 0x000001fa89011aa0, 0x000001fa89015a60,
0x000001fa89011ff0, 0x000001fa89016a50, 0x000001fa89015fb0, 0x000001fa89016500,
0x000001fa890174f0, 0x000001fa89016fa0, 0x000001fa89017a40, 0x000001fa86c58e20,
0x000001fa86c59370, 0x000001fa86c568f0, 0x000001fa86c57e30, 0x000001fa86c58380,
0x000001fa86c59e10, 0x000001fa86c588d0, 0x000001fa86c598c0, 0x000001fa86c578e0,
0x000001fa86c563a0, 0x000001fa86c5a360, 0x000001fa86c5a8b0, 0x000001fa86c5ae00,
0x000001fa86c57390, 0x000001fa86c5b350, 0x000001fa86c5b8a0, 0x000001fa86c5bdf0,
0x000001fa86c5ddd0, 0x000001fa893133e0, 0x000001fa86c5d330, 0x000001fa86c5c340,
0x000001fa86c5d880, 0x000001fa8931a8c0, 0x000001fa856cdcb0, 0x000001fa87626230,
0x000001fa87628210, 0x000001fa87627770, 0x000001fa87628760, 0x000001fa87625ce0,
0x000001fa87629200, 0x000001fa87626780, 0x000001fa87629750, 0x000001fa87627cc0,
0x000001fa87628cb0, 0x000001fa8762a1f0, 0x000001fa8762a740, 0x000001fa87626cd0,
0x000001fa8762ac90, 0x000001fa87627220, 0x000001fa8762b730, 0x000001fa8762c1d0,
0x000001fa8762b1e0, 0x000001fa8762d1c0, 0x000001fa8762bc80, 0x000001fa8762c720,
0x000001fa8762d710, 0x000001fa8762cc70, 0x000001fa88b8cbb0, 0x000001fa88b8abd0,
0x000001fa88b8dba0, 0x000001fa88b8c110, 0x000001fa88b8e0f0, 0x000001fa88b8d100,
0x000001fa88b8a680, 0x000001fa88b8f0e0, 0x000001fa88b8b670, 0x000001fa88b8f630,
0x000001fa88b8bbc0, 0x000001fa88b8c660, 0x000001fa88b8fb80, 0x000001fa88b900d0,
0x000001fa88b90620, 0x000001fa88b90b70, 0x000001fa88b910c0, 0x000001fa88b91b60,
0x000001fa893153c0, 0x000001fa89316e50, 0x000001fa856d01e0, 0x000001fa86c5cde0,
0x000001fa8570dc00, 0x000001fa8570c6c0, 0x000001fa8570a190, 0x000001fa8570e150,
0x000001fa8570bc20, 0x000001fa8570c170, 0x000001fa8570cc10, 0x000001fa8570b6d0,
0x000001fa8570b180, 0x000001fa8570a6e0, 0x000001fa8570d160, 0x000001fa8570e6a0,
0x000001fa8570ac30, 0x000001fa8570fbe0, 0x000001fa85710130, 0x000001fa8570ebf0,
0x000001fa8570f140, 0x000001fa85710680, 0x000001fa85710bd0, 0x000001fa85711120,
0x000001fa8570d6b0, 0x000001fa85711670, 0x000001fa85711bc0, 0x000001fa89c3f3b0,
0x000001fa89c3e910, 0x000001fa89c3de70, 0x000001fa89c403a0, 0x000001fa89c40e40,
0x000001fa89c41390, 0x000001fa89c3fe50, 0x000001fa85520580, 0x000001fa85522560,
0x000001fa85524fe0, 0x000001fa85525530, 0x000001fa85525a80, 0x000001fa85523aa0,
0x000001fa85522010, 0x000001fa85527a60, 0x000001fa85526a70, 0x000001fa85528a50,
0x000001fa85525fd0, 0x000001fa85526fc0, 0x000001fa855294f0, 0x000001fa85529a40,
0x000001fa85527fb0, 0x000001fa85527510, 0x000001fa85528fa0, 0x000001fa85528500,
0x000001fa85529f90, 0x000001fa85526520, 0x000001fa8552af80, 0x000001fa8552ca10,
0x000001fa8552c4c0, 0x000001fa8552b4d0, 0x000001fa856d11d0, 0x000001fa87c3b9b0,
0x000001fa983f7170, 0x000001fa983f66d0, 0x000001fa983f86b0, 0x000001fa983f6c20,
0x000001fa983f9bf0, 0x000001fa983fc670, 0x000001fa983fcbc0, 0x000001fa983f9150,
0x000001fa983fabe0, 0x000001fa983f96a0, 0x000001fa983fb130, 0x000001fa983fa140,
0x000001fa983fb680, 0x000001fa983fc120, 0x000001fa983fd660, 0x000001fa983fe100,
0x000001fa983fa690, 0x000001fa98401620, 0x000001fa98400630, 0x000001fa98401b70,
0x000001fa984000e0, 0x000001fa984030b0, 0x000001fa98403600, 0x000001fa98403b50,
0x000001fa86c56e40, 0x000001fa99384ab0, 0x000001fa99385000, 0x000001fa99385550,
0x000001fa99385aa0, 0x000001fa99385ff0, 0x000001fa99382580, 0x000001fa99386540,
0x000001fa99382ad0, 0x000001fa99389a60, 0x000001fa99389510, 0x000001fa99387a80,
0x000001fa99386a90, 0x000001fa99388fc0, 0x000001fa9938afa0, 0x000001fa99387530,
0x000001fa9938e4c0, 0x000001fa9938b4f0, 0x000001fa9938f4b0, 0x000001fa99383ac0,
0x000001fa99384560, 0x000001fa9938ea10, 0x000001fa993904a0, 0x000001fa9938ca30,
0x000001fa9938ef60, 0x000001fa993909f0, 0x000001fa9938da20, 0x000001fa9938cf80,
0x000001fa99390f40, 0x000001fa9938d4d0, 0x000001fa993919e0, 0x000001fa99391490,
0x000001fa9938df70, 0x000001fa98402b60, 0x000001fa99394030
}

Java Threads: ( => current thread )
  0x000001fabf2a5580 JavaThread "main" [_thread_blocked, id=9436, stack(0x00000056b1700000,0x00000056b1800000)]
  0x000001fafab5a510 JavaThread "Reference Handler" daemon [_thread_blocked, id=26120, stack(0x00000056b1e00000,0x00000056b1f00000)]
  0x000001fafab5bab0 JavaThread "Finalizer" daemon [_thread_blocked, id=5732, stack(0x00000056b1f00000,0x00000056b2000000)]
  0x000001fafab61170 JavaThread "Signal Dispatcher" daemon [_thread_blocked, id=22536, stack(0x00000056b2000000,0x00000056b2100000)]
  0x000001fafab63d30 JavaThread "Attach Listener" daemon [_thread_blocked, id=24868, stack(0x00000056b2100000,0x00000056b2200000)]
  0x000001fafab651d0 JavaThread "Service Thread" daemon [_thread_blocked, id=2420, stack(0x00000056b2200000,0x00000056b2300000)]
  0x000001fafab66670 JavaThread "Monitor Deflation Thread" daemon [_thread_blocked, id=20208, stack(0x00000056b2300000,0x00000056b2400000)]
  0x000001fafab6e490 JavaThread "C2 CompilerThread0" daemon [_thread_blocked, id=10788, stack(0x00000056b2400000,0x00000056b2500000)]
  0x000001fafd7594b0 JavaThread "C1 CompilerThread0" daemon [_thread_blocked, id=5284, stack(0x00000056b2500000,0x00000056b2600000)]
  0x000001fafd7629a0 JavaThread "Sweeper thread" daemon [_thread_blocked, id=16760, stack(0x00000056b2600000,0x00000056b2700000)]
  0x000001fafd82fb60 JavaThread "Common-Cleaner" daemon [_thread_blocked, id=29528, stack(0x00000056b2700000,0x00000056b2800000)]
  0x000001fafd9b4760 JavaThread "Notification Thread" daemon [_thread_blocked, id=27540, stack(0x00000056b2800000,0x00000056b2900000)]
  0x000001fafe75c200 JavaThread "Daemon health stats" [_thread_blocked, id=26452, stack(0x00000056b3200000,0x00000056b3300000)]
  0x000001faff216520 JavaThread "Incoming local TCP Connector on port 63245" [_thread_in_native, id=6376, stack(0x00000056b3300000,0x00000056b3400000)]
  0x000001faff238670 JavaThread "Daemon periodic checks" [_thread_blocked, id=1816, stack(0x00000056b3400000,0x00000056b3500000)]
  0x000001fa84182fa0 JavaThread "Daemon" [_thread_blocked, id=3948, stack(0x00000056b3500000,0x00000056b3600000)]
  0x000001fa842a29f0 JavaThread "Handler for socket connection from /127.0.0.1:63245 to /127.0.0.1:63246" [_thread_in_native, id=24668, stack(0x00000056b3600000,0x00000056b3700000)]
  0x000001faff26f100 JavaThread "Cancel handler" [_thread_blocked, id=18440, stack(0x00000056b3700000,0x00000056b3800000)]
  0x000001faff237040 JavaThread "Daemon worker" [_thread_blocked, id=1932, stack(0x00000056b3800000,0x00000056b3900000)]
  0x000001fa841a8950 JavaThread "Asynchronous log dispatcher for DefaultDaemonConnection: socket connection from /127.0.0.1:63245 to /127.0.0.1:63246" [_thread_blocked, id=17896, stack(0x00000056b3900000,0x00000056b3a00000)]
  0x000001fa841a8ea0 JavaThread "Stdin handler" [_thread_blocked, id=25456, stack(0x00000056b3a00000,0x00000056b3b00000)]
  0x000001fa841a7eb0 JavaThread "Daemon client event forwarder" [_thread_blocked, id=30152, stack(0x00000056b3b00000,0x00000056b3c00000)]
  0x000001fa841a7410 JavaThread "Cache worker for journal cache (C:\Users\RAHUL\.gradle\caches\journal-1)" [_thread_blocked, id=22172, stack(0x00000056b3c00000,0x00000056b3d00000)]
  0x000001fa841a6970 JavaThread "File lock request listener" [_thread_in_native, id=25660, stack(0x00000056b3d00000,0x00000056b3e00000)]
  0x000001fa841a9940 JavaThread "Cache worker for file hash cache (C:\Users\RAHUL\.gradle\caches\8.10.2\fileHashes)" [_thread_blocked, id=13796, stack(0x00000056b3e00000,0x00000056b3f00000)]
  0x000001fa841a6ec0 JavaThread "Cache worker for file hash cache (L:\flutter Projects\moodmate\moodmate\android\.gradle\8.10.2\fileHashes)" [_thread_blocked, id=10524, stack(0x00000056b4300000,0x00000056b4400000)]
  0x000001fa841a6420 JavaThread "Cache worker for Build Output Cleanup Cache (L:\flutter Projects\moodmate\moodmate\android\.gradle\buildOutputCleanup)" [_thread_blocked, id=27076, stack(0x00000056b4400000,0x00000056b4500000)]
  0x000001fa841a7960 JavaThread "File watcher server" daemon [_thread_in_native, id=16032, stack(0x00000056b4500000,0x00000056b4600000)]
  0x000001fa841a93f0 JavaThread "File watcher consumer" daemon [_thread_blocked, id=15788, stack(0x00000056b4600000,0x00000056b4700000)]
  0x000001fa856cbcd0 JavaThread "Cache worker for checksums cache (L:\flutter Projects\moodmate\moodmate\android\.gradle\8.10.2\checksums)" [_thread_blocked, id=26528, stack(0x00000056b4700000,0x00000056b4800000)]
  0x000001fa856cc770 JavaThread "Cache worker for file content cache (C:\Users\RAHUL\.gradle\caches\8.10.2\fileContent)" [_thread_blocked, id=8460, stack(0x00000056b4800000,0x00000056b4900000)]
  0x000001fa856ca790 JavaThread "Cache worker for cache directory md-rule (C:\Users\RAHUL\.gradle\caches\8.10.2\md-rule)" [_thread_blocked, id=18952, stack(0x00000056b4900000,0x00000056b4a00000)]
  0x000001fa856cc220 JavaThread "Cache worker for cache directory md-supplier (C:\Users\RAHUL\.gradle\caches\8.10.2\md-supplier)" [_thread_blocked, id=16448, stack(0x00000056b4a00000,0x00000056b4b00000)]
  0x000001fa87c39480 JavaThread "Cache worker for Build Output Cleanup Cache (L:\flutter sdk\flutter\packages\flutter_tools\gradle\.gradle\buildOutputCleanup)" [_thread_blocked, id=11044, stack(0x00000056b4c00000,0x00000056b4d00000)]
  0x000001fa89013530 JavaThread "Kotlin DSL Writer" [_thread_blocked, id=7892, stack(0x00000056b4d00000,0x00000056b4e00000)]
  0x000001fa89013fd0 JavaThread "Unconstrained build operations" [_thread_blocked, id=16624, stack(0x00000056b4e00000,0x00000056b4f00000)]
  0x000001fa89014520 JavaThread "Unconstrained build operations Thread 2" [_thread_blocked, id=13564, stack(0x00000056b4f00000,0x00000056b5000000)]
  0x000001fa89011550 JavaThread "Unconstrained build operations Thread 3" [_thread_blocked, id=1960, stack(0x00000056b5000000,0x00000056b5100000)]
  0x000001fa89010ab0 JavaThread "Unconstrained build operations Thread 4" [_thread_blocked, id=26836, stack(0x00000056b5100000,0x00000056b5200000)]
  0x000001fa89014a70 JavaThread "Unconstrained build operations Thread 5" [_thread_blocked, id=17304, stack(0x00000056b5200000,0x00000056b5300000)]
  0x000001fa89014fc0 JavaThread "Unconstrained build operations Thread 6" [_thread_blocked, id=22436, stack(0x00000056b5300000,0x00000056b5400000)]
  0x000001fa89015510 JavaThread "Unconstrained build operations Thread 7" [_thread_blocked, id=23988, stack(0x00000056b5400000,0x00000056b5500000)]
  0x000001fa89011aa0 JavaThread "Unconstrained build operations Thread 8" [_thread_blocked, id=16148, stack(0x00000056b5500000,0x00000056b5600000)]
  0x000001fa89015a60 JavaThread "Unconstrained build operations Thread 9" [_thread_blocked, id=12668, stack(0x00000056b5600000,0x00000056b5700000)]
  0x000001fa89011ff0 JavaThread "Unconstrained build operations Thread 10" [_thread_blocked, id=12236, stack(0x00000056b5700000,0x00000056b5800000)]
  0x000001fa89016a50 JavaThread "Unconstrained build operations Thread 11" [_thread_blocked, id=28400, stack(0x00000056b5800000,0x00000056b5900000)]
  0x000001fa89015fb0 JavaThread "Unconstrained build operations Thread 12" [_thread_blocked, id=5604, stack(0x00000056b5900000,0x00000056b5a00000)]
  0x000001fa89016500 JavaThread "Unconstrained build operations Thread 13" [_thread_blocked, id=12044, stack(0x00000056b5a00000,0x00000056b5b00000)]
  0x000001fa890174f0 JavaThread "Unconstrained build operations Thread 14" [_thread_blocked, id=5400, stack(0x00000056b5b00000,0x00000056b5c00000)]
  0x000001fa89016fa0 JavaThread "Unconstrained build operations Thread 15" [_thread_blocked, id=10184, stack(0x00000056b5c00000,0x00000056b5d00000)]
  0x000001fa89017a40 JavaThread "Unconstrained build operations Thread 16" [_thread_blocked, id=26496, stack(0x00000056b5d00000,0x00000056b5e00000)]
  0x000001fa86c58e20 JavaThread "Unconstrained build operations Thread 17" [_thread_blocked, id=5548, stack(0x00000056b5e00000,0x00000056b5f00000)]
  0x000001fa86c59370 JavaThread "Unconstrained build operations Thread 18" [_thread_blocked, id=21744, stack(0x00000056b5f00000,0x00000056b6000000)]
  0x000001fa86c568f0 JavaThread "Unconstrained build operations Thread 19" [_thread_blocked, id=9280, stack(0x00000056b6000000,0x00000056b6100000)]
  0x000001fa86c57e30 JavaThread "Unconstrained build operations Thread 20" [_thread_blocked, id=23996, stack(0x00000056b6100000,0x00000056b6200000)]
  0x000001fa86c58380 JavaThread "Unconstrained build operations Thread 21" [_thread_blocked, id=28060, stack(0x00000056b6200000,0x00000056b6300000)]
  0x000001fa86c59e10 JavaThread "Unconstrained build operations Thread 22" [_thread_blocked, id=20472, stack(0x00000056b6300000,0x00000056b6400000)]
  0x000001fa86c588d0 JavaThread "Unconstrained build operations Thread 23" [_thread_blocked, id=11556, stack(0x00000056b4b00000,0x00000056b4c00000)]
  0x000001fa86c598c0 JavaThread "Unconstrained build operations Thread 24" [_thread_blocked, id=12096, stack(0x00000056b6400000,0x00000056b6500000)]
  0x000001fa86c578e0 JavaThread "Unconstrained build operations Thread 25" [_thread_blocked, id=22544, stack(0x00000056b6500000,0x00000056b6600000)]
  0x000001fa86c563a0 JavaThread "Unconstrained build operations Thread 26" [_thread_blocked, id=27520, stack(0x00000056b6600000,0x00000056b6700000)]
  0x000001fa86c5a360 JavaThread "Unconstrained build operations Thread 27" [_thread_blocked, id=13048, stack(0x00000056b6700000,0x00000056b6800000)]
  0x000001fa86c5a8b0 JavaThread "Unconstrained build operations Thread 28" [_thread_blocked, id=14340, stack(0x00000056b6800000,0x00000056b6900000)]
  0x000001fa86c5ae00 JavaThread "Unconstrained build operations Thread 29" [_thread_blocked, id=22588, stack(0x00000056b6900000,0x00000056b6a00000)]
  0x000001fa86c57390 JavaThread "Unconstrained build operations Thread 30" [_thread_blocked, id=13012, stack(0x00000056b6a00000,0x00000056b6b00000)]
  0x000001fa86c5b350 JavaThread "Unconstrained build operations Thread 31" [_thread_blocked, id=3952, stack(0x00000056b6b00000,0x00000056b6c00000)]
  0x000001fa86c5b8a0 JavaThread "Unconstrained build operations Thread 32" [_thread_blocked, id=12820, stack(0x00000056b6c00000,0x00000056b6d00000)]
  0x000001fa86c5bdf0 JavaThread "Unconstrained build operations Thread 33" [_thread_blocked, id=29000, stack(0x00000056b6d00000,0x00000056b6e00000)]
  0x000001fa86c5ddd0 JavaThread "Memory manager" [_thread_blocked, id=19920, stack(0x00000056b6e00000,0x00000056b6f00000)]
  0x000001fa893133e0 JavaThread "build event listener" [_thread_blocked, id=4240, stack(0x00000056b7100000,0x00000056b7200000)]
  0x000001fa86c5d330 JavaThread "included builds" [_thread_blocked, id=24040, stack(0x00000056b7300000,0x00000056b7400000)]
  0x000001fa86c5c340 JavaThread "Execution worker" [_thread_blocked, id=21244, stack(0x00000056b7400000,0x00000056b7500000)]
  0x000001fa86c5d880 JavaThread "Execution worker Thread 2" [_thread_blocked, id=14404, stack(0x00000056b7500000,0x00000056b7600000)]
  0x000001fa8931a8c0 JavaThread "Execution worker Thread 3" [_thread_blocked, id=18056, stack(0x00000056b7600000,0x00000056b7700000)]
  0x000001fa856cdcb0 JavaThread "Execution worker Thread 4" [_thread_blocked, id=4912, stack(0x00000056b7700000,0x00000056b7800000)]
  0x000001fa87626230 JavaThread "Execution worker Thread 5" [_thread_blocked, id=1524, stack(0x00000056b7800000,0x00000056b7900000)]
  0x000001fa87628210 JavaThread "Execution worker Thread 6" [_thread_blocked, id=4964, stack(0x00000056b7900000,0x00000056b7a00000)]
  0x000001fa87627770 JavaThread "Execution worker Thread 7" [_thread_blocked, id=23120, stack(0x00000056b7a00000,0x00000056b7b00000)]
  0x000001fa87628760 JavaThread "Execution worker Thread 8" [_thread_blocked, id=23780, stack(0x00000056b7b00000,0x00000056b7c00000)]
  0x000001fa87625ce0 JavaThread "Execution worker Thread 9" [_thread_blocked, id=25200, stack(0x00000056b7c00000,0x00000056b7d00000)]
  0x000001fa87629200 JavaThread "Execution worker Thread 10" [_thread_blocked, id=18448, stack(0x00000056b7d00000,0x00000056b7e00000)]
  0x000001fa87626780 JavaThread "Execution worker Thread 11" [_thread_blocked, id=19344, stack(0x00000056b7e00000,0x00000056b7f00000)]
  0x000001fa87629750 JavaThread "Cache worker for execution history cache (L:\flutter sdk\flutter\packages\flutter_tools\gradle\.gradle\8.10.2\executionHistory)" [_thread_blocked, id=11732, stack(0x00000056b7f00000,0x00000056b8000000)]
  0x000001fa87627cc0 JavaThread "Unconstrained build operations Thread 34" [_thread_blocked, id=29260, stack(0x00000056b8000000,0x00000056b8100000)]
  0x000001fa87628cb0 JavaThread "Unconstrained build operations Thread 35" [_thread_blocked, id=18180, stack(0x00000056b8100000,0x00000056b8200000)]
  0x000001fa8762a1f0 JavaThread "Unconstrained build operations Thread 36" [_thread_blocked, id=26604, stack(0x00000056b8200000,0x00000056b8300000)]
  0x000001fa8762a740 JavaThread "Unconstrained build operations Thread 37" [_thread_blocked, id=16892, stack(0x00000056b8300000,0x00000056b8400000)]
  0x000001fa87626cd0 JavaThread "Unconstrained build operations Thread 38" [_thread_blocked, id=19732, stack(0x00000056b8400000,0x00000056b8500000)]
  0x000001fa8762ac90 JavaThread "Unconstrained build operations Thread 39" [_thread_blocked, id=25964, stack(0x00000056b8500000,0x00000056b8600000)]
  0x000001fa87627220 JavaThread "Unconstrained build operations Thread 40" [_thread_blocked, id=1548, stack(0x00000056b8600000,0x00000056b8700000)]
  0x000001fa8762b730 JavaThread "Unconstrained build operations Thread 41" [_thread_blocked, id=23140, stack(0x00000056b8700000,0x00000056b8800000)]
  0x000001fa8762c1d0 JavaThread "Unconstrained build operations Thread 42" [_thread_blocked, id=23820, stack(0x00000056b8800000,0x00000056b8900000)]
  0x000001fa8762b1e0 JavaThread "Unconstrained build operations Thread 43" [_thread_blocked, id=15764, stack(0x00000056b8900000,0x00000056b8a00000)]
  0x000001fa8762d1c0 JavaThread "Unconstrained build operations Thread 44" [_thread_blocked, id=6276, stack(0x00000056b8a00000,0x00000056b8b00000)]
  0x000001fa8762bc80 JavaThread "Unconstrained build operations Thread 45" [_thread_blocked, id=13380, stack(0x00000056b8b00000,0x00000056b8c00000)]
  0x000001fa8762c720 JavaThread "Unconstrained build operations Thread 46" [_thread_blocked, id=9516, stack(0x00000056b8c00000,0x00000056b8d00000)]
  0x000001fa8762d710 JavaThread "Unconstrained build operations Thread 47" [_thread_blocked, id=16044, stack(0x00000056b8d00000,0x00000056b8e00000)]
  0x000001fa8762cc70 JavaThread "Unconstrained build operations Thread 48" [_thread_blocked, id=11128, stack(0x00000056b8e00000,0x00000056b8f00000)]
  0x000001fa88b8cbb0 JavaThread "Unconstrained build operations Thread 49" [_thread_blocked, id=13232, stack(0x00000056b8f00000,0x00000056b9000000)]
  0x000001fa88b8abd0 JavaThread "Unconstrained build operations Thread 50" [_thread_blocked, id=20840, stack(0x00000056b9000000,0x00000056b9100000)]
  0x000001fa88b8dba0 JavaThread "Unconstrained build operations Thread 51" [_thread_blocked, id=14468, stack(0x00000056b9100000,0x00000056b9200000)]
  0x000001fa88b8c110 JavaThread "Unconstrained build operations Thread 52" [_thread_blocked, id=1956, stack(0x00000056b9200000,0x00000056b9300000)]
  0x000001fa88b8e0f0 JavaThread "Unconstrained build operations Thread 53" [_thread_blocked, id=22128, stack(0x00000056b9300000,0x00000056b9400000)]
  0x000001fa88b8d100 JavaThread "Unconstrained build operations Thread 54" [_thread_blocked, id=13732, stack(0x00000056b9400000,0x00000056b9500000)]
  0x000001fa88b8a680 JavaThread "Unconstrained build operations Thread 55" [_thread_blocked, id=26860, stack(0x00000056b9500000,0x00000056b9600000)]
  0x000001fa88b8f0e0 JavaThread "Unconstrained build operations Thread 56" [_thread_blocked, id=17484, stack(0x00000056b9600000,0x00000056b9700000)]
  0x000001fa88b8b670 JavaThread "Unconstrained build operations Thread 57" [_thread_blocked, id=23940, stack(0x00000056b9700000,0x00000056b9800000)]
  0x000001fa88b8f630 JavaThread "Unconstrained build operations Thread 58" [_thread_blocked, id=24104, stack(0x00000056b9800000,0x00000056b9900000)]
  0x000001fa88b8bbc0 JavaThread "Unconstrained build operations Thread 59" [_thread_blocked, id=26940, stack(0x00000056b9900000,0x00000056b9a00000)]
  0x000001fa88b8c660 JavaThread "Unconstrained build operations Thread 60" [_thread_blocked, id=5492, stack(0x00000056b9a00000,0x00000056b9b00000)]
  0x000001fa88b8fb80 JavaThread "Unconstrained build operations Thread 61" [_thread_blocked, id=23712, stack(0x00000056b9b00000,0x00000056b9c00000)]
  0x000001fa88b900d0 JavaThread "Unconstrained build operations Thread 62" [_thread_blocked, id=15140, stack(0x00000056b9c00000,0x00000056b9d00000)]
  0x000001fa88b90620 JavaThread "Unconstrained build operations Thread 63" [_thread_blocked, id=2124, stack(0x00000056b9d00000,0x00000056b9e00000)]
  0x000001fa88b90b70 JavaThread "Unconstrained build operations Thread 64" [_thread_blocked, id=23368, stack(0x00000056b9e00000,0x00000056b9f00000)]
  0x000001fa88b910c0 JavaThread "Unconstrained build operations Thread 65" [_thread_blocked, id=5808, stack(0x00000056b9f00000,0x00000056ba000000)]
  0x000001fa88b91b60 JavaThread "Unconstrained build operations Thread 66" [_thread_blocked, id=30356, stack(0x00000056ba000000,0x00000056ba100000)]
  0x000001fa893153c0 JavaThread "Unconstrained build operations Thread 67" [_thread_blocked, id=12248, stack(0x00000056ba100000,0x00000056ba200000)]
  0x000001fa89316e50 JavaThread "Unconstrained build operations Thread 68" [_thread_blocked, id=5584, stack(0x00000056ba200000,0x00000056ba300000)]
  0x000001fa856d01e0 JavaThread "Unconstrained build operations Thread 69" [_thread_blocked, id=15008, stack(0x00000056ba300000,0x00000056ba400000)]
  0x000001fa86c5cde0 JavaThread "Unconstrained build operations Thread 70" [_thread_blocked, id=14100, stack(0x00000056ba400000,0x00000056ba500000)]
  0x000001fa8570dc00 JavaThread "Unconstrained build operations Thread 71" [_thread_blocked, id=29660, stack(0x00000056ba500000,0x00000056ba600000)]
  0x000001fa8570c6c0 JavaThread "Unconstrained build operations Thread 72" [_thread_blocked, id=18332, stack(0x00000056ba600000,0x00000056ba700000)]
  0x000001fa8570a190 JavaThread "Unconstrained build operations Thread 73" [_thread_blocked, id=29016, stack(0x00000056ba700000,0x00000056ba800000)]
  0x000001fa8570e150 JavaThread "Unconstrained build operations Thread 74" [_thread_blocked, id=22968, stack(0x00000056ba800000,0x00000056ba900000)]
  0x000001fa8570bc20 JavaThread "Unconstrained build operations Thread 75" [_thread_blocked, id=5720, stack(0x00000056ba900000,0x00000056baa00000)]
  0x000001fa8570c170 JavaThread "Unconstrained build operations Thread 76" [_thread_blocked, id=27696, stack(0x00000056baa00000,0x00000056bab00000)]
  0x000001fa8570cc10 JavaThread "Unconstrained build operations Thread 77" [_thread_blocked, id=14800, stack(0x00000056bab00000,0x00000056bac00000)]
  0x000001fa8570b6d0 JavaThread "Unconstrained build operations Thread 78" [_thread_blocked, id=9888, stack(0x00000056bac00000,0x00000056bad00000)]
  0x000001fa8570b180 JavaThread "Unconstrained build operations Thread 79" [_thread_blocked, id=2276, stack(0x00000056bad00000,0x00000056bae00000)]
  0x000001fa8570a6e0 JavaThread "Unconstrained build operations Thread 80" [_thread_blocked, id=30548, stack(0x00000056bae00000,0x00000056baf00000)]
  0x000001fa8570d160 JavaThread "Unconstrained build operations Thread 81" [_thread_blocked, id=9108, stack(0x00000056baf00000,0x00000056bb000000)]
  0x000001fa8570e6a0 JavaThread "Unconstrained build operations Thread 82" [_thread_blocked, id=17720, stack(0x00000056bb000000,0x00000056bb100000)]
  0x000001fa8570ac30 JavaThread "Unconstrained build operations Thread 83" [_thread_blocked, id=30320, stack(0x00000056bb100000,0x00000056bb200000)]
  0x000001fa8570fbe0 JavaThread "Unconstrained build operations Thread 84" [_thread_blocked, id=26192, stack(0x00000056bb200000,0x00000056bb300000)]
  0x000001fa85710130 JavaThread "Unconstrained build operations Thread 85" [_thread_blocked, id=6988, stack(0x00000056bb300000,0x00000056bb400000)]
  0x000001fa8570ebf0 JavaThread "Unconstrained build operations Thread 86" [_thread_blocked, id=6720, stack(0x00000056bb400000,0x00000056bb500000)]
  0x000001fa8570f140 JavaThread "Unconstrained build operations Thread 87" [_thread_blocked, id=14836, stack(0x00000056bb500000,0x00000056bb600000)]
  0x000001fa85710680 JavaThread "Unconstrained build operations Thread 88" [_thread_blocked, id=6360, stack(0x00000056bb600000,0x00000056bb700000)]
  0x000001fa85710bd0 JavaThread "Unconstrained build operations Thread 89" [_thread_blocked, id=27496, stack(0x00000056b7200000,0x00000056b7300000)]
  0x000001fa85711120 JavaThread "Unconstrained build operations Thread 90" [_thread_blocked, id=3444, stack(0x00000056bb700000,0x00000056bb800000)]
  0x000001fa8570d6b0 JavaThread "Unconstrained build operations Thread 91" [_thread_blocked, id=19508, stack(0x00000056bb800000,0x00000056bb900000)]
  0x000001fa85711670 JavaThread "Unconstrained build operations Thread 92" [_thread_blocked, id=27488, stack(0x00000056bb900000,0x00000056bba00000)]
  0x000001fa85711bc0 JavaThread "Unconstrained build operations Thread 93" [_thread_blocked, id=13492, stack(0x00000056bba00000,0x00000056bbb00000)]
  0x000001fa89c3f3b0 JavaThread "Unconstrained build operations Thread 94" [_thread_blocked, id=11740, stack(0x00000056bbb00000,0x00000056bbc00000)]
  0x000001fa89c3e910 JavaThread "Unconstrained build operations Thread 95" [_thread_blocked, id=9948, stack(0x00000056bbc00000,0x00000056bbd00000)]
  0x000001fa89c3de70 JavaThread "Unconstrained build operations Thread 96" [_thread_blocked, id=27324, stack(0x00000056bbd00000,0x00000056bbe00000)]
  0x000001fa89c403a0 JavaThread "Unconstrained build operations Thread 97" [_thread_blocked, id=15436, stack(0x00000056bbe00000,0x00000056bbf00000)]
  0x000001fa89c40e40 JavaThread "Unconstrained build operations Thread 98" [_thread_blocked, id=3212, stack(0x00000056bbf00000,0x00000056bc000000)]
  0x000001fa89c41390 JavaThread "Unconstrained build operations Thread 99" [_thread_blocked, id=20420, stack(0x00000056bc000000,0x00000056bc100000)]
  0x000001fa89c3fe50 JavaThread "Kotlin DSL Writer" [_thread_blocked, id=20476, stack(0x00000056b1400000,0x00000056b1500000)]
  0x000001fa85520580 JavaThread "build event listener" [_thread_blocked, id=2408, stack(0x00000056b1500000,0x00000056b1600000)]
  0x000001fa85522560 JavaThread "jar transforms" [_thread_blocked, id=1924, stack(0x00000056bc100000,0x00000056bc200000)]
  0x000001fa85524fe0 JavaThread "Unconstrained build operations Thread 100" [_thread_blocked, id=14148, stack(0x00000056bc200000,0x00000056bc300000)]
  0x000001fa85525530 JavaThread "Unconstrained build operations Thread 101" [_thread_blocked, id=18480, stack(0x00000056bc300000,0x00000056bc400000)]
  0x000001fa85525a80 JavaThread "Unconstrained build operations Thread 102" [_thread_blocked, id=6416, stack(0x00000056bc400000,0x00000056bc500000)]
  0x000001fa85523aa0 JavaThread "Unconstrained build operations Thread 103" [_thread_blocked, id=14036, stack(0x00000056bc500000,0x00000056bc600000)]
  0x000001fa85522010 JavaThread "Unconstrained build operations Thread 104" [_thread_blocked, id=22476, stack(0x00000056bc600000,0x00000056bc700000)]
  0x000001fa85527a60 JavaThread "Unconstrained build operations Thread 105" [_thread_blocked, id=29928, stack(0x00000056bc700000,0x00000056bc800000)]
  0x000001fa85526a70 JavaThread "Unconstrained build operations Thread 106" [_thread_blocked, id=28336, stack(0x00000056bc800000,0x00000056bc900000)]
  0x000001fa85528a50 JavaThread "Unconstrained build operations Thread 107" [_thread_blocked, id=20716, stack(0x00000056bc900000,0x00000056bca00000)]
  0x000001fa85525fd0 JavaThread "Unconstrained build operations Thread 108" [_thread_blocked, id=18836, stack(0x00000056bca00000,0x00000056bcb00000)]
  0x000001fa85526fc0 JavaThread "Unconstrained build operations Thread 109" [_thread_blocked, id=11380, stack(0x00000056bcb00000,0x00000056bcc00000)]
  0x000001fa855294f0 JavaThread "Unconstrained build operations Thread 110" [_thread_blocked, id=13984, stack(0x00000056bcc00000,0x00000056bcd00000)]
  0x000001fa85529a40 JavaThread "Unconstrained build operations Thread 111" [_thread_blocked, id=6060, stack(0x00000056bcd00000,0x00000056bce00000)]
  0x000001fa85527fb0 JavaThread "Unconstrained build operations Thread 112" [_thread_blocked, id=7028, stack(0x00000056bce00000,0x00000056bcf00000)]
  0x000001fa85527510 JavaThread "Unconstrained build operations Thread 113" [_thread_blocked, id=16100, stack(0x00000056bcf00000,0x00000056bd000000)]
  0x000001fa85528fa0 JavaThread "Unconstrained build operations Thread 114" [_thread_blocked, id=6168, stack(0x00000056bd000000,0x00000056bd100000)]
  0x000001fa85528500 JavaThread "Unconstrained build operations Thread 115" [_thread_blocked, id=1456, stack(0x00000056bd100000,0x00000056bd200000)]
  0x000001fa85529f90 JavaThread "Unconstrained build operations Thread 116" [_thread_blocked, id=29944, stack(0x00000056bd200000,0x00000056bd300000)]
  0x000001fa85526520 JavaThread "Unconstrained build operations Thread 117" [_thread_blocked, id=8524, stack(0x00000056bd300000,0x00000056bd400000)]
  0x000001fa8552af80 JavaThread "Unconstrained build operations Thread 118" [_thread_blocked, id=12264, stack(0x00000056bd400000,0x00000056bd500000)]
  0x000001fa8552ca10 JavaThread "Unconstrained build operations Thread 119" [_thread_blocked, id=26220, stack(0x00000056bd500000,0x00000056bd600000)]
  0x000001fa8552c4c0 JavaThread "Unconstrained build operations Thread 120" [_thread_blocked, id=16608, stack(0x00000056bd600000,0x00000056bd700000)]
  0x000001fa8552b4d0 JavaThread "jar transforms Thread 2" [_thread_blocked, id=6436, stack(0x00000056bd700000,0x00000056bd800000)]
  0x000001fa856d11d0 JavaThread "jar transforms Thread 3" [_thread_blocked, id=28224, stack(0x00000056bd800000,0x00000056bd900000)]
  0x000001fa87c3b9b0 JavaThread "jar transforms Thread 4" [_thread_blocked, id=19284, stack(0x00000056b2a00000,0x00000056b2b00000)]
  0x000001fa983f7170 JavaThread "jar transforms Thread 5" [_thread_blocked, id=23076, stack(0x00000056bd900000,0x00000056bda00000)]
  0x000001fa983f66d0 JavaThread "jar transforms Thread 6" [_thread_blocked, id=29788, stack(0x00000056bda00000,0x00000056bdb00000)]
  0x000001fa983f86b0 JavaThread "jar transforms Thread 7" [_thread_blocked, id=2324, stack(0x00000056bdb00000,0x00000056bdc00000)]
  0x000001fa983f6c20 JavaThread "jar transforms Thread 8" [_thread_blocked, id=9760, stack(0x00000056bdd00000,0x00000056bde00000)]
  0x000001fa983f9bf0 JavaThread "pool-3-thread-1" [_thread_blocked, id=4184, stack(0x00000056bdc00000,0x00000056bdd00000)]
  0x000001fa983fc670 JavaThread "build event listener" [_thread_blocked, id=9908, stack(0x00000056bde00000,0x00000056bdf00000)]
  0x000001fa983fcbc0 JavaThread "Cache worker for execution history cache (L:\flutter Projects\moodmate\moodmate\android\.gradle\8.10.2\executionHistory)" [_thread_blocked, id=27176, stack(0x00000056bdf00000,0x00000056be000000)]
  0x000001fa983f9150 JavaThread "WorkerExecutor Queue" [_thread_blocked, id=1728, stack(0x00000056b1600000,0x00000056b1700000)]
  0x000001fa983fabe0 JavaThread "WorkerExecutor Queue Thread 2" [_thread_blocked, id=28640, stack(0x00000056be000000,0x00000056be100000)]
  0x000001fa983f96a0 JavaThread "WorkerExecutor Queue Thread 3" [_thread_blocked, id=14936, stack(0x00000056be100000,0x00000056be200000)]
  0x000001fa983fb130 JavaThread "WorkerExecutor Queue Thread 5" [_thread_blocked, id=5252, stack(0x00000056be300000,0x00000056be400000)]
  0x000001fa983fa140 JavaThread "WorkerExecutor Queue Thread 6" [_thread_blocked, id=4988, stack(0x00000056be400000,0x00000056be500000)]
  0x000001fa983fb680 JavaThread "WorkerExecutor Queue Thread 7" [_thread_blocked, id=4016, stack(0x00000056be500000,0x00000056be600000)]
  0x000001fa983fc120 JavaThread "WorkerExecutor Queue Thread 8" [_thread_blocked, id=22800, stack(0x00000056be600000,0x00000056be700000)]
  0x000001fa983fd660 JavaThread "Exec process" [_thread_in_native, id=13276, stack(0x00000056be800000,0x00000056be900000)]
  0x000001fa983fe100 JavaThread "WorkerExecutor Queue Thread 10" [_thread_blocked, id=27984, stack(0x00000056be900000,0x00000056bea00000)]
  0x000001fa983fa690 JavaThread "WorkerExecutor Queue Thread 11" [_thread_blocked, id=4328, stack(0x00000056bea00000,0x00000056beb00000)]
  0x000001fa98401620 JavaThread "WorkerExecutor Queue Thread 12" [_thread_blocked, id=28800, stack(0x00000056beb00000,0x00000056bec00000)]
  0x000001fa98400630 JavaThread "WorkerExecutor Queue Thread 13" [_thread_blocked, id=1844, stack(0x00000056bec00000,0x00000056bed00000)]
  0x000001fa98401b70 JavaThread "Exec process Thread 2" [_thread_in_native, id=25540, stack(0x00000056bed00000,0x00000056bee00000)]
  0x000001fa984000e0 JavaThread "Exec process Thread 3" [_thread_in_native, id=29972, stack(0x00000056bee00000,0x00000056bef00000)]
  0x000001fa984030b0 JavaThread "Exec process Thread 4" [_thread_blocked, id=11632, stack(0x00000056be200000,0x00000056be300000)]
  0x000001fa98403600 JavaThread "Exec process Thread 5" [_thread_blocked, id=19328, stack(0x00000056bef00000,0x00000056bf000000)]
  0x000001fa98403b50 JavaThread "Exec process Thread 6" [_thread_blocked, id=14540, stack(0x00000056bf000000,0x00000056bf100000)]
  0x000001fa86c56e40 JavaThread "Cache worker for Java compile cache (C:\Users\RAHUL\.gradle\caches\8.10.2\javaCompile)" [_thread_blocked, id=27288, stack(0x00000056bf100000,0x00000056bf200000)]
  0x000001fa99384ab0 JavaThread "Build operations" [_thread_blocked, id=22064, stack(0x00000056bf400000,0x00000056bf500000)]
  0x000001fa99385000 JavaThread "Build operations Thread 2" [_thread_blocked, id=6948, stack(0x00000056bf500000,0x00000056bf600000)]
  0x000001fa99385550 JavaThread "Build operations Thread 3" [_thread_blocked, id=18824, stack(0x00000056bf600000,0x00000056bf700000)]
  0x000001fa99385aa0 JavaThread "Build operations Thread 4" [_thread_blocked, id=18664, stack(0x00000056bf700000,0x00000056bf800000)]
  0x000001fa99385ff0 JavaThread "Build operations Thread 5" [_thread_blocked, id=28796, stack(0x00000056bf800000,0x00000056bf900000)]
  0x000001fa99382580 JavaThread "Build operations Thread 6" [_thread_blocked, id=30616, stack(0x00000056bf900000,0x00000056bfa00000)]
  0x000001fa99386540 JavaThread "Build operations Thread 7" [_thread_blocked, id=22900, stack(0x00000056bfa00000,0x00000056bfb00000)]
  0x000001fa99382ad0 JavaThread "Build operations Thread 8" [_thread_blocked, id=19720, stack(0x00000056bfb00000,0x00000056bfc00000)]
  0x000001fa99389a60 JavaThread "Build operations Thread 9" [_thread_blocked, id=21420, stack(0x00000056bfc00000,0x00000056bfd00000)]
  0x000001fa99389510 JavaThread "Build operations Thread 10" [_thread_blocked, id=27812, stack(0x00000056bfd00000,0x00000056bfe00000)]
  0x000001fa99387a80 JavaThread "Build operations Thread 11" [_thread_blocked, id=15624, stack(0x00000056bfe00000,0x00000056bff00000)]
  0x000001fa99386a90 JavaThread "Build operations Thread 12" [_thread_blocked, id=16532, stack(0x00000056bff00000,0x00000056c0000000)]
  0x000001fa99388fc0 JavaThread "RMI Scheduler(0)" daemon [_thread_blocked, id=8280, stack(0x00000056c0000000,0x00000056c0100000)]
  0x000001fa9938afa0 JavaThread "RMI GC Daemon" daemon [_thread_blocked, id=7176, stack(0x00000056bf200000,0x00000056bf300000)]
  0x000001fa99387530 JavaThread "RMI TCP Accept-0" daemon [_thread_in_native, id=19312, stack(0x00000056c0200000,0x00000056c0300000)]
  0x000001fa9938e4c0 JavaThread "RMI Reaper" [_thread_blocked, id=2580, stack(0x00000056c0300000,0x00000056c0400000)]
  0x000001fa9938b4f0 JavaThread "RMI TCP Connection(1)-127.0.0.1" daemon [_thread_in_native, id=18276, stack(0x00000056c0400000,0x00000056c0500000)]
  0x000001fa9938f4b0 JavaThread "RMI TCP Connection(2)-127.0.0.1" daemon [_thread_in_native, id=20728, stack(0x00000056c0500000,0x00000056c0600000)]
  0x000001fa99383ac0 JavaThread "pool-4-thread-1" [_thread_blocked, id=21608, stack(0x00000056c0700000,0x00000056c0800000)]
  0x000001fa99384560 JavaThread "stderr" [_thread_in_native, id=22228, stack(0x00000056c0800000,0x00000056c0900000)]
  0x000001fa9938ea10 JavaThread "stdout" [_thread_in_native, id=24808, stack(0x00000056c0900000,0x00000056c0a00000)]
  0x000001fa993904a0 JavaThread "stderr" [_thread_in_native, id=27568, stack(0x00000056c0a00000,0x00000056c0b00000)]
  0x000001fa9938ca30 JavaThread "stdout" [_thread_in_native, id=20004, stack(0x00000056c0b00000,0x00000056c0c00000)]
  0x000001fa9938ef60 JavaThread "stderr" [_thread_in_native, id=12148, stack(0x00000056c0c00000,0x00000056c0d00000)]
  0x000001fa993909f0 JavaThread "stdout" [_thread_in_native, id=26952, stack(0x00000056c0d00000,0x00000056c0e00000)]
  0x000001fa9938da20 JavaThread "stderr" [_thread_in_native, id=2224, stack(0x00000056c0e00000,0x00000056c0f00000)]
  0x000001fa9938cf80 JavaThread "stdout" [_thread_in_native, id=7756, stack(0x00000056c0f00000,0x00000056c1000000)]
  0x000001fa99390f40 JavaThread "stderr" [_thread_in_native, id=3460, stack(0x00000056c1000000,0x00000056c1100000)]
  0x000001fa9938d4d0 JavaThread "stdout" [_thread_in_native, id=15780, stack(0x00000056c1100000,0x00000056c1200000)]
  0x000001fa993919e0 JavaThread "stderr" [_thread_in_native, id=13104, stack(0x00000056c1200000,0x00000056c1300000)]
  0x000001fa99391490 JavaThread "stdout" [_thread_in_native, id=5248, stack(0x00000056c1300000,0x00000056c1400000)]
  0x000001fa9938df70 JavaThread "stderr" [_thread_in_native, id=25368, stack(0x00000056c1600000,0x00000056c1700000)]
  0x000001fa98402b60 JavaThread "stdout" [_thread_in_native, id=1372, stack(0x00000056c1700000,0x00000056c1800000)]
  0x000001fa99394030 JavaThread "WorkerExecutor Queue Thread 15" [_thread_blocked, id=25108, stack(0x00000056b6f00000,0x00000056b7000000)]

Other Threads:
=>0x000001fafab418a0 VMThread "VM Thread" [stack: 0x00000056b1d00000,0x00000056b1e00000] [id=11552]
  0x000001fabf2a6110 WatcherThread "VM Periodic Task Thread" [stack: 0x00000056b2900000,0x00000056b2a00000] [id=27084]
  0x000001fabf3576c0 WorkerThread "GC Thread#0" [stack: 0x00000056b1800000,0x00000056b1900000] [id=29516]
  0x000001fafdc900a0 WorkerThread "GC Thread#1" [stack: 0x00000056b2c00000,0x00000056b2d00000] [id=24084]
  0x000001fafdd45b60 WorkerThread "GC Thread#2" [stack: 0x00000056b2d00000,0x00000056b2e00000] [id=23172]
  0x000001fafdd46100 WorkerThread "GC Thread#3" [stack: 0x00000056b2e00000,0x00000056b2f00000] [id=6644]
  0x000001fafdd447b0 WorkerThread "GC Thread#4" [stack: 0x00000056b2f00000,0x00000056b3000000] [id=29940]
  0x000001fafdd44d50 WorkerThread "GC Thread#5" [stack: 0x00000056b2b00000,0x00000056b2c00000] [id=14416]
  0x000001fa8406cb20 WorkerThread "GC Thread#6" [stack: 0x00000056b3000000,0x00000056b3100000] [id=17320]
  0x000001fa8406c580 WorkerThread "GC Thread#7" [stack: 0x00000056b3100000,0x00000056b3200000] [id=15604]
  0x000001fa8406d0c0 WorkerThread "GC Thread#8" [stack: 0x00000056b3f00000,0x00000056b4000000] [id=18796]
  0x000001fa8406e740 WorkerThread "GC Thread#9" [stack: 0x00000056b4000000,0x00000056b4100000] [id=17332]
  0x000001fabf35d820 ConcurrentGCThread "G1 Main Marker" [stack: 0x00000056b1900000,0x00000056b1a00000] [id=11620]
  0x000001fabf35e900 WorkerThread "G1 Conc#0" [stack: 0x00000056b1a00000,0x00000056b1b00000] [id=25812]
  0x000001fa8406cdf0 WorkerThread "G1 Conc#1" [stack: 0x00000056b4100000,0x00000056b4200000] [id=17592]
  0x000001fa8406f820 WorkerThread "G1 Conc#2" [stack: 0x00000056b4200000,0x00000056b4300000] [id=6892]
  0x000001fafa9f87e0 ConcurrentGCThread "G1 Refine#0" [stack: 0x00000056b1b00000,0x00000056b1c00000] [id=21844]
  0x000001fafa9fa0e0 ConcurrentGCThread "G1 Service" [stack: 0x00000056b1c00000,0x00000056b1d00000] [id=25212]

Threads with active compile tasks:
C2 CompilerThread0   150598 50059       4       org.gradle.internal.snapshot.impl.AbstractValueProcessor::processValue (402 bytes)
C1 CompilerThread0   150598 50100       3       org.jetbrains.kotlin.parsing.SemanticWhitespaceAwarePsiBuilderImpl::advanceLexer (56 bytes)

VM state: at safepoint (normal execution)

VM Mutex/Monitor currently owned by a thread:  ([mutex/lock_event])
[0x000001fabf2a0160] MethodData_lock - owner thread: 0x000001fafd7594b0
[0x000001fabf2a4240] Threads_lock - owner thread: 0x000001fafab418a0
[0x000001fabf2a2980] Heap_lock - owner thread: 0x000001fa983f96a0

Heap address: 0x0000000600000000, size: 8192 MB, Compressed Oops mode: Zero based, Oop shift amount: 3

CDS archive(s) mapped at: [0x0000000800000000-0x0000000800c40000-0x0000000800c40000), size 12845056, SharedBaseAddress: 0x0000000800000000, ArchiveRelocationMode: 0.
Compressed class space mapped at: 0x0000000801000000-0x0000000841000000, reserved size: 1073741824
Narrow klass base: 0x0000000800000000, Narrow klass shift: 0, Narrow klass range: 0x100000000

GC Precious Log:
 CardTable entry size: 512
 Card Set container configuration: InlinePtr #cards 4 size 8 Array Of Cards #cards 32 size 80 Howl #buckets 8 coarsen threshold 7372 Howl Bitmap #cards 1024 size 144 coarsen threshold 921 Card regions per heap region 1 cards per card region 8192
 CPUs: 12 total, 12 available
 Memory: 7521M
 Large Page Support: Disabled
 NUMA Support: Disabled
 Compressed Oops: Enabled (Zero based)
 Heap Region Size: 4M
 Heap Min Capacity: 8M
 Heap Initial Capacity: 120M
 Heap Max Capacity: 8G
 Pre-touch: Disabled
 Parallel Workers: 10
 Concurrent Workers: 3
 Concurrent Refinement Workers: 10
 Periodic GC: Disabled

Heap:
 garbage-first heap   total 2342912K, used 638091K [0x0000000600000000, 0x0000000800000000)
  region size 4096K, 3 young (12288K), 3 survivors (12288K)
 Metaspace       used 281985K, committed 285376K, reserved 1310720K
  class space    used 33680K, committed 35456K, reserved 1048576K

Heap Regions: E=young(eden), S=young(survivor), O=old, HS=humongous(starts), HC=humongous(continues), CS=collection set, F=free, OA=open archive, CA=closed archive, TAMS=top-at-mark-start (previous, next)
|   0|0x0000000600000000, 0x0000000600400000, 0x0000000600400000|100%|HS|  |TAMS 0x0000000600400000, 0x0000000600400000| Complete 
|   1|0x0000000600400000, 0x0000000600800000, 0x0000000600800000|100%| O|  |TAMS 0x0000000600800000, 0x0000000600800000| Untracked 
|   2|0x0000000600800000, 0x0000000600c00000, 0x0000000600c00000|100%| O|  |TAMS 0x0000000600c00000, 0x0000000600c00000| Untracked 
|   3|0x0000000600c00000, 0x0000000601000000, 0x0000000601000000|100%| O|  |TAMS 0x0000000601000000, 0x0000000601000000| Untracked 
|   4|0x0000000601000000, 0x0000000601400000, 0x0000000601400000|100%| O|  |TAMS 0x0000000601400000, 0x0000000601400000| Untracked 
|   5|0x0000000601400000, 0x0000000601800000, 0x0000000601800000|100%| O|  |TAMS 0x0000000601800000, 0x0000000601800000| Untracked 
|   6|0x0000000601800000, 0x0000000601c00000, 0x0000000601c00000|100%| O|  |TAMS 0x0000000601c00000, 0x0000000601c00000| Untracked 
|   7|0x0000000601c00000, 0x0000000602000000, 0x0000000602000000|100%| O|  |TAMS 0x0000000602000000, 0x0000000602000000| Untracked 
|   8|0x0000000602000000, 0x0000000602400000, 0x0000000602400000|100%| O|  |TAMS 0x0000000602400000, 0x0000000602400000| Untracked 
|   9|0x0000000602400000, 0x0000000602800000, 0x0000000602800000|100%| O|  |TAMS 0x0000000602800000, 0x0000000602800000| Untracked 
|  10|0x0000000602800000, 0x0000000602c00000, 0x0000000602c00000|100%| O|  |TAMS 0x0000000602c00000, 0x0000000602c00000| Untracked 
|  11|0x0000000602c00000, 0x0000000603000000, 0x0000000603000000|100%| O|  |TAMS 0x0000000603000000, 0x0000000603000000| Untracked 
|  12|0x0000000603000000, 0x0000000603400000, 0x0000000603400000|100%| O|  |TAMS 0x0000000603400000, 0x0000000603400000| Untracked 
|  13|0x0000000603400000, 0x0000000603800000, 0x0000000603800000|100%| O|  |TAMS 0x0000000603800000, 0x0000000603800000| Untracked 
|  14|0x0000000603800000, 0x0000000603c00000, 0x0000000603c00000|100%| O|  |TAMS 0x0000000603c00000, 0x0000000603c00000| Untracked 
|  15|0x0000000603c00000, 0x0000000604000000, 0x0000000604000000|100%| O|  |TAMS 0x0000000604000000, 0x0000000604000000| Untracked 
|  16|0x0000000604000000, 0x0000000604400000, 0x0000000604400000|100%| O|  |TAMS 0x0000000604400000, 0x0000000604400000| Untracked 
|  17|0x0000000604400000, 0x0000000604800000, 0x0000000604800000|100%| O|  |TAMS 0x0000000604800000, 0x0000000604800000| Untracked 
|  18|0x0000000604800000, 0x0000000604c00000, 0x0000000604c00000|100%| O|  |TAMS 0x0000000604c00000, 0x0000000604c00000| Untracked 
|  19|0x0000000604c00000, 0x0000000605000000, 0x0000000605000000|100%| O|  |TAMS 0x0000000605000000, 0x0000000605000000| Untracked 
|  20|0x0000000605000000, 0x0000000605400000, 0x0000000605400000|100%| O|  |TAMS 0x0000000605400000, 0x0000000605400000| Untracked 
|  21|0x0000000605400000, 0x0000000605800000, 0x0000000605800000|100%| O|  |TAMS 0x0000000605800000, 0x0000000605800000| Untracked 
|  22|0x0000000605800000, 0x0000000605c00000, 0x0000000605c00000|100%| O|  |TAMS 0x0000000605c00000, 0x0000000605c00000| Untracked 
|  23|0x0000000605c00000, 0x0000000606000000, 0x0000000606000000|100%| O|  |TAMS 0x0000000606000000, 0x0000000606000000| Untracked 
|  24|0x0000000606000000, 0x0000000606400000, 0x0000000606400000|100%| O|  |TAMS 0x0000000606400000, 0x0000000606400000| Untracked 
|  25|0x0000000606400000, 0x0000000606800000, 0x0000000606800000|100%| O|  |TAMS 0x0000000606800000, 0x0000000606800000| Untracked 
|  26|0x0000000606800000, 0x0000000606c00000, 0x0000000606c00000|100%| O|  |TAMS 0x0000000606c00000, 0x0000000606c00000| Untracked 
|  27|0x0000000606c00000, 0x0000000607000000, 0x0000000607000000|100%| O|  |TAMS 0x0000000607000000, 0x0000000607000000| Untracked 
|  28|0x0000000607000000, 0x0000000607400000, 0x0000000607400000|100%| O|  |TAMS 0x0000000607400000, 0x0000000607400000| Untracked 
|  29|0x0000000607400000, 0x0000000607800000, 0x0000000607800000|100%| O|  |TAMS 0x0000000607800000, 0x0000000607800000| Untracked 
|  30|0x0000000607800000, 0x0000000607c00000, 0x0000000607c00000|100%| O|  |TAMS 0x0000000607c00000, 0x0000000607c00000| Untracked 
|  31|0x0000000607c00000, 0x0000000608000000, 0x0000000608000000|100%| O|  |TAMS 0x0000000608000000, 0x0000000608000000| Untracked 
|  32|0x0000000608000000, 0x0000000608400000, 0x0000000608400000|100%| O|  |TAMS 0x0000000608400000, 0x0000000608400000| Untracked 
|  33|0x0000000608400000, 0x0000000608800000, 0x0000000608800000|100%|HS|  |TAMS 0x0000000608800000, 0x0000000608800000| Complete 
|  34|0x0000000608800000, 0x0000000608c00000, 0x0000000608c00000|100%| O|  |TAMS 0x0000000608c00000, 0x0000000608c00000| Untracked 
|  35|0x0000000608c00000, 0x0000000609000000, 0x0000000609000000|100%|HS|  |TAMS 0x0000000609000000, 0x0000000609000000| Complete 
|  36|0x0000000609000000, 0x0000000609400000, 0x0000000609400000|100%| O|  |TAMS 0x0000000609400000, 0x0000000609400000| Untracked 
|  37|0x0000000609400000, 0x0000000609800000, 0x0000000609800000|100%| O|  |TAMS 0x0000000609800000, 0x0000000609800000| Untracked 
|  38|0x0000000609800000, 0x0000000609c00000, 0x0000000609c00000|100%| O|  |TAMS 0x0000000609c00000, 0x0000000609c00000| Untracked 
|  39|0x0000000609c00000, 0x000000060a000000, 0x000000060a000000|100%| O|  |TAMS 0x000000060a000000, 0x000000060a000000| Untracked 
|  40|0x000000060a000000, 0x000000060a400000, 0x000000060a400000|100%| O|  |TAMS 0x000000060a400000, 0x000000060a400000| Untracked 
|  41|0x000000060a400000, 0x000000060a800000, 0x000000060a800000|100%| O|  |TAMS 0x000000060a800000, 0x000000060a800000| Untracked 
|  42|0x000000060a800000, 0x000000060ac00000, 0x000000060ac00000|100%| O|  |TAMS 0x000000060ac00000, 0x000000060ac00000| Untracked 
|  43|0x000000060ac00000, 0x000000060b000000, 0x000000060b000000|100%| O|  |TAMS 0x000000060b000000, 0x000000060b000000| Untracked 
|  44|0x000000060b000000, 0x000000060b400000, 0x000000060b400000|100%| O|  |TAMS 0x000000060b000000, 0x000000060b400000| Untracked 
|  45|0x000000060b400000, 0x000000060b800000, 0x000000060b800000|100%| O|  |TAMS 0x000000060b400000, 0x000000060b800000| Untracked 
|  46|0x000000060b800000, 0x000000060bc00000, 0x000000060bc00000|100%| O|  |TAMS 0x000000060b800000, 0x000000060bc00000| Untracked 
|  47|0x000000060bc00000, 0x000000060c000000, 0x000000060c000000|100%| O|  |TAMS 0x000000060bc00000, 0x000000060c000000| Untracked 
|  48|0x000000060c000000, 0x000000060c400000, 0x000000060c400000|100%| O|  |TAMS 0x000000060c000000, 0x000000060c400000| Untracked 
|  49|0x000000060c400000, 0x000000060c800000, 0x000000060c800000|100%| O|  |TAMS 0x000000060c400000, 0x000000060c800000| Untracked 
|  50|0x000000060c800000, 0x000000060cc00000, 0x000000060cc00000|100%| O|  |TAMS 0x000000060c800000, 0x000000060cc00000| Untracked 
|  51|0x000000060cc00000, 0x000000060d000000, 0x000000060d000000|100%| O|  |TAMS 0x000000060cc00000, 0x000000060d000000| Untracked 
|  52|0x000000060d000000, 0x000000060d400000, 0x000000060d400000|100%| O|  |TAMS 0x000000060d000000, 0x000000060d400000| Untracked 
|  53|0x000000060d400000, 0x000000060d800000, 0x000000060d800000|100%| O|  |TAMS 0x000000060d400000, 0x000000060d800000| Untracked 
|  54|0x000000060d800000, 0x000000060dc00000, 0x000000060dc00000|100%| O|  |TAMS 0x000000060dc00000, 0x000000060dc00000| Untracked 
|  55|0x000000060dc00000, 0x000000060e000000, 0x000000060e000000|100%| O|  |TAMS 0x000000060e000000, 0x000000060e000000| Untracked 
|  56|0x000000060e000000, 0x000000060e400000, 0x000000060e400000|100%| O|  |TAMS 0x000000060e400000, 0x000000060e400000| Untracked 
|  57|0x000000060e400000, 0x000000060e800000, 0x000000060e800000|100%| O|  |TAMS 0x000000060e800000, 0x000000060e800000| Untracked 
|  58|0x000000060e800000, 0x000000060ec00000, 0x000000060ec00000|100%| O|  |TAMS 0x000000060ec00000, 0x000000060ec00000| Untracked 
|  59|0x000000060ec00000, 0x000000060f000000, 0x000000060f000000|100%| O|  |TAMS 0x000000060f000000, 0x000000060f000000| Untracked 
|  60|0x000000060f000000, 0x000000060f400000, 0x000000060f400000|100%| O|  |TAMS 0x000000060f3e4800, 0x000000060f400000| Untracked 
|  61|0x000000060f400000, 0x000000060f800000, 0x000000060f800000|100%| O|  |TAMS 0x000000060f400000, 0x000000060f800000| Untracked 
|  62|0x000000060f800000, 0x000000060fc00000, 0x000000060fc00000|100%| O|  |TAMS 0x000000060f800000, 0x000000060fc00000| Untracked 
|  63|0x000000060fc00000, 0x0000000610000000, 0x0000000610000000|100%|HS|  |TAMS 0x000000060fc00000, 0x0000000610000000| Complete 
|  64|0x0000000610000000, 0x0000000610400000, 0x0000000610400000|100%| O|  |TAMS 0x0000000610000000, 0x0000000610400000| Untracked 
|  65|0x0000000610400000, 0x0000000610800000, 0x0000000610800000|100%| O|  |TAMS 0x0000000610400000, 0x0000000610800000| Untracked 
|  66|0x0000000610800000, 0x0000000610c00000, 0x0000000610c00000|100%| O|  |TAMS 0x0000000610800000, 0x0000000610c00000| Untracked 
|  67|0x0000000610c00000, 0x0000000611000000, 0x0000000611000000|100%| O|  |TAMS 0x0000000610c00000, 0x0000000611000000| Untracked 
|  68|0x0000000611000000, 0x0000000611400000, 0x0000000611400000|100%| O|  |TAMS 0x0000000611000000, 0x0000000611400000| Untracked 
|  69|0x0000000611400000, 0x0000000611800000, 0x0000000611800000|100%| O|  |TAMS 0x0000000611400000, 0x0000000611800000| Untracked 
|  70|0x0000000611800000, 0x0000000611c00000, 0x0000000611c00000|100%| O|  |TAMS 0x0000000611800000, 0x0000000611c00000| Untracked 
|  71|0x0000000611c00000, 0x0000000611dc6a00, 0x0000000612000000| 44%| O|  |TAMS 0x0000000611c00000, 0x0000000611dc6a00| Untracked 
|  72|0x0000000612000000, 0x0000000612400000, 0x0000000612400000|100%| O|  |TAMS 0x0000000612000000, 0x0000000612400000| Untracked 
|  73|0x0000000612400000, 0x0000000612800000, 0x0000000612800000|100%| O|  |TAMS 0x0000000612400000, 0x0000000612800000| Untracked 
|  74|0x0000000612800000, 0x0000000612c00000, 0x0000000612c00000|100%| O|  |TAMS 0x0000000612800000, 0x0000000612c00000| Untracked 
|  75|0x0000000612c00000, 0x0000000613000000, 0x0000000613000000|100%| O|  |TAMS 0x0000000612c00000, 0x0000000613000000| Untracked 
|  76|0x0000000613000000, 0x0000000613400000, 0x0000000613400000|100%| O|  |TAMS 0x0000000613000000, 0x0000000613400000| Untracked 
|  77|0x0000000613400000, 0x0000000613800000, 0x0000000613800000|100%| O|  |TAMS 0x0000000613400000, 0x0000000613800000| Untracked 
|  78|0x0000000613800000, 0x0000000613c00000, 0x0000000613c00000|100%| O|  |TAMS 0x0000000613800000, 0x0000000613c00000| Untracked 
|  79|0x0000000613c00000, 0x0000000614000000, 0x0000000614000000|100%| O|  |TAMS 0x0000000613c00000, 0x0000000614000000| Untracked 
|  80|0x0000000614000000, 0x0000000614400000, 0x0000000614400000|100%| O|  |TAMS 0x0000000614000000, 0x0000000614400000| Untracked 
|  81|0x0000000614400000, 0x0000000614800000, 0x0000000614800000|100%| O|  |TAMS 0x0000000614400000, 0x0000000614800000| Untracked 
|  82|0x0000000614800000, 0x0000000614c00000, 0x0000000614c00000|100%| O|  |TAMS 0x0000000614800000, 0x0000000614c00000| Untracked 
|  83|0x0000000614c00000, 0x0000000615000000, 0x0000000615000000|100%| O|  |TAMS 0x0000000614c00000, 0x0000000615000000| Untracked 
|  84|0x0000000615000000, 0x0000000615400000, 0x0000000615400000|100%| O|  |TAMS 0x0000000615000000, 0x0000000615400000| Untracked 
|  85|0x0000000615400000, 0x0000000615800000, 0x0000000615800000|100%| O|  |TAMS 0x0000000615400000, 0x0000000615800000| Untracked 
|  86|0x0000000615800000, 0x0000000615c00000, 0x0000000615c00000|100%| O|  |TAMS 0x0000000615800000, 0x0000000615c00000| Untracked 
|  87|0x0000000615c00000, 0x0000000616000000, 0x0000000616000000|100%| O|  |TAMS 0x0000000615c00000, 0x0000000616000000| Untracked 
|  88|0x0000000616000000, 0x0000000616400000, 0x0000000616400000|100%| O|  |TAMS 0x0000000616000000, 0x0000000616400000| Untracked 
|  89|0x0000000616400000, 0x0000000616800000, 0x0000000616800000|100%| O|  |TAMS 0x0000000616400000, 0x0000000616800000| Untracked 
|  90|0x0000000616800000, 0x0000000616c00000, 0x0000000616c00000|100%| O|  |TAMS 0x0000000616800000, 0x0000000616c00000| Untracked 
|  91|0x0000000616c00000, 0x0000000617000000, 0x0000000617000000|100%| O|  |TAMS 0x0000000616c00000, 0x0000000617000000| Untracked 
|  92|0x0000000617000000, 0x0000000617400000, 0x0000000617400000|100%| O|  |TAMS 0x0000000617000000, 0x0000000617400000| Untracked 
|  93|0x0000000617400000, 0x0000000617800000, 0x0000000617800000|100%| O|  |TAMS 0x0000000617400000, 0x0000000617800000| Untracked 
|  94|0x0000000617800000, 0x0000000617c00000, 0x0000000617c00000|100%| O|  |TAMS 0x0000000617800000, 0x0000000617c00000| Untracked 
|  95|0x0000000617c00000, 0x0000000618000000, 0x0000000618000000|100%| O|  |TAMS 0x0000000617c00000, 0x0000000618000000| Untracked 
|  96|0x0000000618000000, 0x0000000618400000, 0x0000000618400000|100%| O|  |TAMS 0x0000000618000000, 0x0000000618400000| Untracked 
|  97|0x0000000618400000, 0x0000000618800000, 0x0000000618800000|100%| O|  |TAMS 0x0000000618400000, 0x0000000618800000| Untracked 
|  98|0x0000000618800000, 0x0000000618c00000, 0x0000000618c00000|100%| O|  |TAMS 0x0000000618800000, 0x0000000618c00000| Untracked 
|  99|0x0000000618c00000, 0x0000000619000000, 0x0000000619000000|100%|HS|  |TAMS 0x0000000618c00000, 0x0000000619000000| Complete 
| 100|0x0000000619000000, 0x0000000619400000, 0x0000000619400000|100%| O|  |TAMS 0x0000000619000000, 0x0000000619400000| Untracked 
| 101|0x0000000619400000, 0x0000000619800000, 0x0000000619800000|100%| O|  |TAMS 0x0000000619400000, 0x0000000619800000| Untracked 
| 102|0x0000000619800000, 0x0000000619c00000, 0x0000000619c00000|100%| O|  |TAMS 0x0000000619800000, 0x0000000619c00000| Untracked 
| 103|0x0000000619c00000, 0x000000061a000000, 0x000000061a000000|100%| O|  |TAMS 0x0000000619c00000, 0x000000061a000000| Untracked 
| 104|0x000000061a000000, 0x000000061a400000, 0x000000061a400000|100%| O|  |TAMS 0x000000061a000000, 0x000000061a400000| Untracked 
| 105|0x000000061a400000, 0x000000061a800000, 0x000000061a800000|100%| O|  |TAMS 0x000000061a400000, 0x000000061a800000| Untracked 
| 106|0x000000061a800000, 0x000000061ac00000, 0x000000061ac00000|100%| O|  |TAMS 0x000000061a800000, 0x000000061ac00000| Untracked 
| 107|0x000000061ac00000, 0x000000061b000000, 0x000000061b000000|100%| O|  |TAMS 0x000000061ac00000, 0x000000061b000000| Untracked 
| 108|0x000000061b000000, 0x000000061b400000, 0x000000061b400000|100%| O|  |TAMS 0x000000061b000000, 0x000000061b400000| Untracked 
| 109|0x000000061b400000, 0x000000061b800000, 0x000000061b800000|100%| O|  |TAMS 0x000000061b400000, 0x000000061b800000| Untracked 
| 110|0x000000061b800000, 0x000000061bc00000, 0x000000061bc00000|100%| O|  |TAMS 0x000000061b800000, 0x000000061bc00000| Untracked 
| 111|0x000000061bc00000, 0x000000061c000000, 0x000000061c000000|100%| O|  |TAMS 0x000000061bc00000, 0x000000061c000000| Untracked 
| 112|0x000000061c000000, 0x000000061c400000, 0x000000061c400000|100%| O|  |TAMS 0x000000061c000000, 0x000000061c400000| Untracked 
| 113|0x000000061c400000, 0x000000061c800000, 0x000000061c800000|100%| O|  |TAMS 0x000000061c400000, 0x000000061c800000| Untracked 
| 114|0x000000061c800000, 0x000000061cc00000, 0x000000061cc00000|100%| O|  |TAMS 0x000000061c800000, 0x000000061cc00000| Untracked 
| 115|0x000000061cc00000, 0x000000061d000000, 0x000000061d000000|100%| O|  |TAMS 0x000000061cc00000, 0x000000061d000000| Untracked 
| 116|0x000000061d000000, 0x000000061d400000, 0x000000061d400000|100%| O|  |TAMS 0x000000061d000000, 0x000000061d400000| Untracked 
| 117|0x000000061d400000, 0x000000061d800000, 0x000000061d800000|100%| O|  |TAMS 0x000000061d400000, 0x000000061d800000| Untracked 
| 118|0x000000061d800000, 0x000000061dc00000, 0x000000061dc00000|100%| O|  |TAMS 0x000000061d800000, 0x000000061dc00000| Untracked 
| 119|0x000000061dc00000, 0x000000061e000000, 0x000000061e000000|100%| O|  |TAMS 0x000000061dc00000, 0x000000061e000000| Untracked 
| 120|0x000000061e000000, 0x000000061e400000, 0x000000061e400000|100%| O|  |TAMS 0x000000061e000000, 0x000000061e400000| Untracked 
| 121|0x000000061e400000, 0x000000061e800000, 0x000000061e800000|100%| O|  |TAMS 0x000000061e400000, 0x000000061e800000| Untracked 
| 122|0x000000061e800000, 0x000000061ec00000, 0x000000061ec00000|100%| O|  |TAMS 0x000000061e800000, 0x000000061ec00000| Untracked 
| 123|0x000000061ec00000, 0x000000061f000000, 0x000000061f000000|100%| O|  |TAMS 0x000000061ec00000, 0x000000061f000000| Untracked 
| 124|0x000000061f000000, 0x000000061f400000, 0x000000061f400000|100%| O|  |TAMS 0x000000061f000000, 0x000000061f400000| Untracked 
| 125|0x000000061f400000, 0x000000061f800000, 0x000000061f800000|100%| O|  |TAMS 0x000000061f400000, 0x000000061f800000| Untracked 
| 126|0x000000061f800000, 0x000000061fc00000, 0x000000061fc00000|100%|HS|  |TAMS 0x000000061f800000, 0x000000061fc00000| Complete 
| 127|0x000000061fc00000, 0x0000000620000000, 0x0000000620000000|100%| O|  |TAMS 0x000000061fc00000, 0x0000000620000000| Untracked 
| 128|0x0000000620000000, 0x0000000620400000, 0x0000000620400000|100%|HS|  |TAMS 0x0000000620000000, 0x0000000620400000| Complete 
| 129|0x0000000620400000, 0x0000000620800000, 0x0000000620800000|100%| O|  |TAMS 0x0000000620400000, 0x0000000620800000| Untracked 
| 130|0x0000000620800000, 0x0000000620c00000, 0x0000000620c00000|100%| O|  |TAMS 0x0000000620800000, 0x0000000620c00000| Untracked 
| 131|0x0000000620c00000, 0x0000000621000000, 0x0000000621000000|100%| O|  |TAMS 0x0000000620c00000, 0x0000000621000000| Untracked 
| 132|0x0000000621000000, 0x0000000621400000, 0x0000000621400000|100%| O|  |TAMS 0x0000000621000000, 0x0000000621400000| Untracked 
| 133|0x0000000621400000, 0x0000000621800000, 0x0000000621800000|100%| O|  |TAMS 0x0000000621400000, 0x0000000621800000| Untracked 
| 134|0x0000000621800000, 0x0000000621c00000, 0x0000000621c00000|100%| O|  |TAMS 0x0000000621800000, 0x0000000621c00000| Untracked 
| 135|0x0000000621c00000, 0x0000000622000000, 0x0000000622000000|100%| O|  |TAMS 0x0000000621c00000, 0x0000000622000000| Untracked 
| 136|0x0000000622000000, 0x0000000622400000, 0x0000000622400000|100%| O|  |TAMS 0x0000000622000000, 0x0000000622400000| Untracked 
| 137|0x0000000622400000, 0x0000000622800000, 0x0000000622800000|100%| O|  |TAMS 0x0000000622400000, 0x0000000622800000| Untracked 
| 138|0x0000000622800000, 0x0000000622c00000, 0x0000000622c00000|100%| O|  |TAMS 0x0000000622800000, 0x0000000622c00000| Untracked 
| 139|0x0000000622c00000, 0x0000000623000000, 0x0000000623000000|100%| O|  |TAMS 0x0000000622c00000, 0x0000000623000000| Untracked 
| 140|0x0000000623000000, 0x0000000623400000, 0x0000000623400000|100%| O|  |TAMS 0x0000000623000000, 0x0000000623400000| Untracked 
| 141|0x0000000623400000, 0x0000000623800000, 0x0000000623800000|100%| O|  |TAMS 0x0000000623400000, 0x0000000623800000| Untracked 
| 142|0x0000000623800000, 0x0000000623c00000, 0x0000000623c00000|100%| O|  |TAMS 0x0000000623800000, 0x0000000623c00000| Untracked 
| 143|0x0000000623c00000, 0x0000000624000000, 0x0000000624000000|100%| O|  |TAMS 0x0000000623c00000, 0x0000000624000000| Untracked 
| 144|0x0000000624000000, 0x0000000624400000, 0x0000000624400000|100%| O|  |TAMS 0x0000000624000000, 0x0000000624400000| Untracked 
| 145|0x0000000624400000, 0x0000000624800000, 0x0000000624800000|100%| O|  |TAMS 0x0000000624400000, 0x0000000624800000| Untracked 
| 146|0x0000000624800000, 0x0000000624c00000, 0x0000000624c00000|100%| O|  |TAMS 0x0000000624800000, 0x0000000624c00000| Untracked 
| 147|0x0000000624c00000, 0x0000000625000000, 0x0000000625000000|100%| O|  |TAMS 0x0000000624c00000, 0x0000000625000000| Untracked 
| 148|0x0000000625000000, 0x0000000625400000, 0x0000000625400000|100%| O|  |TAMS 0x0000000625000000, 0x0000000625400000| Untracked 
| 149|0x0000000625400000, 0x0000000625800000, 0x0000000625800000|100%| O|  |TAMS 0x0000000625400000, 0x0000000625800000| Untracked 
| 150|0x0000000625800000, 0x0000000625c00000, 0x0000000625c00000|100%| O|  |TAMS 0x0000000625800000, 0x0000000625c00000| Untracked 
| 151|0x0000000625c00000, 0x0000000626000000, 0x0000000626000000|100%| O|  |TAMS 0x0000000625c00000, 0x0000000626000000| Untracked 
| 152|0x0000000626000000, 0x0000000626400000, 0x0000000626400000|100%| O|  |TAMS 0x0000000626000000, 0x0000000626400000| Untracked 
| 153|0x0000000626400000, 0x0000000626800000, 0x0000000626800000|100%| O|  |TAMS 0x0000000626400000, 0x0000000626800000| Untracked 
| 154|0x0000000626800000, 0x0000000626800000, 0x0000000626c00000|  0%| F|  |TAMS 0x0000000626800000, 0x0000000626800000| Untracked 
| 155|0x0000000626c00000, 0x0000000626c00000, 0x0000000627000000|  0%| F|  |TAMS 0x0000000626c00000, 0x0000000626c00000| Untracked 
| 156|0x0000000627000000, 0x0000000627000000, 0x0000000627400000|  0%| F|  |TAMS 0x0000000627000000, 0x0000000627000000| Untracked 
| 157|0x0000000627400000, 0x0000000627400000, 0x0000000627800000|  0%| F|  |TAMS 0x0000000627400000, 0x0000000627400000| Untracked 
| 158|0x0000000627800000, 0x0000000627800000, 0x0000000627c00000|  0%| F|  |TAMS 0x0000000627800000, 0x0000000627800000| Untracked 
| 159|0x0000000627c00000, 0x0000000627c00000, 0x0000000628000000|  0%| F|  |TAMS 0x0000000627c00000, 0x0000000627c00000| Untracked 
| 160|0x0000000628000000, 0x0000000628000000, 0x0000000628400000|  0%| F|  |TAMS 0x0000000628000000, 0x0000000628000000| Untracked 
| 161|0x0000000628400000, 0x0000000628400000, 0x0000000628800000|  0%| F|  |TAMS 0x0000000628400000, 0x0000000628400000| Untracked 
| 162|0x0000000628800000, 0x0000000628800000, 0x0000000628c00000|  0%| F|  |TAMS 0x0000000628800000, 0x0000000628800000| Untracked 
| 163|0x0000000628c00000, 0x0000000628c00000, 0x0000000629000000|  0%| F|  |TAMS 0x0000000628c00000, 0x0000000628c00000| Untracked 
| 164|0x0000000629000000, 0x0000000629000000, 0x0000000629400000|  0%| F|  |TAMS 0x0000000629000000, 0x0000000629000000| Untracked 
| 165|0x0000000629400000, 0x0000000629400000, 0x0000000629800000|  0%| F|  |TAMS 0x0000000629400000, 0x0000000629400000| Untracked 
| 166|0x0000000629800000, 0x0000000629800000, 0x0000000629c00000|  0%| F|  |TAMS 0x0000000629800000, 0x0000000629800000| Untracked 
| 167|0x0000000629c00000, 0x0000000629c00000, 0x000000062a000000|  0%| F|  |TAMS 0x0000000629c00000, 0x0000000629c00000| Untracked 
| 168|0x000000062a000000, 0x000000062a000000, 0x000000062a400000|  0%| F|  |TAMS 0x000000062a000000, 0x000000062a000000| Untracked 
| 169|0x000000062a400000, 0x000000062a400000, 0x000000062a800000|  0%| F|  |TAMS 0x000000062a400000, 0x000000062a400000| Untracked 
| 170|0x000000062a800000, 0x000000062a800000, 0x000000062ac00000|  0%| F|  |TAMS 0x000000062a800000, 0x000000062a800000| Untracked 
| 171|0x000000062ac00000, 0x000000062ac00000, 0x000000062b000000|  0%| F|  |TAMS 0x000000062ac00000, 0x000000062ac00000| Untracked 
| 172|0x000000062b000000, 0x000000062b000000, 0x000000062b400000|  0%| F|  |TAMS 0x000000062b000000, 0x000000062b000000| Untracked 
| 173|0x000000062b400000, 0x000000062b400000, 0x000000062b800000|  0%| F|  |TAMS 0x000000062b400000, 0x000000062b400000| Untracked 
| 174|0x000000062b800000, 0x000000062b800000, 0x000000062bc00000|  0%| F|  |TAMS 0x000000062b800000, 0x000000062b800000| Untracked 
| 175|0x000000062bc00000, 0x000000062bc00000, 0x000000062c000000|  0%| F|  |TAMS 0x000000062bc00000, 0x000000062bc00000| Untracked 
| 176|0x000000062c000000, 0x000000062c000000, 0x000000062c400000|  0%| F|  |TAMS 0x000000062c000000, 0x000000062c000000| Untracked 
| 177|0x000000062c400000, 0x000000062c400000, 0x000000062c800000|  0%| F|  |TAMS 0x000000062c400000, 0x000000062c400000| Untracked 
| 178|0x000000062c800000, 0x000000062c800000, 0x000000062cc00000|  0%| F|  |TAMS 0x000000062c800000, 0x000000062c800000| Untracked 
| 179|0x000000062cc00000, 0x000000062cc00000, 0x000000062d000000|  0%| F|  |TAMS 0x000000062cc00000, 0x000000062cc00000| Untracked 
| 180|0x000000062d000000, 0x000000062d000000, 0x000000062d400000|  0%| F|  |TAMS 0x000000062d000000, 0x000000062d000000| Untracked 
| 181|0x000000062d400000, 0x000000062d400000, 0x000000062d800000|  0%| F|  |TAMS 0x000000062d400000, 0x000000062d400000| Untracked 
| 182|0x000000062d800000, 0x000000062d800000, 0x000000062dc00000|  0%| F|  |TAMS 0x000000062d800000, 0x000000062d800000| Untracked 
| 183|0x000000062dc00000, 0x000000062dc00000, 0x000000062e000000|  0%| F|  |TAMS 0x000000062dc00000, 0x000000062dc00000| Untracked 
| 184|0x000000062e000000, 0x000000062e000000, 0x000000062e400000|  0%| F|  |TAMS 0x000000062e000000, 0x000000062e000000| Untracked 
| 185|0x000000062e400000, 0x000000062e400000, 0x000000062e800000|  0%| F|  |TAMS 0x000000062e400000, 0x000000062e400000| Untracked 
| 186|0x000000062e800000, 0x000000062e800000, 0x000000062ec00000|  0%| F|  |TAMS 0x000000062e800000, 0x000000062e800000| Untracked 
| 187|0x000000062ec00000, 0x000000062ec00000, 0x000000062f000000|  0%| F|  |TAMS 0x000000062ec00000, 0x000000062ec00000| Untracked 
| 188|0x000000062f000000, 0x000000062f000000, 0x000000062f400000|  0%| F|  |TAMS 0x000000062f000000, 0x000000062f000000| Untracked 
| 189|0x000000062f400000, 0x000000062f400000, 0x000000062f800000|  0%| F|  |TAMS 0x000000062f400000, 0x000000062f400000| Untracked 
| 190|0x000000062f800000, 0x000000062f800000, 0x000000062fc00000|  0%| F|  |TAMS 0x000000062f800000, 0x000000062f800000| Untracked 
| 191|0x000000062fc00000, 0x000000062fc00000, 0x0000000630000000|  0%| F|  |TAMS 0x000000062fc00000, 0x000000062fc00000| Untracked 
| 192|0x0000000630000000, 0x0000000630000000, 0x0000000630400000|  0%| F|  |TAMS 0x0000000630000000, 0x0000000630000000| Untracked 
| 193|0x0000000630400000, 0x0000000630400000, 0x0000000630800000|  0%| F|  |TAMS 0x0000000630400000, 0x0000000630400000| Untracked 
| 194|0x0000000630800000, 0x0000000630800000, 0x0000000630c00000|  0%| F|  |TAMS 0x0000000630800000, 0x0000000630800000| Untracked 
| 195|0x0000000630c00000, 0x0000000630c00000, 0x0000000631000000|  0%| F|  |TAMS 0x0000000630c00000, 0x0000000630c00000| Untracked 
| 196|0x0000000631000000, 0x0000000631000000, 0x0000000631400000|  0%| F|  |TAMS 0x0000000631000000, 0x0000000631000000| Untracked 
| 197|0x0000000631400000, 0x0000000631400000, 0x0000000631800000|  0%| F|  |TAMS 0x0000000631400000, 0x0000000631400000| Untracked 
| 198|0x0000000631800000, 0x0000000631800000, 0x0000000631c00000|  0%| F|  |TAMS 0x0000000631800000, 0x0000000631800000| Untracked 
| 199|0x0000000631c00000, 0x0000000631c00000, 0x0000000632000000|  0%| F|  |TAMS 0x0000000631c00000, 0x0000000631c00000| Untracked 
| 200|0x0000000632000000, 0x0000000632000000, 0x0000000632400000|  0%| F|  |TAMS 0x0000000632000000, 0x0000000632000000| Untracked 
| 201|0x0000000632400000, 0x0000000632400000, 0x0000000632800000|  0%| F|  |TAMS 0x0000000632400000, 0x0000000632400000| Untracked 
| 202|0x0000000632800000, 0x0000000632800000, 0x0000000632c00000|  0%| F|  |TAMS 0x0000000632800000, 0x0000000632800000| Untracked 
| 203|0x0000000632c00000, 0x0000000632c00000, 0x0000000633000000|  0%| F|  |TAMS 0x0000000632c00000, 0x0000000632c00000| Untracked 
| 204|0x0000000633000000, 0x0000000633000000, 0x0000000633400000|  0%| F|  |TAMS 0x0000000633000000, 0x0000000633000000| Untracked 
| 205|0x0000000633400000, 0x0000000633400000, 0x0000000633800000|  0%| F|  |TAMS 0x0000000633400000, 0x0000000633400000| Untracked 
| 206|0x0000000633800000, 0x0000000633800000, 0x0000000633c00000|  0%| F|  |TAMS 0x0000000633800000, 0x0000000633800000| Untracked 
| 207|0x0000000633c00000, 0x0000000633c00000, 0x0000000634000000|  0%| F|  |TAMS 0x0000000633c00000, 0x0000000633c00000| Untracked 
| 208|0x0000000634000000, 0x0000000634000000, 0x0000000634400000|  0%| F|  |TAMS 0x0000000634000000, 0x0000000634000000| Untracked 
| 209|0x0000000634400000, 0x0000000634400000, 0x0000000634800000|  0%| F|  |TAMS 0x0000000634400000, 0x0000000634400000| Untracked 
| 210|0x0000000634800000, 0x0000000634800000, 0x0000000634c00000|  0%| F|  |TAMS 0x0000000634800000, 0x0000000634800000| Untracked 
| 211|0x0000000634c00000, 0x0000000634c00000, 0x0000000635000000|  0%| F|  |TAMS 0x0000000634c00000, 0x0000000634c00000| Untracked 
| 212|0x0000000635000000, 0x0000000635000000, 0x0000000635400000|  0%| F|  |TAMS 0x0000000635000000, 0x0000000635000000| Untracked 
| 213|0x0000000635400000, 0x0000000635400000, 0x0000000635800000|  0%| F|  |TAMS 0x0000000635400000, 0x0000000635400000| Untracked 
| 214|0x0000000635800000, 0x0000000635800000, 0x0000000635c00000|  0%| F|  |TAMS 0x0000000635800000, 0x0000000635800000| Untracked 
| 215|0x0000000635c00000, 0x0000000635c00000, 0x0000000636000000|  0%| F|  |TAMS 0x0000000635c00000, 0x0000000635c00000| Untracked 
| 216|0x0000000636000000, 0x0000000636000000, 0x0000000636400000|  0%| F|  |TAMS 0x0000000636000000, 0x0000000636000000| Untracked 
| 217|0x0000000636400000, 0x0000000636400000, 0x0000000636800000|  0%| F|  |TAMS 0x0000000636400000, 0x0000000636400000| Untracked 
| 218|0x0000000636800000, 0x0000000636800000, 0x0000000636c00000|  0%| F|  |TAMS 0x0000000636800000, 0x0000000636800000| Untracked 
| 219|0x0000000636c00000, 0x0000000636c00000, 0x0000000637000000|  0%| F|  |TAMS 0x0000000636c00000, 0x0000000636c00000| Untracked 
| 220|0x0000000637000000, 0x0000000637000000, 0x0000000637400000|  0%| F|  |TAMS 0x0000000637000000, 0x0000000637000000| Untracked 
| 221|0x0000000637400000, 0x0000000637400000, 0x0000000637800000|  0%| F|  |TAMS 0x0000000637400000, 0x0000000637400000| Untracked 
| 222|0x0000000637800000, 0x0000000637800000, 0x0000000637c00000|  0%| F|  |TAMS 0x0000000637800000, 0x0000000637800000| Untracked 
| 223|0x0000000637c00000, 0x0000000637c00000, 0x0000000638000000|  0%| F|  |TAMS 0x0000000637c00000, 0x0000000637c00000| Untracked 
| 224|0x0000000638000000, 0x0000000638000000, 0x0000000638400000|  0%| F|  |TAMS 0x0000000638000000, 0x0000000638000000| Untracked 
| 225|0x0000000638400000, 0x0000000638400000, 0x0000000638800000|  0%| F|  |TAMS 0x0000000638400000, 0x0000000638400000| Untracked 
| 226|0x0000000638800000, 0x0000000638800000, 0x0000000638c00000|  0%| F|  |TAMS 0x0000000638800000, 0x0000000638800000| Untracked 
| 227|0x0000000638c00000, 0x0000000638c00000, 0x0000000639000000|  0%| F|  |TAMS 0x0000000638c00000, 0x0000000638c00000| Untracked 
| 228|0x0000000639000000, 0x0000000639000000, 0x0000000639400000|  0%| F|  |TAMS 0x0000000639000000, 0x0000000639000000| Untracked 
| 229|0x0000000639400000, 0x0000000639400000, 0x0000000639800000|  0%| F|  |TAMS 0x0000000639400000, 0x0000000639400000| Untracked 
| 230|0x0000000639800000, 0x0000000639800000, 0x0000000639c00000|  0%| F|  |TAMS 0x0000000639800000, 0x0000000639800000| Untracked 
| 231|0x0000000639c00000, 0x0000000639c00000, 0x000000063a000000|  0%| F|  |TAMS 0x0000000639c00000, 0x0000000639c00000| Untracked 
| 232|0x000000063a000000, 0x000000063a000000, 0x000000063a400000|  0%| F|  |TAMS 0x000000063a000000, 0x000000063a000000| Untracked 
| 233|0x000000063a400000, 0x000000063a400000, 0x000000063a800000|  0%| F|  |TAMS 0x000000063a400000, 0x000000063a400000| Untracked 
| 234|0x000000063a800000, 0x000000063a800000, 0x000000063ac00000|  0%| F|  |TAMS 0x000000063a800000, 0x000000063a800000| Untracked 
| 235|0x000000063ac00000, 0x000000063ac00000, 0x000000063b000000|  0%| F|  |TAMS 0x000000063ac00000, 0x000000063ac00000| Untracked 
| 236|0x000000063b000000, 0x000000063b000000, 0x000000063b400000|  0%| F|  |TAMS 0x000000063b000000, 0x000000063b000000| Untracked 
| 237|0x000000063b400000, 0x000000063b400000, 0x000000063b800000|  0%| F|  |TAMS 0x000000063b400000, 0x000000063b400000| Untracked 
| 238|0x000000063b800000, 0x000000063b800000, 0x000000063bc00000|  0%| F|  |TAMS 0x000000063b800000, 0x000000063b800000| Untracked 
| 239|0x000000063bc00000, 0x000000063bc00000, 0x000000063c000000|  0%| F|  |TAMS 0x000000063bc00000, 0x000000063bc00000| Untracked 
| 240|0x000000063c000000, 0x000000063c000000, 0x000000063c400000|  0%| F|  |TAMS 0x000000063c000000, 0x000000063c000000| Untracked 
| 241|0x000000063c400000, 0x000000063c400000, 0x000000063c800000|  0%| F|  |TAMS 0x000000063c400000, 0x000000063c400000| Untracked 
| 242|0x000000063c800000, 0x000000063c800000, 0x000000063cc00000|  0%| F|  |TAMS 0x000000063c800000, 0x000000063c800000| Untracked 
| 243|0x000000063cc00000, 0x000000063cc00000, 0x000000063d000000|  0%| F|  |TAMS 0x000000063cc00000, 0x000000063cc00000| Untracked 
| 244|0x000000063d000000, 0x000000063d000000, 0x000000063d400000|  0%| F|  |TAMS 0x000000063d000000, 0x000000063d000000| Untracked 
| 245|0x000000063d400000, 0x000000063d400000, 0x000000063d800000|  0%| F|  |TAMS 0x000000063d400000, 0x000000063d400000| Untracked 
| 246|0x000000063d800000, 0x000000063d800000, 0x000000063dc00000|  0%| F|  |TAMS 0x000000063d800000, 0x000000063d800000| Untracked 
| 247|0x000000063dc00000, 0x000000063dc00000, 0x000000063e000000|  0%| F|  |TAMS 0x000000063dc00000, 0x000000063dc00000| Untracked 
| 248|0x000000063e000000, 0x000000063e000000, 0x000000063e400000|  0%| F|  |TAMS 0x000000063e000000, 0x000000063e000000| Untracked 
| 249|0x000000063e400000, 0x000000063e400000, 0x000000063e800000|  0%| F|  |TAMS 0x000000063e400000, 0x000000063e400000| Untracked 
| 250|0x000000063e800000, 0x000000063e800000, 0x000000063ec00000|  0%| F|  |TAMS 0x000000063e800000, 0x000000063e800000| Untracked 
| 251|0x000000063ec00000, 0x000000063ec00000, 0x000000063f000000|  0%| F|  |TAMS 0x000000063ec00000, 0x000000063ec00000| Untracked 
| 252|0x000000063f000000, 0x000000063f000000, 0x000000063f400000|  0%| F|  |TAMS 0x000000063f000000, 0x000000063f000000| Untracked 
| 253|0x000000063f400000, 0x000000063f400000, 0x000000063f800000|  0%| F|  |TAMS 0x000000063f400000, 0x000000063f400000| Untracked 
| 254|0x000000063f800000, 0x000000063f800000, 0x000000063fc00000|  0%| F|  |TAMS 0x000000063f800000, 0x000000063f800000| Untracked 
| 255|0x000000063fc00000, 0x000000063fc00000, 0x0000000640000000|  0%| F|  |TAMS 0x000000063fc00000, 0x000000063fc00000| Untracked 
| 256|0x0000000640000000, 0x0000000640000000, 0x0000000640400000|  0%| F|  |TAMS 0x0000000640000000, 0x0000000640000000| Untracked 
| 257|0x0000000640400000, 0x0000000640400000, 0x0000000640800000|  0%| F|  |TAMS 0x0000000640400000, 0x0000000640400000| Untracked 
| 258|0x0000000640800000, 0x0000000640800000, 0x0000000640c00000|  0%| F|  |TAMS 0x0000000640800000, 0x0000000640800000| Untracked 
| 259|0x0000000640c00000, 0x0000000640c00000, 0x0000000641000000|  0%| F|  |TAMS 0x0000000640c00000, 0x0000000640c00000| Untracked 
| 260|0x0000000641000000, 0x0000000641000000, 0x0000000641400000|  0%| F|  |TAMS 0x0000000641000000, 0x0000000641000000| Untracked 
| 261|0x0000000641400000, 0x0000000641400000, 0x0000000641800000|  0%| F|  |TAMS 0x0000000641400000, 0x0000000641400000| Untracked 
| 262|0x0000000641800000, 0x0000000641800000, 0x0000000641c00000|  0%| F|  |TAMS 0x0000000641800000, 0x0000000641800000| Untracked 
| 263|0x0000000641c00000, 0x0000000641c00000, 0x0000000642000000|  0%| F|  |TAMS 0x0000000641c00000, 0x0000000641c00000| Untracked 
| 264|0x0000000642000000, 0x0000000642000000, 0x0000000642400000|  0%| F|  |TAMS 0x0000000642000000, 0x0000000642000000| Untracked 
| 265|0x0000000642400000, 0x0000000642400000, 0x0000000642800000|  0%| F|  |TAMS 0x0000000642400000, 0x0000000642400000| Untracked 
| 266|0x0000000642800000, 0x0000000642800000, 0x0000000642c00000|  0%| F|  |TAMS 0x0000000642800000, 0x0000000642800000| Untracked 
| 267|0x0000000642c00000, 0x0000000642c00000, 0x0000000643000000|  0%| F|  |TAMS 0x0000000642c00000, 0x0000000642c00000| Untracked 
| 268|0x0000000643000000, 0x0000000643000000, 0x0000000643400000|  0%| F|  |TAMS 0x0000000643000000, 0x0000000643000000| Untracked 
| 269|0x0000000643400000, 0x0000000643400000, 0x0000000643800000|  0%| F|  |TAMS 0x0000000643400000, 0x0000000643400000| Untracked 
| 270|0x0000000643800000, 0x0000000643800000, 0x0000000643c00000|  0%| F|  |TAMS 0x0000000643800000, 0x0000000643800000| Untracked 
| 271|0x0000000643c00000, 0x0000000643c00000, 0x0000000644000000|  0%| F|  |TAMS 0x0000000643c00000, 0x0000000643c00000| Untracked 
| 272|0x0000000644000000, 0x0000000644000000, 0x0000000644400000|  0%| F|  |TAMS 0x0000000644000000, 0x0000000644000000| Untracked 
| 273|0x0000000644400000, 0x0000000644400000, 0x0000000644800000|  0%| F|  |TAMS 0x0000000644400000, 0x0000000644400000| Untracked 
| 274|0x0000000644800000, 0x0000000644800000, 0x0000000644c00000|  0%| F|  |TAMS 0x0000000644800000, 0x0000000644800000| Untracked 
| 275|0x0000000644c00000, 0x0000000644c00000, 0x0000000645000000|  0%| F|  |TAMS 0x0000000644c00000, 0x0000000644c00000| Untracked 
| 276|0x0000000645000000, 0x0000000645000000, 0x0000000645400000|  0%| F|  |TAMS 0x0000000645000000, 0x0000000645000000| Untracked 
| 277|0x0000000645400000, 0x0000000645400000, 0x0000000645800000|  0%| F|  |TAMS 0x0000000645400000, 0x0000000645400000| Untracked 
| 278|0x0000000645800000, 0x0000000645800000, 0x0000000645c00000|  0%| F|  |TAMS 0x0000000645800000, 0x0000000645800000| Untracked 
| 279|0x0000000645c00000, 0x0000000645c00000, 0x0000000646000000|  0%| F|  |TAMS 0x0000000645c00000, 0x0000000645c00000| Untracked 
| 280|0x0000000646000000, 0x0000000646000000, 0x0000000646400000|  0%| F|  |TAMS 0x0000000646000000, 0x0000000646000000| Untracked 
| 281|0x0000000646400000, 0x0000000646400000, 0x0000000646800000|  0%| F|  |TAMS 0x0000000646400000, 0x0000000646400000| Untracked 
| 282|0x0000000646800000, 0x0000000646800000, 0x0000000646c00000|  0%| F|  |TAMS 0x0000000646800000, 0x0000000646800000| Untracked 
| 283|0x0000000646c00000, 0x0000000646c00000, 0x0000000647000000|  0%| F|  |TAMS 0x0000000646c00000, 0x0000000646c00000| Untracked 
| 284|0x0000000647000000, 0x0000000647000000, 0x0000000647400000|  0%| F|  |TAMS 0x0000000647000000, 0x0000000647000000| Untracked 
| 285|0x0000000647400000, 0x0000000647400000, 0x0000000647800000|  0%| F|  |TAMS 0x0000000647400000, 0x0000000647400000| Untracked 
| 286|0x0000000647800000, 0x0000000647800000, 0x0000000647c00000|  0%| F|  |TAMS 0x0000000647800000, 0x0000000647800000| Untracked 
| 287|0x0000000647c00000, 0x0000000647c00000, 0x0000000648000000|  0%| F|  |TAMS 0x0000000647c00000, 0x0000000647c00000| Untracked 
| 288|0x0000000648000000, 0x0000000648000000, 0x0000000648400000|  0%| F|  |TAMS 0x0000000648000000, 0x0000000648000000| Untracked 
| 289|0x0000000648400000, 0x0000000648400000, 0x0000000648800000|  0%| F|  |TAMS 0x0000000648400000, 0x0000000648400000| Untracked 
| 290|0x0000000648800000, 0x0000000648800000, 0x0000000648c00000|  0%| F|  |TAMS 0x0000000648800000, 0x0000000648800000| Untracked 
| 291|0x0000000648c00000, 0x0000000648c00000, 0x0000000649000000|  0%| F|  |TAMS 0x0000000648c00000, 0x0000000648c00000| Untracked 
| 292|0x0000000649000000, 0x0000000649000000, 0x0000000649400000|  0%| F|  |TAMS 0x0000000649000000, 0x0000000649000000| Untracked 
| 293|0x0000000649400000, 0x0000000649400000, 0x0000000649800000|  0%| F|  |TAMS 0x0000000649400000, 0x0000000649400000| Untracked 
| 294|0x0000000649800000, 0x0000000649800000, 0x0000000649c00000|  0%| F|  |TAMS 0x0000000649800000, 0x0000000649800000| Untracked 
| 295|0x0000000649c00000, 0x0000000649c00000, 0x000000064a000000|  0%| F|  |TAMS 0x0000000649c00000, 0x0000000649c00000| Untracked 
| 296|0x000000064a000000, 0x000000064a000000, 0x000000064a400000|  0%| F|  |TAMS 0x000000064a000000, 0x000000064a000000| Untracked 
| 297|0x000000064a400000, 0x000000064a400000, 0x000000064a800000|  0%| F|  |TAMS 0x000000064a400000, 0x000000064a400000| Untracked 
| 298|0x000000064a800000, 0x000000064a800000, 0x000000064ac00000|  0%| F|  |TAMS 0x000000064a800000, 0x000000064a800000| Untracked 
| 299|0x000000064ac00000, 0x000000064ac00000, 0x000000064b000000|  0%| F|  |TAMS 0x000000064ac00000, 0x000000064ac00000| Untracked 
| 300|0x000000064b000000, 0x000000064b000000, 0x000000064b400000|  0%| F|  |TAMS 0x000000064b000000, 0x000000064b000000| Untracked 
| 301|0x000000064b400000, 0x000000064b400000, 0x000000064b800000|  0%| F|  |TAMS 0x000000064b400000, 0x000000064b400000| Untracked 
| 302|0x000000064b800000, 0x000000064b800000, 0x000000064bc00000|  0%| F|  |TAMS 0x000000064b800000, 0x000000064b800000| Untracked 
| 303|0x000000064bc00000, 0x000000064bc00000, 0x000000064c000000|  0%| F|  |TAMS 0x000000064bc00000, 0x000000064bc00000| Untracked 
| 304|0x000000064c000000, 0x000000064c000000, 0x000000064c400000|  0%| F|  |TAMS 0x000000064c000000, 0x000000064c000000| Untracked 
| 305|0x000000064c400000, 0x000000064c400000, 0x000000064c800000|  0%| F|  |TAMS 0x000000064c400000, 0x000000064c400000| Untracked 
| 306|0x000000064c800000, 0x000000064c800000, 0x000000064cc00000|  0%| F|  |TAMS 0x000000064c800000, 0x000000064c800000| Untracked 
| 307|0x000000064cc00000, 0x000000064cc00000, 0x000000064d000000|  0%| F|  |TAMS 0x000000064cc00000, 0x000000064cc00000| Untracked 
| 308|0x000000064d000000, 0x000000064d000000, 0x000000064d400000|  0%| F|  |TAMS 0x000000064d000000, 0x000000064d000000| Untracked 
| 309|0x000000064d400000, 0x000000064d400000, 0x000000064d800000|  0%| F|  |TAMS 0x000000064d400000, 0x000000064d400000| Untracked 
| 310|0x000000064d800000, 0x000000064d800000, 0x000000064dc00000|  0%| F|  |TAMS 0x000000064d800000, 0x000000064d800000| Untracked 
| 311|0x000000064dc00000, 0x000000064dc00000, 0x000000064e000000|  0%| F|  |TAMS 0x000000064dc00000, 0x000000064dc00000| Untracked 
| 312|0x000000064e000000, 0x000000064e000000, 0x000000064e400000|  0%| F|  |TAMS 0x000000064e000000, 0x000000064e000000| Untracked 
| 313|0x000000064e400000, 0x000000064e400000, 0x000000064e800000|  0%| F|  |TAMS 0x000000064e400000, 0x000000064e400000| Untracked 
| 314|0x000000064e800000, 0x000000064e800000, 0x000000064ec00000|  0%| F|  |TAMS 0x000000064e800000, 0x000000064e800000| Untracked 
| 315|0x000000064ec00000, 0x000000064ec00000, 0x000000064f000000|  0%| F|  |TAMS 0x000000064ec00000, 0x000000064ec00000| Untracked 
| 316|0x000000064f000000, 0x000000064f000000, 0x000000064f400000|  0%| F|  |TAMS 0x000000064f000000, 0x000000064f000000| Untracked 
| 317|0x000000064f400000, 0x000000064f400000, 0x000000064f800000|  0%| F|  |TAMS 0x000000064f400000, 0x000000064f400000| Untracked 
| 318|0x000000064f800000, 0x000000064f800000, 0x000000064fc00000|  0%| F|  |TAMS 0x000000064f800000, 0x000000064f800000| Untracked 
| 319|0x000000064fc00000, 0x000000064fc00000, 0x0000000650000000|  0%| F|  |TAMS 0x000000064fc00000, 0x000000064fc00000| Untracked 
| 320|0x0000000650000000, 0x0000000650000000, 0x0000000650400000|  0%| F|  |TAMS 0x0000000650000000, 0x0000000650000000| Untracked 
| 321|0x0000000650400000, 0x0000000650400000, 0x0000000650800000|  0%| F|  |TAMS 0x0000000650400000, 0x0000000650400000| Untracked 
| 322|0x0000000650800000, 0x0000000650800000, 0x0000000650c00000|  0%| F|  |TAMS 0x0000000650800000, 0x0000000650800000| Untracked 
| 323|0x0000000650c00000, 0x0000000650c00000, 0x0000000651000000|  0%| F|  |TAMS 0x0000000650c00000, 0x0000000650c00000| Untracked 
| 324|0x0000000651000000, 0x0000000651000000, 0x0000000651400000|  0%| F|  |TAMS 0x0000000651000000, 0x0000000651000000| Untracked 
| 325|0x0000000651400000, 0x0000000651400000, 0x0000000651800000|  0%| F|  |TAMS 0x0000000651400000, 0x0000000651400000| Untracked 
| 326|0x0000000651800000, 0x0000000651800000, 0x0000000651c00000|  0%| F|  |TAMS 0x0000000651800000, 0x0000000651800000| Untracked 
| 327|0x0000000651c00000, 0x0000000651c00000, 0x0000000652000000|  0%| F|  |TAMS 0x0000000651c00000, 0x0000000651c00000| Untracked 
| 328|0x0000000652000000, 0x0000000652000000, 0x0000000652400000|  0%| F|  |TAMS 0x0000000652000000, 0x0000000652000000| Untracked 
| 329|0x0000000652400000, 0x0000000652400000, 0x0000000652800000|  0%| F|  |TAMS 0x0000000652400000, 0x0000000652400000| Untracked 
| 330|0x0000000652800000, 0x0000000652800000, 0x0000000652c00000|  0%| F|  |TAMS 0x0000000652800000, 0x0000000652800000| Untracked 
| 331|0x0000000652c00000, 0x0000000652c00000, 0x0000000653000000|  0%| F|  |TAMS 0x0000000652c00000, 0x0000000652c00000| Untracked 
| 332|0x0000000653000000, 0x0000000653000000, 0x0000000653400000|  0%| F|  |TAMS 0x0000000653000000, 0x0000000653000000| Untracked 
| 333|0x0000000653400000, 0x0000000653400000, 0x0000000653800000|  0%| F|  |TAMS 0x0000000653400000, 0x0000000653400000| Untracked 
| 334|0x0000000653800000, 0x0000000653800000, 0x0000000653c00000|  0%| F|  |TAMS 0x0000000653800000, 0x0000000653800000| Untracked 
| 335|0x0000000653c00000, 0x0000000653c00000, 0x0000000654000000|  0%| F|  |TAMS 0x0000000653c00000, 0x0000000653c00000| Untracked 
| 336|0x0000000654000000, 0x0000000654000000, 0x0000000654400000|  0%| F|  |TAMS 0x0000000654000000, 0x0000000654000000| Untracked 
| 337|0x0000000654400000, 0x0000000654400000, 0x0000000654800000|  0%| F|  |TAMS 0x0000000654400000, 0x0000000654400000| Untracked 
| 338|0x0000000654800000, 0x0000000654800000, 0x0000000654c00000|  0%| F|  |TAMS 0x0000000654800000, 0x0000000654800000| Untracked 
| 339|0x0000000654c00000, 0x0000000654c00000, 0x0000000655000000|  0%| F|  |TAMS 0x0000000654c00000, 0x0000000654c00000| Untracked 
| 340|0x0000000655000000, 0x0000000655000000, 0x0000000655400000|  0%| F|  |TAMS 0x0000000655000000, 0x0000000655000000| Untracked 
| 341|0x0000000655400000, 0x0000000655400000, 0x0000000655800000|  0%| F|  |TAMS 0x0000000655400000, 0x0000000655400000| Untracked 
| 342|0x0000000655800000, 0x0000000655800000, 0x0000000655c00000|  0%| F|  |TAMS 0x0000000655800000, 0x0000000655800000| Untracked 
| 343|0x0000000655c00000, 0x0000000655c00000, 0x0000000656000000|  0%| F|  |TAMS 0x0000000655c00000, 0x0000000655c00000| Untracked 
| 344|0x0000000656000000, 0x0000000656000000, 0x0000000656400000|  0%| F|  |TAMS 0x0000000656000000, 0x0000000656000000| Untracked 
| 345|0x0000000656400000, 0x0000000656400000, 0x0000000656800000|  0%| F|  |TAMS 0x0000000656400000, 0x0000000656400000| Untracked 
| 346|0x0000000656800000, 0x0000000656800000, 0x0000000656c00000|  0%| F|  |TAMS 0x0000000656800000, 0x0000000656800000| Untracked 
| 347|0x0000000656c00000, 0x0000000656c00000, 0x0000000657000000|  0%| F|  |TAMS 0x0000000656c00000, 0x0000000656c00000| Untracked 
| 348|0x0000000657000000, 0x0000000657000000, 0x0000000657400000|  0%| F|  |TAMS 0x0000000657000000, 0x0000000657000000| Untracked 
| 349|0x0000000657400000, 0x0000000657400000, 0x0000000657800000|  0%| F|  |TAMS 0x0000000657400000, 0x0000000657400000| Untracked 
| 350|0x0000000657800000, 0x0000000657800000, 0x0000000657c00000|  0%| F|  |TAMS 0x0000000657800000, 0x0000000657800000| Untracked 
| 351|0x0000000657c00000, 0x0000000657c00000, 0x0000000658000000|  0%| F|  |TAMS 0x0000000657c00000, 0x0000000657c00000| Untracked 
| 352|0x0000000658000000, 0x0000000658000000, 0x0000000658400000|  0%| F|  |TAMS 0x0000000658000000, 0x0000000658000000| Untracked 
| 353|0x0000000658400000, 0x0000000658400000, 0x0000000658800000|  0%| F|  |TAMS 0x0000000658400000, 0x0000000658400000| Untracked 
| 354|0x0000000658800000, 0x0000000658800000, 0x0000000658c00000|  0%| F|  |TAMS 0x0000000658800000, 0x0000000658800000| Untracked 
| 355|0x0000000658c00000, 0x0000000658c00000, 0x0000000659000000|  0%| F|  |TAMS 0x0000000658c00000, 0x0000000658c00000| Untracked 
| 356|0x0000000659000000, 0x0000000659000000, 0x0000000659400000|  0%| F|  |TAMS 0x0000000659000000, 0x0000000659000000| Untracked 
| 357|0x0000000659400000, 0x0000000659400000, 0x0000000659800000|  0%| F|  |TAMS 0x0000000659400000, 0x0000000659400000| Untracked 
| 358|0x0000000659800000, 0x0000000659800000, 0x0000000659c00000|  0%| F|  |TAMS 0x0000000659800000, 0x0000000659800000| Untracked 
| 359|0x0000000659c00000, 0x0000000659c00000, 0x000000065a000000|  0%| F|  |TAMS 0x0000000659c00000, 0x0000000659c00000| Untracked 
| 360|0x000000065a000000, 0x000000065a000000, 0x000000065a400000|  0%| F|  |TAMS 0x000000065a000000, 0x000000065a000000| Untracked 
| 361|0x000000065a400000, 0x000000065a400000, 0x000000065a800000|  0%| F|  |TAMS 0x000000065a400000, 0x000000065a400000| Untracked 
| 362|0x000000065a800000, 0x000000065a800000, 0x000000065ac00000|  0%| F|  |TAMS 0x000000065a800000, 0x000000065a800000| Untracked 
| 363|0x000000065ac00000, 0x000000065ac00000, 0x000000065b000000|  0%| F|  |TAMS 0x000000065ac00000, 0x000000065ac00000| Untracked 
| 364|0x000000065b000000, 0x000000065b000000, 0x000000065b400000|  0%| F|  |TAMS 0x000000065b000000, 0x000000065b000000| Untracked 
| 365|0x000000065b400000, 0x000000065b400000, 0x000000065b800000|  0%| F|  |TAMS 0x000000065b400000, 0x000000065b400000| Untracked 
| 366|0x000000065b800000, 0x000000065b800000, 0x000000065bc00000|  0%| F|  |TAMS 0x000000065b800000, 0x000000065b800000| Untracked 
| 367|0x000000065bc00000, 0x000000065bc00000, 0x000000065c000000|  0%| F|  |TAMS 0x000000065bc00000, 0x000000065bc00000| Untracked 
| 368|0x000000065c000000, 0x000000065c000000, 0x000000065c400000|  0%| F|  |TAMS 0x000000065c000000, 0x000000065c000000| Untracked 
| 369|0x000000065c400000, 0x000000065c400000, 0x000000065c800000|  0%| F|  |TAMS 0x000000065c400000, 0x000000065c400000| Untracked 
| 370|0x000000065c800000, 0x000000065c800000, 0x000000065cc00000|  0%| F|  |TAMS 0x000000065c800000, 0x000000065c800000| Untracked 
| 371|0x000000065cc00000, 0x000000065cc00000, 0x000000065d000000|  0%| F|  |TAMS 0x000000065cc00000, 0x000000065cc00000| Untracked 
| 372|0x000000065d000000, 0x000000065d000000, 0x000000065d400000|  0%| F|  |TAMS 0x000000065d000000, 0x000000065d000000| Untracked 
| 373|0x000000065d400000, 0x000000065d400000, 0x000000065d800000|  0%| F|  |TAMS 0x000000065d400000, 0x000000065d400000| Untracked 
| 374|0x000000065d800000, 0x000000065d800000, 0x000000065dc00000|  0%| F|  |TAMS 0x000000065d800000, 0x000000065d800000| Untracked 
| 375|0x000000065dc00000, 0x000000065dc00000, 0x000000065e000000|  0%| F|  |TAMS 0x000000065dc00000, 0x000000065dc00000| Untracked 
| 376|0x000000065e000000, 0x000000065e000000, 0x000000065e400000|  0%| F|  |TAMS 0x000000065e000000, 0x000000065e000000| Untracked 
| 377|0x000000065e400000, 0x000000065e400000, 0x000000065e800000|  0%| F|  |TAMS 0x000000065e400000, 0x000000065e400000| Untracked 
| 378|0x000000065e800000, 0x000000065e800000, 0x000000065ec00000|  0%| F|  |TAMS 0x000000065e800000, 0x000000065e800000| Untracked 
| 379|0x000000065ec00000, 0x000000065ec00000, 0x000000065f000000|  0%| F|  |TAMS 0x000000065ec00000, 0x000000065ec00000| Untracked 
| 380|0x000000065f000000, 0x000000065f000000, 0x000000065f400000|  0%| F|  |TAMS 0x000000065f000000, 0x000000065f000000| Untracked 
| 381|0x000000065f400000, 0x000000065f400000, 0x000000065f800000|  0%| F|  |TAMS 0x000000065f400000, 0x000000065f400000| Untracked 
| 382|0x000000065f800000, 0x000000065f800000, 0x000000065fc00000|  0%| F|  |TAMS 0x000000065f800000, 0x000000065f800000| Untracked 
| 383|0x000000065fc00000, 0x000000065fc00000, 0x0000000660000000|  0%| F|  |TAMS 0x000000065fc00000, 0x000000065fc00000| Untracked 
| 384|0x0000000660000000, 0x0000000660000000, 0x0000000660400000|  0%| F|  |TAMS 0x0000000660000000, 0x0000000660000000| Untracked 
| 385|0x0000000660400000, 0x0000000660400000, 0x0000000660800000|  0%| F|  |TAMS 0x0000000660400000, 0x0000000660400000| Untracked 
| 386|0x0000000660800000, 0x0000000660800000, 0x0000000660c00000|  0%| F|  |TAMS 0x0000000660800000, 0x0000000660800000| Untracked 
| 387|0x0000000660c00000, 0x0000000660c00000, 0x0000000661000000|  0%| F|  |TAMS 0x0000000660c00000, 0x0000000660c00000| Untracked 
| 388|0x0000000661000000, 0x0000000661000000, 0x0000000661400000|  0%| F|  |TAMS 0x0000000661000000, 0x0000000661000000| Untracked 
| 389|0x0000000661400000, 0x0000000661400000, 0x0000000661800000|  0%| F|  |TAMS 0x0000000661400000, 0x0000000661400000| Untracked 
| 390|0x0000000661800000, 0x0000000661800000, 0x0000000661c00000|  0%| F|  |TAMS 0x0000000661800000, 0x0000000661800000| Untracked 
| 391|0x0000000661c00000, 0x0000000661c00000, 0x0000000662000000|  0%| F|  |TAMS 0x0000000661c00000, 0x0000000661c00000| Untracked 
| 392|0x0000000662000000, 0x0000000662000000, 0x0000000662400000|  0%| F|  |TAMS 0x0000000662000000, 0x0000000662000000| Untracked 
| 393|0x0000000662400000, 0x0000000662400000, 0x0000000662800000|  0%| F|  |TAMS 0x0000000662400000, 0x0000000662400000| Untracked 
| 394|0x0000000662800000, 0x0000000662800000, 0x0000000662c00000|  0%| F|  |TAMS 0x0000000662800000, 0x0000000662800000| Untracked 
| 395|0x0000000662c00000, 0x0000000662c00000, 0x0000000663000000|  0%| F|  |TAMS 0x0000000662c00000, 0x0000000662c00000| Untracked 
| 396|0x0000000663000000, 0x0000000663000000, 0x0000000663400000|  0%| F|  |TAMS 0x0000000663000000, 0x0000000663000000| Untracked 
| 397|0x0000000663400000, 0x0000000663400000, 0x0000000663800000|  0%| F|  |TAMS 0x0000000663400000, 0x0000000663400000| Untracked 
| 398|0x0000000663800000, 0x0000000663800000, 0x0000000663c00000|  0%| F|  |TAMS 0x0000000663800000, 0x0000000663800000| Untracked 
| 399|0x0000000663c00000, 0x0000000663c00000, 0x0000000664000000|  0%| F|  |TAMS 0x0000000663c00000, 0x0000000663c00000| Untracked 
| 400|0x0000000664000000, 0x0000000664000000, 0x0000000664400000|  0%| F|  |TAMS 0x0000000664000000, 0x0000000664000000| Untracked 
| 401|0x0000000664400000, 0x0000000664400000, 0x0000000664800000|  0%| F|  |TAMS 0x0000000664400000, 0x0000000664400000| Untracked 
| 402|0x0000000664800000, 0x0000000664800000, 0x0000000664c00000|  0%| F|  |TAMS 0x0000000664800000, 0x0000000664800000| Untracked 
| 403|0x0000000664c00000, 0x0000000664c00000, 0x0000000665000000|  0%| F|  |TAMS 0x0000000664c00000, 0x0000000664c00000| Untracked 
| 404|0x0000000665000000, 0x0000000665000000, 0x0000000665400000|  0%| F|  |TAMS 0x0000000665000000, 0x0000000665000000| Untracked 
| 405|0x0000000665400000, 0x0000000665400000, 0x0000000665800000|  0%| F|  |TAMS 0x0000000665400000, 0x0000000665400000| Untracked 
| 406|0x0000000665800000, 0x0000000665800000, 0x0000000665c00000|  0%| F|  |TAMS 0x0000000665800000, 0x0000000665800000| Untracked 
| 407|0x0000000665c00000, 0x0000000665c00000, 0x0000000666000000|  0%| F|  |TAMS 0x0000000665c00000, 0x0000000665c00000| Untracked 
| 408|0x0000000666000000, 0x0000000666000000, 0x0000000666400000|  0%| F|  |TAMS 0x0000000666000000, 0x0000000666000000| Untracked 
| 409|0x0000000666400000, 0x0000000666400000, 0x0000000666800000|  0%| F|  |TAMS 0x0000000666400000, 0x0000000666400000| Untracked 
| 410|0x0000000666800000, 0x0000000666800000, 0x0000000666c00000|  0%| F|  |TAMS 0x0000000666800000, 0x0000000666800000| Untracked 
| 411|0x0000000666c00000, 0x0000000666c00000, 0x0000000667000000|  0%| F|  |TAMS 0x0000000666c00000, 0x0000000666c00000| Untracked 
| 412|0x0000000667000000, 0x0000000667000000, 0x0000000667400000|  0%| F|  |TAMS 0x0000000667000000, 0x0000000667000000| Untracked 
| 413|0x0000000667400000, 0x0000000667400000, 0x0000000667800000|  0%| F|  |TAMS 0x0000000667400000, 0x0000000667400000| Untracked 
| 414|0x0000000667800000, 0x0000000667800000, 0x0000000667c00000|  0%| F|  |TAMS 0x0000000667800000, 0x0000000667800000| Untracked 
| 415|0x0000000667c00000, 0x0000000667c00000, 0x0000000668000000|  0%| F|  |TAMS 0x0000000667c00000, 0x0000000667c00000| Untracked 
| 416|0x0000000668000000, 0x0000000668000000, 0x0000000668400000|  0%| F|  |TAMS 0x0000000668000000, 0x0000000668000000| Untracked 
| 417|0x0000000668400000, 0x0000000668400000, 0x0000000668800000|  0%| F|  |TAMS 0x0000000668400000, 0x0000000668400000| Untracked 
| 418|0x0000000668800000, 0x0000000668800000, 0x0000000668c00000|  0%| F|  |TAMS 0x0000000668800000, 0x0000000668800000| Untracked 
| 419|0x0000000668c00000, 0x0000000668c00000, 0x0000000669000000|  0%| F|  |TAMS 0x0000000668c00000, 0x0000000668c00000| Untracked 
| 420|0x0000000669000000, 0x0000000669000000, 0x0000000669400000|  0%| F|  |TAMS 0x0000000669000000, 0x0000000669000000| Untracked 
| 421|0x0000000669400000, 0x0000000669400000, 0x0000000669800000|  0%| F|  |TAMS 0x0000000669400000, 0x0000000669400000| Untracked 
| 422|0x0000000669800000, 0x0000000669800000, 0x0000000669c00000|  0%| F|  |TAMS 0x0000000669800000, 0x0000000669800000| Untracked 
| 423|0x0000000669c00000, 0x0000000669c00000, 0x000000066a000000|  0%| F|  |TAMS 0x0000000669c00000, 0x0000000669c00000| Untracked 
| 424|0x000000066a000000, 0x000000066a000000, 0x000000066a400000|  0%| F|  |TAMS 0x000000066a000000, 0x000000066a000000| Untracked 
| 425|0x000000066a400000, 0x000000066a400000, 0x000000066a800000|  0%| F|  |TAMS 0x000000066a400000, 0x000000066a400000| Untracked 
| 426|0x000000066a800000, 0x000000066a800000, 0x000000066ac00000|  0%| F|  |TAMS 0x000000066a800000, 0x000000066a800000| Untracked 
| 427|0x000000066ac00000, 0x000000066ac00000, 0x000000066b000000|  0%| F|  |TAMS 0x000000066ac00000, 0x000000066ac00000| Untracked 
| 428|0x000000066b000000, 0x000000066b000000, 0x000000066b400000|  0%| F|  |TAMS 0x000000066b000000, 0x000000066b000000| Untracked 
| 429|0x000000066b400000, 0x000000066b400000, 0x000000066b800000|  0%| F|  |TAMS 0x000000066b400000, 0x000000066b400000| Untracked 
| 430|0x000000066b800000, 0x000000066b800000, 0x000000066bc00000|  0%| F|  |TAMS 0x000000066b800000, 0x000000066b800000| Untracked 
| 431|0x000000066bc00000, 0x000000066bc00000, 0x000000066c000000|  0%| F|  |TAMS 0x000000066bc00000, 0x000000066bc00000| Untracked 
| 432|0x000000066c000000, 0x000000066c000000, 0x000000066c400000|  0%| F|  |TAMS 0x000000066c000000, 0x000000066c000000| Untracked 
| 433|0x000000066c400000, 0x000000066c400000, 0x000000066c800000|  0%| F|  |TAMS 0x000000066c400000, 0x000000066c400000| Untracked 
| 434|0x000000066c800000, 0x000000066c800000, 0x000000066cc00000|  0%| F|  |TAMS 0x000000066c800000, 0x000000066c800000| Untracked 
| 435|0x000000066cc00000, 0x000000066cc00000, 0x000000066d000000|  0%| F|  |TAMS 0x000000066cc00000, 0x000000066cc00000| Untracked 
| 436|0x000000066d000000, 0x000000066d000000, 0x000000066d400000|  0%| F|  |TAMS 0x000000066d000000, 0x000000066d000000| Untracked 
| 437|0x000000066d400000, 0x000000066d400000, 0x000000066d800000|  0%| F|  |TAMS 0x000000066d400000, 0x000000066d400000| Untracked 
| 438|0x000000066d800000, 0x000000066d800000, 0x000000066dc00000|  0%| F|  |TAMS 0x000000066d800000, 0x000000066d800000| Untracked 
| 439|0x000000066dc00000, 0x000000066dc00000, 0x000000066e000000|  0%| F|  |TAMS 0x000000066dc00000, 0x000000066dc00000| Untracked 
| 440|0x000000066e000000, 0x000000066e000000, 0x000000066e400000|  0%| F|  |TAMS 0x000000066e000000, 0x000000066e000000| Untracked 
| 441|0x000000066e400000, 0x000000066e400000, 0x000000066e800000|  0%| F|  |TAMS 0x000000066e400000, 0x000000066e400000| Untracked 
| 442|0x000000066e800000, 0x000000066e800000, 0x000000066ec00000|  0%| F|  |TAMS 0x000000066e800000, 0x000000066e800000| Untracked 
| 443|0x000000066ec00000, 0x000000066ec00000, 0x000000066f000000|  0%| F|  |TAMS 0x000000066ec00000, 0x000000066ec00000| Untracked 
| 444|0x000000066f000000, 0x000000066f000000, 0x000000066f400000|  0%| F|  |TAMS 0x000000066f000000, 0x000000066f000000| Untracked 
| 445|0x000000066f400000, 0x000000066f400000, 0x000000066f800000|  0%| F|  |TAMS 0x000000066f400000, 0x000000066f400000| Untracked 
| 446|0x000000066f800000, 0x000000066f800000, 0x000000066fc00000|  0%| F|  |TAMS 0x000000066f800000, 0x000000066f800000| Untracked 
| 447|0x000000066fc00000, 0x000000066fc00000, 0x0000000670000000|  0%| F|  |TAMS 0x000000066fc00000, 0x000000066fc00000| Untracked 
| 448|0x0000000670000000, 0x0000000670000000, 0x0000000670400000|  0%| F|  |TAMS 0x0000000670000000, 0x0000000670000000| Untracked 
| 449|0x0000000670400000, 0x0000000670400000, 0x0000000670800000|  0%| F|  |TAMS 0x0000000670400000, 0x0000000670400000| Untracked 
| 450|0x0000000670800000, 0x0000000670800000, 0x0000000670c00000|  0%| F|  |TAMS 0x0000000670800000, 0x0000000670800000| Untracked 
| 451|0x0000000670c00000, 0x0000000670c00000, 0x0000000671000000|  0%| F|  |TAMS 0x0000000670c00000, 0x0000000670c00000| Untracked 
| 452|0x0000000671000000, 0x0000000671000000, 0x0000000671400000|  0%| F|  |TAMS 0x0000000671000000, 0x0000000671000000| Untracked 
| 453|0x0000000671400000, 0x0000000671400000, 0x0000000671800000|  0%| F|  |TAMS 0x0000000671400000, 0x0000000671400000| Untracked 
| 454|0x0000000671800000, 0x0000000671800000, 0x0000000671c00000|  0%| F|  |TAMS 0x0000000671800000, 0x0000000671800000| Untracked 
| 455|0x0000000671c00000, 0x0000000671c00000, 0x0000000672000000|  0%| F|  |TAMS 0x0000000671c00000, 0x0000000671c00000| Untracked 
| 456|0x0000000672000000, 0x0000000672000000, 0x0000000672400000|  0%| F|  |TAMS 0x0000000672000000, 0x0000000672000000| Untracked 
| 457|0x0000000672400000, 0x0000000672400000, 0x0000000672800000|  0%| F|  |TAMS 0x0000000672400000, 0x0000000672400000| Untracked 
| 458|0x0000000672800000, 0x0000000672800000, 0x0000000672c00000|  0%| F|  |TAMS 0x0000000672800000, 0x0000000672800000| Untracked 
| 459|0x0000000672c00000, 0x0000000672c00000, 0x0000000673000000|  0%| F|  |TAMS 0x0000000672c00000, 0x0000000672c00000| Untracked 
| 460|0x0000000673000000, 0x0000000673000000, 0x0000000673400000|  0%| F|  |TAMS 0x0000000673000000, 0x0000000673000000| Untracked 
| 461|0x0000000673400000, 0x0000000673400000, 0x0000000673800000|  0%| F|  |TAMS 0x0000000673400000, 0x0000000673400000| Untracked 
| 462|0x0000000673800000, 0x0000000673800000, 0x0000000673c00000|  0%| F|  |TAMS 0x0000000673800000, 0x0000000673800000| Untracked 
| 463|0x0000000673c00000, 0x0000000673c00000, 0x0000000674000000|  0%| F|  |TAMS 0x0000000673c00000, 0x0000000673c00000| Untracked 
| 464|0x0000000674000000, 0x0000000674000000, 0x0000000674400000|  0%| F|  |TAMS 0x0000000674000000, 0x0000000674000000| Untracked 
| 465|0x0000000674400000, 0x0000000674400000, 0x0000000674800000|  0%| F|  |TAMS 0x0000000674400000, 0x0000000674400000| Untracked 
| 466|0x0000000674800000, 0x0000000674800000, 0x0000000674c00000|  0%| F|  |TAMS 0x0000000674800000, 0x0000000674800000| Untracked 
| 467|0x0000000674c00000, 0x0000000674c00000, 0x0000000675000000|  0%| F|  |TAMS 0x0000000674c00000, 0x0000000674c00000| Untracked 
| 468|0x0000000675000000, 0x0000000675000000, 0x0000000675400000|  0%| F|  |TAMS 0x0000000675000000, 0x0000000675000000| Untracked 
| 469|0x0000000675400000, 0x0000000675400000, 0x0000000675800000|  0%| F|  |TAMS 0x0000000675400000, 0x0000000675400000| Untracked 
| 470|0x0000000675800000, 0x0000000675800000, 0x0000000675c00000|  0%| F|  |TAMS 0x0000000675800000, 0x0000000675800000| Untracked 
| 471|0x0000000675c00000, 0x0000000675c00000, 0x0000000676000000|  0%| F|  |TAMS 0x0000000675c00000, 0x0000000675c00000| Untracked 
| 472|0x0000000676000000, 0x0000000676000000, 0x0000000676400000|  0%| F|  |TAMS 0x0000000676000000, 0x0000000676000000| Untracked 
| 473|0x0000000676400000, 0x0000000676400000, 0x0000000676800000|  0%| F|  |TAMS 0x0000000676400000, 0x0000000676400000| Untracked 
| 474|0x0000000676800000, 0x0000000676800000, 0x0000000676c00000|  0%| F|  |TAMS 0x0000000676800000, 0x0000000676800000| Untracked 
| 475|0x0000000676c00000, 0x0000000676c00000, 0x0000000677000000|  0%| F|  |TAMS 0x0000000676c00000, 0x0000000676c00000| Untracked 
| 476|0x0000000677000000, 0x0000000677000000, 0x0000000677400000|  0%| F|  |TAMS 0x0000000677000000, 0x0000000677000000| Untracked 
| 477|0x0000000677400000, 0x0000000677400000, 0x0000000677800000|  0%| F|  |TAMS 0x0000000677400000, 0x0000000677400000| Untracked 
| 478|0x0000000677800000, 0x0000000677800000, 0x0000000677c00000|  0%| F|  |TAMS 0x0000000677800000, 0x0000000677800000| Untracked 
| 479|0x0000000677c00000, 0x0000000677c00000, 0x0000000678000000|  0%| F|  |TAMS 0x0000000677c00000, 0x0000000677c00000| Untracked 
| 480|0x0000000678000000, 0x0000000678000000, 0x0000000678400000|  0%| F|  |TAMS 0x0000000678000000, 0x0000000678000000| Untracked 
| 481|0x0000000678400000, 0x0000000678400000, 0x0000000678800000|  0%| F|  |TAMS 0x0000000678400000, 0x0000000678400000| Untracked 
| 482|0x0000000678800000, 0x0000000678800000, 0x0000000678c00000|  0%| F|  |TAMS 0x0000000678800000, 0x0000000678800000| Untracked 
| 483|0x0000000678c00000, 0x0000000678c00000, 0x0000000679000000|  0%| F|  |TAMS 0x0000000678c00000, 0x0000000678c00000| Untracked 
| 484|0x0000000679000000, 0x0000000679000000, 0x0000000679400000|  0%| F|  |TAMS 0x0000000679000000, 0x0000000679000000| Untracked 
| 485|0x0000000679400000, 0x0000000679400000, 0x0000000679800000|  0%| F|  |TAMS 0x0000000679400000, 0x0000000679400000| Untracked 
| 486|0x0000000679800000, 0x0000000679800000, 0x0000000679c00000|  0%| F|  |TAMS 0x0000000679800000, 0x0000000679800000| Untracked 
| 487|0x0000000679c00000, 0x0000000679c00000, 0x000000067a000000|  0%| F|  |TAMS 0x0000000679c00000, 0x0000000679c00000| Untracked 
| 488|0x000000067a000000, 0x000000067a000000, 0x000000067a400000|  0%| F|  |TAMS 0x000000067a000000, 0x000000067a000000| Untracked 
| 489|0x000000067a400000, 0x000000067a400000, 0x000000067a800000|  0%| F|  |TAMS 0x000000067a400000, 0x000000067a400000| Untracked 
| 490|0x000000067a800000, 0x000000067a800000, 0x000000067ac00000|  0%| F|  |TAMS 0x000000067a800000, 0x000000067a800000| Untracked 
| 491|0x000000067ac00000, 0x000000067ac00000, 0x000000067b000000|  0%| F|  |TAMS 0x000000067ac00000, 0x000000067ac00000| Untracked 
| 492|0x000000067b000000, 0x000000067b000000, 0x000000067b400000|  0%| F|  |TAMS 0x000000067b000000, 0x000000067b000000| Untracked 
| 493|0x000000067b400000, 0x000000067b400000, 0x000000067b800000|  0%| F|  |TAMS 0x000000067b400000, 0x000000067b400000| Untracked 
| 494|0x000000067b800000, 0x000000067b800000, 0x000000067bc00000|  0%| F|  |TAMS 0x000000067b800000, 0x000000067b800000| Untracked 
| 495|0x000000067bc00000, 0x000000067bc00000, 0x000000067c000000|  0%| F|  |TAMS 0x000000067bc00000, 0x000000067bc00000| Untracked 
| 496|0x000000067c000000, 0x000000067c000000, 0x000000067c400000|  0%| F|  |TAMS 0x000000067c000000, 0x000000067c000000| Untracked 
| 497|0x000000067c400000, 0x000000067c400000, 0x000000067c800000|  0%| F|  |TAMS 0x000000067c400000, 0x000000067c400000| Untracked 
| 498|0x000000067c800000, 0x000000067c800000, 0x000000067cc00000|  0%| F|  |TAMS 0x000000067c800000, 0x000000067c800000| Untracked 
| 499|0x000000067cc00000, 0x000000067cc00000, 0x000000067d000000|  0%| F|  |TAMS 0x000000067cc00000, 0x000000067cc00000| Untracked 
| 500|0x000000067d000000, 0x000000067d000000, 0x000000067d400000|  0%| F|  |TAMS 0x000000067d000000, 0x000000067d000000| Untracked 
| 501|0x000000067d400000, 0x000000067d400000, 0x000000067d800000|  0%| F|  |TAMS 0x000000067d400000, 0x000000067d400000| Untracked 
| 502|0x000000067d800000, 0x000000067d800000, 0x000000067dc00000|  0%| F|  |TAMS 0x000000067d800000, 0x000000067d800000| Untracked 
| 503|0x000000067dc00000, 0x000000067dc00000, 0x000000067e000000|  0%| F|  |TAMS 0x000000067dc00000, 0x000000067dc00000| Untracked 
| 504|0x000000067e000000, 0x000000067e000000, 0x000000067e400000|  0%| F|  |TAMS 0x000000067e000000, 0x000000067e000000| Untracked 
| 505|0x000000067e400000, 0x000000067e400000, 0x000000067e800000|  0%| F|  |TAMS 0x000000067e400000, 0x000000067e400000| Untracked 
| 506|0x000000067e800000, 0x000000067e800000, 0x000000067ec00000|  0%| F|  |TAMS 0x000000067e800000, 0x000000067e800000| Untracked 
| 507|0x000000067ec00000, 0x000000067ec00000, 0x000000067f000000|  0%| F|  |TAMS 0x000000067ec00000, 0x000000067ec00000| Untracked 
| 508|0x000000067f000000, 0x000000067f000000, 0x000000067f400000|  0%| F|  |TAMS 0x000000067f000000, 0x000000067f000000| Untracked 
| 509|0x000000067f400000, 0x000000067f400000, 0x000000067f800000|  0%| F|  |TAMS 0x000000067f400000, 0x000000067f400000| Untracked 
| 510|0x000000067f800000, 0x000000067f800000, 0x000000067fc00000|  0%| F|  |TAMS 0x000000067f800000, 0x000000067f800000| Untracked 
| 511|0x000000067fc00000, 0x000000067fc00000, 0x0000000680000000|  0%| F|  |TAMS 0x000000067fc00000, 0x000000067fc00000| Untracked 
| 512|0x0000000680000000, 0x0000000680000000, 0x0000000680400000|  0%| F|  |TAMS 0x0000000680000000, 0x0000000680000000| Untracked 
| 513|0x0000000680400000, 0x0000000680400000, 0x0000000680800000|  0%| F|  |TAMS 0x0000000680400000, 0x0000000680400000| Untracked 
| 514|0x0000000680800000, 0x0000000680800000, 0x0000000680c00000|  0%| F|  |TAMS 0x0000000680800000, 0x0000000680800000| Untracked 
| 515|0x0000000680c00000, 0x0000000680c00000, 0x0000000681000000|  0%| F|  |TAMS 0x0000000680c00000, 0x0000000680c00000| Untracked 
| 516|0x0000000681000000, 0x0000000681000000, 0x0000000681400000|  0%| F|  |TAMS 0x0000000681000000, 0x0000000681000000| Untracked 
| 517|0x0000000681400000, 0x0000000681400000, 0x0000000681800000|  0%| F|  |TAMS 0x0000000681400000, 0x0000000681400000| Untracked 
| 518|0x0000000681800000, 0x0000000681800000, 0x0000000681c00000|  0%| F|  |TAMS 0x0000000681800000, 0x0000000681800000| Untracked 
| 519|0x0000000681c00000, 0x0000000681c00000, 0x0000000682000000|  0%| F|  |TAMS 0x0000000681c00000, 0x0000000681c00000| Untracked 
| 520|0x0000000682000000, 0x0000000682000000, 0x0000000682400000|  0%| F|  |TAMS 0x0000000682000000, 0x0000000682000000| Untracked 
| 521|0x0000000682400000, 0x0000000682400000, 0x0000000682800000|  0%| F|  |TAMS 0x0000000682400000, 0x0000000682400000| Untracked 
| 522|0x0000000682800000, 0x0000000682800000, 0x0000000682c00000|  0%| F|  |TAMS 0x0000000682800000, 0x0000000682800000| Untracked 
| 523|0x0000000682c00000, 0x0000000682c00000, 0x0000000683000000|  0%| F|  |TAMS 0x0000000682c00000, 0x0000000682c00000| Untracked 
| 524|0x0000000683000000, 0x0000000683000000, 0x0000000683400000|  0%| F|  |TAMS 0x0000000683000000, 0x0000000683000000| Untracked 
| 525|0x0000000683400000, 0x0000000683400000, 0x0000000683800000|  0%| F|  |TAMS 0x0000000683400000, 0x0000000683400000| Untracked 
| 526|0x0000000683800000, 0x0000000683800000, 0x0000000683c00000|  0%| F|  |TAMS 0x0000000683800000, 0x0000000683800000| Untracked 
| 527|0x0000000683c00000, 0x0000000683c00000, 0x0000000684000000|  0%| F|  |TAMS 0x0000000683c00000, 0x0000000683c00000| Untracked 
| 528|0x0000000684000000, 0x0000000684000000, 0x0000000684400000|  0%| F|  |TAMS 0x0000000684000000, 0x0000000684000000| Untracked 
| 529|0x0000000684400000, 0x0000000684400000, 0x0000000684800000|  0%| F|  |TAMS 0x0000000684400000, 0x0000000684400000| Untracked 
| 530|0x0000000684800000, 0x0000000684800000, 0x0000000684c00000|  0%| F|  |TAMS 0x0000000684800000, 0x0000000684800000| Untracked 
| 531|0x0000000684c00000, 0x0000000684c00000, 0x0000000685000000|  0%| F|  |TAMS 0x0000000684c00000, 0x0000000684c00000| Untracked 
| 532|0x0000000685000000, 0x0000000685000000, 0x0000000685400000|  0%| F|  |TAMS 0x0000000685000000, 0x0000000685000000| Untracked 
| 533|0x0000000685400000, 0x0000000685400000, 0x0000000685800000|  0%| F|  |TAMS 0x0000000685400000, 0x0000000685400000| Untracked 
| 534|0x0000000685800000, 0x0000000685800000, 0x0000000685c00000|  0%| F|  |TAMS 0x0000000685800000, 0x0000000685800000| Untracked 
| 535|0x0000000685c00000, 0x0000000685c00000, 0x0000000686000000|  0%| F|  |TAMS 0x0000000685c00000, 0x0000000685c00000| Untracked 
| 536|0x0000000686000000, 0x0000000686000000, 0x0000000686400000|  0%| F|  |TAMS 0x0000000686000000, 0x0000000686000000| Untracked 
| 537|0x0000000686400000, 0x0000000686400000, 0x0000000686800000|  0%| F|  |TAMS 0x0000000686400000, 0x0000000686400000| Untracked 
| 538|0x0000000686800000, 0x0000000686800000, 0x0000000686c00000|  0%| F|  |TAMS 0x0000000686800000, 0x0000000686800000| Untracked 
| 539|0x0000000686c00000, 0x0000000686c00000, 0x0000000687000000|  0%| F|  |TAMS 0x0000000686c00000, 0x0000000686c00000| Untracked 
| 540|0x0000000687000000, 0x0000000687000000, 0x0000000687400000|  0%| F|  |TAMS 0x0000000687000000, 0x0000000687000000| Untracked 
| 541|0x0000000687400000, 0x0000000687400000, 0x0000000687800000|  0%| F|  |TAMS 0x0000000687400000, 0x0000000687400000| Untracked 
| 542|0x0000000687800000, 0x0000000687800000, 0x0000000687c00000|  0%| F|  |TAMS 0x0000000687800000, 0x0000000687800000| Untracked 
| 543|0x0000000687c00000, 0x0000000687c00000, 0x0000000688000000|  0%| F|  |TAMS 0x0000000687c00000, 0x0000000687c00000| Untracked 
| 544|0x0000000688000000, 0x0000000688000000, 0x0000000688400000|  0%| F|  |TAMS 0x0000000688000000, 0x0000000688000000| Untracked 
| 545|0x0000000688400000, 0x0000000688400000, 0x0000000688800000|  0%| F|  |TAMS 0x0000000688400000, 0x0000000688400000| Untracked 
| 546|0x0000000688800000, 0x0000000688800000, 0x0000000688c00000|  0%| F|  |TAMS 0x0000000688800000, 0x0000000688800000| Untracked 
| 547|0x0000000688c00000, 0x0000000688c00000, 0x0000000689000000|  0%| F|  |TAMS 0x0000000688c00000, 0x0000000688c00000| Untracked 
| 548|0x0000000689000000, 0x0000000689000000, 0x0000000689400000|  0%| F|  |TAMS 0x0000000689000000, 0x0000000689000000| Untracked 
| 549|0x0000000689400000, 0x0000000689400000, 0x0000000689800000|  0%| F|  |TAMS 0x0000000689400000, 0x0000000689400000| Untracked 
| 550|0x0000000689800000, 0x0000000689800000, 0x0000000689c00000|  0%| F|  |TAMS 0x0000000689800000, 0x0000000689800000| Untracked 
| 551|0x0000000689c00000, 0x0000000689c00000, 0x000000068a000000|  0%| F|  |TAMS 0x0000000689c00000, 0x0000000689c00000| Untracked 
| 552|0x000000068a000000, 0x000000068a000000, 0x000000068a400000|  0%| F|  |TAMS 0x000000068a000000, 0x000000068a000000| Untracked 
| 553|0x000000068a400000, 0x000000068a400000, 0x000000068a800000|  0%| F|  |TAMS 0x000000068a400000, 0x000000068a400000| Untracked 
| 554|0x000000068a800000, 0x000000068a800000, 0x000000068ac00000|  0%| F|  |TAMS 0x000000068a800000, 0x000000068a800000| Untracked 
| 555|0x000000068ac00000, 0x000000068ad5c3c0, 0x000000068b000000| 34%| S|CS|TAMS 0x000000068ac00000, 0x000000068ac00000| Complete 
| 556|0x000000068b000000, 0x000000068b400000, 0x000000068b400000|100%| S|CS|TAMS 0x000000068b000000, 0x000000068b000000| Complete 
| 557|0x000000068b400000, 0x000000068b800000, 0x000000068b800000|100%| S|CS|TAMS 0x000000068b400000, 0x000000068b400000| Complete 
| 558|0x000000068b800000, 0x000000068b800000, 0x000000068bc00000|  0%| F|  |TAMS 0x000000068b800000, 0x000000068b800000| Untracked 
| 559|0x000000068bc00000, 0x000000068bc00000, 0x000000068c000000|  0%| F|  |TAMS 0x000000068bc00000, 0x000000068bc00000| Untracked 
| 560|0x000000068c000000, 0x000000068c000000, 0x000000068c400000|  0%| F|  |TAMS 0x000000068c000000, 0x000000068c000000| Untracked 
| 561|0x000000068c400000, 0x000000068c400000, 0x000000068c800000|  0%| F|  |TAMS 0x000000068c400000, 0x000000068c400000| Untracked 
| 562|0x000000068c800000, 0x000000068c800000, 0x000000068cc00000|  0%| F|  |TAMS 0x000000068c800000, 0x000000068c800000| Untracked 
| 563|0x000000068cc00000, 0x000000068cc00000, 0x000000068d000000|  0%| F|  |TAMS 0x000000068cc00000, 0x000000068cc00000| Untracked 
| 564|0x000000068d000000, 0x000000068d000000, 0x000000068d400000|  0%| F|  |TAMS 0x000000068d000000, 0x000000068d000000| Untracked 
| 565|0x000000068d400000, 0x000000068d400000, 0x000000068d800000|  0%| F|  |TAMS 0x000000068d400000, 0x000000068d400000| Untracked 
| 566|0x000000068d800000, 0x000000068d800000, 0x000000068dc00000|  0%| F|  |TAMS 0x000000068d800000, 0x000000068d800000| Untracked 
| 567|0x000000068dc00000, 0x000000068dc00000, 0x000000068e000000|  0%| F|  |TAMS 0x000000068dc00000, 0x000000068dc00000| Untracked 
| 568|0x000000068e000000, 0x000000068e000000, 0x000000068e400000|  0%| F|  |TAMS 0x000000068e000000, 0x000000068e000000| Untracked 
| 569|0x000000068e400000, 0x000000068e400000, 0x000000068e800000|  0%| F|  |TAMS 0x000000068e400000, 0x000000068e400000| Untracked 
| 570|0x000000068e800000, 0x000000068e800000, 0x000000068ec00000|  0%| F|  |TAMS 0x000000068e800000, 0x000000068e800000| Untracked 
| 571|0x000000068ec00000, 0x000000068ec00000, 0x000000068f000000|  0%| F|  |TAMS 0x000000068ec00000, 0x000000068ec00000| Untracked 

Card table byte_map: [0x000001fae8970000,0x000001fae9970000] _byte_map_base: 0x000001fae5970000

Marking Bits (Prev, Next): (CMBitMap*) 0x000001fabf358c50, (CMBitMap*) 0x000001fabf358c10
 Prev Bits: [0x000001faf2970000, 0x000001fafa970000)
 Next Bits: [0x000001faea970000, 0x000001faf2970000)

Polling page: 0x000001fabd1a0000

Metaspace:

Usage:
  Non-class:    242.48 MB used.
      Class:     32.89 MB used.
       Both:    275.38 MB used.

Virtual space:
  Non-class space:      256.00 MB reserved,     244.06 MB ( 95%) committed,  4 nodes.
      Class space:        1.00 GB reserved,      34.62 MB (  3%) committed,  1 nodes.
             Both:        1.25 GB reserved,     278.69 MB ( 22%) committed. 

Chunk freelists:
   Non-Class:  3.31 MB
       Class:  1.22 MB
        Both:  4.53 MB

MaxMetaspaceSize: 4.00 GB
CompressedClassSpaceSize: 1.00 GB
Initial GC threshold: 21.00 MB
Current GC threshold: 278.69 MB
CDS: on
MetaspaceReclaimPolicy: balanced
 - commit_granule_bytes: 65536.
 - commit_granule_words: 8192.
 - virtual_space_node_default_size: 8388608.
 - enlarge_chunks_in_place: 1.
 - new_chunks_are_fully_committed: 0.
 - uncommit_free_chunks: 1.
 - use_allocation_guard: 0.


Internal statistics:

num_allocs_failed_limit: 46.
num_arena_births: 6102.
num_arena_deaths: 0.
num_vsnodes_births: 5.
num_vsnodes_deaths: 0.
num_space_committed: 4453.
num_space_uncommitted: 0.
num_chunks_returned_to_freelist: 46.
num_chunks_taken_from_freelist: 18988.
num_chunk_merges: 46.
num_chunk_splits: 12821.
num_chunks_enlarged: 8200.
num_inconsistent_stats: 0.

CodeHeap 'non-profiled nmethods': size=259264Kb used=28693Kb max_used=28885Kb free=230570Kb
 bounds [0x000001fad74d0000, 0x000001fad9110000, 0x000001fae7200000]
CodeHeap 'profiled nmethods': size=259264Kb used=81740Kb max_used=82197Kb free=177523Kb
 bounds [0x000001fac7200000, 0x000001facc260000, 0x000001fad6f30000]
CodeHeap 'non-nmethods': size=5760Kb used=2840Kb max_used=2885Kb free=2919Kb
 bounds [0x000001fad6f30000, 0x000001fad7210000, 0x000001fad74d0000]
 total_blobs=38563 nmethods=37218 adapters=1250
 compilation: enabled
              stopped_count=0, restarted_count=0
 full_count=0

Compilation events (20 events):
Event: 150.421 Thread 0x000001fafd7594b0 nmethod 50087 0x000001facafd8e90 code [0x000001facafd9040, 0x000001facafd9228]
Event: 150.421 Thread 0x000001fafd7594b0 50089       3       com.intellij.lang.impl.PsiBuilderImpl::remapCurrentToken (75 bytes)
Event: 150.421 Thread 0x000001fafd7594b0 nmethod 50089 0x000001facb187f90 code [0x000001facb1881a0, 0x000001facb188798]
Event: 150.421 Thread 0x000001fafd7594b0 50091       3       org.jetbrains.kotlin.parsing.AbstractKotlinParsing::tokenMatches (48 bytes)
Event: 150.422 Thread 0x000001fafd7594b0 nmethod 50091 0x000001facb869710 code [0x000001facb869920, 0x000001facb869f98]
Event: 150.422 Thread 0x000001fafd7594b0 50092       3       com.intellij.lang.impl.PsiBuilderImpl::clearCachedTokenType (6 bytes)
Event: 150.422 Thread 0x000001fafd7594b0 nmethod 50092 0x000001fac9391d90 code [0x000001fac9391f20, 0x000001fac9392058]
Event: 150.422 Thread 0x000001fafd7594b0 50095       3       com.intellij.openapi.progress.ProgressManager::getInstanceOrNull (4 bytes)
Event: 150.422 Thread 0x000001fafd7594b0 nmethod 50095 0x000001fac7272510 code [0x000001fac72726a0, 0x000001fac7272798]
Event: 150.422 Thread 0x000001fafd7594b0 50093       3       com.intellij.openapi.progress.ProgressIndicatorProvider::checkCanceled (4 bytes)
Event: 150.422 Thread 0x000001fafd7594b0 nmethod 50093 0x000001faca5d5010 code [0x000001faca5d51c0, 0x000001faca5d5468]
Event: 150.422 Thread 0x000001fafd7594b0 50094       3       com.intellij.openapi.progress.ProgressManager::checkCanceled (13 bytes)
Event: 150.422 Thread 0x000001fafd7594b0 nmethod 50094 0x000001facb84be10 code [0x000001facb84bfc0, 0x000001facb84c208]
Event: 150.422 Thread 0x000001fafd7594b0 50096       3       com.intellij.lang.impl.PsiBuilderAdapter::advanceLexer (10 bytes)
Event: 150.422 Thread 0x000001fafd7594b0 nmethod 50096 0x000001facb16da90 code [0x000001facb16dc40, 0x000001facb16de28]
Event: 150.422 Thread 0x000001fafd7594b0 50098       3       com.intellij.lang.impl.PsiBuilderImpl::advanceLexer (31 bytes)
Event: 150.423 Thread 0x000001fafd7594b0 nmethod 50098 0x000001facbccbf90 code [0x000001facbccc180, 0x000001facbccc6f8]
Event: 150.423 Thread 0x000001fafd7594b0 50099       3       org.jetbrains.kotlin.parsing.AbstractKotlinParsing::advance (10 bytes)
Event: 150.423 Thread 0x000001fafd7594b0 nmethod 50099 0x000001facb602310 code [0x000001facb6024c0, 0x000001facb602648]
Event: 150.423 Thread 0x000001fafd7594b0 50100       3       org.jetbrains.kotlin.parsing.SemanticWhitespaceAwarePsiBuilderImpl::advanceLexer (56 bytes)

GC Heap History (20 events):
Event: 98.740 GC heap after
{Heap after GC invocations=119 (full 0):
 garbage-first heap   total 2342912K, used 487373K [0x0000000600000000, 0x0000000800000000)
  region size 4096K, 20 young (81920K), 20 survivors (81920K)
 Metaspace       used 185487K, committed 188288K, reserved 1245184K
  class space    used 22984K, committed 24448K, reserved 1048576K
}
Event: 100.705 GC heap before
{Heap before GC invocations=119 (full 0):
 garbage-first heap   total 2342912K, used 1806285K [0x0000000600000000, 0x0000000800000000)
  region size 4096K, 343 young (1404928K), 20 survivors (81920K)
 Metaspace       used 186059K, committed 188864K, reserved 1245184K
  class space    used 23039K, committed 24512K, reserved 1048576K
}
Event: 100.754 GC heap after
{Heap after GC invocations=120 (full 0):
 garbage-first heap   total 2342912K, used 526884K [0x0000000600000000, 0x0000000800000000)
  region size 4096K, 30 young (122880K), 30 survivors (122880K)
 Metaspace       used 186059K, committed 188864K, reserved 1245184K
  class space    used 23039K, committed 24512K, reserved 1048576K
}
Event: 102.718 GC heap before
{Heap before GC invocations=120 (full 0):
 garbage-first heap   total 2342912K, used 1808932K [0x0000000600000000, 0x0000000800000000)
  region size 4096K, 343 young (1404928K), 30 survivors (122880K)
 Metaspace       used 186712K, committed 189568K, reserved 1245184K
  class space    used 23094K, committed 24576K, reserved 1048576K
}
Event: 102.857 GC heap after
{Heap after GC invocations=121 (full 0):
 garbage-first heap   total 2342912K, used 532405K [0x0000000600000000, 0x0000000800000000)
  region size 4096K, 18 young (73728K), 18 survivors (73728K)
 Metaspace       used 186712K, committed 189568K, reserved 1245184K
  class space    used 23094K, committed 24576K, reserved 1048576K
}
Event: 112.787 GC heap before
{Heap before GC invocations=121 (full 0):
 garbage-first heap   total 2342912K, used 1859509K [0x0000000600000000, 0x0000000800000000)
  region size 4096K, 343 young (1404928K), 18 survivors (73728K)
 Metaspace       used 208578K, committed 211648K, reserved 1245184K
  class space    used 25581K, committed 27200K, reserved 1048576K
}
Event: 112.873 GC heap after
{Heap after GC invocations=122 (full 0):
 garbage-first heap   total 2342912K, used 555871K [0x0000000600000000, 0x0000000800000000)
  region size 4096K, 26 young (106496K), 26 survivors (106496K)
 Metaspace       used 208578K, committed 211648K, reserved 1245184K
  class space    used 25581K, committed 27200K, reserved 1048576K
}
Event: 114.537 GC heap before
{Heap before GC invocations=122 (full 0):
 garbage-first heap   total 2342912K, used 1854303K [0x0000000600000000, 0x0000000800000000)
  region size 4096K, 343 young (1404928K), 26 survivors (106496K)
 Metaspace       used 209203K, committed 212224K, reserved 1245184K
  class space    used 25630K, committed 27264K, reserved 1048576K
}
Event: 114.638 GC heap after
{Heap after GC invocations=123 (full 0):
 garbage-first heap   total 2342912K, used 572550K [0x0000000600000000, 0x0000000800000000)
  region size 4096K, 26 young (106496K), 26 survivors (106496K)
 Metaspace       used 209203K, committed 212224K, reserved 1245184K
  class space    used 25630K, committed 27264K, reserved 1048576K
}
Event: 119.557 GC heap before
{Heap before GC invocations=123 (full 0):
 garbage-first heap   total 2342912K, used 1870982K [0x0000000600000000, 0x0000000800000000)
  region size 4096K, 343 young (1404928K), 26 survivors (106496K)
 Metaspace       used 210325K, committed 213440K, reserved 1245184K
  class space    used 25781K, committed 27392K, reserved 1048576K
}
Event: 119.655 GC heap after
{Heap after GC invocations=124 (full 0):
 garbage-first heap   total 2342912K, used 561700K [0x0000000600000000, 0x0000000800000000)
  region size 4096K, 14 young (57344K), 14 survivors (57344K)
 Metaspace       used 210325K, committed 213440K, reserved 1245184K
  class space    used 25781K, committed 27392K, reserved 1048576K
}
Event: 128.254 GC heap before
{Heap before GC invocations=124 (full 0):
 garbage-first heap   total 2342912K, used 1909284K [0x0000000600000000, 0x0000000800000000)
  region size 4096K, 343 young (1404928K), 14 survivors (57344K)
 Metaspace       used 224950K, committed 228160K, reserved 1310720K
  class space    used 27266K, committed 28928K, reserved 1048576K
}
Event: 128.312 GC heap after
{Heap after GC invocations=125 (full 0):
 garbage-first heap   total 2342912K, used 592635K [0x0000000600000000, 0x0000000800000000)
  region size 4096K, 20 young (81920K), 20 survivors (81920K)
 Metaspace       used 224950K, committed 228160K, reserved 1310720K
  class space    used 27266K, committed 28928K, reserved 1048576K
}
Event: 133.039 GC heap before
{Heap before GC invocations=125 (full 0):
 garbage-first heap   total 2342912K, used 1911547K [0x0000000600000000, 0x0000000800000000)
  region size 4096K, 343 young (1404928K), 20 survivors (81920K)
 Metaspace       used 230697K, committed 233920K, reserved 1310720K
  class space    used 27875K, committed 29568K, reserved 1048576K
}
Event: 133.202 GC heap after
{Heap after GC invocations=126 (full 0):
 garbage-first heap   total 2342912K, used 610377K [0x0000000600000000, 0x0000000800000000)
  region size 4096K, 25 young (102400K), 25 survivors (102400K)
 Metaspace       used 230697K, committed 233920K, reserved 1310720K
  class space    used 27875K, committed 29568K, reserved 1048576K
}
Event: 148.097 GC heap before
{Heap before GC invocations=126 (full 0):
 garbage-first heap   total 2342912K, used 1925193K [0x0000000600000000, 0x0000000800000000)
  region size 4096K, 343 young (1404928K), 25 survivors (102400K)
 Metaspace       used 279185K, committed 282688K, reserved 1310720K
  class space    used 33208K, committed 35008K, reserved 1048576K
}
Event: 149.222 GC heap after
{Heap after GC invocations=127 (full 0):
 garbage-first heap   total 2342912K, used 634534K [0x0000000600000000, 0x0000000800000000)
  region size 4096K, 27 young (110592K), 27 survivors (110592K)
 Metaspace       used 279185K, committed 282688K, reserved 1310720K
  class space    used 33208K, committed 35008K, reserved 1048576K
}
Event: 149.233 GC heap before
{Heap before GC invocations=127 (full 0):
 garbage-first heap   total 2342912K, used 638630K [0x0000000600000000, 0x0000000800000000)
  region size 4096K, 28 young (114688K), 27 survivors (110592K)
 Metaspace       used 279185K, committed 282688K, reserved 1310720K
  class space    used 33208K, committed 35008K, reserved 1048576K
}
Event: 149.613 GC heap after
{Heap after GC invocations=128 (full 0):
 garbage-first heap   total 2342912K, used 638546K [0x0000000600000000, 0x0000000800000000)
  region size 4096K, 3 young (12288K), 3 survivors (12288K)
 Metaspace       used 279185K, committed 282688K, reserved 1310720K
  class space    used 33208K, committed 35008K, reserved 1048576K
}
Event: 150.425 GC heap before
{Heap before GC invocations=128 (full 0):
 garbage-first heap   total 2342912K, used 675410K [0x0000000600000000, 0x0000000800000000)
  region size 4096K, 14 young (57344K), 3 survivors (12288K)
 Metaspace       used 281985K, committed 285376K, reserved 1310720K
  class space    used 33680K, committed 35456K, reserved 1048576K
}

Dll operation events (16 events):
Event: 0.011 Loaded shared library C:\Program Files\Java\jdk-19\bin\java.dll
Event: 0.017 Loaded shared library C:\Program Files\Java\jdk-19\bin\jsvml.dll
Event: 0.056 Loaded shared library C:\Program Files\Java\jdk-19\bin\zip.dll
Event: 0.058 Loaded shared library C:\Program Files\Java\jdk-19\bin\instrument.dll
Event: 0.062 Loaded shared library C:\Program Files\Java\jdk-19\bin\net.dll
Event: 0.064 Loaded shared library C:\Program Files\Java\jdk-19\bin\nio.dll
Event: 0.066 Loaded shared library C:\Program Files\Java\jdk-19\bin\zip.dll
Event: 0.238 Loaded shared library C:\Program Files\Java\jdk-19\bin\jimage.dll
Event: 0.323 Loaded shared library C:\Program Files\Java\jdk-19\bin\verify.dll
Event: 0.405 Loaded shared library C:\Users\RAHUL\.gradle\native\c067742578af261105cb4f569cf0c3c89f3d7b1fecec35dd04571415982c5e48\windows-amd64\native-platform.dll
Event: 0.415 Loaded shared library C:\Users\RAHUL\.gradle\native\100fb08df4bc3b14c8652ba06237920a3bd2aa13389f12d3474272988ae205f9\windows-amd64\native-platform-file-events.dll
Event: 1.293 Loaded shared library C:\Program Files\Java\jdk-19\bin\management.dll
Event: 1.295 Loaded shared library C:\Program Files\Java\jdk-19\bin\management_ext.dll
Event: 1.448 Loaded shared library C:\Program Files\Java\jdk-19\bin\extnet.dll
Event: 1.668 Loaded shared library C:\Program Files\Java\jdk-19\bin\sunmscapi.dll
Event: 131.290 Loaded shared library C:\Program Files\Java\jdk-19\bin\rmi.dll

Deoptimization events (20 events):
Event: 150.292 Thread 0x000001fa98400630 Uncommon trap: trap_request=0xffffffc6 fr.pc=0x000001fad75ddde4 relative=0x0000000000000224
Event: 150.292 Thread 0x000001fa98400630 Uncommon trap: reason=bimorphic_or_optimized_type_check action=maybe_recompile pc=0x000001fad75ddde4 method=java.lang.Character.codePointAt(Ljava/lang/CharSequence;I)I @ 2 c2
Event: 150.292 Thread 0x000001fa98400630 DEOPT PACKING pc=0x000001fad75ddde4 sp=0x00000056becfc920
Event: 150.292 Thread 0x000001fa98400630 DEOPT UNPACKING pc=0x000001fad6f96da3 sp=0x00000056becfc8d8 mode 2
Event: 150.335 Thread 0x000001fa983f96a0 Uncommon trap: trap_request=0xffffffde fr.pc=0x000001fad8f46088 relative=0x0000000000000068
Event: 150.335 Thread 0x000001fa983f96a0 Uncommon trap: reason=class_check action=maybe_recompile pc=0x000001fad8f46088 method=java.util.LinkedHashMap.afterNodeInsertion(Z)V @ 15 c2
Event: 150.335 Thread 0x000001fa983f96a0 DEOPT PACKING pc=0x000001fad8f46088 sp=0x00000056be1fcd50
Event: 150.335 Thread 0x000001fa983f96a0 DEOPT UNPACKING pc=0x000001fad6f96da3 sp=0x00000056be1fccc8 mode 2
Event: 150.338 Thread 0x000001fa87629200 DEOPT PACKING pc=0x000001fac9813cb4 sp=0x00000056b7dfbac0
Event: 150.338 Thread 0x000001fa87629200 DEOPT UNPACKING pc=0x000001fad6f97543 sp=0x00000056b7dfb060 mode 0
Event: 150.339 Thread 0x000001fa87629200 DEOPT PACKING pc=0x000001fad8f7fb84 sp=0x00000056b7dfbff0
Event: 150.339 Thread 0x000001fa87629200 DEOPT UNPACKING pc=0x000001fad6f97543 sp=0x00000056b7dfb498 mode 0
Event: 150.339 Thread 0x000001fa87629200 DEOPT PACKING pc=0x000001facbdba244 sp=0x00000056b7dfc360
Event: 150.339 Thread 0x000001fa87629200 DEOPT UNPACKING pc=0x000001fad6f97543 sp=0x00000056b7dfb8b0 mode 0
Event: 150.344 Thread 0x000001fa8570c6c0 DEOPT PACKING pc=0x000001fac96e1854 sp=0x00000056ba6fdbb0
Event: 150.344 Thread 0x000001fa8570c6c0 DEOPT UNPACKING pc=0x000001fad6f97543 sp=0x00000056ba6fd0c0 mode 0
Event: 150.366 Thread 0x000001fa8570c6c0 Uncommon trap: trap_request=0xffffff45 fr.pc=0x000001fad8e2d004 relative=0x0000000000000d64
Event: 150.366 Thread 0x000001fa8570c6c0 Uncommon trap: reason=unstable_if action=reinterpret pc=0x000001fad8e2d004 method=sun.nio.ch.FileChannelImpl.read(Ljava/nio/ByteBuffer;)I @ 197 c2
Event: 150.366 Thread 0x000001fa8570c6c0 DEOPT PACKING pc=0x000001fad8e2d004 sp=0x00000056ba6fb2e0
Event: 150.366 Thread 0x000001fa8570c6c0 DEOPT UNPACKING pc=0x000001fad6f96da3 sp=0x00000056ba6fb288 mode 2

Classes loaded (20 events):
Event: 141.062 Loading class javax/management/NotCompliantMBeanException
Event: 141.062 Loading class javax/management/NotCompliantMBeanException done
Event: 141.062 Loading class javax/management/AttributeNotFoundException
Event: 141.062 Loading class javax/management/AttributeNotFoundException done
Event: 141.062 Loading class javax/management/ReflectionException
Event: 141.063 Loading class javax/management/ReflectionException done
Event: 141.063 Loading class javax/management/InstanceNotFoundException
Event: 141.063 Loading class javax/management/InstanceNotFoundException done
Event: 142.981 Loading class java/time/format/DateTimeParseException
Event: 142.982 Loading class java/time/format/DateTimeParseException done
Event: 145.587 Loading class java/util/concurrent/RejectedExecutionException
Event: 145.591 Loading class java/util/concurrent/RejectedExecutionException done
Event: 146.911 Loading class java/util/concurrent/atomic/AtomicIntegerFieldUpdater
Event: 146.914 Loading class java/util/concurrent/atomic/AtomicIntegerFieldUpdater done
Event: 146.915 Loading class java/util/concurrent/atomic/AtomicIntegerFieldUpdater$AtomicIntegerFieldUpdaterImpl
Event: 146.916 Loading class java/util/concurrent/atomic/AtomicIntegerFieldUpdater$AtomicIntegerFieldUpdaterImpl done
Event: 146.916 Loading class java/util/concurrent/atomic/AtomicIntegerFieldUpdater$AtomicIntegerFieldUpdaterImpl$1
Event: 146.918 Loading class java/util/concurrent/atomic/AtomicIntegerFieldUpdater$AtomicIntegerFieldUpdaterImpl$1 done
Event: 149.636 Loading class sun/rmi/transport/DGCClient$EndpointEntry$CleanRequest
Event: 149.639 Loading class sun/rmi/transport/DGCClient$EndpointEntry$CleanRequest done

Classes unloaded (0 events):
No events

Classes redefined (0 events):
No events

Internal exceptions (20 events):
Event: 147.967 Thread 0x000001fa983f96a0 Exception <a 'sun/nio/fs/WindowsException'{0x00000006402cb128}> (0x00000006402cb128) 
thrown [s\open\src\hotspot\share\prims\jni.cpp, line 517]
Event: 148.091 Thread 0x000001fa98401620 Exception <a 'sun/nio/fs/WindowsException'{0x000000063fb7c478}> (0x000000063fb7c478) 
thrown [s\open\src\hotspot\share\prims\jni.cpp, line 517]
Event: 149.974 Thread 0x000001fa99387fd0 Implicit null exception at 0x000001fad7573554 to 0x000001fad75738e4
Event: 149.979 Thread 0x000001fa99388520 Implicit null exception at 0x000001fad88fa5fd to 0x000001fad88fa6d8
Event: 150.360 Thread 0x000001fa86c5d330 Exception <a 'sun/nio/fs/WindowsException'{0x000000068bda3f60}> (0x000000068bda3f60) 
thrown [s\open\src\hotspot\share\prims\jni.cpp, line 517]
Event: 150.363 Thread 0x000001fa86c5d330 Exception <a 'sun/nio/fs/WindowsException'{0x000000068bda5138}> (0x000000068bda5138) 
thrown [s\open\src\hotspot\share\prims\jni.cpp, line 517]
Event: 150.364 Thread 0x000001fa86c5d330 Exception <a 'sun/nio/fs/WindowsException'{0x000000068bda51c8}> (0x000000068bda51c8) 
thrown [s\open\src\hotspot\share\prims\jni.cpp, line 517]
Event: 150.364 Thread 0x000001fa86c5d330 Exception <a 'sun/nio/fs/WindowsException'{0x000000068bda56c8}> (0x000000068bda56c8) 
thrown [s\open\src\hotspot\share\prims\jni.cpp, line 517]
Event: 150.380 Thread 0x000001fa983fabe0 Exception <a 'sun/nio/fs/WindowsException'{0x000000068be98090}> (0x000000068be98090) 
thrown [s\open\src\hotspot\share\prims\jni.cpp, line 517]
Event: 150.380 Thread 0x000001fa983fabe0 Exception <a 'sun/nio/fs/WindowsException'{0x000000068be98310}> (0x000000068be98310) 
thrown [s\open\src\hotspot\share\prims\jni.cpp, line 517]
Event: 150.380 Thread 0x000001fa983fabe0 Exception <a 'sun/nio/fs/WindowsException'{0x000000068be983d0}> (0x000000068be983d0) 
thrown [s\open\src\hotspot\share\prims\jni.cpp, line 517]
Event: 150.380 Thread 0x000001fa983fabe0 Exception <a 'sun/nio/fs/WindowsException'{0x000000068be988d0}> (0x000000068be988d0) 
thrown [s\open\src\hotspot\share\prims\jni.cpp, line 517]
Event: 150.417 Thread 0x000001fa87629200 Exception <a 'sun/nio/fs/WindowsException'{0x000000068bfea680}> (0x000000068bfea680) 
thrown [s\open\src\hotspot\share\prims\jni.cpp, line 517]
Event: 150.417 Thread 0x000001fa87629200 Exception <a 'sun/nio/fs/WindowsException'{0x000000068bfeb5a8}> (0x000000068bfeb5a8) 
thrown [s\open\src\hotspot\share\prims\jni.cpp, line 517]
Event: 150.417 Thread 0x000001fa87629200 Exception <a 'sun/nio/fs/WindowsException'{0x000000068bfeb638}> (0x000000068bfeb638) 
thrown [s\open\src\hotspot\share\prims\jni.cpp, line 517]
Event: 150.418 Thread 0x000001fa87629200 Exception <a 'sun/nio/fs/WindowsException'{0x000000068bff6130}> (0x000000068bff6130) 
thrown [s\open\src\hotspot\share\prims\jni.cpp, line 517]
Event: 150.421 Thread 0x000001fa983fe100 Exception <a 'sun/nio/fs/WindowsException'{0x000000068b833220}> (0x000000068b833220) 
thrown [s\open\src\hotspot\share\prims\jni.cpp, line 517]
Event: 150.421 Thread 0x000001fa983fe100 Exception <a 'sun/nio/fs/WindowsException'{0x000000068b8334a0}> (0x000000068b8334a0) 
thrown [s\open\src\hotspot\share\prims\jni.cpp, line 517]
Event: 150.421 Thread 0x000001fa983fe100 Exception <a 'sun/nio/fs/WindowsException'{0x000000068b833560}> (0x000000068b833560) 
thrown [s\open\src\hotspot\share\prims\jni.cpp, line 517]
Event: 150.421 Thread 0x000001fa983fe100 Exception <a 'sun/nio/fs/WindowsException'{0x000000068b83b958}> (0x000000068b83b958) 
thrown [s\open\src\hotspot\share\prims\jni.cpp, line 517]

VM Operations (20 events):
Event: 145.292 Executing VM operation: Cleanup done
Event: 146.714 Executing VM operation: HandshakeAllThreads
Event: 146.716 Executing VM operation: HandshakeAllThreads done
Event: 146.716 Executing VM operation: Cleanup
Event: 146.717 Executing VM operation: Cleanup done
Event: 147.690 Executing VM operation: HandshakeAllThreads
Event: 147.696 Executing VM operation: HandshakeAllThreads done
Event: 147.696 Executing VM operation: HandshakeAllThreads
Event: 147.697 Executing VM operation: HandshakeAllThreads done
Event: 148.093 Executing VM operation: G1CollectForAllocation
Event: 149.224 Executing VM operation: G1CollectForAllocation done
Event: 149.230 Executing VM operation: G1CollectForAllocation
Event: 149.613 Executing VM operation: G1CollectForAllocation done
Event: 149.943 Executing VM operation: HandshakeAllThreads
Event: 149.964 Executing VM operation: HandshakeAllThreads done
Event: 149.965 Executing VM operation: HandshakeAllThreads
Event: 149.966 Executing VM operation: HandshakeAllThreads done
Event: 150.405 Executing VM operation: HandshakeAllThreads
Event: 150.406 Executing VM operation: HandshakeAllThreads done
Event: 150.423 Executing VM operation: CollectForMetadataAllocation

Events (20 events):
Event: 150.387 Thread 0x000001fafd7629a0 flushing nmethod 0x000001facb925310
Event: 150.389 Thread 0x000001fafd7629a0 flushing nmethod 0x000001facba03790
Event: 150.390 Thread 0x000001fafd7629a0 flushing nmethod 0x000001facba5cd90
Event: 150.390 Thread 0x000001fafd7629a0 flushing nmethod 0x000001facbaa9190
Event: 150.391 Thread 0x000001fafd7629a0 flushing nmethod 0x000001facbad0190
Event: 150.391 Thread 0x000001fafd7629a0 flushing nmethod 0x000001facbad0c10
Event: 150.391 Thread 0x000001fafd7629a0 flushing nmethod 0x000001facbb03290
Event: 150.392 Thread 0x000001fafd7629a0 flushing nmethod 0x000001facbb80b90
Event: 150.392 Thread 0x000001fafd7629a0 flushing nmethod 0x000001facbb85990
Event: 150.394 Thread 0x000001fafd7629a0 flushing nmethod 0x000001facbcc5b10
Event: 150.394 Thread 0x000001fafd7629a0 flushing nmethod 0x000001facbcc6210
Event: 150.394 Thread 0x000001fafd7629a0 flushing nmethod 0x000001facbcc6790
Event: 150.394 Thread 0x000001fafd7629a0 flushing nmethod 0x000001facbccbf90
Event: 150.394 Thread 0x000001fafd7629a0 flushing nmethod 0x000001facbd4c610
Event: 150.395 Thread 0x000001fafd7629a0 flushing nmethod 0x000001facbda6690
Event: 150.396 Thread 0x000001fafd7629a0 flushing nmethod 0x000001facbe93410
Event: 150.396 Thread 0x000001fafd7629a0 flushing nmethod 0x000001facbed9510
Event: 150.396 Thread 0x000001fafd7629a0 flushing nmethod 0x000001facbf27f10
Event: 150.396 Thread 0x000001fafd7629a0 flushing nmethod 0x000001facbf28790
Event: 150.396 Thread 0x000001fafd7629a0 flushing nmethod 0x000001facbf2c010


Dynamic libraries:
0x00007ff6c5980000 - 0x00007ff6c5990000 	C:\Program Files\Java\jdk-19\bin\java.exe
0x00007ffb0a9c0000 - 0x00007ffb0ac29000 	C:\WINDOWS\SYSTEM32\ntdll.dll
0x00007ffb088c0000 - 0x00007ffb08989000 	C:\WINDOWS\System32\KERNEL32.DLL
0x00007ffb07f40000 - 0x00007ffb08333000 	C:\WINDOWS\System32\KERNELBASE.dll
0x00007ffb07b50000 - 0x00007ffb07c9b000 	C:\WINDOWS\System32\ucrtbase.dll
0x00007ffa96190000 - 0x00007ffa961ab000 	C:\Program Files\Java\jdk-19\bin\VCRUNTIME140.dll
0x00007ffa9b880000 - 0x00007ffa9b898000 	C:\Program Files\Java\jdk-19\bin\jli.dll
0x00007ffb0a250000 - 0x00007ffb0a304000 	C:\WINDOWS\System32\ADVAPI32.dll
0x00007ffb094c0000 - 0x00007ffb09569000 	C:\WINDOWS\System32\msvcrt.dll
0x00007ffb09390000 - 0x00007ffb09436000 	C:\WINDOWS\System32\sechost.dll
0x00007ffb08ed0000 - 0x00007ffb08fe8000 	C:\WINDOWS\System32\RPCRT4.dll
0x00007ffb095a0000 - 0x00007ffb09764000 	C:\WINDOWS\System32\USER32.dll
0x00007ffb07f10000 - 0x00007ffb07f37000 	C:\WINDOWS\System32\win32u.dll
0x00007ffaee070000 - 0x00007ffaee303000 	C:\WINDOWS\WinSxS\amd64_microsoft.windows.common-controls_6595b64144ccf1df_6.0.26100.5074_none_3e0d6f78e32fd63f\COMCTL32.dll
0x00007ffb09570000 - 0x00007ffb0959b000 	C:\WINDOWS\System32\GDI32.dll
0x00007ffb07de0000 - 0x00007ffb07f0d000 	C:\WINDOWS\System32\gdi32full.dll
0x00007ffb07ca0000 - 0x00007ffb07d43000 	C:\WINDOWS\System32\msvcp_win.dll
0x00007ffb00d80000 - 0x00007ffb00d8b000 	C:\WINDOWS\SYSTEM32\VERSION.dll
0x00007ffb08c30000 - 0x00007ffb08c5f000 	C:\WINDOWS\System32\IMM32.DLL
0x00007ffac6480000 - 0x00007ffac648c000 	C:\Program Files\Java\jdk-19\bin\vcruntime140_1.dll
0x00007ffa88870000 - 0x00007ffa888fe000 	C:\Program Files\Java\jdk-19\bin\msvcp140.dll
0x00007ffa49a20000 - 0x00007ffa4a6e0000 	C:\Program Files\Java\jdk-19\bin\server\jvm.dll
0x00007ffb00d40000 - 0x00007ffb00d75000 	C:\WINDOWS\SYSTEM32\WINMM.dll
0x00007ffae2fd0000 - 0x00007ffae2fda000 	C:\WINDOWS\SYSTEM32\WSOCK32.dll
0x00007ffb08b60000 - 0x00007ffb08bd4000 	C:\WINDOWS\System32\WS2_32.dll
0x00007ffb06930000 - 0x00007ffb0694b000 	C:\WINDOWS\SYSTEM32\kernel.appcore.dll
0x00007ffac4f00000 - 0x00007ffac4f0a000 	C:\Program Files\Java\jdk-19\bin\jimage.dll
0x00007ffafadc0000 - 0x00007ffafb002000 	C:\WINDOWS\SYSTEM32\DBGHELP.DLL
0x00007ffb09770000 - 0x00007ffb09aeb000 	C:\WINDOWS\System32\combase.dll
0x00007ffb08990000 - 0x00007ffb08a67000 	C:\WINDOWS\System32\OLEAUT32.dll
0x00007ffae7b60000 - 0x00007ffae7b9d000 	C:\WINDOWS\SYSTEM32\dbgcore.DLL
0x00007ffb08340000 - 0x00007ffb083d9000 	C:\WINDOWS\System32\bcryptPrimitives.dll
0x00007ffaf7fc0000 - 0x00007ffaf7fce000 	C:\Program Files\Java\jdk-19\bin\instrument.dll
0x00007ffa88760000 - 0x00007ffa88786000 	C:\Program Files\Java\jdk-19\bin\java.dll
0x00007ffa70d80000 - 0x00007ffa70e57000 	C:\Program Files\Java\jdk-19\bin\jsvml.dll
0x00007ffb09b00000 - 0x00007ffb0a24d000 	C:\WINDOWS\System32\SHELL32.dll
0x00007ffb083e0000 - 0x00007ffb0854c000 	C:\WINDOWS\System32\wintypes.dll
0x00007ffb057f0000 - 0x00007ffb06049000 	C:\WINDOWS\SYSTEM32\windows.storage.dll
0x00007ffb087b0000 - 0x00007ffb088a0000 	C:\WINDOWS\System32\SHCORE.dll
0x00007ffb08ff0000 - 0x00007ffb09052000 	C:\WINDOWS\System32\shlwapi.dll
0x00007ffb07a70000 - 0x00007ffb07a99000 	C:\WINDOWS\SYSTEM32\profapi.dll
0x00007ffa88740000 - 0x00007ffa88758000 	C:\Program Files\Java\jdk-19\bin\zip.dll
0x00007ffa95b90000 - 0x00007ffa95ba3000 	C:\Program Files\Java\jdk-19\bin\net.dll
0x00007ffafd150000 - 0x00007ffafd26f000 	C:\WINDOWS\SYSTEM32\WINHTTP.dll
0x00007ffb06eb0000 - 0x00007ffb06f1b000 	C:\WINDOWS\system32\mswsock.dll
0x00007ffa95840000 - 0x00007ffa95856000 	C:\Program Files\Java\jdk-19\bin\nio.dll
0x00007ffb02b90000 - 0x00007ffb02ba0000 	C:\Program Files\Java\jdk-19\bin\verify.dll
0x00007ffaeccb0000 - 0x00007ffaeccd7000 	C:\Users\RAHUL\.gradle\native\c067742578af261105cb4f569cf0c3c89f3d7b1fecec35dd04571415982c5e48\windows-amd64\native-platform.dll
0x00007ffaa7a00000 - 0x00007ffaa7b44000 	C:\Users\RAHUL\.gradle\native\100fb08df4bc3b14c8652ba06237920a3bd2aa13389f12d3474272988ae205f9\windows-amd64\native-platform-file-events.dll
0x00007ffac4eb0000 - 0x00007ffac4eba000 	C:\Program Files\Java\jdk-19\bin\management.dll
0x00007ffaaba30000 - 0x00007ffaaba3b000 	C:\Program Files\Java\jdk-19\bin\management_ext.dll
0x00007ffb09200000 - 0x00007ffb09208000 	C:\WINDOWS\System32\PSAPI.DLL
0x00007ffb07150000 - 0x00007ffb0716b000 	C:\WINDOWS\SYSTEM32\CRYPTSP.dll
0x00007ffb06890000 - 0x00007ffb068cb000 	C:\WINDOWS\system32\rsaenh.dll
0x00007ffb06f50000 - 0x00007ffb06f7b000 	C:\WINDOWS\SYSTEM32\USERENV.dll
0x00007ffb07a40000 - 0x00007ffb07a66000 	C:\WINDOWS\SYSTEM32\bcrypt.dll
0x00007ffb07170000 - 0x00007ffb0717c000 	C:\WINDOWS\SYSTEM32\CRYPTBASE.dll
0x00007ffb06350000 - 0x00007ffb06384000 	C:\WINDOWS\SYSTEM32\IPHLPAPI.DLL
0x00007ffb088b0000 - 0x00007ffb088ba000 	C:\WINDOWS\System32\NSI.dll
0x00007ffafdb60000 - 0x00007ffafdb7e000 	C:\WINDOWS\SYSTEM32\dhcpcsvc6.DLL
0x00007ffafd490000 - 0x00007ffafd4b3000 	C:\WINDOWS\SYSTEM32\dhcpcsvc.DLL
0x00007ffb063e0000 - 0x00007ffb06506000 	C:\WINDOWS\SYSTEM32\DNSAPI.dll
0x00007ffaab5b0000 - 0x00007ffaab5b8000 	C:\Program Files\Java\jdk-19\bin\extnet.dll
0x00007ffaf47d0000 - 0x00007ffaf47de000 	C:\Program Files\Java\jdk-19\bin\sunmscapi.dll
0x00007ffb08550000 - 0x00007ffb086c7000 	C:\WINDOWS\System32\CRYPT32.dll
0x00007ffb07370000 - 0x00007ffb073a0000 	C:\WINDOWS\SYSTEM32\ncrypt.dll
0x00007ffb07320000 - 0x00007ffb0735f000 	C:\WINDOWS\SYSTEM32\NTASN1.dll
0x00007ffae68e0000 - 0x00007ffae68e8000 	C:\WINDOWS\system32\wshunix.dll
0x00007ffae2320000 - 0x00007ffae2338000 	C:\WINDOWS\system32\napinsp.dll
0x00007ffae17d0000 - 0x00007ffae17e2000 	C:\WINDOWS\System32\winrnr.dll
0x00007ffae15b0000 - 0x00007ffae15d8000 	C:\WINDOWS\system32\nlansp_c.dll
0x00007ffafe2a0000 - 0x00007ffafe2b6000 	C:\WINDOWS\system32\wshbth.dll
0x0000000050010000 - 0x0000000050036000 	C:\Program Files\Bonjour\mdnsNSP.dll
0x00007ffafe290000 - 0x00007ffafe29b000 	C:\Windows\System32\rasadhlp.dll
0x00007ffafc3f0000 - 0x00007ffafc476000 	C:\WINDOWS\System32\fwpuclnt.dll
0x00007ffb06a50000 - 0x00007ffb06a86000 	C:\WINDOWS\SYSTEM32\ntmarta.dll
0x00007ffaabac0000 - 0x00007ffaabac7000 	C:\Program Files\Java\jdk-19\bin\rmi.dll

dbghelp: loaded successfully - version: 4.0.5 - missing functions: none
symbol engine: initialized successfully - sym options: 0x614 - pdb path: .;C:\Program Files\Java\jdk-19\bin;C:\WINDOWS\SYSTEM32;C:\WINDOWS\WinSxS\amd64_microsoft.windows.common-controls_6595b64144ccf1df_6.0.26100.5074_none_3e0d6f78e32fd63f;C:\Program Files\Java\jdk-19\bin\server;C:\Users\RAHUL\.gradle\native\c067742578af261105cb4f569cf0c3c89f3d7b1fecec35dd04571415982c5e48\windows-amd64;C:\Users\RAHUL\.gradle\native\100fb08df4bc3b14c8652ba06237920a3bd2aa13389f12d3474272988ae205f9\windows-amd64;C:\Program Files\Bonjour

VM Arguments:
jvm_args: -XX:MaxMetaspaceSize=4G -XX:ReservedCodeCacheSize=512m -XX:+HeapDumpOnOutOfMemoryError --add-opens=java.base/java.util=ALL-UNNAMED --add-opens=java.base/java.lang=ALL-UNNAMED --add-opens=java.base/java.lang.invoke=ALL-UNNAMED --add-opens=java.prefs/java.util.prefs=ALL-UNNAMED --add-exports=jdk.compiler/com.sun.tools.javac.api=ALL-UNNAMED --add-exports=jdk.compiler/com.sun.tools.javac.util=ALL-UNNAMED --add-opens=java.base/java.nio.charset=ALL-UNNAMED --add-opens=java.base/java.net=ALL-UNNAMED --add-opens=java.base/java.util.concurrent.atomic=ALL-UNNAMED -Xmx8G -Dfile.encoding=UTF-8 -Duser.country=IN -Duser.language=en -Duser.variant -javaagent:C:\Users\RAHUL\.gradle\wrapper\dists\gradle-8.10.2-all\7iv73wktx1xtkvlq19urqw1wm\gradle-8.10.2\lib\agents\gradle-instrumentation-agent-8.10.2.jar 
java_command: org.gradle.launcher.daemon.bootstrap.GradleDaemon 8.10.2
java_class_path (initial): C:\Users\RAHUL\.gradle\wrapper\dists\gradle-8.10.2-all\7iv73wktx1xtkvlq19urqw1wm\gradle-8.10.2\lib\gradle-daemon-main-8.10.2.jar
Launcher Type: SUN_STANDARD

[Global flags]
     intx CICompilerCount                          = 4                                         {product} {ergonomic}
     uint ConcGCThreads                            = 3                                         {product} {ergonomic}
     uint G1ConcRefinementThreads                  = 10                                        {product} {ergonomic}
   size_t G1HeapRegionSize                         = 4194304                                   {product} {ergonomic}
    uintx GCDrainStackTargetSize                   = 64                                        {product} {ergonomic}
     bool HeapDumpOnOutOfMemoryError               = true                                   {manageable} {command line}
   size_t InitialHeapSize                          = 125829120                                 {product} {ergonomic}
   size_t MarkStackSize                            = 4194304                                   {product} {ergonomic}
   size_t MaxHeapSize                              = 8589934592                                {product} {command line}
   size_t MaxMetaspaceSize                         = 4294967296                                {product} {command line}
   size_t MaxNewSize                               = 5150605312                                {product} {ergonomic}
   size_t MinHeapDeltaBytes                        = 4194304                                   {product} {ergonomic}
   size_t MinHeapSize                              = 8388608                                   {product} {ergonomic}
    uintx NonNMethodCodeHeapSize                   = 5839372                                {pd product} {ergonomic}
    uintx NonProfiledCodeHeapSize                  = 265515770                              {pd product} {ergonomic}
    uintx ProfiledCodeHeapSize                     = 265515770                              {pd product} {ergonomic}
    uintx ReservedCodeCacheSize                    = 536870912                              {pd product} {command line}
     bool SegmentedCodeCache                       = true                                      {product} {ergonomic}
   size_t SoftMaxHeapSize                          = 8589934592                             {manageable} {ergonomic}
   double SweeperThreshold                         = 0.234375                                  {product} {ergonomic}
     bool UseCompressedClassPointers               = true                           {product lp64_product} {ergonomic}
     bool UseCompressedOops                        = true                           {product lp64_product} {ergonomic}
     bool UseG1GC                                  = true                                      {product} {ergonomic}
     bool UseLargePagesIndividualAllocation        = false                                  {pd product} {ergonomic}

Logging:
Log output configuration:
 #0: stdout all=warning uptime,level,tags foldmultilines=false
 #1: stderr all=off uptime,level,tags foldmultilines=false

Environment Variables:
JAVA_HOME=C:\Program Files\Java\jdk-19
CLASSPATH=L:\flutter Projects\moodmate\moodmate\android\\gradle\wrapper\gradle-wrapper.jar
PATH=C:\Program Files\Java\jdk-19\bin;L:\flutter sdk\flutter\bin\;C:\Program Files\Java\jdk-19\bin;C:\Program Files\Common Files\Oracle\Java\javapath;C:\windows\system32;C:\windows;C:\windows\System32\Wbem;C:\windows\System32\WindowsPowerShell\v1.0\;C:\windows\System32\OpenSSH\;C:\Program Files (x86)\NVIDIA Corporation\PhysX\Common;C:\Program Files\NVIDIA Corporation\NVIDIA NvDLISR;C:\MinGW\bin;C:\WINDOWS\system32;C:\WINDOWS;C:\WINDOWS\System32\Wbem;C:\WINDOWS\System32\WindowsPowerShell\v1.0\;C:\WINDOWS\System32\OpenSSH\;L:\android studio\flutter\bin;C:\Users\RAHUL\AppData\Local\Pub\Cache\bin;C:\Program Files\Git\cmd;C:\Program Files (x86)\Incredibuild;C:\Program Files (x86)\Windows Kits\10\Windows Performance Toolkit\;L:\Nodejs\;C:\Users\RAHUL\AppData\Local\Programs\Eclipse Adoptium\jdk-17.0.12.7-hotspot\bin;C:\Users\RAHUL\AppData\Local\Programs\Eclipse Adoptium\jdk-17.0.16.8-hotspot\bin;C:\Users\RAHUL\AppData\Local\Programs\Python\Launcher\;C:\Users\RAHUL\AppData\Local\Microsoft\WindowsApps;C:\Users\RAHUL\AppData\Local\Programs\Microsoft VS Code\bin;C:\Users\RAHUL\AppData\Local\Microsoft\WindowsApps;C:\Users\RAHUL\AppData\Local\GitHubDesktop\bin;L:\flutter apps\new\flutter\bin;L:\android studio\flutter\bin;C:\Users\RAHUL\AppData\Roaming\npm;c:\Users\RAHUL\AppData\Roaming\Code\User\globalStorage\github.copilot-chat\debugCommand;L:\flutter sdk\flutter\bin\mingit\cmd
USERNAME=RAHUL
LANG=en_US.UTF-8
OS=Windows_NT
PROCESSOR_IDENTIFIER=AMD64 Family 25 Model 80 Stepping 0, AuthenticAMD
TMP=C:\Users\RAHUL\AppData\Local\Temp
TEMP=C:\Users\RAHUL\AppData\Local\Temp



---------------  S Y S T E M  ---------------

OS:
 Windows 11 , 64 bit Build 26100 (10.0.26100.5074)
OS uptime: 1 days 8:26 hours

CPU: total 12 (initial active 12) (12 cores per cpu, 2 threads per core) family 25 model 80 stepping 0 microcode 0xa50000d, cx8, cmov, fxsr, ht, mmx, 3dnowpref, sse, sse2, sse3, ssse3, sse4a, sse4.1, sse4.2, popcnt, lzcnt, tsc, tscinvbit, avx, avx2, aes, erms, clmul, bmi1, bmi2, adx, sha, fma, vzeroupper, clflush, clflushopt, rdtscp, rdpid, fsrm

Memory: 4k page, system-wide physical 7521M (26M free)
TotalPageFile size 31073M (AvailPageFile size 1088M)
current process WorkingSet (physical memory assigned to process): 411M, peak: 2146M
current process commit charge ("private bytes"): 3097M, peak: 5289M

vm_info: Java HotSpot(TM) 64-Bit Server VM (19.0.1+10-21) for windows-amd64 JRE (19.0.1+10-21), built on 2022-09-14T12:45:06Z by "mach5one" with MS VC++ 17.1 (VS2022)

END.
