#
# There is insufficient memory for the Java Runtime Environment to continue.
# Native memory allocation (mmap) failed to map 1283457024 bytes for G1 virtual space
# Possible reasons:
#   The system is out of physical RAM or swap space
#   The process is running with CompressedOops enabled, and the Java Heap may be blocking the growth of the native heap
# Possible solutions:
#   Reduce memory load on the system
#   Increase physical memory or swap space
#   Check if swap backing store is full
#   Decrease Java heap size (-Xmx/-Xms)
#   Decrease number of Java threads
#   Decrease Java thread stack sizes (-Xss)
#   Set larger code cache with -XX:ReservedCodeCacheSize=
#   JVM is running with Zero Based Compressed Oops mode in which the Java heap is
#     placed in the first 32GB address space. The Java Heap base address is the
#     maximum limit for the native heap growth. Please use -XX:HeapBaseMinAddress
#     to set the Java Heap base and to place the Java Heap above 32GB virtual address.
# This output file may be truncated or incomplete.
#
#  Out of Memory Error (os_windows.cpp:3527), pid=5324, tid=15460
#
# JRE version: Java(TM) SE Runtime Environment (19.0.1+10) (build 19.0.1+10-21)
# Java VM: Java HotSpot(TM) 64-Bit Server VM (19.0.1+10-21, mixed mode, sharing, tiered, compressed oops, compressed class ptrs, g1 gc, windows-amd64)
# No core dump will be written. Minidumps are not enabled by default on client versions of Windows
#

---------------  S U M M A R Y ------------

Command Line: -XX:MaxMetaspaceSize=4G -XX:ReservedCodeCacheSize=512m -XX:+HeapDumpOnOutOfMemoryError --add-opens=java.base/java.util=ALL-UNNAMED --add-opens=java.base/java.lang=ALL-UNNAMED --add-opens=java.base/java.lang.invoke=ALL-UNNAMED --add-opens=java.prefs/java.util.prefs=ALL-UNNAMED --add-exports=jdk.compiler/com.sun.tools.javac.api=ALL-UNNAMED --add-exports=jdk.compiler/com.sun.tools.javac.util=ALL-UNNAMED --add-opens=java.base/java.nio.charset=ALL-UNNAMED --add-opens=java.base/java.net=ALL-UNNAMED --add-opens=java.base/java.util.concurrent.atomic=ALL-UNNAMED -Xmx8G -Dfile.encoding=UTF-8 -Duser.country=IN -Duser.language=en -Duser.variant -javaagent:C:\Users\RAHUL\.gradle\wrapper\dists\gradle-8.10.2-all\7iv73wktx1xtkvlq19urqw1wm\gradle-8.10.2\lib\agents\gradle-instrumentation-agent-8.10.2.jar org.gradle.launcher.daemon.bootstrap.GradleDaemon 8.10.2

Host: AMD Ryzen 5 5600H with Radeon Graphics         , 12 cores, 7G,  Windows 11 , 64 bit Build 26100 (10.0.26100.5074)
Time: Mon Sep 22 17:38:02 2025 India Standard Time elapsed time: 1346.099629 seconds (0d 0h 22m 26s)

---------------  T H R E A D  ---------------

Current thread (0x000001f8fc2d0580):  VMThread "VM Thread" [stack: 0x00000049b9400000,0x00000049b9500000] [id=15460]

Stack: [0x00000049b9400000,0x00000049b9500000]
Native frames: (J=compiled Java code, j=interpreted, Vv=VM code, C=native code)
V  [jvm.dll+0x6ee8fa]
V  [jvm.dll+0x857a1e]
V  [jvm.dll+0x85940e]
V  [jvm.dll+0x859ac3]
V  [jvm.dll+0x28291f]
V  [jvm.dll+0x6eb6e9]
V  [jvm.dll+0x6e028a]
V  [jvm.dll+0x357136]
V  [jvm.dll+0x35eb96]
V  [jvm.dll+0x3b555e]
V  [jvm.dll+0x3b578f]
V  [jvm.dll+0x32c6ea]
V  [jvm.dll+0x32c797]
V  [jvm.dll+0x374b52]
V  [jvm.dll+0x37328f]
V  [jvm.dll+0x32bf10]
V  [jvm.dll+0x37282b]
V  [jvm.dll+0x85ef83]
V  [jvm.dll+0x85fd49]
V  [jvm.dll+0x86027d]
V  [jvm.dll+0x86070b]
V  [jvm.dll+0x8607c7]
V  [jvm.dll+0x8015fa]
V  [jvm.dll+0x6ed5eb]
C  [ucrtbase.dll+0x37b0]
C  [KERNEL32.DLL+0x2e8d7]
C  [ntdll.dll+0x8d9c]

VM_Operation (0x00000049c58fcdb0): G1CollectForAllocation, mode: safepoint, requested by thread 0x000001f8ae8b3470


---------------  P R O C E S S  ---------------

Threads class SMR info:
_java_thread_list=0x000001f8b0470e90, length=231, elements={
0x000001f8e6a972d0, 0x000001f8fc2ed1c0, 0x000001f8fc2ee760, 0x000001f8fc2f4ec0,
0x000001f8fc2f7800, 0x000001f8fc2f8ca0, 0x000001f8fc2fa140, 0x000001f8fc307a40,
0x000001f8fc2fc1f0, 0x000001f8fc2fd6d0, 0x000001f8feff7a50, 0x000001f8ff1554b0,
0x000001f8acea3380, 0x000001f8ace4b970, 0x000001f8acf4a360, 0x000001f8ace03930,
0x000001f8ace05e60, 0x000001f8ace04e70, 0x000001f8addd9af0, 0x000001f8addd8b00,
0x000001f8addd85b0, 0x000001f8ae743850, 0x000001f8ae8aa9b0, 0x000001f8b1804360,
0x000001f8b1800e40, 0x000001f8b1805df0, 0x000001f8b1804e00, 0x000001f8b1806340,
0x000001f8b1807330, 0x000001f8ae8af960, 0x000001f8b77ae170, 0x000001f8ff3412e0,
0x000001f8ff3422d0, 0x000001f8ff3402f0, 0x000001f8ff341830, 0x000001f8ff341d80,
0x000001f8ff33e860, 0x000001f8ff342820, 0x000001f8ff33edb0, 0x000001f8ff3432c0,
0x000001f8ff342d70, 0x000001f8ff33f850, 0x000001f8ff343810, 0x000001f8ff343d60,
0x000001f8ff3457f0, 0x000001f8ff346290, 0x000001f8ff3442b0, 0x000001f8ff344800,
0x000001f8ff344d50, 0x000001f8ff345d40, 0x000001f8b77ae6c0, 0x000001f8b77aec10,
0x000001f8b77af160, 0x000001f8b77afc00, 0x000001f8b77ac190, 0x000001f8b77b0150,
0x000001f8b77adc20, 0x000001f8b77b06a0, 0x000001f8b77acc30, 0x000001f8b77b2130,
0x000001f8b77b1be0, 0x000001f8b77b3bc0, 0x000001f8b77b1690, 0x000001f8b77b2680,
0x000001f8b77b4110, 0x000001f8b77b0bf0, 0x000001f8b77b7b80, 0x000001f8b77b5650,
0x000001f8b77b80d0, 0x000001f8b77b6640, 0x000001f8b77b6b90, 0x000001f8b77b60f0,
0x000001f8b77b70e0, 0x000001f8b77b4660, 0x000001f8b77b8620, 0x000001f8b77b4bb0,
0x000001f8b77b5ba0, 0x000001f8b77b90c0, 0x000001f8b77b9610, 0x000001f8b77b9b60,
0x000001f8b77b8b70, 0x000001f8b77ba600, 0x000001f8b77ba0b0, 0x000001f8ad2b2590,
0x000001f8ad2b4020, 0x000001f8ad2b3ad0, 0x000001f8ad2b2ae0, 0x000001f8ad2b1af0,
0x000001f8ad2b4570, 0x000001f8ad2b0b00, 0x000001f8ad2b1050, 0x000001f8ad2b4ac0,
0x000001f8ad2b3030, 0x000001f8ad2b5010, 0x000001f8ad2b3580, 0x000001f8ad2b15a0,
0x000001f8ad2b5560, 0x000001f8ad2b2040, 0x000001f8ad2b7a90, 0x000001f8ad2b6550,
0x000001f8ad2b7540, 0x000001f8ad2b6ff0, 0x000001f8ae745d80, 0x000001f8ae744840,
0x000001f8ae744d90, 0x000001f8ae743300, 0x000001f8ae7462d0, 0x000001f8ae742860,
0x000001f8ae746820, 0x000001f8ae742db0, 0x000001f8ae749d40, 0x000001f8ae746d70,
0x000001f8ae7472c0, 0x000001f8ae747810, 0x000001f8ae747d60, 0x000001f8ae7482b0,
0x000001f8ae748800, 0x000001f8ae748d50, 0x000001f8ae7492a0, 0x000001f8ae7497f0,
0x000001f8addd9050, 0x000001f8addd8060, 0x000001f8addd6b20, 0x000001f8addd7070,
0x000001f8adddcac0, 0x000001f8adddd560, 0x000001f8adddc570, 0x000001f8adddb580,
0x000001f8adddd010, 0x000001f8adddbad0, 0x000001f8adddc020, 0x000001f8addde000,
0x000001f8b1801390, 0x000001f8b1803370, 0x000001f8b18003a0, 0x000001f8b1802380,
0x000001f8b18038c0, 0x000001f8b1802e20, 0x000001f8b17ffe50, 0x000001f8b1803e10,
0x000001f8b1805350, 0x000001f8b18018e0, 0x000001f8b1801e30, 0x000001f8ae8ab450,
0x000001f8ae8a89d0, 0x000001f8ae8ad430, 0x000001f8ae8ae420, 0x000001f8ae8aded0,
0x000001f8ae8af410, 0x000001f8ae8aeec0, 0x000001f8ae8ac990, 0x000001f8ae8ae970,
0x000001f8ae8acee0, 0x000001f8ae8ad980, 0x000001f8ace043d0, 0x000001f8ace053c0,
0x000001f8ace04920, 0x000001f8ace05910, 0x000001f8ace06900, 0x000001f8ff3452a0,
0x000001f8b6aec8e0, 0x000001f8b6aee370, 0x000001f8b6aee8c0, 0x000001f8b6aeb8f0,
0x000001f8b6aece30, 0x000001f8b6aede20, 0x000001f8b6aef360, 0x000001f8b6aec390,
0x000001f8b6aeee10, 0x000001f8b6aebe40, 0x000001f8b6aefe00, 0x000001f8b6af0350,
0x000001f8b6af08a0, 0x000001f8b6af0df0, 0x000001f8b6aed380, 0x000001f8b6af1340,
0x000001f8b6aed8d0, 0x000001f8b6af1890, 0x000001f8b6af1de0, 0x000001f8b6af2880,
0x000001f8b6af2dd0, 0x000001f8b6af3320, 0x000001f8ace033e0, 0x000001f8ae8b19e0,
0x000001f8ae8b3470, 0x000001f8ae8b1490, 0x000001f8ae8b39c0, 0x000001f8ae8b1f30,
0x000001f8ae8b2480, 0x000001f8ae8b0f40, 0x000001f8ae8b2f20, 0x000001f8ae8b3f10,
0x000001f8ae8b5450, 0x000001f8ae8b4f00, 0x000001f8ae8b59a0, 0x000001f8ae8b5ef0,
0x000001f8ae8b6ee0, 0x000001f8ae8b7430, 0x000001f8ae8b7980, 0x000001f8ae743da0,
0x000001f8c16cbaf0, 0x000001f8c16c95c0, 0x000001f8c16c9070, 0x000001f8c16c8080,
0x000001f8c16ca5b0, 0x000001f8c16ca060, 0x000001f8c16cb050, 0x000001f8c16c8b20,
0x000001f8c16cdad0, 0x000001f8c16ccae0, 0x000001f8c16cd030, 0x000001f8c16cb5a0,
0x000001f8c16cf010, 0x000001f8c16cfab0, 0x000001f8c16cd580, 0x000001f8c16d0550,
0x000001f8c16d2a80, 0x000001f8c16d3a70, 0x000001f8c16d0aa0, 0x000001f8c16d0000,
0x000001f8c16d3fc0, 0x000001f8c16d4a60, 0x000001f8c16d1fe0, 0x000001f8c16d4510,
0x000001f8c16d0ff0, 0x000001f8c16d6f90, 0x000001f8c16d74e0, 0x000001f8c16d7a30,
0x000001f8c16d5fa0, 0x000001f8ad566ae0, 0x000001f8ad567030
}

Java Threads: ( => current thread )
  0x000001f8e6a972d0 JavaThread "main" [_thread_blocked, id=25120, stack(0x00000049b8e00000,0x00000049b8f00000)]
  0x000001f8fc2ed1c0 JavaThread "Reference Handler" daemon [_thread_blocked, id=27292, stack(0x00000049b9500000,0x00000049b9600000)]
  0x000001f8fc2ee760 JavaThread "Finalizer" daemon [_thread_blocked, id=30388, stack(0x00000049b9600000,0x00000049b9700000)]
  0x000001f8fc2f4ec0 JavaThread "Signal Dispatcher" daemon [_thread_blocked, id=19336, stack(0x00000049b9700000,0x00000049b9800000)]
  0x000001f8fc2f7800 JavaThread "Attach Listener" daemon [_thread_blocked, id=19696, stack(0x00000049b9800000,0x00000049b9900000)]
  0x000001f8fc2f8ca0 JavaThread "Service Thread" daemon [_thread_blocked, id=22576, stack(0x00000049b9900000,0x00000049b9a00000)]
  0x000001f8fc2fa140 JavaThread "Monitor Deflation Thread" daemon [_thread_blocked, id=29040, stack(0x00000049b9a00000,0x00000049b9b00000)]
  0x000001f8fc307a40 JavaThread "C2 CompilerThread0" daemon [_thread_blocked, id=25728, stack(0x00000049b9b00000,0x00000049b9c00000)]
  0x000001f8fc2fc1f0 JavaThread "C1 CompilerThread0" daemon [_thread_blocked, id=19288, stack(0x00000049b9c00000,0x00000049b9d00000)]
  0x000001f8fc2fd6d0 JavaThread "Sweeper thread" daemon [_thread_blocked, id=30052, stack(0x00000049b9d00000,0x00000049b9e00000)]
  0x000001f8feff7a50 JavaThread "Common-Cleaner" daemon [_thread_blocked, id=28440, stack(0x00000049b9e00000,0x00000049b9f00000)]
  0x000001f8ff1554b0 JavaThread "Notification Thread" daemon [_thread_blocked, id=20520, stack(0x00000049b9f00000,0x00000049ba000000)]
  0x000001f8acea3380 JavaThread "Daemon health stats" [_thread_blocked, id=18772, stack(0x00000049ba900000,0x00000049baa00000)]
  0x000001f8ace4b970 JavaThread "Incoming local TCP Connector on port 60213" [_thread_in_native, id=2936, stack(0x00000049baa00000,0x00000049bab00000)]
  0x000001f8acf4a360 JavaThread "Daemon periodic checks" [_thread_blocked, id=28856, stack(0x00000049bab00000,0x00000049bac00000)]
  0x000001f8ace03930 JavaThread "Cache worker for journal cache (C:\Users\RAHUL\.gradle\caches\journal-1)" [_thread_blocked, id=6204, stack(0x00000049bb300000,0x00000049bb400000)]
  0x000001f8ace05e60 JavaThread "File lock request listener" [_thread_in_native, id=24896, stack(0x00000049bb400000,0x00000049bb500000)]
  0x000001f8ace04e70 JavaThread "Cache worker for file hash cache (C:\Users\RAHUL\.gradle\caches\8.10.2\fileHashes)" [_thread_blocked, id=28408, stack(0x00000049bb500000,0x00000049bb600000)]
  0x000001f8addd9af0 JavaThread "File watcher server" daemon [_thread_blocked, id=18508, stack(0x00000049bbc00000,0x00000049bbd00000)]
  0x000001f8addd8b00 JavaThread "File watcher consumer" daemon [_thread_blocked, id=10736, stack(0x00000049bbd00000,0x00000049bbe00000)]
  0x000001f8addd85b0 JavaThread "Cache worker for file content cache (C:\Users\RAHUL\.gradle\caches\8.10.2\fileContent)" [_thread_blocked, id=384, stack(0x00000049bbf00000,0x00000049bc000000)]
  0x000001f8ae743850 JavaThread "Memory manager" [_thread_blocked, id=1512, stack(0x00000049be500000,0x00000049be600000)]
  0x000001f8ae8aa9b0 JavaThread "jar transforms" [_thread_blocked, id=27020, stack(0x00000049c3600000,0x00000049c3700000)]
  0x000001f8b1804360 JavaThread "jar transforms Thread 2" [_thread_blocked, id=29952, stack(0x00000049c4c00000,0x00000049c4d00000)]
  0x000001f8b1800e40 JavaThread "jar transforms Thread 3" [_thread_blocked, id=20000, stack(0x00000049c4d00000,0x00000049c4e00000)]
  0x000001f8b1805df0 JavaThread "jar transforms Thread 4" [_thread_blocked, id=9112, stack(0x00000049c4e00000,0x00000049c4f00000)]
  0x000001f8b1804e00 JavaThread "jar transforms Thread 5" [_thread_blocked, id=21432, stack(0x00000049c4f00000,0x00000049c5000000)]
  0x000001f8b1806340 JavaThread "jar transforms Thread 6" [_thread_blocked, id=29464, stack(0x00000049c5000000,0x00000049c5100000)]
  0x000001f8b1807330 JavaThread "jar transforms Thread 7" [_thread_blocked, id=4588, stack(0x00000049c5100000,0x00000049c5200000)]
  0x000001f8ae8af960 JavaThread "jar transforms Thread 8" [_thread_blocked, id=26948, stack(0x00000049c5200000,0x00000049c5300000)]
  0x000001f8b77ae170 JavaThread "pool-3-thread-1" [_thread_blocked, id=29236, stack(0x00000049c5300000,0x00000049c5400000)]
  0x000001f8ff3412e0 JavaThread "Daemon Thread 2" [_thread_blocked, id=25408, stack(0x00000049b8b00000,0x00000049b8c00000)]
  0x000001f8ff3422d0 JavaThread "Handler for socket connection from /127.0.0.1:60213 to /127.0.0.1:61577" [_thread_in_native, id=8184, stack(0x00000049b8c00000,0x00000049b8d00000)]
  0x000001f8ff3402f0 JavaThread "Cancel handler" [_thread_blocked, id=17176, stack(0x00000049b8d00000,0x00000049b8e00000)]
  0x000001f8ff341830 JavaThread "Daemon worker Thread 2" [_thread_blocked, id=29876, stack(0x00000049ba100000,0x00000049ba200000)]
  0x000001f8ff341d80 JavaThread "Asynchronous log dispatcher for DefaultDaemonConnection: socket connection from /127.0.0.1:60213 to /127.0.0.1:61577" [_thread_blocked, id=28560, stack(0x00000049bac00000,0x00000049bad00000)]
  0x000001f8ff33e860 JavaThread "Stdin handler" [_thread_blocked, id=26036, stack(0x00000049bad00000,0x00000049bae00000)]
  0x000001f8ff342820 JavaThread "Daemon client event forwarder" [_thread_blocked, id=11944, stack(0x00000049bae00000,0x00000049baf00000)]
  0x000001f8ff33edb0 JavaThread "Cache worker for file hash cache (L:\flutter Projects\moodmate\moodmate\android\.gradle\8.10.2\fileHashes)" [_thread_blocked, id=25292, stack(0x00000049baf00000,0x00000049bb000000)]
  0x000001f8ff3432c0 JavaThread "Cache worker for Build Output Cleanup Cache (L:\flutter Projects\moodmate\moodmate\android\.gradle\buildOutputCleanup)" [_thread_blocked, id=30172, stack(0x00000049bb000000,0x00000049bb100000)]
  0x000001f8ff342d70 JavaThread "Cache worker for checksums cache (L:\flutter Projects\moodmate\moodmate\android\.gradle\8.10.2\checksums)" [_thread_blocked, id=17192, stack(0x00000049bb100000,0x00000049bb200000)]
  0x000001f8ff33f850 JavaThread "Cache worker for cache directory md-rule (C:\Users\RAHUL\.gradle\caches\8.10.2\md-rule)" [_thread_blocked, id=5004, stack(0x00000049bb200000,0x00000049bb300000)]
  0x000001f8ff343810 JavaThread "Cache worker for cache directory md-supplier (C:\Users\RAHUL\.gradle\caches\8.10.2\md-supplier)" [_thread_blocked, id=30508, stack(0x00000049bba00000,0x00000049bbb00000)]
  0x000001f8ff343d60 JavaThread "Cache worker for Build Output Cleanup Cache (L:\flutter sdk\flutter\packages\flutter_tools\gradle\.gradle\buildOutputCleanup)" [_thread_blocked, id=9212, stack(0x00000049bbb00000,0x00000049bbc00000)]
  0x000001f8ff3457f0 JavaThread "Unconstrained build operations" [_thread_blocked, id=28252, stack(0x00000049bbe00000,0x00000049bbf00000)]
  0x000001f8ff346290 JavaThread "Unconstrained build operations Thread 2" [_thread_blocked, id=27956, stack(0x00000049bc000000,0x00000049bc100000)]
  0x000001f8ff3442b0 JavaThread "Unconstrained build operations Thread 3" [_thread_blocked, id=23460, stack(0x00000049bc100000,0x00000049bc200000)]
  0x000001f8ff344800 JavaThread "Unconstrained build operations Thread 4" [_thread_blocked, id=28032, stack(0x00000049bc200000,0x00000049bc300000)]
  0x000001f8ff344d50 JavaThread "Unconstrained build operations Thread 5" [_thread_blocked, id=29112, stack(0x00000049bc300000,0x00000049bc400000)]
  0x000001f8ff345d40 JavaThread "Unconstrained build operations Thread 6" [_thread_blocked, id=12716, stack(0x00000049bc400000,0x00000049bc500000)]
  0x000001f8b77ae6c0 JavaThread "Unconstrained build operations Thread 7" [_thread_blocked, id=28480, stack(0x00000049bc500000,0x00000049bc600000)]
  0x000001f8b77aec10 JavaThread "Unconstrained build operations Thread 8" [_thread_blocked, id=24472, stack(0x00000049bc600000,0x00000049bc700000)]
  0x000001f8b77af160 JavaThread "Unconstrained build operations Thread 9" [_thread_blocked, id=30448, stack(0x00000049bc700000,0x00000049bc800000)]
  0x000001f8b77afc00 JavaThread "Unconstrained build operations Thread 10" [_thread_blocked, id=22852, stack(0x00000049bc800000,0x00000049bc900000)]
  0x000001f8b77ac190 JavaThread "Unconstrained build operations Thread 11" [_thread_blocked, id=12732, stack(0x00000049bc900000,0x00000049bca00000)]
  0x000001f8b77b0150 JavaThread "Unconstrained build operations Thread 12" [_thread_blocked, id=10136, stack(0x00000049bca00000,0x00000049bcb00000)]
  0x000001f8b77adc20 JavaThread "Unconstrained build operations Thread 13" [_thread_blocked, id=30528, stack(0x00000049bcb00000,0x00000049bcc00000)]
  0x000001f8b77b06a0 JavaThread "Unconstrained build operations Thread 14" [_thread_blocked, id=27400, stack(0x00000049bcc00000,0x00000049bcd00000)]
  0x000001f8b77acc30 JavaThread "Unconstrained build operations Thread 15" [_thread_blocked, id=26764, stack(0x00000049bcd00000,0x00000049bce00000)]
  0x000001f8b77b2130 JavaThread "Unconstrained build operations Thread 16" [_thread_blocked, id=25180, stack(0x00000049bce00000,0x00000049bcf00000)]
  0x000001f8b77b1be0 JavaThread "Unconstrained build operations Thread 17" [_thread_blocked, id=29032, stack(0x00000049bcf00000,0x00000049bd000000)]
  0x000001f8b77b3bc0 JavaThread "Unconstrained build operations Thread 18" [_thread_blocked, id=4128, stack(0x00000049bd000000,0x00000049bd100000)]
  0x000001f8b77b1690 JavaThread "Unconstrained build operations Thread 19" [_thread_blocked, id=24024, stack(0x00000049bd100000,0x00000049bd200000)]
  0x000001f8b77b2680 JavaThread "Unconstrained build operations Thread 20" [_thread_blocked, id=14264, stack(0x00000049bd200000,0x00000049bd300000)]
  0x000001f8b77b4110 JavaThread "Unconstrained build operations Thread 21" [_thread_blocked, id=26792, stack(0x00000049bd300000,0x00000049bd400000)]
  0x000001f8b77b0bf0 JavaThread "Unconstrained build operations Thread 22" [_thread_blocked, id=21496, stack(0x00000049bd400000,0x00000049bd500000)]
  0x000001f8b77b7b80 JavaThread "build event listener" [_thread_blocked, id=29060, stack(0x00000049bd700000,0x00000049bd800000)]
  0x000001f8b77b5650 JavaThread "included builds" [_thread_blocked, id=29852, stack(0x00000049bd600000,0x00000049bd700000)]
  0x000001f8b77b80d0 JavaThread "Execution worker" [_thread_blocked, id=28556, stack(0x00000049bd800000,0x00000049bd900000)]
  0x000001f8b77b6640 JavaThread "Execution worker Thread 2" [_thread_blocked, id=30716, stack(0x00000049bd900000,0x00000049bda00000)]
  0x000001f8b77b6b90 JavaThread "Execution worker Thread 3" [_thread_blocked, id=10032, stack(0x00000049bda00000,0x00000049bdb00000)]
  0x000001f8b77b60f0 JavaThread "Execution worker Thread 4" [_thread_blocked, id=26692, stack(0x00000049bdb00000,0x00000049bdc00000)]
  0x000001f8b77b70e0 JavaThread "Execution worker Thread 5" [_thread_blocked, id=6460, stack(0x00000049bdc00000,0x00000049bdd00000)]
  0x000001f8b77b4660 JavaThread "Execution worker Thread 6" [_thread_blocked, id=24884, stack(0x00000049bdd00000,0x00000049bde00000)]
  0x000001f8b77b8620 JavaThread "Execution worker Thread 7" [_thread_blocked, id=26372, stack(0x00000049bde00000,0x00000049bdf00000)]
  0x000001f8b77b4bb0 JavaThread "Execution worker Thread 8" [_thread_blocked, id=1896, stack(0x00000049bdf00000,0x00000049be000000)]
  0x000001f8b77b5ba0 JavaThread "Execution worker Thread 9" [_thread_blocked, id=21024, stack(0x00000049be000000,0x00000049be100000)]
  0x000001f8b77b90c0 JavaThread "Execution worker Thread 10" [_thread_blocked, id=23120, stack(0x00000049be100000,0x00000049be200000)]
  0x000001f8b77b9610 JavaThread "Execution worker Thread 11" [_thread_blocked, id=27840, stack(0x00000049be200000,0x00000049be300000)]
  0x000001f8b77b9b60 JavaThread "Cache worker for execution history cache (L:\flutter sdk\flutter\packages\flutter_tools\gradle\.gradle\8.10.2\executionHistory)" [_thread_blocked, id=26312, stack(0x00000049be300000,0x00000049be400000)]
  0x000001f8b77b8b70 JavaThread "Unconstrained build operations Thread 23" [_thread_blocked, id=23188, stack(0x00000049bd500000,0x00000049bd600000)]
  0x000001f8b77ba600 JavaThread "Unconstrained build operations Thread 24" [_thread_blocked, id=24596, stack(0x00000049be400000,0x00000049be500000)]
  0x000001f8b77ba0b0 JavaThread "Unconstrained build operations Thread 25" [_thread_blocked, id=27784, stack(0x00000049be600000,0x00000049be700000)]
  0x000001f8ad2b2590 JavaThread "Unconstrained build operations Thread 26" [_thread_blocked, id=8788, stack(0x00000049be700000,0x00000049be800000)]
  0x000001f8ad2b4020 JavaThread "Unconstrained build operations Thread 27" [_thread_blocked, id=26184, stack(0x00000049be800000,0x00000049be900000)]
  0x000001f8ad2b3ad0 JavaThread "Unconstrained build operations Thread 28" [_thread_blocked, id=28608, stack(0x00000049be900000,0x00000049bea00000)]
  0x000001f8ad2b2ae0 JavaThread "Unconstrained build operations Thread 29" [_thread_blocked, id=28312, stack(0x00000049bea00000,0x00000049beb00000)]
  0x000001f8ad2b1af0 JavaThread "Unconstrained build operations Thread 30" [_thread_blocked, id=12008, stack(0x00000049beb00000,0x00000049bec00000)]
  0x000001f8ad2b4570 JavaThread "Unconstrained build operations Thread 31" [_thread_blocked, id=27028, stack(0x00000049bec00000,0x00000049bed00000)]
  0x000001f8ad2b0b00 JavaThread "Unconstrained build operations Thread 32" [_thread_blocked, id=28868, stack(0x00000049bed00000,0x00000049bee00000)]
  0x000001f8ad2b1050 JavaThread "Unconstrained build operations Thread 33" [_thread_blocked, id=25052, stack(0x00000049bee00000,0x00000049bef00000)]
  0x000001f8ad2b4ac0 JavaThread "Unconstrained build operations Thread 34" [_thread_blocked, id=30096, stack(0x00000049bef00000,0x00000049bf000000)]
  0x000001f8ad2b3030 JavaThread "Unconstrained build operations Thread 35" [_thread_blocked, id=30008, stack(0x00000049bf000000,0x00000049bf100000)]
  0x000001f8ad2b5010 JavaThread "Unconstrained build operations Thread 36" [_thread_blocked, id=29772, stack(0x00000049bf100000,0x00000049bf200000)]
  0x000001f8ad2b3580 JavaThread "Unconstrained build operations Thread 37" [_thread_blocked, id=29480, stack(0x00000049bf200000,0x00000049bf300000)]
  0x000001f8ad2b15a0 JavaThread "Unconstrained build operations Thread 38" [_thread_blocked, id=26528, stack(0x00000049bf300000,0x00000049bf400000)]
  0x000001f8ad2b5560 JavaThread "Unconstrained build operations Thread 39" [_thread_blocked, id=8248, stack(0x00000049bf600000,0x00000049bf700000)]
  0x000001f8ad2b2040 JavaThread "Unconstrained build operations Thread 40" [_thread_blocked, id=21108, stack(0x00000049bf700000,0x00000049bf800000)]
  0x000001f8ad2b7a90 JavaThread "Unconstrained build operations Thread 41" [_thread_blocked, id=28212, stack(0x00000049bf800000,0x00000049bf900000)]
  0x000001f8ad2b6550 JavaThread "Unconstrained build operations Thread 42" [_thread_blocked, id=12656, stack(0x00000049bf900000,0x00000049bfa00000)]
  0x000001f8ad2b7540 JavaThread "Unconstrained build operations Thread 43" [_thread_blocked, id=22300, stack(0x00000049bfa00000,0x00000049bfb00000)]
  0x000001f8ad2b6ff0 JavaThread "Unconstrained build operations Thread 44" [_thread_blocked, id=18616, stack(0x00000049bfb00000,0x00000049bfc00000)]
  0x000001f8ae745d80 JavaThread "Unconstrained build operations Thread 45" [_thread_blocked, id=27380, stack(0x00000049bfc00000,0x00000049bfd00000)]
  0x000001f8ae744840 JavaThread "Unconstrained build operations Thread 46" [_thread_blocked, id=22124, stack(0x00000049bfd00000,0x00000049bfe00000)]
  0x000001f8ae744d90 JavaThread "Unconstrained build operations Thread 47" [_thread_blocked, id=24976, stack(0x00000049bfe00000,0x00000049bff00000)]
  0x000001f8ae743300 JavaThread "Unconstrained build operations Thread 48" [_thread_blocked, id=10184, stack(0x00000049bff00000,0x00000049c0000000)]
  0x000001f8ae7462d0 JavaThread "Unconstrained build operations Thread 49" [_thread_blocked, id=5084, stack(0x00000049c0000000,0x00000049c0100000)]
  0x000001f8ae742860 JavaThread "Unconstrained build operations Thread 50" [_thread_blocked, id=29400, stack(0x00000049c0100000,0x00000049c0200000)]
  0x000001f8ae746820 JavaThread "Unconstrained build operations Thread 51" [_thread_blocked, id=3148, stack(0x00000049c0200000,0x00000049c0300000)]
  0x000001f8ae742db0 JavaThread "Unconstrained build operations Thread 52" [_thread_blocked, id=13144, stack(0x00000049c0300000,0x00000049c0400000)]
  0x000001f8ae749d40 JavaThread "Unconstrained build operations Thread 53" [_thread_blocked, id=17828, stack(0x00000049c0400000,0x00000049c0500000)]
  0x000001f8ae746d70 JavaThread "Unconstrained build operations Thread 54" [_thread_blocked, id=23800, stack(0x00000049c0500000,0x00000049c0600000)]
  0x000001f8ae7472c0 JavaThread "Unconstrained build operations Thread 55" [_thread_blocked, id=1504, stack(0x00000049c0600000,0x00000049c0700000)]
  0x000001f8ae747810 JavaThread "Unconstrained build operations Thread 56" [_thread_blocked, id=1716, stack(0x00000049c0700000,0x00000049c0800000)]
  0x000001f8ae747d60 JavaThread "Unconstrained build operations Thread 57" [_thread_blocked, id=21908, stack(0x00000049c0800000,0x00000049c0900000)]
  0x000001f8ae7482b0 JavaThread "Unconstrained build operations Thread 58" [_thread_blocked, id=3128, stack(0x00000049c0900000,0x00000049c0a00000)]
  0x000001f8ae748800 JavaThread "Unconstrained build operations Thread 59" [_thread_blocked, id=10764, stack(0x00000049c0a00000,0x00000049c0b00000)]
  0x000001f8ae748d50 JavaThread "Unconstrained build operations Thread 60" [_thread_blocked, id=28712, stack(0x00000049c0b00000,0x00000049c0c00000)]
  0x000001f8ae7492a0 JavaThread "Unconstrained build operations Thread 61" [_thread_blocked, id=7004, stack(0x00000049c0c00000,0x00000049c0d00000)]
  0x000001f8ae7497f0 JavaThread "Unconstrained build operations Thread 62" [_thread_blocked, id=22960, stack(0x00000049c0d00000,0x00000049c0e00000)]
  0x000001f8addd9050 JavaThread "Unconstrained build operations Thread 63" [_thread_blocked, id=28404, stack(0x00000049c0e00000,0x00000049c0f00000)]
  0x000001f8addd8060 JavaThread "Unconstrained build operations Thread 64" [_thread_blocked, id=25460, stack(0x00000049c0f00000,0x00000049c1000000)]
  0x000001f8addd6b20 JavaThread "Unconstrained build operations Thread 65" [_thread_blocked, id=23428, stack(0x00000049c1000000,0x00000049c1100000)]
  0x000001f8addd7070 JavaThread "Unconstrained build operations Thread 66" [_thread_blocked, id=2688, stack(0x00000049c1100000,0x00000049c1200000)]
  0x000001f8adddcac0 JavaThread "build event listener" [_thread_blocked, id=30028, stack(0x00000049c1200000,0x00000049c1300000)]
  0x000001f8adddd560 JavaThread "Unconstrained build operations Thread 67" [_thread_blocked, id=18948, stack(0x00000049c1300000,0x00000049c1400000)]
  0x000001f8adddc570 JavaThread "Unconstrained build operations Thread 68" [_thread_blocked, id=21420, stack(0x00000049c1400000,0x00000049c1500000)]
  0x000001f8adddb580 JavaThread "Unconstrained build operations Thread 69" [_thread_blocked, id=24768, stack(0x00000049c1500000,0x00000049c1600000)]
  0x000001f8adddd010 JavaThread "Unconstrained build operations Thread 70" [_thread_blocked, id=26080, stack(0x00000049c1600000,0x00000049c1700000)]
  0x000001f8adddbad0 JavaThread "Unconstrained build operations Thread 71" [_thread_blocked, id=4212, stack(0x00000049c1700000,0x00000049c1800000)]
  0x000001f8adddc020 JavaThread "Unconstrained build operations Thread 72" [_thread_blocked, id=26108, stack(0x00000049c1800000,0x00000049c1900000)]
  0x000001f8addde000 JavaThread "Unconstrained build operations Thread 73" [_thread_blocked, id=16492, stack(0x00000049c1900000,0x00000049c1a00000)]
  0x000001f8b1801390 JavaThread "Unconstrained build operations Thread 74" [_thread_blocked, id=23932, stack(0x00000049c1a00000,0x00000049c1b00000)]
  0x000001f8b1803370 JavaThread "Unconstrained build operations Thread 75" [_thread_blocked, id=2820, stack(0x00000049c1b00000,0x00000049c1c00000)]
  0x000001f8b18003a0 JavaThread "Unconstrained build operations Thread 76" [_thread_blocked, id=25552, stack(0x00000049c1c00000,0x00000049c1d00000)]
  0x000001f8b1802380 JavaThread "Unconstrained build operations Thread 77" [_thread_blocked, id=6452, stack(0x00000049c1d00000,0x00000049c1e00000)]
  0x000001f8b18038c0 JavaThread "Unconstrained build operations Thread 78" [_thread_blocked, id=26668, stack(0x00000049c1e00000,0x00000049c1f00000)]
  0x000001f8b1802e20 JavaThread "Unconstrained build operations Thread 79" [_thread_blocked, id=26584, stack(0x00000049c1f00000,0x00000049c2000000)]
  0x000001f8b17ffe50 JavaThread "Unconstrained build operations Thread 80" [_thread_blocked, id=20848, stack(0x00000049c2000000,0x00000049c2100000)]
  0x000001f8b1803e10 JavaThread "Unconstrained build operations Thread 81" [_thread_blocked, id=22464, stack(0x00000049c2100000,0x00000049c2200000)]
  0x000001f8b1805350 JavaThread "Unconstrained build operations Thread 82" [_thread_blocked, id=29704, stack(0x00000049c2200000,0x00000049c2300000)]
  0x000001f8b18018e0 JavaThread "Unconstrained build operations Thread 83" [_thread_blocked, id=29836, stack(0x00000049c2300000,0x00000049c2400000)]
  0x000001f8b1801e30 JavaThread "Unconstrained build operations Thread 84" [_thread_blocked, id=24076, stack(0x00000049c2400000,0x00000049c2500000)]
  0x000001f8ae8ab450 JavaThread "Unconstrained build operations Thread 85" [_thread_blocked, id=19476, stack(0x00000049c2500000,0x00000049c2600000)]
  0x000001f8ae8a89d0 JavaThread "Unconstrained build operations Thread 86" [_thread_blocked, id=29944, stack(0x00000049c2600000,0x00000049c2700000)]
  0x000001f8ae8ad430 JavaThread "Unconstrained build operations Thread 87" [_thread_blocked, id=26232, stack(0x00000049c2700000,0x00000049c2800000)]
  0x000001f8ae8ae420 JavaThread "Unconstrained build operations Thread 88" [_thread_blocked, id=28660, stack(0x00000049c2800000,0x00000049c2900000)]
  0x000001f8ae8aded0 JavaThread "Unconstrained build operations Thread 89" [_thread_blocked, id=7612, stack(0x00000049c2900000,0x00000049c2a00000)]
  0x000001f8ae8af410 JavaThread "Unconstrained build operations Thread 90" [_thread_blocked, id=12216, stack(0x00000049c2a00000,0x00000049c2b00000)]
  0x000001f8ae8aeec0 JavaThread "Unconstrained build operations Thread 91" [_thread_blocked, id=10808, stack(0x00000049c2b00000,0x00000049c2c00000)]
  0x000001f8ae8ac990 JavaThread "Unconstrained build operations Thread 92" [_thread_blocked, id=28776, stack(0x00000049c2c00000,0x00000049c2d00000)]
  0x000001f8ae8ae970 JavaThread "Unconstrained build operations Thread 93" [_thread_blocked, id=27232, stack(0x00000049c2d00000,0x00000049c2e00000)]
  0x000001f8ae8acee0 JavaThread "Unconstrained build operations Thread 94" [_thread_blocked, id=26328, stack(0x00000049c2e00000,0x00000049c2f00000)]
  0x000001f8ae8ad980 JavaThread "Unconstrained build operations Thread 95" [_thread_blocked, id=27708, stack(0x00000049c2f00000,0x00000049c3000000)]
  0x000001f8ace043d0 JavaThread "Unconstrained build operations Thread 96" [_thread_blocked, id=27188, stack(0x00000049c3000000,0x00000049c3100000)]
  0x000001f8ace053c0 JavaThread "Unconstrained build operations Thread 97" [_thread_blocked, id=19372, stack(0x00000049c3100000,0x00000049c3200000)]
  0x000001f8ace04920 JavaThread "Unconstrained build operations Thread 98" [_thread_blocked, id=27460, stack(0x00000049c3200000,0x00000049c3300000)]
  0x000001f8ace05910 JavaThread "Unconstrained build operations Thread 99" [_thread_blocked, id=24164, stack(0x00000049c3300000,0x00000049c3400000)]
  0x000001f8ace06900 JavaThread "Unconstrained build operations Thread 100" [_thread_blocked, id=18872, stack(0x00000049c3400000,0x00000049c3500000)]
  0x000001f8ff3452a0 JavaThread "Unconstrained build operations Thread 101" [_thread_blocked, id=13584, stack(0x00000049c3500000,0x00000049c3600000)]
  0x000001f8b6aec8e0 JavaThread "Unconstrained build operations Thread 102" [_thread_blocked, id=28400, stack(0x00000049c3700000,0x00000049c3800000)]
  0x000001f8b6aee370 JavaThread "Unconstrained build operations Thread 103" [_thread_blocked, id=29592, stack(0x00000049c3800000,0x00000049c3900000)]
  0x000001f8b6aee8c0 JavaThread "Unconstrained build operations Thread 104" [_thread_blocked, id=11316, stack(0x00000049c3900000,0x00000049c3a00000)]
  0x000001f8b6aeb8f0 JavaThread "Unconstrained build operations Thread 105" [_thread_blocked, id=16408, stack(0x00000049c3a00000,0x00000049c3b00000)]
  0x000001f8b6aece30 JavaThread "Unconstrained build operations Thread 106" [_thread_blocked, id=28256, stack(0x00000049c3b00000,0x00000049c3c00000)]
  0x000001f8b6aede20 JavaThread "Unconstrained build operations Thread 107" [_thread_blocked, id=28340, stack(0x00000049c3c00000,0x00000049c3d00000)]
  0x000001f8b6aef360 JavaThread "Unconstrained build operations Thread 108" [_thread_blocked, id=26988, stack(0x00000049c3d00000,0x00000049c3e00000)]
  0x000001f8b6aec390 JavaThread "Unconstrained build operations Thread 109" [_thread_blocked, id=24440, stack(0x00000049c3e00000,0x00000049c3f00000)]
  0x000001f8b6aeee10 JavaThread "Unconstrained build operations Thread 110" [_thread_blocked, id=30308, stack(0x00000049c3f00000,0x00000049c4000000)]
  0x000001f8b6aebe40 JavaThread "Unconstrained build operations Thread 111" [_thread_blocked, id=24784, stack(0x00000049c4000000,0x00000049c4100000)]
  0x000001f8b6aefe00 JavaThread "Unconstrained build operations Thread 112" [_thread_blocked, id=25652, stack(0x00000049c4100000,0x00000049c4200000)]
  0x000001f8b6af0350 JavaThread "Unconstrained build operations Thread 113" [_thread_blocked, id=17752, stack(0x00000049c4200000,0x00000049c4300000)]
  0x000001f8b6af08a0 JavaThread "Unconstrained build operations Thread 114" [_thread_blocked, id=28188, stack(0x00000049c4300000,0x00000049c4400000)]
  0x000001f8b6af0df0 JavaThread "Unconstrained build operations Thread 115" [_thread_blocked, id=14872, stack(0x00000049c4400000,0x00000049c4500000)]
  0x000001f8b6aed380 JavaThread "Unconstrained build operations Thread 116" [_thread_blocked, id=27880, stack(0x00000049c4500000,0x00000049c4600000)]
  0x000001f8b6af1340 JavaThread "Unconstrained build operations Thread 117" [_thread_blocked, id=10428, stack(0x00000049c4600000,0x00000049c4700000)]
  0x000001f8b6aed8d0 JavaThread "Unconstrained build operations Thread 118" [_thread_blocked, id=12496, stack(0x00000049c4700000,0x00000049c4800000)]
  0x000001f8b6af1890 JavaThread "Unconstrained build operations Thread 119" [_thread_blocked, id=27472, stack(0x00000049c4800000,0x00000049c4900000)]
  0x000001f8b6af1de0 JavaThread "Unconstrained build operations Thread 120" [_thread_blocked, id=26284, stack(0x00000049c4900000,0x00000049c4a00000)]
  0x000001f8b6af2880 JavaThread "pool-7-thread-1" [_thread_blocked, id=25084, stack(0x00000049c4a00000,0x00000049c4b00000)]
  0x000001f8b6af2dd0 JavaThread "build event listener" [_thread_blocked, id=27480, stack(0x00000049c4b00000,0x00000049c4c00000)]
  0x000001f8b6af3320 JavaThread "Cache worker for execution history cache (L:\flutter Projects\moodmate\moodmate\android\.gradle\8.10.2\executionHistory)" [_thread_blocked, id=22804, stack(0x00000049c5400000,0x00000049c5500000)]
  0x000001f8ace033e0 JavaThread "WorkerExecutor Queue" [_thread_blocked, id=14016, stack(0x00000049c5500000,0x00000049c5600000)]
  0x000001f8ae8b19e0 JavaThread "WorkerExecutor Queue Thread 2" [_thread_blocked, id=16728, stack(0x00000049c5600000,0x00000049c5700000)]
  0x000001f8ae8b3470 JavaThread "WorkerExecutor Queue Thread 4" [_thread_blocked, id=17396, stack(0x00000049c5800000,0x00000049c5900000)]
  0x000001f8ae8b1490 JavaThread "WorkerExecutor Queue Thread 6" [_thread_blocked, id=27364, stack(0x00000049c5a00000,0x00000049c5b00000)]
  0x000001f8ae8b39c0 JavaThread "WorkerExecutor Queue Thread 7" [_thread_blocked, id=29188, stack(0x00000049c5b00000,0x00000049c5c00000)]
  0x000001f8ae8b1f30 JavaThread "WorkerExecutor Queue Thread 8" [_thread_blocked, id=23936, stack(0x00000049c5c00000,0x00000049c5d00000)]
  0x000001f8ae8b2480 JavaThread "WorkerExecutor Queue Thread 10" [_thread_blocked, id=30300, stack(0x00000049c5e00000,0x00000049c5f00000)]
  0x000001f8ae8b0f40 JavaThread "WorkerExecutor Queue Thread 11" [_thread_blocked, id=30552, stack(0x00000049c5f00000,0x00000049c6000000)]
  0x000001f8ae8b2f20 JavaThread "WorkerExecutor Queue Thread 12" [_thread_blocked, id=12296, stack(0x00000049c6000000,0x00000049c6100000)]
  0x000001f8ae8b3f10 JavaThread "WorkerExecutor Queue Thread 13" [_thread_blocked, id=27924, stack(0x00000049c6100000,0x00000049c6200000)]
  0x000001f8ae8b5450 JavaThread "Exec process" [_thread_in_native, id=24500, stack(0x00000049c6200000,0x00000049c6300000)]
  0x000001f8ae8b4f00 JavaThread "Exec process Thread 2" [_thread_in_native, id=9892, stack(0x00000049c6300000,0x00000049c6400000)]
  0x000001f8ae8b59a0 JavaThread "Exec process Thread 3" [_thread_in_native, id=22712, stack(0x00000049c6400000,0x00000049c6500000)]
  0x000001f8ae8b5ef0 JavaThread "Cache worker for Java compile cache (C:\Users\RAHUL\.gradle\caches\8.10.2\javaCompile)" [_thread_blocked, id=29740, stack(0x00000049c6600000,0x00000049c6700000)]
  0x000001f8ae8b6ee0 JavaThread "RMI Scheduler(0)" daemon [_thread_blocked, id=22740, stack(0x00000049c6700000,0x00000049c6800000)]
  0x000001f8ae8b7430 JavaThread "RMI RenewClean-[127.0.0.1:17170,org.jetbrains.kotlin.daemon.common.LoopbackNetworkInterface$ClientLoopbackSocketFactory@221fba5e]" daemon [_thread_blocked, id=2404, stack(0x00000049c6800000,0x00000049c6900000)]
  0x000001f8ae8b7980 JavaThread "RMI GC Daemon" daemon [_thread_blocked, id=26296, stack(0x00000049c6900000,0x00000049c6a00000)]
  0x000001f8ae743da0 JavaThread "RMI TCP Accept-0" daemon [_thread_in_native, id=29292, stack(0x00000049c6a00000,0x00000049c6b00000)]
  0x000001f8c16cbaf0 JavaThread "RMI Reaper" [_thread_blocked, id=10068, stack(0x00000049c6b00000,0x00000049c6c00000)]
  0x000001f8c16c95c0 JavaThread "RMI TCP Connection(3)-127.0.0.1" daemon [_thread_in_native, id=28020, stack(0x00000049c6c00000,0x00000049c6d00000)]
  0x000001f8c16c9070 JavaThread "RMI TCP Connection(2)-127.0.0.1" daemon [_thread_in_native, id=29088, stack(0x00000049c6d00000,0x00000049c6e00000)]
  0x000001f8c16c8080 JavaThread "Build operations" [_thread_blocked, id=28372, stack(0x00000049c6e00000,0x00000049c6f00000)]
  0x000001f8c16ca5b0 JavaThread "Build operations Thread 2" [_thread_blocked, id=26388, stack(0x00000049c6f00000,0x00000049c7000000)]
  0x000001f8c16ca060 JavaThread "Build operations Thread 3" [_thread_blocked, id=30500, stack(0x00000049c7000000,0x00000049c7100000)]
  0x000001f8c16cb050 JavaThread "Build operations Thread 4" [_thread_blocked, id=2260, stack(0x00000049c7100000,0x00000049c7200000)]
  0x000001f8c16c8b20 JavaThread "Build operations Thread 5" [_thread_blocked, id=3568, stack(0x00000049c7200000,0x00000049c7300000)]
  0x000001f8c16cdad0 JavaThread "Build operations Thread 6" [_thread_blocked, id=28160, stack(0x00000049c7300000,0x00000049c7400000)]
  0x000001f8c16ccae0 JavaThread "Build operations Thread 7" [_thread_blocked, id=16000, stack(0x00000049c7400000,0x00000049c7500000)]
  0x000001f8c16cd030 JavaThread "Build operations Thread 8" [_thread_blocked, id=25396, stack(0x00000049c7500000,0x00000049c7600000)]
  0x000001f8c16cb5a0 JavaThread "Build operations Thread 9" [_thread_blocked, id=19528, stack(0x00000049c7600000,0x00000049c7700000)]
  0x000001f8c16cf010 JavaThread "Build operations Thread 10" [_thread_blocked, id=30176, stack(0x00000049c7700000,0x00000049c7800000)]
  0x000001f8c16cfab0 JavaThread "Build operations Thread 11" [_thread_blocked, id=22308, stack(0x00000049c7800000,0x00000049c7900000)]
  0x000001f8c16cd580 JavaThread "Build operations Thread 12" [_thread_blocked, id=29800, stack(0x00000049c7900000,0x00000049c7a00000)]
  0x000001f8c16d0550 JavaThread "WorkerExecutor Queue Thread 14" [_thread_blocked, id=30332, stack(0x00000049bf400000,0x00000049bf500000)]
  0x000001f8c16d2a80 JavaThread "pool-8-thread-1" [_thread_blocked, id=22420, stack(0x00000049bf500000,0x00000049bf600000)]
  0x000001f8c16d3a70 JavaThread "stderr" [_thread_blocked, id=5092, stack(0x00000049c7a00000,0x00000049c7b00000)]
  0x000001f8c16d0aa0 JavaThread "stdout" [_thread_in_native, id=13592, stack(0x00000049c7b00000,0x00000049c7c00000)]
  0x000001f8c16d0000 JavaThread "stderr" [_thread_in_native, id=26432, stack(0x00000049c7c00000,0x00000049c7d00000)]
  0x000001f8c16d3fc0 JavaThread "stdout" [_thread_in_native, id=2952, stack(0x00000049c7d00000,0x00000049c7e00000)]
  0x000001f8c16d4a60 JavaThread "stderr" [_thread_in_native, id=26704, stack(0x00000049c7e00000,0x00000049c7f00000)]
  0x000001f8c16d1fe0 JavaThread "stdout" [_thread_in_native, id=17332, stack(0x00000049c7f00000,0x00000049c8000000)]
  0x000001f8c16d4510 JavaThread "stderr" [_thread_in_native, id=27372, stack(0x00000049c8000000,0x00000049c8100000)]
  0x000001f8c16d0ff0 JavaThread "stdout" [_thread_in_native, id=29888, stack(0x00000049c8100000,0x00000049c8200000)]
  0x000001f8c16d6f90 JavaThread "stderr" [_thread_blocked, id=26656, stack(0x00000049c8200000,0x00000049c8300000)]
  0x000001f8c16d74e0 JavaThread "stdout" [_thread_in_native, id=10740, stack(0x00000049c8300000,0x00000049c8400000)]
  0x000001f8c16d7a30 JavaThread "stderr" [_thread_in_native, id=3968, stack(0x00000049c8400000,0x00000049c8500000)]
  0x000001f8c16d5fa0 JavaThread "stdout" [_thread_in_native, id=17196, stack(0x00000049c8500000,0x00000049c8600000)]
  0x000001f8ad566ae0 JavaThread "WorkerExecutor Queue Thread 16" [_thread_blocked, id=25804, stack(0x00000049c5700000,0x00000049c5800000)]
  0x000001f8ad567030 JavaThread "WorkerExecutor Queue Thread 17" [_thread_blocked, id=11052, stack(0x00000049c5900000,0x00000049c5a00000)]

Other Threads:
=>0x000001f8fc2d0580 VMThread "VM Thread" [stack: 0x00000049b9400000,0x00000049b9500000] [id=15460]
  0x000001f8e6a980c0 WatcherThread "VM Periodic Task Thread" [stack: 0x00000049ba000000,0x00000049ba100000] [id=29568]
  0x000001f8e6b4a640 WorkerThread "GC Thread#0" [stack: 0x00000049b8f00000,0x00000049b9000000] [id=21872]
  0x000001f8ff4d0dd0 WorkerThread "GC Thread#1" [stack: 0x00000049ba200000,0x00000049ba300000] [id=22920]
  0x000001f8ff625db0 WorkerThread "GC Thread#2" [stack: 0x00000049ba300000,0x00000049ba400000] [id=4436]
  0x000001f8ff625540 WorkerThread "GC Thread#3" [stack: 0x00000049ba400000,0x00000049ba500000] [id=28024]
  0x000001f8ff626350 WorkerThread "GC Thread#4" [stack: 0x00000049ba500000,0x00000049ba600000] [id=22268]
  0x000001f8ff625ae0 WorkerThread "GC Thread#5" [stack: 0x00000049ba600000,0x00000049ba700000] [id=7632]
  0x000001f8ace89bd0 WorkerThread "GC Thread#6" [stack: 0x00000049ba700000,0x00000049ba800000] [id=2244]
  0x000001f8ace860c0 WorkerThread "GC Thread#7" [stack: 0x00000049ba800000,0x00000049ba900000] [id=30604]
  0x000001f8ace88af0 WorkerThread "GC Thread#8" [stack: 0x00000049bb600000,0x00000049bb700000] [id=29228]
  0x000001f8ace87740 WorkerThread "GC Thread#9" [stack: 0x00000049bb700000,0x00000049bb800000] [id=25556]
  0x000001f8fc131160 ConcurrentGCThread "G1 Main Marker" [stack: 0x00000049b9000000,0x00000049b9100000] [id=11396]
  0x000001f8fc132240 WorkerThread "G1 Conc#0" [stack: 0x00000049b9100000,0x00000049b9200000] [id=27820]
  0x000001f8ace88820 WorkerThread "G1 Conc#1" [stack: 0x00000049bb800000,0x00000049bb900000] [id=9884]
  0x000001f8ace86ed0 WorkerThread "G1 Conc#2" [stack: 0x00000049bb900000,0x00000049bba00000] [id=4040]
  0x000001f8fc189a50 ConcurrentGCThread "G1 Refine#0" [stack: 0x00000049b9200000,0x00000049b9300000] [id=18348]
  0x000001f8fc18b350 ConcurrentGCThread "G1 Service" [stack: 0x00000049b9300000,0x00000049b9400000] [id=29428]

Threads with active compile tasks:
C2 CompilerThread0  1346169 30298       4       org.gradle.api.internal.tasks.compile.incremental.compilerapi.deps.DependentSetSerializer::read (198 bytes)
C1 CompilerThread0  1346169 30309       3       kotlin.collections.builders.MapBuilder::rehash (94 bytes)

VM state: at safepoint (normal execution)

VM Mutex/Monitor currently owned by a thread:  ([mutex/lock_event])
[0x000001f8e6a95060] Threads_lock - owner thread: 0x000001f8fc2d0580
[0x000001f8e6a95840] Heap_lock - owner thread: 0x000001f8ae8b3470

Heap address: 0x0000000600000000, size: 8192 MB, Compressed Oops mode: Zero based, Oop shift amount: 3

CDS archive(s) mapped at: [0x0000000800000000-0x0000000800c40000-0x0000000800c40000), size 12845056, SharedBaseAddress: 0x0000000800000000, ArchiveRelocationMode: 0.
Compressed class space mapped at: 0x0000000801000000-0x0000000841000000, reserved size: 1073741824
Narrow klass base: 0x0000000800000000, Narrow klass shift: 0, Narrow klass range: 0x100000000

GC Precious Log:
 CardTable entry size: 512
 Card Set container configuration: InlinePtr #cards 4 size 8 Array Of Cards #cards 32 size 80 Howl #buckets 8 coarsen threshold 7372 Howl Bitmap #cards 1024 size 144 coarsen threshold 921 Card regions per heap region 1 cards per card region 8192
 CPUs: 12 total, 12 available
 Memory: 7521M
 Large Page Support: Disabled
 NUMA Support: Disabled
 Compressed Oops: Enabled (Zero based)
 Heap Region Size: 4M
 Heap Min Capacity: 8M
 Heap Initial Capacity: 120M
 Heap Max Capacity: 8G
 Pre-touch: Disabled
 Parallel Workers: 10
 Concurrent Workers: 3
 Concurrent Refinement Workers: 10
 Periodic GC: Disabled

Heap:
 garbage-first heap   total 1040384K, used 381935K [0x0000000600000000, 0x0000000800000000)
  region size 4096K, 2 young (8192K), 2 survivors (8192K)
 Metaspace       used 200896K, committed 203968K, reserved 1245184K
  class space    used 24867K, committed 26432K, reserved 1048576K

Heap Regions: E=young(eden), S=young(survivor), O=old, HS=humongous(starts), HC=humongous(continues), CS=collection set, F=free, OA=open archive, CA=closed archive, TAMS=top-at-mark-start (previous, next)
|   0|0x0000000600000000, 0x0000000600400000, 0x0000000600400000|100%|HS|  |TAMS 0x0000000600400000, 0x0000000600400000| Complete 
|   1|0x0000000600400000, 0x0000000600800000, 0x0000000600800000|100%| O|  |TAMS 0x0000000600800000, 0x0000000600800000| Untracked 
|   2|0x0000000600800000, 0x0000000600c00000, 0x0000000600c00000|100%| O|  |TAMS 0x0000000600c00000, 0x0000000600c00000| Untracked 
|   3|0x0000000600c00000, 0x0000000601000000, 0x0000000601000000|100%| O|  |TAMS 0x0000000601000000, 0x0000000601000000| Untracked 
|   4|0x0000000601000000, 0x0000000601400000, 0x0000000601400000|100%| O|  |TAMS 0x0000000601400000, 0x0000000601400000| Untracked 
|   5|0x0000000601400000, 0x0000000601800000, 0x0000000601800000|100%| O|  |TAMS 0x0000000601800000, 0x0000000601800000| Untracked 
|   6|0x0000000601800000, 0x0000000601c00000, 0x0000000601c00000|100%| O|  |TAMS 0x0000000601c00000, 0x0000000601c00000| Untracked 
|   7|0x0000000601c00000, 0x0000000602000000, 0x0000000602000000|100%|HS|  |TAMS 0x0000000602000000, 0x0000000602000000| Complete 
|   8|0x0000000602000000, 0x0000000602400000, 0x0000000602400000|100%|HS|  |TAMS 0x0000000602400000, 0x0000000602400000| Complete 
|   9|0x0000000602400000, 0x0000000602800000, 0x0000000602800000|100%| O|  |TAMS 0x0000000602800000, 0x0000000602800000| Untracked 
|  10|0x0000000602800000, 0x0000000602c00000, 0x0000000602c00000|100%|HS|  |TAMS 0x0000000602c00000, 0x0000000602c00000| Complete 
|  11|0x0000000602c00000, 0x0000000603000000, 0x0000000603000000|100%| O|  |TAMS 0x0000000603000000, 0x0000000603000000| Untracked 
|  12|0x0000000603000000, 0x0000000603400000, 0x0000000603400000|100%| O|  |TAMS 0x0000000603000000, 0x0000000603400000| Untracked 
|  13|0x0000000603400000, 0x0000000603800000, 0x0000000603800000|100%| O|  |TAMS 0x0000000603800000, 0x0000000603800000| Untracked 
|  14|0x0000000603800000, 0x0000000603c00000, 0x0000000603c00000|100%| O|  |TAMS 0x0000000603c00000, 0x0000000603c00000| Untracked 
|  15|0x0000000603c00000, 0x0000000604000000, 0x0000000604000000|100%| O|  |TAMS 0x0000000604000000, 0x0000000604000000| Untracked 
|  16|0x0000000604000000, 0x0000000604400000, 0x0000000604400000|100%| O|  |TAMS 0x0000000604400000, 0x0000000604400000| Untracked 
|  17|0x0000000604400000, 0x0000000604800000, 0x0000000604800000|100%| O|  |TAMS 0x0000000604800000, 0x0000000604800000| Untracked 
|  18|0x0000000604800000, 0x0000000604c00000, 0x0000000604c00000|100%| O|  |TAMS 0x0000000604800000, 0x0000000604800000| Untracked 
|  19|0x0000000604c00000, 0x0000000605000000, 0x0000000605000000|100%| O|  |TAMS 0x0000000604c00000, 0x0000000605000000| Untracked 
|  20|0x0000000605000000, 0x0000000605400000, 0x0000000605400000|100%| O|  |TAMS 0x0000000605000000, 0x0000000605000000| Untracked 
|  21|0x0000000605400000, 0x0000000605800000, 0x0000000605800000|100%| O|  |TAMS 0x0000000605800000, 0x0000000605800000| Untracked 
|  22|0x0000000605800000, 0x0000000605c00000, 0x0000000605c00000|100%| O|  |TAMS 0x0000000605c00000, 0x0000000605c00000| Untracked 
|  23|0x0000000605c00000, 0x0000000606000000, 0x0000000606000000|100%| O|  |TAMS 0x0000000606000000, 0x0000000606000000| Untracked 
|  24|0x0000000606000000, 0x0000000606400000, 0x0000000606400000|100%| O|  |TAMS 0x0000000606400000, 0x0000000606400000| Untracked 
|  25|0x0000000606400000, 0x0000000606800000, 0x0000000606800000|100%| O|  |TAMS 0x0000000606800000, 0x0000000606800000| Untracked 
|  26|0x0000000606800000, 0x0000000606c00000, 0x0000000606c00000|100%| O|  |TAMS 0x0000000606c00000, 0x0000000606c00000| Untracked 
|  27|0x0000000606c00000, 0x0000000607000000, 0x0000000607000000|100%| O|  |TAMS 0x0000000607000000, 0x0000000607000000| Untracked 
|  28|0x0000000607000000, 0x0000000607400000, 0x0000000607400000|100%| O|  |TAMS 0x0000000607400000, 0x0000000607400000| Untracked 
|  29|0x0000000607400000, 0x0000000607800000, 0x0000000607800000|100%| O|  |TAMS 0x0000000607800000, 0x0000000607800000| Untracked 
|  30|0x0000000607800000, 0x0000000607c00000, 0x0000000607c00000|100%| O|  |TAMS 0x0000000607c00000, 0x0000000607c00000| Untracked 
|  31|0x0000000607c00000, 0x0000000608000000, 0x0000000608000000|100%| O|  |TAMS 0x0000000608000000, 0x0000000608000000| Untracked 
|  32|0x0000000608000000, 0x0000000608400000, 0x0000000608400000|100%| O|  |TAMS 0x0000000608400000, 0x0000000608400000| Untracked 
|  33|0x0000000608400000, 0x0000000608800000, 0x0000000608800000|100%| O|  |TAMS 0x0000000608800000, 0x0000000608800000| Untracked 
|  34|0x0000000608800000, 0x0000000608c00000, 0x0000000608c00000|100%| O|  |TAMS 0x0000000608c00000, 0x0000000608c00000| Untracked 
|  35|0x0000000608c00000, 0x0000000609000000, 0x0000000609000000|100%| O|  |TAMS 0x0000000609000000, 0x0000000609000000| Untracked 
|  36|0x0000000609000000, 0x0000000609400000, 0x0000000609400000|100%| O|  |TAMS 0x0000000609400000, 0x0000000609400000| Untracked 
|  37|0x0000000609400000, 0x0000000609800000, 0x0000000609800000|100%| O|  |TAMS 0x0000000609800000, 0x0000000609800000| Untracked 
|  38|0x0000000609800000, 0x0000000609c00000, 0x0000000609c00000|100%| O|  |TAMS 0x0000000609c00000, 0x0000000609c00000| Untracked 
|  39|0x0000000609c00000, 0x000000060a000000, 0x000000060a000000|100%| O|  |TAMS 0x000000060a000000, 0x000000060a000000| Untracked 
|  40|0x000000060a000000, 0x000000060a400000, 0x000000060a400000|100%| O|  |TAMS 0x000000060a400000, 0x000000060a400000| Untracked 
|  41|0x000000060a400000, 0x000000060a800000, 0x000000060a800000|100%| O|  |TAMS 0x000000060a400000, 0x000000060a400000| Untracked 
|  42|0x000000060a800000, 0x000000060ac00000, 0x000000060ac00000|100%| O|  |TAMS 0x000000060ac00000, 0x000000060ac00000| Untracked 
|  43|0x000000060ac00000, 0x000000060b000000, 0x000000060b000000|100%| O|  |TAMS 0x000000060b000000, 0x000000060b000000| Untracked 
|  44|0x000000060b000000, 0x000000060b400000, 0x000000060b400000|100%| O|  |TAMS 0x000000060b400000, 0x000000060b400000| Untracked 
|  45|0x000000060b400000, 0x000000060b800000, 0x000000060b800000|100%| O|  |TAMS 0x000000060b800000, 0x000000060b800000| Untracked 
|  46|0x000000060b800000, 0x000000060bc00000, 0x000000060bc00000|100%| O|  |TAMS 0x000000060bc00000, 0x000000060bc00000| Untracked 
|  47|0x000000060bc00000, 0x000000060c000000, 0x000000060c000000|100%| O|  |TAMS 0x000000060c000000, 0x000000060c000000| Untracked 
|  48|0x000000060c000000, 0x000000060c400000, 0x000000060c400000|100%| O|  |TAMS 0x000000060c400000, 0x000000060c400000| Untracked 
|  49|0x000000060c400000, 0x000000060c800000, 0x000000060c800000|100%| O|  |TAMS 0x000000060c800000, 0x000000060c800000| Untracked 
|  50|0x000000060c800000, 0x000000060cc00000, 0x000000060cc00000|100%| O|  |TAMS 0x000000060c971e00, 0x000000060cc00000| Untracked 
|  51|0x000000060cc00000, 0x000000060d000000, 0x000000060d000000|100%| O|  |TAMS 0x000000060d000000, 0x000000060d000000| Untracked 
|  52|0x000000060d000000, 0x000000060d400000, 0x000000060d400000|100%|HS|  |TAMS 0x000000060d000000, 0x000000060d400000| Complete 
|  53|0x000000060d400000, 0x000000060d800000, 0x000000060d800000|100%| O|  |TAMS 0x000000060d400000, 0x000000060d800000| Untracked 
|  54|0x000000060d800000, 0x000000060dc00000, 0x000000060dc00000|100%| O|  |TAMS 0x000000060d800000, 0x000000060dc00000| Untracked 
|  55|0x000000060dc00000, 0x000000060e000000, 0x000000060e000000|100%| O|  |TAMS 0x000000060dc00000, 0x000000060e000000| Untracked 
|  56|0x000000060e000000, 0x000000060e400000, 0x000000060e400000|100%| O|  |TAMS 0x000000060e000000, 0x000000060e400000| Untracked 
|  57|0x000000060e400000, 0x000000060e800000, 0x000000060e800000|100%| O|  |TAMS 0x000000060e400000, 0x000000060e800000| Untracked 
|  58|0x000000060e800000, 0x000000060ec00000, 0x000000060ec00000|100%| O|  |TAMS 0x000000060e800000, 0x000000060e800000| Untracked 
|  59|0x000000060ec00000, 0x000000060f000000, 0x000000060f000000|100%|HS|  |TAMS 0x000000060ec00000, 0x000000060f000000| Complete 
|  60|0x000000060f000000, 0x000000060f400000, 0x000000060f400000|100%| O|  |TAMS 0x000000060f000000, 0x000000060f400000| Untracked 
|  61|0x000000060f400000, 0x000000060f800000, 0x000000060f800000|100%| O|  |TAMS 0x000000060f400000, 0x000000060f800000| Untracked 
|  62|0x000000060f800000, 0x000000060fc00000, 0x000000060fc00000|100%| O|  |TAMS 0x000000060f800000, 0x000000060fc00000| Untracked 
|  63|0x000000060fc00000, 0x0000000610000000, 0x0000000610000000|100%| O|  |TAMS 0x000000060fc00000, 0x000000060fcd5800| Untracked 
|  64|0x0000000610000000, 0x0000000610400000, 0x0000000610400000|100%| O|  |TAMS 0x0000000610000000, 0x0000000610000000| Untracked 
|  65|0x0000000610400000, 0x0000000610800000, 0x0000000610800000|100%| O|  |TAMS 0x0000000610400000, 0x0000000610400000| Untracked 
|  66|0x0000000610800000, 0x0000000610b34800, 0x0000000610c00000| 80%| O|  |TAMS 0x0000000610800000, 0x0000000610800000| Untracked 
|  67|0x0000000610c00000, 0x0000000610c00000, 0x0000000611000000|  0%| F|  |TAMS 0x0000000610c00000, 0x0000000610c00000| Untracked 
|  68|0x0000000611000000, 0x0000000611000000, 0x0000000611400000|  0%| F|  |TAMS 0x0000000611000000, 0x0000000611000000| Untracked 
|  69|0x0000000611400000, 0x0000000611400000, 0x0000000611800000|  0%| F|  |TAMS 0x0000000611400000, 0x0000000611400000| Untracked 
|  70|0x0000000611800000, 0x0000000611c00000, 0x0000000611c00000|100%| O|  |TAMS 0x0000000611c00000, 0x0000000611c00000| Untracked 
|  71|0x0000000611c00000, 0x0000000611c00000, 0x0000000612000000|  0%| F|  |TAMS 0x0000000611c00000, 0x0000000611c00000| Untracked 
|  72|0x0000000612000000, 0x0000000612000000, 0x0000000612400000|  0%| F|  |TAMS 0x0000000612000000, 0x0000000612000000| Untracked 
|  73|0x0000000612400000, 0x0000000612400000, 0x0000000612800000|  0%| F|  |TAMS 0x0000000612400000, 0x0000000612400000| Untracked 
|  74|0x0000000612800000, 0x0000000612c00000, 0x0000000612c00000|100%| O|  |TAMS 0x0000000612800000, 0x0000000612c00000| Untracked 
|  75|0x0000000612c00000, 0x0000000613000000, 0x0000000613000000|100%| O|  |TAMS 0x0000000612c00000, 0x0000000613000000| Untracked 
|  76|0x0000000613000000, 0x0000000613400000, 0x0000000613400000|100%| O|  |TAMS 0x0000000613000000, 0x0000000613400000| Untracked 
|  77|0x0000000613400000, 0x0000000613800000, 0x0000000613800000|100%| O|  |TAMS 0x0000000613400000, 0x0000000613800000| Untracked 
|  78|0x0000000613800000, 0x0000000613c00000, 0x0000000613c00000|100%| O|  |TAMS 0x0000000613800000, 0x0000000613c00000| Untracked 
|  79|0x0000000613c00000, 0x0000000614000000, 0x0000000614000000|100%| O|  |TAMS 0x0000000613c00000, 0x0000000614000000| Untracked 
|  80|0x0000000614000000, 0x0000000614400000, 0x0000000614400000|100%| O|  |TAMS 0x0000000614000000, 0x0000000614400000| Untracked 
|  81|0x0000000614400000, 0x0000000614800000, 0x0000000614800000|100%| O|  |TAMS 0x0000000614400000, 0x0000000614800000| Untracked 
|  82|0x0000000614800000, 0x0000000614c00000, 0x0000000614c00000|100%| O|  |TAMS 0x0000000614800000, 0x0000000614c00000| Untracked 
|  83|0x0000000614c00000, 0x0000000614c00000, 0x0000000615000000|  0%| F|  |TAMS 0x0000000614c00000, 0x0000000614c00000| Untracked 
|  84|0x0000000615000000, 0x0000000615000000, 0x0000000615400000|  0%| F|  |TAMS 0x0000000615000000, 0x0000000615000000| Untracked 
|  85|0x0000000615400000, 0x0000000615400000, 0x0000000615800000|  0%| F|  |TAMS 0x0000000615400000, 0x0000000615400000| Untracked 
|  86|0x0000000615800000, 0x0000000615800000, 0x0000000615c00000|  0%| F|  |TAMS 0x0000000615800000, 0x0000000615800000| Untracked 
|  87|0x0000000615c00000, 0x0000000615c00000, 0x0000000616000000|  0%| F|  |TAMS 0x0000000615c00000, 0x0000000615c00000| Untracked 
|  88|0x0000000616000000, 0x0000000616000000, 0x0000000616400000|  0%| F|  |TAMS 0x0000000616000000, 0x0000000616000000| Untracked 
|  89|0x0000000616400000, 0x0000000616400000, 0x0000000616800000|  0%| F|  |TAMS 0x0000000616400000, 0x0000000616400000| Untracked 
|  90|0x0000000616800000, 0x0000000616800000, 0x0000000616c00000|  0%| F|  |TAMS 0x0000000616800000, 0x0000000616800000| Untracked 
|  91|0x0000000616c00000, 0x0000000617000000, 0x0000000617000000|100%| O|  |TAMS 0x0000000617000000, 0x0000000617000000| Untracked 
|  92|0x0000000617000000, 0x0000000617400000, 0x0000000617400000|100%|HS|  |TAMS 0x0000000617400000, 0x0000000617400000| Complete 
|  93|0x0000000617400000, 0x0000000617800000, 0x0000000617800000|100%|HC|  |TAMS 0x0000000617800000, 0x0000000617800000| Complete 
|  94|0x0000000617800000, 0x0000000617c00000, 0x0000000617c00000|100%|HC|  |TAMS 0x0000000617c00000, 0x0000000617c00000| Complete 
|  95|0x0000000617c00000, 0x0000000618000000, 0x0000000618000000|100%|HC|  |TAMS 0x0000000618000000, 0x0000000618000000| Complete 
|  96|0x0000000618000000, 0x0000000618400000, 0x0000000618400000|100%|HC|  |TAMS 0x0000000618400000, 0x0000000618400000| Complete 
|  97|0x0000000618400000, 0x0000000618800000, 0x0000000618800000|100%|HC|  |TAMS 0x0000000618800000, 0x0000000618800000| Complete 
|  98|0x0000000618800000, 0x0000000618c00000, 0x0000000618c00000|100%|HC|  |TAMS 0x0000000618c00000, 0x0000000618c00000| Complete 
|  99|0x0000000618c00000, 0x0000000619000000, 0x0000000619000000|100%|HC|  |TAMS 0x0000000619000000, 0x0000000619000000| Complete 
| 100|0x0000000619000000, 0x0000000619400000, 0x0000000619400000|100%|HC|  |TAMS 0x0000000619400000, 0x0000000619400000| Complete 
| 101|0x0000000619400000, 0x0000000619800000, 0x0000000619800000|100%|HC|  |TAMS 0x0000000619800000, 0x0000000619800000| Complete 
| 102|0x0000000619800000, 0x0000000619c00000, 0x0000000619c00000|100%|HC|  |TAMS 0x0000000619c00000, 0x0000000619c00000| Complete 
| 103|0x0000000619c00000, 0x000000061a000000, 0x000000061a000000|100%|HC|  |TAMS 0x000000061a000000, 0x000000061a000000| Complete 
| 104|0x000000061a000000, 0x000000061a400000, 0x000000061a400000|100%|HC|  |TAMS 0x000000061a400000, 0x000000061a400000| Complete 
| 105|0x000000061a400000, 0x000000061a800000, 0x000000061a800000|100%|HC|  |TAMS 0x000000061a800000, 0x000000061a800000| Complete 
| 106|0x000000061a800000, 0x000000061a800000, 0x000000061ac00000|  0%| F|  |TAMS 0x000000061a800000, 0x000000061a800000| Untracked 
| 107|0x000000061ac00000, 0x000000061ac00000, 0x000000061b000000|  0%| F|  |TAMS 0x000000061ac00000, 0x000000061ac00000| Untracked 
| 108|0x000000061b000000, 0x000000061b000000, 0x000000061b400000|  0%| F|  |TAMS 0x000000061b000000, 0x000000061b000000| Untracked 
| 109|0x000000061b400000, 0x000000061b400000, 0x000000061b800000|  0%| F|  |TAMS 0x000000061b400000, 0x000000061b400000| Untracked 
| 110|0x000000061b800000, 0x000000061b800000, 0x000000061bc00000|  0%| F|  |TAMS 0x000000061b800000, 0x000000061b800000| Untracked 
| 111|0x000000061bc00000, 0x000000061bc00000, 0x000000061c000000|  0%| F|  |TAMS 0x000000061bc00000, 0x000000061bc00000| Untracked 
| 112|0x000000061c000000, 0x000000061c000000, 0x000000061c400000|  0%| F|  |TAMS 0x000000061c000000, 0x000000061c000000| Untracked 
| 113|0x000000061c400000, 0x000000061c400000, 0x000000061c800000|  0%| F|  |TAMS 0x000000061c400000, 0x000000061c400000| Untracked 
| 114|0x000000061c800000, 0x000000061c800000, 0x000000061cc00000|  0%| F|  |TAMS 0x000000061c800000, 0x000000061c800000| Untracked 
| 115|0x000000061cc00000, 0x000000061cc00000, 0x000000061d000000|  0%| F|  |TAMS 0x000000061cc00000, 0x000000061cc00000| Untracked 
| 116|0x000000061d000000, 0x000000061d000000, 0x000000061d400000|  0%| F|  |TAMS 0x000000061d000000, 0x000000061d000000| Untracked 
| 117|0x000000061d400000, 0x000000061d400000, 0x000000061d800000|  0%| F|  |TAMS 0x000000061d400000, 0x000000061d400000| Untracked 
| 118|0x000000061d800000, 0x000000061d800000, 0x000000061dc00000|  0%| F|  |TAMS 0x000000061d800000, 0x000000061d800000| Untracked 
| 119|0x000000061dc00000, 0x000000061dc00000, 0x000000061e000000|  0%| F|  |TAMS 0x000000061dc00000, 0x000000061dc00000| Untracked 
| 120|0x000000061e000000, 0x000000061e000000, 0x000000061e400000|  0%| F|  |TAMS 0x000000061e000000, 0x000000061e000000| Untracked 
| 121|0x000000061e400000, 0x000000061e400000, 0x000000061e800000|  0%| F|  |TAMS 0x000000061e400000, 0x000000061e400000| Untracked 
| 122|0x000000061e800000, 0x000000061e800000, 0x000000061ec00000|  0%| F|  |TAMS 0x000000061e800000, 0x000000061e800000| Untracked 
| 123|0x000000061ec00000, 0x000000061ec00000, 0x000000061f000000|  0%| F|  |TAMS 0x000000061ec00000, 0x000000061ec00000| Untracked 
| 124|0x000000061f000000, 0x000000061f000000, 0x000000061f400000|  0%| F|  |TAMS 0x000000061f000000, 0x000000061f000000| Untracked 
| 125|0x000000061f400000, 0x000000061f400000, 0x000000061f800000|  0%| F|  |TAMS 0x000000061f400000, 0x000000061f400000| Untracked 
| 126|0x000000061f800000, 0x000000061f800000, 0x000000061fc00000|  0%| F|  |TAMS 0x000000061f800000, 0x000000061f800000| Untracked 
| 127|0x000000061fc00000, 0x000000061fc00000, 0x0000000620000000|  0%| F|  |TAMS 0x000000061fc00000, 0x000000061fc00000| Untracked 
| 128|0x0000000620000000, 0x0000000620000000, 0x0000000620400000|  0%| F|  |TAMS 0x0000000620000000, 0x0000000620000000| Untracked 
| 129|0x0000000620400000, 0x0000000620400000, 0x0000000620800000|  0%| F|  |TAMS 0x0000000620400000, 0x0000000620400000| Untracked 
| 130|0x0000000620800000, 0x0000000620800000, 0x0000000620c00000|  0%| F|  |TAMS 0x0000000620800000, 0x0000000620800000| Untracked 
| 131|0x0000000620c00000, 0x0000000620c00000, 0x0000000621000000|  0%| F|  |TAMS 0x0000000620c00000, 0x0000000620c00000| Untracked 
| 132|0x0000000621000000, 0x0000000621000000, 0x0000000621400000|  0%| F|  |TAMS 0x0000000621000000, 0x0000000621000000| Untracked 
| 133|0x0000000621400000, 0x0000000621400000, 0x0000000621800000|  0%| F|  |TAMS 0x0000000621400000, 0x0000000621400000| Untracked 
| 134|0x0000000621800000, 0x0000000621800000, 0x0000000621c00000|  0%| F|  |TAMS 0x0000000621800000, 0x0000000621800000| Untracked 
| 135|0x0000000621c00000, 0x0000000621c00000, 0x0000000622000000|  0%| F|  |TAMS 0x0000000621c00000, 0x0000000621c00000| Untracked 
| 136|0x0000000622000000, 0x0000000622000000, 0x0000000622400000|  0%| F|  |TAMS 0x0000000622000000, 0x0000000622000000| Untracked 
| 137|0x0000000622400000, 0x0000000622400000, 0x0000000622800000|  0%| F|  |TAMS 0x0000000622400000, 0x0000000622400000| Untracked 
| 138|0x0000000622800000, 0x0000000622800000, 0x0000000622c00000|  0%| F|  |TAMS 0x0000000622800000, 0x0000000622800000| Untracked 
| 139|0x0000000622c00000, 0x0000000622c00000, 0x0000000623000000|  0%| F|  |TAMS 0x0000000622c00000, 0x0000000622c00000| Untracked 
| 140|0x0000000623000000, 0x0000000623000000, 0x0000000623400000|  0%| F|  |TAMS 0x0000000623000000, 0x0000000623000000| Untracked 
| 141|0x0000000623400000, 0x0000000623400000, 0x0000000623800000|  0%| F|  |TAMS 0x0000000623400000, 0x0000000623400000| Untracked 
| 142|0x0000000623800000, 0x0000000623800000, 0x0000000623c00000|  0%| F|  |TAMS 0x0000000623800000, 0x0000000623800000| Untracked 
| 143|0x0000000623c00000, 0x0000000623c00000, 0x0000000624000000|  0%| F|  |TAMS 0x0000000623c00000, 0x0000000623c00000| Untracked 
| 144|0x0000000624000000, 0x0000000624000000, 0x0000000624400000|  0%| F|  |TAMS 0x0000000624000000, 0x0000000624000000| Untracked 
| 145|0x0000000624400000, 0x0000000624400000, 0x0000000624800000|  0%| F|  |TAMS 0x0000000624400000, 0x0000000624400000| Untracked 
| 146|0x0000000624800000, 0x0000000624800000, 0x0000000624c00000|  0%| F|  |TAMS 0x0000000624800000, 0x0000000624800000| Untracked 
| 147|0x0000000624c00000, 0x0000000624c00000, 0x0000000625000000|  0%| F|  |TAMS 0x0000000624c00000, 0x0000000624c00000| Untracked 
| 148|0x0000000625000000, 0x0000000625000000, 0x0000000625400000|  0%| F|  |TAMS 0x0000000625000000, 0x0000000625000000| Untracked 
| 149|0x0000000625400000, 0x0000000625400000, 0x0000000625800000|  0%| F|  |TAMS 0x0000000625400000, 0x0000000625400000| Untracked 
| 150|0x0000000625800000, 0x0000000625800000, 0x0000000625c00000|  0%| F|  |TAMS 0x0000000625800000, 0x0000000625800000| Untracked 
| 151|0x0000000625c00000, 0x0000000625c00000, 0x0000000626000000|  0%| F|  |TAMS 0x0000000625c00000, 0x0000000625c00000| Untracked 
| 152|0x0000000626000000, 0x0000000626000000, 0x0000000626400000|  0%| F|  |TAMS 0x0000000626000000, 0x0000000626000000| Untracked 
| 153|0x0000000626400000, 0x0000000626400000, 0x0000000626800000|  0%| F|  |TAMS 0x0000000626400000, 0x0000000626400000| Untracked 
| 154|0x0000000626800000, 0x0000000626800000, 0x0000000626c00000|  0%| F|  |TAMS 0x0000000626800000, 0x0000000626800000| Untracked 
| 155|0x0000000626c00000, 0x0000000626c00000, 0x0000000627000000|  0%| F|  |TAMS 0x0000000626c00000, 0x0000000626c00000| Untracked 
| 156|0x0000000627000000, 0x0000000627000000, 0x0000000627400000|  0%| F|  |TAMS 0x0000000627000000, 0x0000000627000000| Untracked 
| 157|0x0000000627400000, 0x0000000627400000, 0x0000000627800000|  0%| F|  |TAMS 0x0000000627400000, 0x0000000627400000| Untracked 
| 158|0x0000000627800000, 0x0000000627800000, 0x0000000627c00000|  0%| F|  |TAMS 0x0000000627800000, 0x0000000627800000| Untracked 
| 159|0x0000000627c00000, 0x0000000627c00000, 0x0000000628000000|  0%| F|  |TAMS 0x0000000627c00000, 0x0000000627c00000| Untracked 
| 160|0x0000000628000000, 0x0000000628000000, 0x0000000628400000|  0%| F|  |TAMS 0x0000000628000000, 0x0000000628000000| Untracked 
| 161|0x0000000628400000, 0x0000000628400000, 0x0000000628800000|  0%| F|  |TAMS 0x0000000628400000, 0x0000000628400000| Untracked 
| 162|0x0000000628800000, 0x0000000628800000, 0x0000000628c00000|  0%| F|  |TAMS 0x0000000628800000, 0x0000000628800000| Untracked 
| 163|0x0000000628c00000, 0x0000000628c00000, 0x0000000629000000|  0%| F|  |TAMS 0x0000000628c00000, 0x0000000628c00000| Untracked 
| 164|0x0000000629000000, 0x0000000629000000, 0x0000000629400000|  0%| F|  |TAMS 0x0000000629000000, 0x0000000629000000| Untracked 
| 165|0x0000000629400000, 0x0000000629400000, 0x0000000629800000|  0%| F|  |TAMS 0x0000000629400000, 0x0000000629400000| Untracked 
| 166|0x0000000629800000, 0x0000000629800000, 0x0000000629c00000|  0%| F|  |TAMS 0x0000000629800000, 0x0000000629800000| Untracked 
| 167|0x0000000629c00000, 0x0000000629c00000, 0x000000062a000000|  0%| F|  |TAMS 0x0000000629c00000, 0x0000000629c00000| Untracked 
| 168|0x000000062a000000, 0x000000062a000000, 0x000000062a400000|  0%| F|  |TAMS 0x000000062a000000, 0x000000062a000000| Untracked 
| 169|0x000000062a400000, 0x000000062a400000, 0x000000062a800000|  0%| F|  |TAMS 0x000000062a400000, 0x000000062a400000| Untracked 
| 170|0x000000062a800000, 0x000000062a800000, 0x000000062ac00000|  0%| F|  |TAMS 0x000000062a800000, 0x000000062a800000| Untracked 
| 171|0x000000062ac00000, 0x000000062ac00000, 0x000000062b000000|  0%| F|  |TAMS 0x000000062ac00000, 0x000000062ac00000| Untracked 
| 172|0x000000062b000000, 0x000000062b000000, 0x000000062b400000|  0%| F|  |TAMS 0x000000062b000000, 0x000000062b000000| Untracked 
| 173|0x000000062b400000, 0x000000062b400000, 0x000000062b800000|  0%| F|  |TAMS 0x000000062b400000, 0x000000062b400000| Untracked 
| 174|0x000000062b800000, 0x000000062b800000, 0x000000062bc00000|  0%| F|  |TAMS 0x000000062b800000, 0x000000062b800000| Untracked 
| 175|0x000000062bc00000, 0x000000062bc00000, 0x000000062c000000|  0%| F|  |TAMS 0x000000062bc00000, 0x000000062bc00000| Untracked 
| 176|0x000000062c000000, 0x000000062c000000, 0x000000062c400000|  0%| F|  |TAMS 0x000000062c000000, 0x000000062c000000| Untracked 
| 177|0x000000062c400000, 0x000000062c400000, 0x000000062c800000|  0%| F|  |TAMS 0x000000062c400000, 0x000000062c400000| Untracked 
| 178|0x000000062c800000, 0x000000062c800000, 0x000000062cc00000|  0%| F|  |TAMS 0x000000062c800000, 0x000000062c800000| Untracked 
| 179|0x000000062cc00000, 0x000000062cc00000, 0x000000062d000000|  0%| F|  |TAMS 0x000000062cc00000, 0x000000062cc00000| Untracked 
| 180|0x000000062d000000, 0x000000062d000000, 0x000000062d400000|  0%| F|  |TAMS 0x000000062d000000, 0x000000062d000000| Untracked 
| 181|0x000000062d400000, 0x000000062d400000, 0x000000062d800000|  0%| F|  |TAMS 0x000000062d400000, 0x000000062d400000| Untracked 
| 182|0x000000062d800000, 0x000000062d800000, 0x000000062dc00000|  0%| F|  |TAMS 0x000000062d800000, 0x000000062d800000| Untracked 
| 183|0x000000062dc00000, 0x000000062dc00000, 0x000000062e000000|  0%| F|  |TAMS 0x000000062dc00000, 0x000000062dc00000| Untracked 
| 184|0x000000062e000000, 0x000000062e000000, 0x000000062e400000|  0%| F|  |TAMS 0x000000062e000000, 0x000000062e000000| Untracked 
| 185|0x000000062e400000, 0x000000062e400000, 0x000000062e800000|  0%| F|  |TAMS 0x000000062e400000, 0x000000062e400000| Untracked 
| 186|0x000000062e800000, 0x000000062e800000, 0x000000062ec00000|  0%| F|  |TAMS 0x000000062e800000, 0x000000062e800000| Untracked 
| 187|0x000000062ec00000, 0x000000062ec00000, 0x000000062f000000|  0%| F|  |TAMS 0x000000062ec00000, 0x000000062ec00000| Untracked 
| 188|0x000000062f000000, 0x000000062f000000, 0x000000062f400000|  0%| F|  |TAMS 0x000000062f000000, 0x000000062f000000| Untracked 
| 189|0x000000062f400000, 0x000000062f400000, 0x000000062f800000|  0%| F|  |TAMS 0x000000062f400000, 0x000000062f400000| Untracked 
| 190|0x000000062f800000, 0x000000062f800000, 0x000000062fc00000|  0%| F|  |TAMS 0x000000062f800000, 0x000000062f800000| Untracked 
| 191|0x000000062fc00000, 0x000000062fc00000, 0x0000000630000000|  0%| F|  |TAMS 0x000000062fc00000, 0x000000062fc00000| Untracked 
| 192|0x0000000630000000, 0x0000000630000000, 0x0000000630400000|  0%| F|  |TAMS 0x0000000630000000, 0x0000000630000000| Untracked 
| 193|0x0000000630400000, 0x0000000630400000, 0x0000000630800000|  0%| F|  |TAMS 0x0000000630400000, 0x0000000630400000| Untracked 
| 194|0x0000000630800000, 0x0000000630800000, 0x0000000630c00000|  0%| F|  |TAMS 0x0000000630800000, 0x0000000630800000| Untracked 
| 195|0x0000000630c00000, 0x0000000630c00000, 0x0000000631000000|  0%| F|  |TAMS 0x0000000630c00000, 0x0000000630c00000| Untracked 
| 196|0x0000000631000000, 0x0000000631000000, 0x0000000631400000|  0%| F|  |TAMS 0x0000000631000000, 0x0000000631000000| Untracked 
| 197|0x0000000631400000, 0x0000000631400000, 0x0000000631800000|  0%| F|  |TAMS 0x0000000631400000, 0x0000000631400000| Untracked 
| 198|0x0000000631800000, 0x0000000631800000, 0x0000000631c00000|  0%| F|  |TAMS 0x0000000631800000, 0x0000000631800000| Untracked 
| 199|0x0000000631c00000, 0x0000000631c00000, 0x0000000632000000|  0%| F|  |TAMS 0x0000000631c00000, 0x0000000631c00000| Untracked 
| 200|0x0000000632000000, 0x0000000632000000, 0x0000000632400000|  0%| F|  |TAMS 0x0000000632000000, 0x0000000632000000| Untracked 
| 201|0x0000000632400000, 0x0000000632400000, 0x0000000632800000|  0%| F|  |TAMS 0x0000000632400000, 0x0000000632400000| Untracked 
| 202|0x0000000632800000, 0x0000000632800000, 0x0000000632c00000|  0%| F|  |TAMS 0x0000000632800000, 0x0000000632800000| Untracked 
| 203|0x0000000632c00000, 0x0000000632c00000, 0x0000000633000000|  0%| F|  |TAMS 0x0000000632c00000, 0x0000000632c00000| Untracked 
| 204|0x0000000633000000, 0x0000000633000000, 0x0000000633400000|  0%| F|  |TAMS 0x0000000633000000, 0x0000000633000000| Untracked 
| 205|0x0000000633400000, 0x0000000633400000, 0x0000000633800000|  0%| F|  |TAMS 0x0000000633400000, 0x0000000633400000| Untracked 
| 206|0x0000000633800000, 0x0000000633800000, 0x0000000633c00000|  0%| F|  |TAMS 0x0000000633800000, 0x0000000633800000| Untracked 
| 207|0x0000000633c00000, 0x0000000633c00000, 0x0000000634000000|  0%| F|  |TAMS 0x0000000633c00000, 0x0000000633c00000| Untracked 
| 208|0x0000000634000000, 0x0000000634000000, 0x0000000634400000|  0%| F|  |TAMS 0x0000000634000000, 0x0000000634000000| Untracked 
| 209|0x0000000634400000, 0x0000000634400000, 0x0000000634800000|  0%| F|  |TAMS 0x0000000634400000, 0x0000000634400000| Untracked 
| 210|0x0000000634800000, 0x0000000634800000, 0x0000000634c00000|  0%| F|  |TAMS 0x0000000634800000, 0x0000000634800000| Untracked 
| 211|0x0000000634c00000, 0x0000000634c00000, 0x0000000635000000|  0%| F|  |TAMS 0x0000000634c00000, 0x0000000634c00000| Untracked 
| 212|0x0000000635000000, 0x0000000635000000, 0x0000000635400000|  0%| F|  |TAMS 0x0000000635000000, 0x0000000635000000| Untracked 
| 213|0x0000000635400000, 0x0000000635400000, 0x0000000635800000|  0%| F|  |TAMS 0x0000000635400000, 0x0000000635400000| Untracked 
| 214|0x0000000635800000, 0x0000000635800000, 0x0000000635c00000|  0%| F|  |TAMS 0x0000000635800000, 0x0000000635800000| Untracked 
| 215|0x0000000635c00000, 0x0000000635c00000, 0x0000000636000000|  0%| F|  |TAMS 0x0000000635c00000, 0x0000000635c00000| Untracked 
| 216|0x0000000636000000, 0x0000000636000000, 0x0000000636400000|  0%| F|  |TAMS 0x0000000636000000, 0x0000000636000000| Untracked 
| 217|0x0000000636400000, 0x0000000636400000, 0x0000000636800000|  0%| F|  |TAMS 0x0000000636400000, 0x0000000636400000| Untracked 
| 218|0x0000000636800000, 0x0000000636800000, 0x0000000636c00000|  0%| F|  |TAMS 0x0000000636800000, 0x0000000636800000| Untracked 
| 219|0x0000000636c00000, 0x0000000636c00000, 0x0000000637000000|  0%| F|  |TAMS 0x0000000636c00000, 0x0000000636c00000| Untracked 
| 220|0x0000000637000000, 0x0000000637000000, 0x0000000637400000|  0%| F|  |TAMS 0x0000000637000000, 0x0000000637000000| Untracked 
| 221|0x0000000637400000, 0x0000000637400000, 0x0000000637800000|  0%| F|  |TAMS 0x0000000637400000, 0x0000000637400000| Untracked 
| 222|0x0000000637800000, 0x0000000637800000, 0x0000000637c00000|  0%| F|  |TAMS 0x0000000637800000, 0x0000000637800000| Untracked 
| 223|0x0000000637c00000, 0x0000000637c00000, 0x0000000638000000|  0%| F|  |TAMS 0x0000000637c00000, 0x0000000637c00000| Untracked 
| 224|0x0000000638000000, 0x0000000638000000, 0x0000000638400000|  0%| F|  |TAMS 0x0000000638000000, 0x0000000638000000| Untracked 
| 225|0x0000000638400000, 0x0000000638400000, 0x0000000638800000|  0%| F|  |TAMS 0x0000000638400000, 0x0000000638400000| Untracked 
| 226|0x0000000638800000, 0x0000000638800000, 0x0000000638c00000|  0%| F|  |TAMS 0x0000000638800000, 0x0000000638800000| Untracked 
| 227|0x0000000638c00000, 0x0000000638c00000, 0x0000000639000000|  0%| F|  |TAMS 0x0000000638c00000, 0x0000000638c00000| Untracked 
| 228|0x0000000639000000, 0x0000000639000000, 0x0000000639400000|  0%| F|  |TAMS 0x0000000639000000, 0x0000000639000000| Untracked 
| 229|0x0000000639400000, 0x0000000639400000, 0x0000000639800000|  0%| F|  |TAMS 0x0000000639400000, 0x0000000639400000| Untracked 
| 230|0x0000000639800000, 0x0000000639800000, 0x0000000639c00000|  0%| F|  |TAMS 0x0000000639800000, 0x0000000639800000| Untracked 
| 231|0x0000000639c00000, 0x0000000639c00000, 0x000000063a000000|  0%| F|  |TAMS 0x0000000639c00000, 0x0000000639c00000| Untracked 
| 232|0x000000063a000000, 0x000000063a000000, 0x000000063a400000|  0%| F|  |TAMS 0x000000063a000000, 0x000000063a000000| Untracked 
| 233|0x000000063a400000, 0x000000063a400000, 0x000000063a800000|  0%| F|  |TAMS 0x000000063a400000, 0x000000063a400000| Untracked 
| 234|0x000000063a800000, 0x000000063a800000, 0x000000063ac00000|  0%| F|  |TAMS 0x000000063a800000, 0x000000063a800000| Untracked 
| 235|0x000000063ac00000, 0x000000063ac00000, 0x000000063b000000|  0%| F|  |TAMS 0x000000063ac00000, 0x000000063ac00000| Untracked 
| 236|0x000000063b000000, 0x000000063b000000, 0x000000063b400000|  0%| F|  |TAMS 0x000000063b000000, 0x000000063b000000| Untracked 
| 237|0x000000063b400000, 0x000000063b400000, 0x000000063b800000|  0%| F|  |TAMS 0x000000063b400000, 0x000000063b400000| Untracked 
| 238|0x000000063b800000, 0x000000063b800000, 0x000000063bc00000|  0%| F|  |TAMS 0x000000063b800000, 0x000000063b800000| Untracked 
| 239|0x000000063bc00000, 0x000000063bc00000, 0x000000063c000000|  0%| F|  |TAMS 0x000000063bc00000, 0x000000063bc00000| Untracked 
| 240|0x000000063c000000, 0x000000063c000000, 0x000000063c400000|  0%| F|  |TAMS 0x000000063c000000, 0x000000063c000000| Untracked 
| 241|0x000000063c400000, 0x000000063c400000, 0x000000063c800000|  0%| F|  |TAMS 0x000000063c400000, 0x000000063c400000| Untracked 
| 242|0x000000063c800000, 0x000000063c800000, 0x000000063cc00000|  0%| F|  |TAMS 0x000000063c800000, 0x000000063c800000| Untracked 
| 243|0x000000063cc00000, 0x000000063cc00000, 0x000000063d000000|  0%| F|  |TAMS 0x000000063cc00000, 0x000000063cc00000| Untracked 
| 244|0x000000063d000000, 0x000000063d000000, 0x000000063d400000|  0%| F|  |TAMS 0x000000063d000000, 0x000000063d000000| Untracked 
| 245|0x000000063d400000, 0x000000063d400000, 0x000000063d800000|  0%| F|  |TAMS 0x000000063d400000, 0x000000063d400000| Untracked 
| 246|0x000000063d800000, 0x000000063d800000, 0x000000063dc00000|  0%| F|  |TAMS 0x000000063d800000, 0x000000063d800000| Untracked 
| 247|0x000000063dc00000, 0x000000063dc00000, 0x000000063e000000|  0%| F|  |TAMS 0x000000063dc00000, 0x000000063dc00000| Untracked 
| 248|0x000000063e000000, 0x000000063e1c77d8, 0x000000063e400000| 44%| S|CS|TAMS 0x000000063e000000, 0x000000063e000000| Complete 
| 249|0x000000063e400000, 0x000000063e800000, 0x000000063e800000|100%| S|CS|TAMS 0x000000063e400000, 0x000000063e400000| Complete 
| 250|0x000000063e800000, 0x000000063e800000, 0x000000063ec00000|  0%| F|  |TAMS 0x000000063e800000, 0x000000063e800000| Untracked 
| 251|0x000000063ec00000, 0x000000063ec00000, 0x000000063f000000|  0%| F|  |TAMS 0x000000063ec00000, 0x000000063ec00000| Untracked 
| 252|0x000000063f000000, 0x000000063f000000, 0x000000063f400000|  0%| F|  |TAMS 0x000000063f000000, 0x000000063f000000| Untracked 
| 253|0x000000063f400000, 0x000000063f400000, 0x000000063f800000|  0%| F|  |TAMS 0x000000063f400000, 0x000000063f400000| Untracked 

Card table byte_map: [0x000001f8f2090000,0x000001f8f3090000] _byte_map_base: 0x000001f8ef090000

Marking Bits (Prev, Next): (CMBitMap*) 0x000001f8e6b4ab80, (CMBitMap*) 0x000001f8e6b4abc0
 Prev Bits: [0x000001f8f4090000, 0x000001f8fc090000)
 Next Bits: [0x000001f8a0000000, 0x000001f8a8000000)

Polling page: 0x000001f8e6b50000

Metaspace:

Usage:
  Non-class:    171.90 MB used.
      Class:     24.28 MB used.
       Both:    196.19 MB used.

Virtual space:
  Non-class space:      192.00 MB reserved,     173.38 MB ( 90%) committed,  3 nodes.
      Class space:        1.00 GB reserved,      25.81 MB (  3%) committed,  1 nodes.
             Both:        1.19 GB reserved,     199.19 MB ( 16%) committed. 

Chunk freelists:
   Non-Class:  2.00 MB
       Class:  2.03 MB
        Both:  4.03 MB

MaxMetaspaceSize: 4.00 GB
CompressedClassSpaceSize: 1.00 GB
Initial GC threshold: 21.00 MB
Current GC threshold: 259.94 MB
CDS: on
MetaspaceReclaimPolicy: balanced
 - commit_granule_bytes: 65536.
 - commit_granule_words: 8192.
 - virtual_space_node_default_size: 8388608.
 - enlarge_chunks_in_place: 1.
 - new_chunks_are_fully_committed: 0.
 - uncommit_free_chunks: 1.
 - use_allocation_guard: 0.


Internal statistics:

num_allocs_failed_limit: 15.
num_arena_births: 5360.
num_arena_deaths: 2.
num_vsnodes_births: 4.
num_vsnodes_deaths: 0.
num_space_committed: 3181.
num_space_uncommitted: 0.
num_chunks_returned_to_freelist: 18.
num_chunks_taken_from_freelist: 15129.
num_chunk_merges: 15.
num_chunk_splits: 9638.
num_chunks_enlarged: 5621.
num_inconsistent_stats: 0.

CodeHeap 'non-profiled nmethods': size=259264Kb used=17443Kb max_used=17757Kb free=241820Kb
 bounds [0x000001f8902d0000, 0x000001f891430000, 0x000001f8a0000000]
CodeHeap 'profiled nmethods': size=259264Kb used=46373Kb max_used=47722Kb free=212890Kb
 bounds [0x000001f880000000, 0x000001f882ea0000, 0x000001f88fd30000]
CodeHeap 'non-nmethods': size=5760Kb used=2695Kb max_used=2735Kb free=3064Kb
 bounds [0x000001f88fd30000, 0x000001f88fff0000, 0x000001f8902d0000]
 total_blobs=25006 nmethods=23817 adapters=1098
 compilation: enabled
              stopped_count=0, restarted_count=0
 full_count=0

Compilation events (20 events):
Event: 1344.646 Thread 0x000001f8fc307a40 30253       4       com.intellij.openapi.vfs.VirtualFile::getUrl (23 bytes)
Event: 1344.652 Thread 0x000001f8fc307a40 nmethod 30253 0x000001f890879f90 code [0x000001f89087a180, 0x000001f89087a790]
Event: 1344.653 Thread 0x000001f8fc307a40 30254       4       kotlin.collections.builders.SetBuilder::add (17 bytes)
Event: 1344.663 Thread 0x000001f8fc307a40 nmethod 30254 0x000001f890878d90 code [0x000001f890878fa0, 0x000001f890879900]
Event: 1344.663 Thread 0x000001f8fc307a40 30300       4       com.intellij.util.text.CharArrayUtil::regionMatches (83 bytes)
Event: 1344.681 Thread 0x000001f8fc307a40 nmethod 30300 0x000001f890878290 code [0x000001f890878420, 0x000001f890878b78]
Event: 1344.681 Thread 0x000001f8fc307a40 30299       4       com.intellij.openapi.util.io.FileUtil::normalize (126 bytes)
Event: 1344.692 Thread 0x000001f8fc307a40 nmethod 30299 0x000001f890877a10 code [0x000001f890877ba0, 0x000001f890878038]
Event: 1344.692 Thread 0x000001f8fc307a40 30298       4       org.gradle.api.internal.tasks.compile.incremental.compilerapi.deps.DependentSetSerializer::read (198 bytes)
Event: 1344.708 Thread 0x000001f8fc2fc1f0 30302       2       com.esotericsoftware.kryo.io.Input::readUtf8Length_slow (163 bytes)
Event: 1344.708 Thread 0x000001f8fc2fc1f0 nmethod 30302 0x000001f8826f0f90 code [0x000001f8826f1160, 0x000001f8826f1498]
Event: 1344.846 Thread 0x000001f8fc2fc1f0 30303       2       jdk.internal.misc.VM::addFinalRefCount (24 bytes)
Event: 1344.846 Thread 0x000001f8fc2fc1f0 nmethod 30303 0x000001f880f55b90 code [0x000001f880f55d20, 0x000001f880f55e58]
Event: 1344.847 Thread 0x000001f8fc2fc1f0 30304   !   2       jdk.nio.zipfs.ZipFileSystem::close (390 bytes)
Event: 1344.850 Thread 0x000001f8fc2fc1f0 nmethod 30304 0x000001f880113190 code [0x000001f8801136c0, 0x000001f880115128]
Event: 1344.852 Thread 0x000001f8fc2fc1f0 30307       1       org.gradle.api.internal.tasks.compile.incremental.recomp.CurrentCompilationAccess$CreateSnapshot::getSnapshot (5 bytes)
Event: 1344.853 Thread 0x000001f8fc2fc1f0 nmethod 30307 0x000001f890877710 code [0x000001f8908778a0, 0x000001f890877978]
Event: 1344.853 Thread 0x000001f8fc2fc1f0 30308 %     3       kotlin.collections.builders.MapBuilder::rehash @ 63 (94 bytes)
Event: 1344.854 Thread 0x000001f8fc2fc1f0 nmethod 30308% 0x000001f88020b810 code [0x000001f88020bae0, 0x000001f88020c9a8]
Event: 1344.854 Thread 0x000001f8fc2fc1f0 30309       3       kotlin.collections.builders.MapBuilder::rehash (94 bytes)

GC Heap History (20 events):
Event: 21.824 GC heap after
{Heap after GC invocations=52 (full 0):
 garbage-first heap   total 413696K, used 295478K [0x0000000600000000, 0x0000000800000000)
  region size 4096K, 2 young (8192K), 2 survivors (8192K)
 Metaspace       used 118372K, committed 120832K, reserved 1179648K
  class space    used 15846K, committed 17152K, reserved 1048576K
}
Event: 22.218 GC heap before
{Heap before GC invocations=53 (full 0):
 garbage-first heap   total 671744K, used 397878K [0x0000000600000000, 0x0000000800000000)
  region size 4096K, 8 young (32768K), 2 survivors (8192K)
 Metaspace       used 118378K, committed 120832K, reserved 1179648K
  class space    used 15846K, committed 17152K, reserved 1048576K
}
Event: 22.225 GC heap after
{Heap after GC invocations=54 (full 0):
 garbage-first heap   total 671744K, used 372144K [0x0000000600000000, 0x0000000800000000)
  region size 4096K, 1 young (4096K), 1 survivors (4096K)
 Metaspace       used 118378K, committed 120832K, reserved 1179648K
  class space    used 15846K, committed 17152K, reserved 1048576K
}
Event: 22.512 GC heap before
{Heap before GC invocations=54 (full 0):
 garbage-first heap   total 671744K, used 454064K [0x0000000600000000, 0x0000000800000000)
  region size 4096K, 9 young (36864K), 1 survivors (4096K)
 Metaspace       used 118379K, committed 120832K, reserved 1179648K
  class space    used 15846K, committed 17152K, reserved 1048576K
}
Event: 22.521 GC heap after
{Heap after GC invocations=55 (full 0):
 garbage-first heap   total 1040384K, used 414490K [0x0000000600000000, 0x0000000800000000)
  region size 4096K, 1 young (4096K), 1 survivors (4096K)
 Metaspace       used 118379K, committed 120832K, reserved 1179648K
  class space    used 15846K, committed 17152K, reserved 1048576K
}
Event: 28.841 GC heap before
{Heap before GC invocations=55 (full 0):
 garbage-first heap   total 1040384K, used 762650K [0x0000000600000000, 0x0000000800000000)
  region size 4096K, 87 young (356352K), 1 survivors (4096K)
 Metaspace       used 127116K, committed 129664K, reserved 1179648K
  class space    used 16790K, committed 18112K, reserved 1048576K
}
Event: 28.847 GC heap after
{Heap after GC invocations=56 (full 0):
 garbage-first heap   total 1040384K, used 362623K [0x0000000600000000, 0x0000000800000000)
  region size 4096K, 3 young (12288K), 3 survivors (12288K)
 Metaspace       used 127116K, committed 129664K, reserved 1179648K
  class space    used 16790K, committed 18112K, reserved 1048576K
}
Event: 1320.606 GC heap before
{Heap before GC invocations=56 (full 0):
 garbage-first heap   total 1040384K, used 841855K [0x0000000600000000, 0x0000000800000000)
  region size 4096K, 120 young (491520K), 3 survivors (12288K)
 Metaspace       used 135920K, committed 138560K, reserved 1179648K
  class space    used 17756K, committed 19136K, reserved 1048576K
}
Event: 1320.686 GC heap after
{Heap after GC invocations=57 (full 0):
 garbage-first heap   total 1040384K, used 401278K [0x0000000600000000, 0x0000000800000000)
  region size 4096K, 12 young (49152K), 12 survivors (49152K)
 Metaspace       used 135920K, committed 138560K, reserved 1179648K
  class space    used 17756K, committed 19136K, reserved 1048576K
}
Event: 1329.446 GC heap before
{Heap before GC invocations=57 (full 0):
 garbage-first heap   total 1040384K, used 814974K [0x0000000600000000, 0x0000000800000000)
  region size 4096K, 114 young (466944K), 12 survivors (49152K)
 Metaspace       used 156535K, committed 159296K, reserved 1245184K
  class space    used 19964K, committed 21376K, reserved 1048576K
}
Event: 1330.100 GC heap after
{Heap after GC invocations=58 (full 0):
 garbage-first heap   total 1040384K, used 424182K [0x0000000600000000, 0x0000000800000000)
  region size 4096K, 7 young (28672K), 7 survivors (28672K)
 Metaspace       used 156535K, committed 159296K, reserved 1245184K
  class space    used 19964K, committed 21376K, reserved 1048576K
}
Event: 1334.023 GC heap before
{Heap before GC invocations=59 (full 0):
 garbage-first heap   total 1040384K, used 411894K [0x0000000600000000, 0x0000000800000000)
  region size 4096K, 25 young (102400K), 7 survivors (28672K)
 Metaspace       used 157473K, committed 160320K, reserved 1245184K
  class space    used 20031K, committed 21504K, reserved 1048576K
}
Event: 1334.267 GC heap after
{Heap after GC invocations=60 (full 0):
 garbage-first heap   total 1040384K, used 343421K [0x0000000600000000, 0x0000000800000000)
  region size 4096K, 2 young (8192K), 2 survivors (8192K)
 Metaspace       used 157473K, committed 160320K, reserved 1245184K
  class space    used 20031K, committed 21504K, reserved 1048576K
}
Event: 1334.757 GC heap before
{Heap before GC invocations=60 (full 0):
 garbage-first heap   total 1040384K, used 388477K [0x0000000600000000, 0x0000000800000000)
  region size 4096K, 12 young (49152K), 2 survivors (8192K)
 Metaspace       used 157746K, committed 160640K, reserved 1245184K
  class space    used 20052K, committed 21504K, reserved 1048576K
}
Event: 1335.010 GC heap after
{Heap after GC invocations=61 (full 0):
 garbage-first heap   total 1040384K, used 352356K [0x0000000600000000, 0x0000000800000000)
  region size 4096K, 1 young (4096K), 1 survivors (4096K)
 Metaspace       used 157746K, committed 160640K, reserved 1245184K
  class space    used 20052K, committed 21504K, reserved 1048576K
}
Event: 1341.235 GC heap before
{Heap before GC invocations=61 (full 0):
 garbage-first heap   total 1040384K, used 589924K [0x0000000600000000, 0x0000000800000000)
  region size 4096K, 59 young (241664K), 1 survivors (4096K)
 Metaspace       used 182972K, committed 185920K, reserved 1245184K
  class space    used 22439K, committed 23936K, reserved 1048576K
}
Event: 1341.255 GC heap after
{Heap after GC invocations=62 (full 0):
 garbage-first heap   total 1040384K, used 354545K [0x0000000600000000, 0x0000000800000000)
  region size 4096K, 3 young (12288K), 3 survivors (12288K)
 Metaspace       used 182972K, committed 185920K, reserved 1245184K
  class space    used 22439K, committed 23936K, reserved 1048576K
}
Event: 1344.768 GC heap before
{Heap before GC invocations=62 (full 0):
 garbage-first heap   total 1040384K, used 637169K [0x0000000600000000, 0x0000000800000000)
  region size 4096K, 73 young (299008K), 3 survivors (12288K)
 Metaspace       used 200891K, committed 203968K, reserved 1245184K
  class space    used 24867K, committed 26432K, reserved 1048576K
}
Event: 1344.845 GC heap after
{Heap after GC invocations=63 (full 0):
 garbage-first heap   total 1040384K, used 379812K [0x0000000600000000, 0x0000000800000000)
  region size 4096K, 9 young (36864K), 9 survivors (36864K)
 Metaspace       used 200891K, committed 203968K, reserved 1245184K
  class space    used 24867K, committed 26432K, reserved 1048576K
}
Event: 1344.854 GC heap before
{Heap before GC invocations=63 (full 0):
 garbage-first heap   total 1040384K, used 396196K [0x0000000600000000, 0x0000000800000000)
  region size 4096K, 13 young (53248K), 9 survivors (36864K)
 Metaspace       used 200896K, committed 203968K, reserved 1245184K
  class space    used 24867K, committed 26432K, reserved 1048576K
}

Dll operation events (16 events):
Event: 0.010 Loaded shared library C:\Program Files\Java\jdk-19\bin\java.dll
Event: 0.017 Loaded shared library C:\Program Files\Java\jdk-19\bin\jsvml.dll
Event: 0.060 Loaded shared library C:\Program Files\Java\jdk-19\bin\zip.dll
Event: 0.063 Loaded shared library C:\Program Files\Java\jdk-19\bin\instrument.dll
Event: 0.067 Loaded shared library C:\Program Files\Java\jdk-19\bin\net.dll
Event: 0.068 Loaded shared library C:\Program Files\Java\jdk-19\bin\nio.dll
Event: 0.070 Loaded shared library C:\Program Files\Java\jdk-19\bin\zip.dll
Event: 0.265 Loaded shared library C:\Program Files\Java\jdk-19\bin\jimage.dll
Event: 0.358 Loaded shared library C:\Program Files\Java\jdk-19\bin\verify.dll
Event: 0.455 Loaded shared library C:\Users\RAHUL\.gradle\native\c067742578af261105cb4f569cf0c3c89f3d7b1fecec35dd04571415982c5e48\windows-amd64\native-platform.dll
Event: 0.466 Loaded shared library C:\Users\RAHUL\.gradle\native\100fb08df4bc3b14c8652ba06237920a3bd2aa13389f12d3474272988ae205f9\windows-amd64\native-platform-file-events.dll
Event: 1.366 Loaded shared library C:\Program Files\Java\jdk-19\bin\management.dll
Event: 1.367 Loaded shared library C:\Program Files\Java\jdk-19\bin\management_ext.dll
Event: 1.534 Loaded shared library C:\Program Files\Java\jdk-19\bin\extnet.dll
Event: 1.737 Loaded shared library C:\Program Files\Java\jdk-19\bin\sunmscapi.dll
Event: 1321.808 Loaded shared library C:\Program Files\Java\jdk-19\bin\rmi.dll

Deoptimization events (20 events):
Event: 1344.678 Thread 0x000001f8ae8b5ef0 DEOPT PACKING pc=0x000001f88281a968 sp=0x00000049c66fe5b0
Event: 1344.678 Thread 0x000001f8ae8b5ef0 DEOPT UNPACKING pc=0x000001f88fd97543 sp=0x00000049c66fdb40 mode 0
Event: 1344.693 Thread 0x000001f8ae8b2f20 Uncommon trap: trap_request=0xffffffbe fr.pc=0x000001f890877f8c relative=0x00000000000003ec
Event: 1344.693 Thread 0x000001f8ae8b2f20 Uncommon trap: reason=profile_predicate action=maybe_recompile pc=0x000001f890877f8c method=com.intellij.openapi.util.io.FileUtil.normalize(Ljava/lang/String;)Ljava/lang/String; @ 60 c2
Event: 1344.693 Thread 0x000001f8ae8b2f20 DEOPT PACKING pc=0x000001f890877f8c sp=0x00000049c60fca00
Event: 1344.693 Thread 0x000001f8ae8b2f20 DEOPT UNPACKING pc=0x000001f88fd96da3 sp=0x00000049c60fc970 mode 2
Event: 1344.695 Thread 0x000001f8ae8b2f20 Uncommon trap: trap_request=0xffffffbe fr.pc=0x000001f890877f8c relative=0x00000000000003ec
Event: 1344.695 Thread 0x000001f8ae8b2f20 Uncommon trap: reason=profile_predicate action=maybe_recompile pc=0x000001f890877f8c method=com.intellij.openapi.util.io.FileUtil.normalize(Ljava/lang/String;)Ljava/lang/String; @ 60 c2
Event: 1344.695 Thread 0x000001f8ae8b2f20 DEOPT PACKING pc=0x000001f890877f8c sp=0x00000049c60fca00
Event: 1344.695 Thread 0x000001f8ae8b2f20 DEOPT UNPACKING pc=0x000001f88fd96da3 sp=0x00000049c60fc970 mode 2
Event: 1344.695 Thread 0x000001f8ae8b2f20 Uncommon trap: trap_request=0xffffffbe fr.pc=0x000001f890877f8c relative=0x00000000000003ec
Event: 1344.695 Thread 0x000001f8ae8b2f20 Uncommon trap: reason=profile_predicate action=maybe_recompile pc=0x000001f890877f8c method=com.intellij.openapi.util.io.FileUtil.normalize(Ljava/lang/String;)Ljava/lang/String; @ 60 c2
Event: 1344.695 Thread 0x000001f8ae8b2f20 DEOPT PACKING pc=0x000001f890877f8c sp=0x00000049c60fca00
Event: 1344.695 Thread 0x000001f8ae8b2f20 DEOPT UNPACKING pc=0x000001f88fd96da3 sp=0x00000049c60fc970 mode 2
Event: 1344.695 Thread 0x000001f8ae8b2f20 Uncommon trap: trap_request=0xffffffbe fr.pc=0x000001f890877f8c relative=0x00000000000003ec
Event: 1344.695 Thread 0x000001f8ae8b2f20 Uncommon trap: reason=profile_predicate action=maybe_recompile pc=0x000001f890877f8c method=com.intellij.openapi.util.io.FileUtil.normalize(Ljava/lang/String;)Ljava/lang/String; @ 60 c2
Event: 1344.695 Thread 0x000001f8ae8b2f20 DEOPT PACKING pc=0x000001f890877f8c sp=0x00000049c60fca00
Event: 1344.695 Thread 0x000001f8ae8b2f20 DEOPT UNPACKING pc=0x000001f88fd96da3 sp=0x00000049c60fc970 mode 2
Event: 1344.847 Thread 0x000001f8ae8b5ef0 DEOPT PACKING pc=0x000001f88281a968 sp=0x00000049c66fe5b0
Event: 1344.847 Thread 0x000001f8ae8b5ef0 DEOPT UNPACKING pc=0x000001f88fd97543 sp=0x00000049c66fdb40 mode 0

Classes loaded (20 events):
Event: 1341.740 Loading class java/util/concurrent/atomic/AtomicIntegerFieldUpdater$AtomicIntegerFieldUpdaterImpl$1
Event: 1341.741 Loading class java/util/concurrent/atomic/AtomicIntegerFieldUpdater$AtomicIntegerFieldUpdaterImpl$1 done
Event: 1342.830 Loading class java/util/zip/ZipFile$ZipEntryIterator
Event: 1342.831 Loading class java/util/zip/ZipFile$ZipEntryIterator done
Event: 1343.391 Loading class java/nio/channels/Channels$ReadableByteChannelImpl
Event: 1343.392 Loading class java/nio/channels/Channels$ReadableByteChannelImpl done
Event: 1343.399 Loading class java/nio/channels/NonWritableChannelException
Event: 1343.400 Loading class java/nio/channels/NonWritableChannelException done
Event: 1343.677 Loading class sun/nio/cs/UTF_32BE
Event: 1343.678 Loading class sun/nio/cs/UTF_32BE done
Event: 1343.679 Loading class sun/nio/cs/UTF_32LE
Event: 1343.679 Loading class sun/nio/cs/UTF_32LE done
Event: 1343.680 Loading class sun/nio/cs/MS1251
Event: 1343.680 Loading class sun/nio/cs/MS1251 done
Event: 1343.714 Loading class java/beans/PropertyChangeSupport
Event: 1343.717 Loading class java/beans/PropertyChangeSupport done
Event: 1343.717 Loading class java/beans/PropertyChangeSupport$PropertyChangeListenerMap
Event: 1343.718 Loading class java/beans/ChangeListenerMap
Event: 1343.719 Loading class java/beans/ChangeListenerMap done
Event: 1343.719 Loading class java/beans/PropertyChangeSupport$PropertyChangeListenerMap done

Classes unloaded (1 events):
Event: 1331.908 Thread 0x000001f8fc2d0580 Unloading class 0x0000000802075c00 'jdk/internal/reflect/GeneratedSerializationConstructorAccessor66'

Classes redefined (0 events):
No events

Internal exceptions (20 events):
Event: 1344.390 Thread 0x000001f8ae8b3470 Exception <a 'sun/nio/fs/WindowsException'{0x00000006325684d0}> (0x00000006325684d0) 
thrown [s\open\src\hotspot\share\prims\jni.cpp, line 517]
Event: 1344.391 Thread 0x000001f8ae8b3470 Exception <a 'sun/nio/fs/WindowsException'{0x00000006325694e8}> (0x00000006325694e8) 
thrown [s\open\src\hotspot\share\prims\jni.cpp, line 517]
Event: 1344.391 Thread 0x000001f8ae8b3470 Exception <a 'sun/nio/fs/WindowsException'{0x000000063256a500}> (0x000000063256a500) 
thrown [s\open\src\hotspot\share\prims\jni.cpp, line 517]
Event: 1344.391 Thread 0x000001f8ae8b3470 Exception <a 'sun/nio/fs/WindowsException'{0x000000063256b498}> (0x000000063256b498) 
thrown [s\open\src\hotspot\share\prims\jni.cpp, line 517]
Event: 1344.392 Thread 0x000001f8ae8b3470 Exception <a 'sun/nio/fs/WindowsException'{0x000000063256c4b0}> (0x000000063256c4b0) 
thrown [s\open\src\hotspot\share\prims\jni.cpp, line 517]
Event: 1344.392 Thread 0x000001f8ae8b3470 Exception <a 'sun/nio/fs/WindowsException'{0x000000063256d4e0}> (0x000000063256d4e0) 
thrown [s\open\src\hotspot\share\prims\jni.cpp, line 517]
Event: 1344.392 Thread 0x000001f8ae8b3470 Exception <a 'sun/nio/fs/WindowsException'{0x000000063256e488}> (0x000000063256e488) 
thrown [s\open\src\hotspot\share\prims\jni.cpp, line 517]
Event: 1344.392 Thread 0x000001f8ae8b3470 Exception <a 'sun/nio/fs/WindowsException'{0x000000063256f470}> (0x000000063256f470) 
thrown [s\open\src\hotspot\share\prims\jni.cpp, line 517]
Event: 1344.392 Thread 0x000001f8ae8b3470 Exception <a 'sun/nio/fs/WindowsException'{0x0000000632570498}> (0x0000000632570498) 
thrown [s\open\src\hotspot\share\prims\jni.cpp, line 517]
Event: 1344.392 Thread 0x000001f8ae8b3470 Exception <a 'sun/nio/fs/WindowsException'{0x00000006325714a8}> (0x00000006325714a8) 
thrown [s\open\src\hotspot\share\prims\jni.cpp, line 517]
Event: 1344.393 Thread 0x000001f8ae8b3470 Exception <a 'sun/nio/fs/WindowsException'{0x0000000632572480}> (0x0000000632572480) 
thrown [s\open\src\hotspot\share\prims\jni.cpp, line 517]
Event: 1344.393 Thread 0x000001f8ae8b3470 Exception <a 'sun/nio/fs/WindowsException'{0x0000000632573468}> (0x0000000632573468) 
thrown [s\open\src\hotspot\share\prims\jni.cpp, line 517]
Event: 1344.393 Thread 0x000001f8ae8b3470 Exception <a 'sun/nio/fs/WindowsException'{0x00000006325744a0}> (0x00000006325744a0) 
thrown [s\open\src\hotspot\share\prims\jni.cpp, line 517]
Event: 1344.393 Thread 0x000001f8ae8b3470 Exception <a 'sun/nio/fs/WindowsException'{0x0000000632575548}> (0x0000000632575548) 
thrown [s\open\src\hotspot\share\prims\jni.cpp, line 517]
Event: 1344.393 Thread 0x000001f8ae8b3470 Exception <a 'sun/nio/fs/WindowsException'{0x0000000632576588}> (0x0000000632576588) 
thrown [s\open\src\hotspot\share\prims\jni.cpp, line 517]
Event: 1344.393 Thread 0x000001f8ae8b3470 Exception <a 'sun/nio/fs/WindowsException'{0x0000000632577558}> (0x0000000632577558) 
thrown [s\open\src\hotspot\share\prims\jni.cpp, line 517]
Event: 1344.406 Thread 0x000001f8ae8b2f20 Exception <a 'sun/nio/fs/WindowsException'{0x00000006332993f0}> (0x00000006332993f0) 
thrown [s\open\src\hotspot\share\prims\jni.cpp, line 517]
Event: 1344.428 Thread 0x000001f8b77b70e0 Exception <a 'sun/nio/fs/WindowsException'{0x0000000630ffb968}> (0x0000000630ffb968) 
thrown [s\open\src\hotspot\share\prims\jni.cpp, line 517]
Event: 1344.439 Thread 0x000001f8b77b70e0 Exception <a 'sun/nio/fs/WindowsException'{0x000000062fd0cbc8}> (0x000000062fd0cbc8) 
thrown [s\open\src\hotspot\share\prims\jni.cpp, line 517]
Event: 1344.445 Thread 0x000001f8b77b70e0 Exception <a 'sun/nio/fs/WindowsException'{0x000000062feee960}> (0x000000062feee960) 
thrown [s\open\src\hotspot\share\prims\jni.cpp, line 517]

VM Operations (20 events):
Event: 1343.399 Executing VM operation: HandshakeAllThreads done
Event: 1343.424 Executing VM operation: HandshakeAllThreads
Event: 1343.425 Executing VM operation: HandshakeAllThreads done
Event: 1343.791 Executing VM operation: HandshakeAllThreads
Event: 1343.792 Executing VM operation: HandshakeAllThreads done
Event: 1343.892 Executing VM operation: HandshakeAllThreads
Event: 1343.913 Executing VM operation: HandshakeAllThreads done
Event: 1344.251 Executing VM operation: ICBufferFull
Event: 1344.252 Executing VM operation: ICBufferFull done
Event: 1344.384 Executing VM operation: HandshakeAllThreads
Event: 1344.385 Executing VM operation: HandshakeAllThreads done
Event: 1344.415 Executing VM operation: HandshakeAllThreads
Event: 1344.416 Executing VM operation: HandshakeAllThreads done
Event: 1344.416 Executing VM operation: ICBufferFull
Event: 1344.417 Executing VM operation: ICBufferFull done
Event: 1344.424 Executing VM operation: HandshakeAllThreads
Event: 1344.438 Executing VM operation: HandshakeAllThreads done
Event: 1344.766 Executing VM operation: G1CollectForAllocation
Event: 1344.845 Executing VM operation: G1CollectForAllocation done
Event: 1344.854 Executing VM operation: G1CollectForAllocation

Events (20 events):
Event: 1344.494 Thread 0x000001f8fc2fd6d0 flushing nmethod 0x000001f882ca5610
Event: 1344.494 Thread 0x000001f8fc2fd6d0 flushing nmethod 0x000001f882cb5790
Event: 1344.494 Thread 0x000001f8fc2fd6d0 flushing nmethod 0x000001f882cc3410
Event: 1344.494 Thread 0x000001f8fc2fd6d0 flushing nmethod 0x000001f882cef610
Event: 1344.494 Thread 0x000001f8fc2fd6d0 flushing nmethod 0x000001f882cf1590
Event: 1344.494 Thread 0x000001f8fc2fd6d0 flushing nmethod 0x000001f882cf8810
Event: 1344.495 Thread 0x000001f8fc2fd6d0 flushing nmethod 0x000001f882d02a90
Event: 1344.495 Thread 0x000001f8fc2fd6d0 flushing nmethod 0x000001f882d6a110
Event: 1344.495 Thread 0x000001f8fc2fd6d0 flushing nmethod 0x000001f882d6a890
Event: 1344.495 Thread 0x000001f8fc2fd6d0 flushing nmethod 0x000001f882d74a10
Event: 1344.495 Thread 0x000001f8fc2fd6d0 flushing nmethod 0x000001f882d79010
Event: 1344.495 Thread 0x000001f8fc2fd6d0 flushing nmethod 0x000001f882db3d10
Event: 1344.495 Thread 0x000001f8fc2fd6d0 flushing nmethod 0x000001f882dd6890
Event: 1344.495 Thread 0x000001f8fc2fd6d0 flushing nmethod 0x000001f882dd7d10
Event: 1344.495 Thread 0x000001f8fc2fd6d0 flushing nmethod 0x000001f882dd8b90
Event: 1344.495 Thread 0x000001f8fc2fd6d0 flushing nmethod 0x000001f882dd9e10
Event: 1344.496 Thread 0x000001f8fc2fd6d0 flushing nmethod 0x000001f882e3de10
Event: 1344.496 Thread 0x000001f8fc2fd6d0 flushing nmethod 0x000001f882e4b710
Event: 1344.496 Thread 0x000001f8fc2fd6d0 flushing nmethod 0x000001f882e78590
Event: 1344.496 Thread 0x000001f8fc2fd6d0 flushing nmethod 0x000001f882e7a490


Dynamic libraries:
0x00007ff67f160000 - 0x00007ff67f170000 	C:\Program Files\Java\jdk-19\bin\java.exe
0x00007ffb0a9c0000 - 0x00007ffb0ac29000 	C:\WINDOWS\SYSTEM32\ntdll.dll
0x00007ffb088c0000 - 0x00007ffb08989000 	C:\WINDOWS\System32\KERNEL32.DLL
0x00007ffb07f40000 - 0x00007ffb08333000 	C:\WINDOWS\System32\KERNELBASE.dll
0x00007ffb07b50000 - 0x00007ffb07c9b000 	C:\WINDOWS\System32\ucrtbase.dll
0x00007ffacc5b0000 - 0x00007ffacc5c8000 	C:\Program Files\Java\jdk-19\bin\jli.dll
0x00007ffb0a250000 - 0x00007ffb0a304000 	C:\WINDOWS\System32\ADVAPI32.dll
0x00007ffb094c0000 - 0x00007ffb09569000 	C:\WINDOWS\System32\msvcrt.dll
0x00007ffb09390000 - 0x00007ffb09436000 	C:\WINDOWS\System32\sechost.dll
0x00007ffac9c60000 - 0x00007ffac9c7b000 	C:\Program Files\Java\jdk-19\bin\VCRUNTIME140.dll
0x00007ffb08ed0000 - 0x00007ffb08fe8000 	C:\WINDOWS\System32\RPCRT4.dll
0x00007ffb095a0000 - 0x00007ffb09764000 	C:\WINDOWS\System32\USER32.dll
0x00007ffb07f10000 - 0x00007ffb07f37000 	C:\WINDOWS\System32\win32u.dll
0x00007ffaee070000 - 0x00007ffaee303000 	C:\WINDOWS\WinSxS\amd64_microsoft.windows.common-controls_6595b64144ccf1df_6.0.26100.5074_none_3e0d6f78e32fd63f\COMCTL32.dll
0x00007ffb09570000 - 0x00007ffb0959b000 	C:\WINDOWS\System32\GDI32.dll
0x00007ffb07de0000 - 0x00007ffb07f0d000 	C:\WINDOWS\System32\gdi32full.dll
0x00007ffb07ca0000 - 0x00007ffb07d43000 	C:\WINDOWS\System32\msvcp_win.dll
0x00007ffb00d80000 - 0x00007ffb00d8b000 	C:\WINDOWS\SYSTEM32\VERSION.dll
0x00007ffb08c30000 - 0x00007ffb08c5f000 	C:\WINDOWS\System32\IMM32.DLL
0x00007ffb02b30000 - 0x00007ffb02b3c000 	C:\Program Files\Java\jdk-19\bin\vcruntime140_1.dll
0x00007ffaa46d0000 - 0x00007ffaa475e000 	C:\Program Files\Java\jdk-19\bin\msvcp140.dll
0x00007ffa1f170000 - 0x00007ffa1fe30000 	C:\Program Files\Java\jdk-19\bin\server\jvm.dll
0x00007ffb00d40000 - 0x00007ffb00d75000 	C:\WINDOWS\SYSTEM32\WINMM.dll
0x00007ffae2fd0000 - 0x00007ffae2fda000 	C:\WINDOWS\SYSTEM32\WSOCK32.dll
0x00007ffb08b60000 - 0x00007ffb08bd4000 	C:\WINDOWS\System32\WS2_32.dll
0x00007ffb06930000 - 0x00007ffb0694b000 	C:\WINDOWS\SYSTEM32\kernel.appcore.dll
0x00007ffb00790000 - 0x00007ffb0079a000 	C:\Program Files\Java\jdk-19\bin\jimage.dll
0x00007ffafadc0000 - 0x00007ffafb002000 	C:\WINDOWS\SYSTEM32\DBGHELP.DLL
0x00007ffb09770000 - 0x00007ffb09aeb000 	C:\WINDOWS\System32\combase.dll
0x00007ffb08990000 - 0x00007ffb08a67000 	C:\WINDOWS\System32\OLEAUT32.dll
0x00007ffae7b60000 - 0x00007ffae7b9d000 	C:\WINDOWS\SYSTEM32\dbgcore.DLL
0x00007ffb08340000 - 0x00007ffb083d9000 	C:\WINDOWS\System32\bcryptPrimitives.dll
0x00007ffae52e0000 - 0x00007ffae52ee000 	C:\Program Files\Java\jdk-19\bin\instrument.dll
0x00007ffac5be0000 - 0x00007ffac5c06000 	C:\Program Files\Java\jdk-19\bin\java.dll
0x00007ffa9ee20000 - 0x00007ffa9eef7000 	C:\Program Files\Java\jdk-19\bin\jsvml.dll
0x00007ffb09b00000 - 0x00007ffb0a24d000 	C:\WINDOWS\System32\SHELL32.dll
0x00007ffb083e0000 - 0x00007ffb0854c000 	C:\WINDOWS\System32\wintypes.dll
0x00007ffb057f0000 - 0x00007ffb06049000 	C:\WINDOWS\SYSTEM32\windows.storage.dll
0x00007ffb087b0000 - 0x00007ffb088a0000 	C:\WINDOWS\System32\SHCORE.dll
0x00007ffb08ff0000 - 0x00007ffb09052000 	C:\WINDOWS\System32\shlwapi.dll
0x00007ffb07a70000 - 0x00007ffb07a99000 	C:\WINDOWS\SYSTEM32\profapi.dll
0x00007ffac64e0000 - 0x00007ffac64f8000 	C:\Program Files\Java\jdk-19\bin\zip.dll
0x00007ffae5700000 - 0x00007ffae5713000 	C:\Program Files\Java\jdk-19\bin\net.dll
0x00007ffafd150000 - 0x00007ffafd26f000 	C:\WINDOWS\SYSTEM32\WINHTTP.dll
0x00007ffb06eb0000 - 0x00007ffb06f1b000 	C:\WINDOWS\system32\mswsock.dll
0x00007ffac9a40000 - 0x00007ffac9a56000 	C:\Program Files\Java\jdk-19\bin\nio.dll
0x00007ffafd7f0000 - 0x00007ffafd800000 	C:\Program Files\Java\jdk-19\bin\verify.dll
0x00007ffacd360000 - 0x00007ffacd387000 	C:\Users\RAHUL\.gradle\native\c067742578af261105cb4f569cf0c3c89f3d7b1fecec35dd04571415982c5e48\windows-amd64\native-platform.dll
0x00007ffaa3820000 - 0x00007ffaa3964000 	C:\Users\RAHUL\.gradle\native\100fb08df4bc3b14c8652ba06237920a3bd2aa13389f12d3474272988ae205f9\windows-amd64\native-platform-file-events.dll
0x00007ffae5680000 - 0x00007ffae568a000 	C:\Program Files\Java\jdk-19\bin\management.dll
0x00007ffae12b0000 - 0x00007ffae12bb000 	C:\Program Files\Java\jdk-19\bin\management_ext.dll
0x00007ffb09200000 - 0x00007ffb09208000 	C:\WINDOWS\System32\PSAPI.DLL
0x00007ffb07150000 - 0x00007ffb0716b000 	C:\WINDOWS\SYSTEM32\CRYPTSP.dll
0x00007ffb06890000 - 0x00007ffb068cb000 	C:\WINDOWS\system32\rsaenh.dll
0x00007ffb06f50000 - 0x00007ffb06f7b000 	C:\WINDOWS\SYSTEM32\USERENV.dll
0x00007ffb07a40000 - 0x00007ffb07a66000 	C:\WINDOWS\SYSTEM32\bcrypt.dll
0x00007ffb07170000 - 0x00007ffb0717c000 	C:\WINDOWS\SYSTEM32\CRYPTBASE.dll
0x00007ffb06350000 - 0x00007ffb06384000 	C:\WINDOWS\SYSTEM32\IPHLPAPI.DLL
0x00007ffb088b0000 - 0x00007ffb088ba000 	C:\WINDOWS\System32\NSI.dll
0x00007ffafdb60000 - 0x00007ffafdb7e000 	C:\WINDOWS\SYSTEM32\dhcpcsvc6.DLL
0x00007ffafd490000 - 0x00007ffafd4b3000 	C:\WINDOWS\SYSTEM32\dhcpcsvc.DLL
0x00007ffb063e0000 - 0x00007ffb06506000 	C:\WINDOWS\SYSTEM32\DNSAPI.dll
0x00007ffae07d0000 - 0x00007ffae07d8000 	C:\Program Files\Java\jdk-19\bin\extnet.dll
0x00007ffae1280000 - 0x00007ffae128e000 	C:\Program Files\Java\jdk-19\bin\sunmscapi.dll
0x00007ffb08550000 - 0x00007ffb086c7000 	C:\WINDOWS\System32\CRYPT32.dll
0x00007ffb07370000 - 0x00007ffb073a0000 	C:\WINDOWS\SYSTEM32\ncrypt.dll
0x00007ffb07320000 - 0x00007ffb0735f000 	C:\WINDOWS\SYSTEM32\NTASN1.dll
0x00007ffaa9a00000 - 0x00007ffaa9a08000 	C:\WINDOWS\system32\wshunix.dll
0x00007ffae2320000 - 0x00007ffae2338000 	C:\WINDOWS\system32\napinsp.dll
0x00007ffae17d0000 - 0x00007ffae17e2000 	C:\WINDOWS\System32\winrnr.dll
0x00007ffae15b0000 - 0x00007ffae15d8000 	C:\WINDOWS\system32\nlansp_c.dll
0x00007ffafe2a0000 - 0x00007ffafe2b6000 	C:\WINDOWS\system32\wshbth.dll
0x0000000050010000 - 0x0000000050036000 	C:\Program Files\Bonjour\mdnsNSP.dll
0x00007ffafe290000 - 0x00007ffafe29b000 	C:\Windows\System32\rasadhlp.dll
0x00007ffafc3f0000 - 0x00007ffafc476000 	C:\WINDOWS\System32\fwpuclnt.dll
0x00007ffb06a50000 - 0x00007ffb06a86000 	C:\WINDOWS\SYSTEM32\ntmarta.dll
0x00007ffae52d0000 - 0x00007ffae52d7000 	C:\Program Files\Java\jdk-19\bin\rmi.dll

dbghelp: loaded successfully - version: 4.0.5 - missing functions: none
symbol engine: initialized successfully - sym options: 0x614 - pdb path: .;C:\Program Files\Java\jdk-19\bin;C:\WINDOWS\SYSTEM32;C:\WINDOWS\WinSxS\amd64_microsoft.windows.common-controls_6595b64144ccf1df_6.0.26100.5074_none_3e0d6f78e32fd63f;C:\Program Files\Java\jdk-19\bin\server;C:\Users\RAHUL\.gradle\native\c067742578af261105cb4f569cf0c3c89f3d7b1fecec35dd04571415982c5e48\windows-amd64;C:\Users\RAHUL\.gradle\native\100fb08df4bc3b14c8652ba06237920a3bd2aa13389f12d3474272988ae205f9\windows-amd64;C:\Program Files\Bonjour

VM Arguments:
jvm_args: -XX:MaxMetaspaceSize=4G -XX:ReservedCodeCacheSize=512m -XX:+HeapDumpOnOutOfMemoryError --add-opens=java.base/java.util=ALL-UNNAMED --add-opens=java.base/java.lang=ALL-UNNAMED --add-opens=java.base/java.lang.invoke=ALL-UNNAMED --add-opens=java.prefs/java.util.prefs=ALL-UNNAMED --add-exports=jdk.compiler/com.sun.tools.javac.api=ALL-UNNAMED --add-exports=jdk.compiler/com.sun.tools.javac.util=ALL-UNNAMED --add-opens=java.base/java.nio.charset=ALL-UNNAMED --add-opens=java.base/java.net=ALL-UNNAMED --add-opens=java.base/java.util.concurrent.atomic=ALL-UNNAMED -Xmx8G -Dfile.encoding=UTF-8 -Duser.country=IN -Duser.language=en -Duser.variant -javaagent:C:\Users\RAHUL\.gradle\wrapper\dists\gradle-8.10.2-all\7iv73wktx1xtkvlq19urqw1wm\gradle-8.10.2\lib\agents\gradle-instrumentation-agent-8.10.2.jar 
java_command: org.gradle.launcher.daemon.bootstrap.GradleDaemon 8.10.2
java_class_path (initial): C:\Users\RAHUL\.gradle\wrapper\dists\gradle-8.10.2-all\7iv73wktx1xtkvlq19urqw1wm\gradle-8.10.2\lib\gradle-daemon-main-8.10.2.jar
Launcher Type: SUN_STANDARD

[Global flags]
     intx CICompilerCount                          = 4                                         {product} {ergonomic}
     uint ConcGCThreads                            = 3                                         {product} {ergonomic}
     uint G1ConcRefinementThreads                  = 10                                        {product} {ergonomic}
   size_t G1HeapRegionSize                         = 4194304                                   {product} {ergonomic}
    uintx GCDrainStackTargetSize                   = 64                                        {product} {ergonomic}
     bool HeapDumpOnOutOfMemoryError               = true                                   {manageable} {command line}
   size_t InitialHeapSize                          = 125829120                                 {product} {ergonomic}
   size_t MarkStackSize                            = 4194304                                   {product} {ergonomic}
   size_t MaxHeapSize                              = 8589934592                                {product} {command line}
   size_t MaxMetaspaceSize                         = 4294967296                                {product} {command line}
   size_t MaxNewSize                               = 5150605312                                {product} {ergonomic}
   size_t MinHeapDeltaBytes                        = 4194304                                   {product} {ergonomic}
   size_t MinHeapSize                              = 8388608                                   {product} {ergonomic}
    uintx NonNMethodCodeHeapSize                   = 5839372                                {pd product} {ergonomic}
    uintx NonProfiledCodeHeapSize                  = 265515770                              {pd product} {ergonomic}
    uintx ProfiledCodeHeapSize                     = 265515770                              {pd product} {ergonomic}
    uintx ReservedCodeCacheSize                    = 536870912                              {pd product} {command line}
     bool SegmentedCodeCache                       = true                                      {product} {ergonomic}
   size_t SoftMaxHeapSize                          = 8589934592                             {manageable} {ergonomic}
   double SweeperThreshold                         = 0.234375                                  {product} {ergonomic}
     bool UseCompressedClassPointers               = true                           {product lp64_product} {ergonomic}
     bool UseCompressedOops                        = true                           {product lp64_product} {ergonomic}
     bool UseG1GC                                  = true                                      {product} {ergonomic}
     bool UseLargePagesIndividualAllocation        = false                                  {pd product} {ergonomic}

Logging:
Log output configuration:
 #0: stdout all=warning uptime,level,tags foldmultilines=false
 #1: stderr all=off uptime,level,tags foldmultilines=false

Environment Variables:
JAVA_HOME=C:\Program Files\Java\jdk-19
CLASSPATH=L:\flutter Projects\moodmate\moodmate\android\\gradle\wrapper\gradle-wrapper.jar
PATH=C:\Program Files\Java\jdk-19\bin;C:\Program Files\Java\jdk-19\bin;C:\Program Files\Common Files\Oracle\Java\javapath;C:\windows\system32;C:\windows;C:\windows\System32\Wbem;C:\windows\System32\WindowsPowerShell\v1.0\;C:\windows\System32\OpenSSH\;C:\Program Files (x86)\NVIDIA Corporation\PhysX\Common;C:\Program Files\NVIDIA Corporation\NVIDIA NvDLISR;C:\MinGW\bin;C:\WINDOWS\system32;C:\WINDOWS;C:\WINDOWS\System32\Wbem;C:\WINDOWS\System32\WindowsPowerShell\v1.0\;C:\WINDOWS\System32\OpenSSH\;L:\android studio\flutter\bin;C:\Users\RAHUL\AppData\Local\Pub\Cache\bin;C:\Program Files\Git\cmd;C:\Program Files (x86)\Incredibuild;C:\Program Files (x86)\Windows Kits\10\Windows Performance Toolkit\;L:\Nodejs\;C:\Users\RAHUL\AppData\Local\Programs\Eclipse Adoptium\jdk-17.0.12.7-hotspot\bin;C:\Users\RAHUL\AppData\Local\Programs\Eclipse Adoptium\jdk-17.0.16.8-hotspot\bin;C:\Users\RAHUL\AppData\Local\Programs\Python\Launcher\;C:\Users\RAHUL\AppData\Local\Microsoft\WindowsApps;C:\Users\RAHUL\AppData\Local\Programs\Microsoft VS Code\bin;C:\Users\RAHUL\AppData\Local\Microsoft\WindowsApps;C:\Users\RAHUL\AppData\Local\GitHubDesktop\bin;L:\flutter apps\new\flutter\bin;L:\android studio\flutter\bin;C:\Users\RAHUL\AppData\Roaming\npm;L:\flutter sdk\flutter\bin\mingit\cmd;L:\flutter sdk\flutter\bin\mingit\cmd
USERNAME=RAHUL
OS=Windows_NT
PROCESSOR_IDENTIFIER=AMD64 Family 25 Model 80 Stepping 0, AuthenticAMD
TMP=C:\Users\RAHUL\AppData\Local\Temp
TEMP=C:\Users\RAHUL\AppData\Local\Temp



---------------  S Y S T E M  ---------------

OS:
 Windows 11 , 64 bit Build 26100 (10.0.26100.5074)
OS uptime: 0 days 8:09 hours

CPU: total 12 (initial active 12) (12 cores per cpu, 2 threads per core) family 25 model 80 stepping 0 microcode 0xa50000d, cx8, cmov, fxsr, ht, mmx, 3dnowpref, sse, sse2, sse3, ssse3, sse4a, sse4.1, sse4.2, popcnt, lzcnt, tsc, tscinvbit, avx, avx2, aes, erms, clmul, bmi1, bmi2, adx, sha, fma, vzeroupper, clflush, clflushopt, rdtscp, rdpid, fsrm

Memory: 4k page, system-wide physical 7521M (19M free)
TotalPageFile size 31073M (AvailPageFile size 814M)
current process WorkingSet (physical memory assigned to process): 663M, peak: 1027M
current process commit charge ("private bytes"): 1576M, peak: 2800M

vm_info: Java HotSpot(TM) 64-Bit Server VM (19.0.1+10-21) for windows-amd64 JRE (19.0.1+10-21), built on 2022-09-14T12:45:06Z by "mach5one" with MS VC++ 17.1 (VS2022)

END.
