#
# There is insufficient memory for the Java Runtime Environment to continue.
# Native memory allocation (mmap) failed to map 708837376 bytes for G1 virtual space
# Possible reasons:
#   The system is out of physical RAM or swap space
#   The process is running with CompressedOops enabled, and the Java Heap may be blocking the growth of the native heap
# Possible solutions:
#   Reduce memory load on the system
#   Increase physical memory or swap space
#   Check if swap backing store is full
#   Decrease Java heap size (-Xmx/-Xms)
#   Decrease number of Java threads
#   Decrease Java thread stack sizes (-Xss)
#   Set larger code cache with -XX:ReservedCodeCacheSize=
#   JVM is running with Zero Based Compressed Oops mode in which the Java heap is
#     placed in the first 32GB address space. The Java Heap base address is the
#     maximum limit for the native heap growth. Please use -XX:HeapBaseMinAddress
#     to set the Java Heap base and to place the Java Heap above 32GB virtual address.
# This output file may be truncated or incomplete.
#
#  Out of Memory Error (os_windows.cpp:3527), pid=16100, tid=17396
#
# JRE version: Java(TM) SE Runtime Environment (19.0.1+10) (build 19.0.1+10-21)
# Java VM: Java HotSpot(TM) 64-Bit Server VM (19.0.1+10-21, mixed mode, sharing, tiered, compressed oops, compressed class ptrs, g1 gc, windows-amd64)
# No core dump will be written. Minidumps are not enabled by default on client versions of Windows
#

---------------  S U M M A R Y ------------

Command Line: -XX:MaxMetaspaceSize=4G -XX:ReservedCodeCacheSize=512m -XX:+HeapDumpOnOutOfMemoryError --add-opens=java.base/java.util=ALL-UNNAMED --add-opens=java.base/java.lang=ALL-UNNAMED --add-opens=java.base/java.lang.invoke=ALL-UNNAMED --add-opens=java.prefs/java.util.prefs=ALL-UNNAMED --add-exports=jdk.compiler/com.sun.tools.javac.api=ALL-UNNAMED --add-exports=jdk.compiler/com.sun.tools.javac.util=ALL-UNNAMED --add-opens=java.base/java.nio.charset=ALL-UNNAMED --add-opens=java.base/java.net=ALL-UNNAMED --add-opens=java.base/java.util.concurrent.atomic=ALL-UNNAMED -Xmx8G -Dfile.encoding=UTF-8 -Duser.country=IN -Duser.language=en -Duser.variant -javaagent:C:\Users\RAHUL\.gradle\wrapper\dists\gradle-8.10.2-all\7iv73wktx1xtkvlq19urqw1wm\gradle-8.10.2\lib\agents\gradle-instrumentation-agent-8.10.2.jar org.gradle.launcher.daemon.bootstrap.GradleDaemon 8.10.2

Host: AMD Ryzen 5 5600H with Radeon Graphics         , 12 cores, 7G,  Windows 11 , 64 bit Build 26100 (10.0.26100.5074)
Time: Fri Sep 12 13:24:32 2025 India Standard Time elapsed time: 13660.750960 seconds (0d 3h 47m 40s)

---------------  T H R E A D  ---------------

Current thread (0x000001d47e9c4e50):  VMThread "VM Thread" [stack: 0x0000000a56000000,0x0000000a56100000] [id=17396]

Stack: [0x0000000a56000000,0x0000000a56100000]
Native frames: (J=compiled Java code, j=interpreted, Vv=VM code, C=native code)
V  [jvm.dll+0x6ee8fa]
V  [jvm.dll+0x857a1e]
V  [jvm.dll+0x85940e]
V  [jvm.dll+0x859ac3]
V  [jvm.dll+0x28291f]
V  [jvm.dll+0x6eb6e9]
V  [jvm.dll+0x6e028a]
V  [jvm.dll+0x357136]
V  [jvm.dll+0x35eb96]
V  [jvm.dll+0x3b555e]
V  [jvm.dll+0x3b578f]
V  [jvm.dll+0x32c6ea]
V  [jvm.dll+0x32c797]
V  [jvm.dll+0x374b52]
V  [jvm.dll+0x37328f]
V  [jvm.dll+0x32bf10]
V  [jvm.dll+0x37282b]
V  [jvm.dll+0x85ef83]
V  [jvm.dll+0x85fd49]
V  [jvm.dll+0x86027d]
V  [jvm.dll+0x86070b]
V  [jvm.dll+0x8607c7]
V  [jvm.dll+0x8015fa]
V  [jvm.dll+0x6ed5eb]
C  [ucrtbase.dll+0x37b0]
C  [KERNEL32.DLL+0x2e8d7]
C  [ntdll.dll+0x8d9c]

VM_Operation (0x0000000a679fe300): G1CollectForAllocation, mode: safepoint, requested by thread 0x000001d43d432470


---------------  P R O C E S S  ---------------

Threads class SMR info:
_java_thread_list=0x000001d42ec8fbe0, length=247, elements={
0x000001d469176170, 0x000001d47e9e1670, 0x000001d47e9e21a0, 0x000001d47e9e7350,
0x000001d47e9e9c90, 0x000001d47e9ea5c0, 0x000001d47e9f6f60, 0x000001d47e9ecf00,
0x000001d47e9f9a30, 0x000001d47e9fe3c0, 0x000001d47e9b6d60, 0x000001d47f80c0a0,
0x000001d42fa443a0, 0x000001d42fd53430, 0x000001d42fb4b080, 0x000001d47f85b980,
0x000001d47f85c970, 0x000001d47f85e950, 0x000001d47f85d410, 0x000001d47f85d960,
0x000001d430286bc0, 0x000001d432fba2c0, 0x000001d434a7cf10, 0x000001d47f8fc880,
0x000001d47f8fcdd0, 0x000001d47f8fe310, 0x000001d47f8ff850, 0x000001d47f900840,
0x000001d47f8fe860, 0x000001d4324e5060, 0x000001d4324edfd0, 0x000001d4324eefc0,
0x000001d4324effb0, 0x000001d44c5ac5b0, 0x000001d43b50f230, 0x000001d43a629390,
0x000001d42fe95710, 0x000001d43aae1d60, 0x000001d43d168ae0, 0x000001d434a4e760,
0x000001d439ef1f50, 0x000001d44b2fe750, 0x000001d44b2fdcb0, 0x000001d44b2fe200,
0x000001d43a628e40, 0x000001d43a627900, 0x000001d43a627e50, 0x000001d42fda4ad0,
0x000001d43a6283a0, 0x000001d43a626e60, 0x000001d43a626910, 0x000001d43a6288f0,
0x000001d439ef4480, 0x000001d439ef49d0, 0x000001d439ef24a0, 0x000001d439ef29f0,
0x000001d439ef2f40, 0x000001d439ef3490, 0x000001d439ef14b0, 0x000001d439ef1a00,
0x000001d43b50fcd0, 0x000001d43b510220, 0x000001d43b510770, 0x000001d43b50dcf0,
0x000001d42fda5020, 0x000001d42fda5570, 0x000001d42fda3590, 0x000001d42fda5ac0,
0x000001d42fda6560, 0x000001d42fda3040, 0x000001d42fda3ae0, 0x000001d42fda4030,
0x000001d430339f80, 0x000001d43033b4c0, 0x000001d43033c4b0, 0x000001d430339a30,
0x000001d43033a4d0, 0x000001d43033ba10, 0x000001d43033ca00, 0x000001d43033aa20,
0x000001d43033cf50, 0x000001d43033bf60, 0x000001d43033af70, 0x000001d432518010,
0x000001d432517570, 0x000001d432515ae0, 0x000001d432518560, 0x000001d432515590,
0x000001d43b575e50, 0x000001d43b50e240, 0x000001d43b510cc0, 0x000001d43b50ece0,
0x000001d43b50e790, 0x000001d432808b20, 0x000001d432809b10, 0x000001d4328075e0,
0x000001d432809070, 0x000001d432808080, 0x000001d4328095c0, 0x000001d432807b30,
0x000001d43b577e30, 0x000001d43b5788d0, 0x000001d43b578e20, 0x000001d43b576e40,
0x000001d43b577390, 0x000001d432515040, 0x000001d43b5763a0, 0x000001d43b5768f0,
0x000001d43b578380, 0x000001d43b575900, 0x000001d44b69d1f0, 0x000001d44b69e1e0,
0x000001d44b69ec80, 0x000001d44b69e730, 0x000001d44b69d740, 0x000001d44b69dc90,
0x000001d44b69f1d0, 0x000001d44b69c200, 0x000001d432516030, 0x000001d432517ac0,
0x000001d432516580, 0x000001d432517020, 0x000001d432516ad0, 0x000001d43a4e95a0,
0x000001d43a4e8060, 0x000001d4399e75a0, 0x000001d44c5acb00, 0x000001d44c5aeae0,
0x000001d44c5ad050, 0x000001d44c5ad5a0, 0x000001d44c5adaf0, 0x000001d44c5ae040,
0x000001d44c5ac060, 0x000001d43a4e9af0, 0x000001d43a4ea040, 0x000001d434d9dba0,
0x000001d434d9b670, 0x000001d434d9c110, 0x000001d434d9e0f0, 0x000001d434d9cbb0,
0x000001d434d9d100, 0x000001d434d9d650, 0x000001d42ff57ca0, 0x000001d42ff58740,
0x000001d42ff581f0, 0x000001d42ff55cc0, 0x000001d42ff58c90, 0x000001d42ff56210,
0x000001d42ff591e0, 0x000001d42ff57200, 0x000001d42ff57750, 0x000001d42ff56760,
0x000001d4337b7dd0, 0x000001d4337b6de0, 0x000001d4337b58a0, 0x000001d4337b6890,
0x000001d4337b7330, 0x000001d4337b6340, 0x000001d4337b5df0, 0x000001d4337b4e00,
0x000001d4337b7880, 0x000001d4337b5350, 0x000001d44a5b2af0, 0x000001d44a5b3ae0,
0x000001d44a5b1b00, 0x000001d44a5b25a0, 0x000001d43a6298e0, 0x000001d44b69c750,
0x000001d4398e75c0, 0x000001d4398e85b0, 0x000001d4398e7b10, 0x000001d4398e9050,
0x000001d4398e8b00, 0x000001d4398e95a0, 0x000001d4398ea040, 0x000001d4398e9af0,
0x000001d4398ea590, 0x000001d4398e7070, 0x000001d4398e8060, 0x000001d43b4fa580,
0x000001d43b4f7060, 0x000001d43b4f85a0, 0x000001d43b4f9590, 0x000001d43b4f9ae0,
0x000001d43b4f9040, 0x000001d43b4f8af0, 0x000001d43b4fa030, 0x000001d43b4f75b0,
0x000001d43d169030, 0x000001d43d169580, 0x000001d43b4f7b00, 0x000001d43d166060,
0x000001d43d166b00, 0x000001d44a5b1060, 0x000001d4399e5070, 0x000001d42fdd75a0,
0x000001d42fdd65b0, 0x000001d432807090, 0x000001d4328085d0, 0x000001d43d42f9f0,
0x000001d43d167050, 0x000001d4324e55b0, 0x000001d4324e8580, 0x000001d4324e9ac0,
0x000001d4324e8ad0, 0x000001d4399e55c0, 0x000001d4399e6060, 0x000001d43d168590,
0x000001d43d1675a0, 0x000001d43a4eb030, 0x000001d43a4eb580, 0x000001d43a629e30,
0x000001d43a6273b0, 0x000001d43adbdff0, 0x000001d43adbe540, 0x000001d4346fb0f0,
0x000001d4346fa650, 0x000001d439d8f980, 0x000001d439d90ec0, 0x000001d4324ea010,
0x000001d44a5b3040, 0x000001d4324ea560, 0x000001d4324e6af0, 0x000001d4324e9570,
0x000001d4324e7040, 0x000001d4324eb000, 0x000001d4324e7590, 0x000001d4324e7ae0,
0x000001d4324ebaa0, 0x000001d4324ec540, 0x000001d42fdd8590, 0x000001d44a6d9760,
0x000001d44a6d7cd0, 0x000001d42fe971a0, 0x000001d42fe95c60, 0x000001d44e0784a0,
0x000001d43a4eaae0, 0x000001d4346fc630, 0x000001d43cfe6300, 0x000001d43a4e85b0,
0x000001d43a4ea590, 0x000001d43d432470, 0x000001d43a4e9050, 0x000001d4346fcb80,
0x000001d44df97480, 0x000001d43d42f4a0, 0x000001d43228ca10
}

Java Threads: ( => current thread )
  0x000001d469176170 JavaThread "main" [_thread_blocked, id=10524, stack(0x0000000a55a00000,0x0000000a55b00000)]
  0x000001d47e9e1670 JavaThread "Reference Handler" daemon [_thread_blocked, id=12464, stack(0x0000000a56100000,0x0000000a56200000)]
  0x000001d47e9e21a0 JavaThread "Finalizer" daemon [_thread_blocked, id=22060, stack(0x0000000a56200000,0x0000000a56300000)]
  0x000001d47e9e7350 JavaThread "Signal Dispatcher" daemon [_thread_blocked, id=20968, stack(0x0000000a56300000,0x0000000a56400000)]
  0x000001d47e9e9c90 JavaThread "Attach Listener" daemon [_thread_blocked, id=8624, stack(0x0000000a56400000,0x0000000a56500000)]
  0x000001d47e9ea5c0 JavaThread "Service Thread" daemon [_thread_blocked, id=7452, stack(0x0000000a56500000,0x0000000a56600000)]
  0x000001d47e9f6f60 JavaThread "Monitor Deflation Thread" daemon [_thread_blocked, id=15476, stack(0x0000000a56600000,0x0000000a56700000)]
  0x000001d47e9ecf00 JavaThread "C2 CompilerThread0" daemon [_thread_blocked, id=12212, stack(0x0000000a56700000,0x0000000a56800000)]
  0x000001d47e9f9a30 JavaThread "C1 CompilerThread0" daemon [_thread_blocked, id=15428, stack(0x0000000a56800000,0x0000000a56900000)]
  0x000001d47e9fe3c0 JavaThread "Sweeper thread" daemon [_thread_blocked, id=6228, stack(0x0000000a56900000,0x0000000a56a00000)]
  0x000001d47e9b6d60 JavaThread "Common-Cleaner" daemon [_thread_blocked, id=24160, stack(0x0000000a56a00000,0x0000000a56b00000)]
  0x000001d47f80c0a0 JavaThread "Notification Thread" daemon [_thread_blocked, id=15508, stack(0x0000000a56b00000,0x0000000a56c00000)]
  0x000001d42fa443a0 JavaThread "Daemon health stats" [_thread_blocked, id=24652, stack(0x0000000a57200000,0x0000000a57300000)]
  0x000001d42fd53430 JavaThread "Incoming local TCP Connector on port 64622" [_thread_in_native, id=24728, stack(0x0000000a57100000,0x0000000a57200000)]
  0x000001d42fb4b080 JavaThread "Daemon periodic checks" [_thread_blocked, id=24752, stack(0x0000000a57300000,0x0000000a57400000)]
  0x000001d47f85b980 JavaThread "Cache worker for journal cache (C:\Users\RAHUL\.gradle\caches\journal-1)" [_thread_blocked, id=25100, stack(0x0000000a57b00000,0x0000000a57c00000)]
  0x000001d47f85c970 JavaThread "File lock request listener" [_thread_in_native, id=25104, stack(0x0000000a57c00000,0x0000000a57d00000)]
  0x000001d47f85e950 JavaThread "Cache worker for file hash cache (C:\Users\RAHUL\.gradle\caches\8.10.2\fileHashes)" [_thread_blocked, id=25144, stack(0x0000000a57d00000,0x0000000a57e00000)]
  0x000001d47f85d410 JavaThread "File watcher server" daemon [_thread_blocked, id=23160, stack(0x0000000a58800000,0x0000000a58900000)]
  0x000001d47f85d960 JavaThread "File watcher consumer" daemon [_thread_blocked, id=22216, stack(0x0000000a58900000,0x0000000a58a00000)]
  0x000001d430286bc0 JavaThread "Cache worker for file content cache (C:\Users\RAHUL\.gradle\caches\8.10.2\fileContent)" [_thread_blocked, id=24900, stack(0x0000000a58a00000,0x0000000a58b00000)]
  0x000001d432fba2c0 JavaThread "Memory manager" [_thread_blocked, id=22300, stack(0x0000000a5b100000,0x0000000a5b200000)]
  0x000001d434a7cf10 JavaThread "jar transforms" [_thread_blocked, id=24896, stack(0x0000000a60500000,0x0000000a60600000)]
  0x000001d47f8fc880 JavaThread "jar transforms Thread 2" [_thread_blocked, id=9828, stack(0x0000000a61c00000,0x0000000a61d00000)]
  0x000001d47f8fcdd0 JavaThread "jar transforms Thread 3" [_thread_blocked, id=24372, stack(0x0000000a61b00000,0x0000000a61c00000)]
  0x000001d47f8fe310 JavaThread "jar transforms Thread 4" [_thread_blocked, id=14072, stack(0x0000000a61d00000,0x0000000a61e00000)]
  0x000001d47f8ff850 JavaThread "jar transforms Thread 5" [_thread_blocked, id=3880, stack(0x0000000a61f00000,0x0000000a62000000)]
  0x000001d47f900840 JavaThread "jar transforms Thread 6" [_thread_blocked, id=12780, stack(0x0000000a62000000,0x0000000a62100000)]
  0x000001d47f8fe860 JavaThread "pool-3-thread-1" [_thread_blocked, id=24764, stack(0x0000000a62100000,0x0000000a62200000)]
  0x000001d4324e5060 JavaThread "pool-6-thread-1" [_thread_blocked, id=16912, stack(0x0000000a61500000,0x0000000a61600000)]
  0x000001d4324edfd0 JavaThread "Cache worker for Java compile cache (C:\Users\RAHUL\.gradle\caches\8.10.2\javaCompile)" [_thread_blocked, id=24360, stack(0x0000000a63000000,0x0000000a63100000)]
  0x000001d4324eefc0 JavaThread "RMI Scheduler(0)" daemon [_thread_blocked, id=24656, stack(0x0000000a62f00000,0x0000000a63000000)]
  0x000001d4324effb0 JavaThread "RMI TCP Accept-0" daemon [_thread_in_native, id=11188, stack(0x0000000a63300000,0x0000000a63400000)]
  0x000001d44c5ac5b0 JavaThread "pool-11-thread-1" [_thread_blocked, id=12784, stack(0x0000000a61400000,0x0000000a61500000)]
  0x000001d43b50f230 JavaThread "pool-15-thread-1" [_thread_blocked, id=2604, stack(0x0000000a61900000,0x0000000a61a00000)]
  0x000001d43a629390 JavaThread "pool-19-thread-1" [_thread_blocked, id=16692, stack(0x0000000a61600000,0x0000000a61700000)]
  0x000001d42fe95710 JavaThread "pool-22-thread-1" [_thread_blocked, id=7472, stack(0x0000000a61700000,0x0000000a61800000)]
  0x000001d43aae1d60 JavaThread "pool-25-thread-1" [_thread_blocked, id=15856, stack(0x0000000a61800000,0x0000000a61900000)]
  0x000001d43d168ae0 JavaThread "pool-29-thread-1" [_thread_blocked, id=3112, stack(0x0000000a61a00000,0x0000000a61b00000)]
  0x000001d434a4e760 JavaThread "pool-33-thread-1" [_thread_blocked, id=17008, stack(0x0000000a61e00000,0x0000000a61f00000)]
  0x000001d439ef1f50 JavaThread "Daemon Thread 10" [_thread_blocked, id=17028, stack(0x0000000a55700000,0x0000000a55800000)]
  0x000001d44b2fe750 JavaThread "Handler for socket connection from /127.0.0.1:64622 to /127.0.0.1:49511" [_thread_in_native, id=4880, stack(0x0000000a55800000,0x0000000a55900000)]
  0x000001d44b2fdcb0 JavaThread "Cancel handler" [_thread_blocked, id=25064, stack(0x0000000a55900000,0x0000000a55a00000)]
  0x000001d44b2fe200 JavaThread "Daemon worker Thread 10" [_thread_blocked, id=23688, stack(0x0000000a57400000,0x0000000a57500000)]
  0x000001d43a628e40 JavaThread "Asynchronous log dispatcher for DefaultDaemonConnection: socket connection from /127.0.0.1:64622 to /127.0.0.1:49511" [_thread_blocked, id=24488, stack(0x0000000a57500000,0x0000000a57600000)]
  0x000001d43a627900 JavaThread "Stdin handler" [_thread_blocked, id=20108, stack(0x0000000a57600000,0x0000000a57700000)]
  0x000001d43a627e50 JavaThread "Daemon client event forwarder" [_thread_blocked, id=12732, stack(0x0000000a57700000,0x0000000a57800000)]
  0x000001d42fda4ad0 JavaThread "Cache worker for file hash cache (L:\flutter Projects\moodmate\moodmate\android\.gradle\8.10.2\fileHashes)" [_thread_blocked, id=13512, stack(0x0000000a57800000,0x0000000a57900000)]
  0x000001d43a6283a0 JavaThread "Cache worker for Build Output Cleanup Cache (L:\flutter Projects\moodmate\moodmate\android\.gradle\buildOutputCleanup)" [_thread_blocked, id=24916, stack(0x0000000a57900000,0x0000000a57a00000)]
  0x000001d43a626e60 JavaThread "Cache worker for checksums cache (L:\flutter Projects\moodmate\moodmate\android\.gradle\8.10.2\checksums)" [_thread_blocked, id=13564, stack(0x0000000a57a00000,0x0000000a57b00000)]
  0x000001d43a626910 JavaThread "Cache worker for cache directory md-rule (C:\Users\RAHUL\.gradle\caches\8.10.2\md-rule)" [_thread_blocked, id=21880, stack(0x0000000a58300000,0x0000000a58400000)]
  0x000001d43a6288f0 JavaThread "Cache worker for cache directory md-supplier (C:\Users\RAHUL\.gradle\caches\8.10.2\md-supplier)" [_thread_blocked, id=12008, stack(0x0000000a58600000,0x0000000a58700000)]
  0x000001d439ef4480 JavaThread "Cache worker for Build Output Cleanup Cache (L:\flutter sdk\flutter\packages\flutter_tools\gradle\.gradle\buildOutputCleanup)" [_thread_blocked, id=23504, stack(0x0000000a58700000,0x0000000a58800000)]
  0x000001d439ef49d0 JavaThread "Unconstrained build operations" [_thread_blocked, id=6560, stack(0x0000000a58c00000,0x0000000a58d00000)]
  0x000001d439ef24a0 JavaThread "Unconstrained build operations Thread 2" [_thread_blocked, id=15472, stack(0x0000000a58d00000,0x0000000a58e00000)]
  0x000001d439ef29f0 JavaThread "Unconstrained build operations Thread 3" [_thread_blocked, id=23304, stack(0x0000000a58e00000,0x0000000a58f00000)]
  0x000001d439ef2f40 JavaThread "Unconstrained build operations Thread 4" [_thread_blocked, id=25032, stack(0x0000000a58f00000,0x0000000a59000000)]
  0x000001d439ef3490 JavaThread "Unconstrained build operations Thread 5" [_thread_blocked, id=7804, stack(0x0000000a59000000,0x0000000a59100000)]
  0x000001d439ef14b0 JavaThread "Unconstrained build operations Thread 6" [_thread_blocked, id=9604, stack(0x0000000a59100000,0x0000000a59200000)]
  0x000001d439ef1a00 JavaThread "Unconstrained build operations Thread 7" [_thread_blocked, id=24512, stack(0x0000000a59200000,0x0000000a59300000)]
  0x000001d43b50fcd0 JavaThread "Unconstrained build operations Thread 8" [_thread_blocked, id=16916, stack(0x0000000a59300000,0x0000000a59400000)]
  0x000001d43b510220 JavaThread "Unconstrained build operations Thread 9" [_thread_blocked, id=18812, stack(0x0000000a59400000,0x0000000a59500000)]
  0x000001d43b510770 JavaThread "Unconstrained build operations Thread 10" [_thread_blocked, id=6164, stack(0x0000000a59500000,0x0000000a59600000)]
  0x000001d43b50dcf0 JavaThread "Unconstrained build operations Thread 11" [_thread_blocked, id=2940, stack(0x0000000a59600000,0x0000000a59700000)]
  0x000001d42fda5020 JavaThread "Unconstrained build operations Thread 12" [_thread_blocked, id=12940, stack(0x0000000a59700000,0x0000000a59800000)]
  0x000001d42fda5570 JavaThread "Unconstrained build operations Thread 13" [_thread_blocked, id=18452, stack(0x0000000a59800000,0x0000000a59900000)]
  0x000001d42fda3590 JavaThread "Unconstrained build operations Thread 14" [_thread_blocked, id=2688, stack(0x0000000a59900000,0x0000000a59a00000)]
  0x000001d42fda5ac0 JavaThread "Unconstrained build operations Thread 15" [_thread_blocked, id=25036, stack(0x0000000a59a00000,0x0000000a59b00000)]
  0x000001d42fda6560 JavaThread "Unconstrained build operations Thread 16" [_thread_blocked, id=18820, stack(0x0000000a59b00000,0x0000000a59c00000)]
  0x000001d42fda3040 JavaThread "Unconstrained build operations Thread 17" [_thread_blocked, id=17036, stack(0x0000000a59c00000,0x0000000a59d00000)]
  0x000001d42fda3ae0 JavaThread "Unconstrained build operations Thread 18" [_thread_blocked, id=14276, stack(0x0000000a59d00000,0x0000000a59e00000)]
  0x000001d42fda4030 JavaThread "Unconstrained build operations Thread 19" [_thread_blocked, id=23916, stack(0x0000000a59e00000,0x0000000a59f00000)]
  0x000001d430339f80 JavaThread "Unconstrained build operations Thread 20" [_thread_blocked, id=20580, stack(0x0000000a59f00000,0x0000000a5a000000)]
  0x000001d43033b4c0 JavaThread "Unconstrained build operations Thread 21" [_thread_blocked, id=24548, stack(0x0000000a5a000000,0x0000000a5a100000)]
  0x000001d43033c4b0 JavaThread "Unconstrained build operations Thread 22" [_thread_blocked, id=13372, stack(0x0000000a5a100000,0x0000000a5a200000)]
  0x000001d430339a30 JavaThread "build event listener" [_thread_blocked, id=22520, stack(0x0000000a5a200000,0x0000000a5a300000)]
  0x000001d43033a4d0 JavaThread "included builds" [_thread_blocked, id=9764, stack(0x0000000a5a300000,0x0000000a5a400000)]
  0x000001d43033ba10 JavaThread "Execution worker" [_thread_blocked, id=7424, stack(0x0000000a5a400000,0x0000000a5a500000)]
  0x000001d43033ca00 JavaThread "Execution worker Thread 2" [_thread_blocked, id=352, stack(0x0000000a5a500000,0x0000000a5a600000)]
  0x000001d43033aa20 JavaThread "Execution worker Thread 3" [_thread_blocked, id=16684, stack(0x0000000a5a600000,0x0000000a5a700000)]
  0x000001d43033cf50 JavaThread "Execution worker Thread 4" [_thread_blocked, id=22112, stack(0x0000000a5a700000,0x0000000a5a800000)]
  0x000001d43033bf60 JavaThread "Execution worker Thread 5" [_thread_blocked, id=16452, stack(0x0000000a5a800000,0x0000000a5a900000)]
  0x000001d43033af70 JavaThread "Execution worker Thread 6" [_thread_blocked, id=6732, stack(0x0000000a5a900000,0x0000000a5aa00000)]
  0x000001d432518010 JavaThread "Execution worker Thread 7" [_thread_blocked, id=18332, stack(0x0000000a5aa00000,0x0000000a5ab00000)]
  0x000001d432517570 JavaThread "Execution worker Thread 8" [_thread_blocked, id=24936, stack(0x0000000a5ab00000,0x0000000a5ac00000)]
  0x000001d432515ae0 JavaThread "Execution worker Thread 9" [_thread_blocked, id=17624, stack(0x0000000a5ac00000,0x0000000a5ad00000)]
  0x000001d432518560 JavaThread "Execution worker Thread 10" [_thread_blocked, id=20656, stack(0x0000000a5ad00000,0x0000000a5ae00000)]
  0x000001d432515590 JavaThread "Execution worker Thread 11" [_thread_blocked, id=18372, stack(0x0000000a5ae00000,0x0000000a5af00000)]
  0x000001d43b575e50 JavaThread "Cache worker for execution history cache (L:\flutter sdk\flutter\packages\flutter_tools\gradle\.gradle\8.10.2\executionHistory)" [_thread_blocked, id=16520, stack(0x0000000a5af00000,0x0000000a5b000000)]
  0x000001d43b50e240 JavaThread "Unconstrained build operations Thread 23" [_thread_blocked, id=13268, stack(0x0000000a5b000000,0x0000000a5b100000)]
  0x000001d43b510cc0 JavaThread "Unconstrained build operations Thread 24" [_thread_blocked, id=19620, stack(0x0000000a5b200000,0x0000000a5b300000)]
  0x000001d43b50ece0 JavaThread "Unconstrained build operations Thread 25" [_thread_blocked, id=15680, stack(0x0000000a5b300000,0x0000000a5b400000)]
  0x000001d43b50e790 JavaThread "Unconstrained build operations Thread 26" [_thread_blocked, id=21552, stack(0x0000000a5b400000,0x0000000a5b500000)]
  0x000001d432808b20 JavaThread "Unconstrained build operations Thread 27" [_thread_blocked, id=14192, stack(0x0000000a5b500000,0x0000000a5b600000)]
  0x000001d432809b10 JavaThread "Unconstrained build operations Thread 28" [_thread_blocked, id=16144, stack(0x0000000a5b600000,0x0000000a5b700000)]
  0x000001d4328075e0 JavaThread "Unconstrained build operations Thread 29" [_thread_blocked, id=21008, stack(0x0000000a5b700000,0x0000000a5b800000)]
  0x000001d432809070 JavaThread "Unconstrained build operations Thread 30" [_thread_blocked, id=17904, stack(0x0000000a5b800000,0x0000000a5b900000)]
  0x000001d432808080 JavaThread "Unconstrained build operations Thread 31" [_thread_blocked, id=23716, stack(0x0000000a5b900000,0x0000000a5ba00000)]
  0x000001d4328095c0 JavaThread "Unconstrained build operations Thread 32" [_thread_blocked, id=25488, stack(0x0000000a5ba00000,0x0000000a5bb00000)]
  0x000001d432807b30 JavaThread "Unconstrained build operations Thread 33" [_thread_blocked, id=16436, stack(0x0000000a5bb00000,0x0000000a5bc00000)]
  0x000001d43b577e30 JavaThread "Unconstrained build operations Thread 34" [_thread_blocked, id=19916, stack(0x0000000a5bc00000,0x0000000a5bd00000)]
  0x000001d43b5788d0 JavaThread "Unconstrained build operations Thread 35" [_thread_blocked, id=19276, stack(0x0000000a5bd00000,0x0000000a5be00000)]
  0x000001d43b578e20 JavaThread "Unconstrained build operations Thread 36" [_thread_blocked, id=25008, stack(0x0000000a5be00000,0x0000000a5bf00000)]
  0x000001d43b576e40 JavaThread "Unconstrained build operations Thread 37" [_thread_blocked, id=14252, stack(0x0000000a5bf00000,0x0000000a5c000000)]
  0x000001d43b577390 JavaThread "Unconstrained build operations Thread 38" [_thread_blocked, id=16660, stack(0x0000000a5c000000,0x0000000a5c100000)]
  0x000001d432515040 JavaThread "Unconstrained build operations Thread 39" [_thread_blocked, id=23320, stack(0x0000000a5c100000,0x0000000a5c200000)]
  0x000001d43b5763a0 JavaThread "Unconstrained build operations Thread 40" [_thread_blocked, id=14188, stack(0x0000000a5c200000,0x0000000a5c300000)]
  0x000001d43b5768f0 JavaThread "Unconstrained build operations Thread 41" [_thread_blocked, id=17064, stack(0x0000000a5c300000,0x0000000a5c400000)]
  0x000001d43b578380 JavaThread "Unconstrained build operations Thread 42" [_thread_blocked, id=2760, stack(0x0000000a5c400000,0x0000000a5c500000)]
  0x000001d43b575900 JavaThread "Unconstrained build operations Thread 43" [_thread_blocked, id=4692, stack(0x0000000a5c500000,0x0000000a5c600000)]
  0x000001d44b69d1f0 JavaThread "Unconstrained build operations Thread 44" [_thread_blocked, id=18588, stack(0x0000000a5c600000,0x0000000a5c700000)]
  0x000001d44b69e1e0 JavaThread "Unconstrained build operations Thread 45" [_thread_blocked, id=21160, stack(0x0000000a5c700000,0x0000000a5c800000)]
  0x000001d44b69ec80 JavaThread "Unconstrained build operations Thread 46" [_thread_blocked, id=24344, stack(0x0000000a5c800000,0x0000000a5c900000)]
  0x000001d44b69e730 JavaThread "Unconstrained build operations Thread 47" [_thread_blocked, id=25264, stack(0x0000000a5c900000,0x0000000a5ca00000)]
  0x000001d44b69d740 JavaThread "Unconstrained build operations Thread 48" [_thread_blocked, id=25284, stack(0x0000000a5ca00000,0x0000000a5cb00000)]
  0x000001d44b69dc90 JavaThread "Unconstrained build operations Thread 49" [_thread_blocked, id=17340, stack(0x0000000a5cb00000,0x0000000a5cc00000)]
  0x000001d44b69f1d0 JavaThread "Unconstrained build operations Thread 50" [_thread_blocked, id=11520, stack(0x0000000a5cc00000,0x0000000a5cd00000)]
  0x000001d44b69c200 JavaThread "Unconstrained build operations Thread 51" [_thread_blocked, id=12220, stack(0x0000000a5cd00000,0x0000000a5ce00000)]
  0x000001d432516030 JavaThread "Unconstrained build operations Thread 52" [_thread_blocked, id=19504, stack(0x0000000a5ce00000,0x0000000a5cf00000)]
  0x000001d432517ac0 JavaThread "Unconstrained build operations Thread 53" [_thread_blocked, id=5432, stack(0x0000000a5cf00000,0x0000000a5d000000)]
  0x000001d432516580 JavaThread "Unconstrained build operations Thread 54" [_thread_blocked, id=23464, stack(0x0000000a5d000000,0x0000000a5d100000)]
  0x000001d432517020 JavaThread "Unconstrained build operations Thread 55" [_thread_blocked, id=24008, stack(0x0000000a5d100000,0x0000000a5d200000)]
  0x000001d432516ad0 JavaThread "Unconstrained build operations Thread 56" [_thread_blocked, id=17400, stack(0x0000000a5d200000,0x0000000a5d300000)]
  0x000001d43a4e95a0 JavaThread "Unconstrained build operations Thread 57" [_thread_blocked, id=19988, stack(0x0000000a5d300000,0x0000000a5d400000)]
  0x000001d43a4e8060 JavaThread "Unconstrained build operations Thread 58" [_thread_blocked, id=3912, stack(0x0000000a5d400000,0x0000000a5d500000)]
  0x000001d4399e75a0 JavaThread "Unconstrained build operations Thread 59" [_thread_blocked, id=11344, stack(0x0000000a5d500000,0x0000000a5d600000)]
  0x000001d44c5acb00 JavaThread "Unconstrained build operations Thread 60" [_thread_blocked, id=12216, stack(0x0000000a5d600000,0x0000000a5d700000)]
  0x000001d44c5aeae0 JavaThread "Unconstrained build operations Thread 61" [_thread_blocked, id=20524, stack(0x0000000a5d700000,0x0000000a5d800000)]
  0x000001d44c5ad050 JavaThread "Unconstrained build operations Thread 62" [_thread_blocked, id=22224, stack(0x0000000a5d800000,0x0000000a5d900000)]
  0x000001d44c5ad5a0 JavaThread "Unconstrained build operations Thread 63" [_thread_blocked, id=24692, stack(0x0000000a5d900000,0x0000000a5da00000)]
  0x000001d44c5adaf0 JavaThread "Unconstrained build operations Thread 64" [_thread_blocked, id=16096, stack(0x0000000a5da00000,0x0000000a5db00000)]
  0x000001d44c5ae040 JavaThread "Unconstrained build operations Thread 65" [_thread_blocked, id=23928, stack(0x0000000a5db00000,0x0000000a5dc00000)]
  0x000001d44c5ac060 JavaThread "Unconstrained build operations Thread 66" [_thread_blocked, id=19824, stack(0x0000000a5dc00000,0x0000000a5dd00000)]
  0x000001d43a4e9af0 JavaThread "build event listener" [_thread_blocked, id=14040, stack(0x0000000a5dd00000,0x0000000a5de00000)]
  0x000001d43a4ea040 JavaThread "Unconstrained build operations Thread 67" [_thread_blocked, id=17780, stack(0x0000000a5de00000,0x0000000a5df00000)]
  0x000001d434d9dba0 JavaThread "Unconstrained build operations Thread 68" [_thread_blocked, id=16008, stack(0x0000000a5df00000,0x0000000a5e000000)]
  0x000001d434d9b670 JavaThread "Unconstrained build operations Thread 69" [_thread_blocked, id=21212, stack(0x0000000a5e000000,0x0000000a5e100000)]
  0x000001d434d9c110 JavaThread "Unconstrained build operations Thread 70" [_thread_blocked, id=13152, stack(0x0000000a5e100000,0x0000000a5e200000)]
  0x000001d434d9e0f0 JavaThread "Unconstrained build operations Thread 71" [_thread_blocked, id=11096, stack(0x0000000a5e200000,0x0000000a5e300000)]
  0x000001d434d9cbb0 JavaThread "Unconstrained build operations Thread 72" [_thread_blocked, id=15556, stack(0x0000000a5e300000,0x0000000a5e400000)]
  0x000001d434d9d100 JavaThread "Unconstrained build operations Thread 73" [_thread_blocked, id=11136, stack(0x0000000a5e400000,0x0000000a5e500000)]
  0x000001d434d9d650 JavaThread "Unconstrained build operations Thread 74" [_thread_blocked, id=11452, stack(0x0000000a5e500000,0x0000000a5e600000)]
  0x000001d42ff57ca0 JavaThread "Unconstrained build operations Thread 75" [_thread_blocked, id=13788, stack(0x0000000a5e600000,0x0000000a5e700000)]
  0x000001d42ff58740 JavaThread "Unconstrained build operations Thread 76" [_thread_blocked, id=24680, stack(0x0000000a5e700000,0x0000000a5e800000)]
  0x000001d42ff581f0 JavaThread "Unconstrained build operations Thread 77" [_thread_blocked, id=18328, stack(0x0000000a5e800000,0x0000000a5e900000)]
  0x000001d42ff55cc0 JavaThread "Unconstrained build operations Thread 78" [_thread_blocked, id=23840, stack(0x0000000a5e900000,0x0000000a5ea00000)]
  0x000001d42ff58c90 JavaThread "Unconstrained build operations Thread 79" [_thread_blocked, id=18680, stack(0x0000000a5ea00000,0x0000000a5eb00000)]
  0x000001d42ff56210 JavaThread "Unconstrained build operations Thread 80" [_thread_blocked, id=20716, stack(0x0000000a5eb00000,0x0000000a5ec00000)]
  0x000001d42ff591e0 JavaThread "Unconstrained build operations Thread 81" [_thread_blocked, id=12132, stack(0x0000000a5ec00000,0x0000000a5ed00000)]
  0x000001d42ff57200 JavaThread "Unconstrained build operations Thread 82" [_thread_blocked, id=18592, stack(0x0000000a5ed00000,0x0000000a5ee00000)]
  0x000001d42ff57750 JavaThread "Unconstrained build operations Thread 83" [_thread_blocked, id=1756, stack(0x0000000a5ee00000,0x0000000a5ef00000)]
  0x000001d42ff56760 JavaThread "Unconstrained build operations Thread 84" [_thread_blocked, id=13916, stack(0x0000000a5ef00000,0x0000000a5f000000)]
  0x000001d4337b7dd0 JavaThread "Unconstrained build operations Thread 85" [_thread_blocked, id=16648, stack(0x0000000a5f000000,0x0000000a5f100000)]
  0x000001d4337b6de0 JavaThread "Unconstrained build operations Thread 86" [_thread_blocked, id=25540, stack(0x0000000a5f100000,0x0000000a5f200000)]
  0x000001d4337b58a0 JavaThread "Unconstrained build operations Thread 87" [_thread_blocked, id=16932, stack(0x0000000a5f200000,0x0000000a5f300000)]
  0x000001d4337b6890 JavaThread "Unconstrained build operations Thread 88" [_thread_blocked, id=2540, stack(0x0000000a5f300000,0x0000000a5f400000)]
  0x000001d4337b7330 JavaThread "Unconstrained build operations Thread 89" [_thread_blocked, id=12900, stack(0x0000000a5f400000,0x0000000a5f500000)]
  0x000001d4337b6340 JavaThread "Unconstrained build operations Thread 90" [_thread_blocked, id=4616, stack(0x0000000a5f500000,0x0000000a5f600000)]
  0x000001d4337b5df0 JavaThread "Unconstrained build operations Thread 91" [_thread_blocked, id=24980, stack(0x0000000a5f600000,0x0000000a5f700000)]
  0x000001d4337b4e00 JavaThread "Unconstrained build operations Thread 92" [_thread_blocked, id=9144, stack(0x0000000a5f700000,0x0000000a5f800000)]
  0x000001d4337b7880 JavaThread "Unconstrained build operations Thread 93" [_thread_blocked, id=24912, stack(0x0000000a5f800000,0x0000000a5f900000)]
  0x000001d4337b5350 JavaThread "Unconstrained build operations Thread 94" [_thread_blocked, id=20932, stack(0x0000000a5f900000,0x0000000a5fa00000)]
  0x000001d44a5b2af0 JavaThread "Unconstrained build operations Thread 95" [_thread_blocked, id=25348, stack(0x0000000a5fa00000,0x0000000a5fb00000)]
  0x000001d44a5b3ae0 JavaThread "Unconstrained build operations Thread 96" [_thread_blocked, id=25492, stack(0x0000000a5fb00000,0x0000000a5fc00000)]
  0x000001d44a5b1b00 JavaThread "Unconstrained build operations Thread 97" [_thread_blocked, id=4792, stack(0x0000000a5fc00000,0x0000000a5fd00000)]
  0x000001d44a5b25a0 JavaThread "Unconstrained build operations Thread 98" [_thread_blocked, id=21788, stack(0x0000000a5fd00000,0x0000000a5fe00000)]
  0x000001d43a6298e0 JavaThread "Unconstrained build operations Thread 99" [_thread_blocked, id=8516, stack(0x0000000a5fe00000,0x0000000a5ff00000)]
  0x000001d44b69c750 JavaThread "Unconstrained build operations Thread 100" [_thread_blocked, id=12988, stack(0x0000000a5ff00000,0x0000000a60000000)]
  0x000001d4398e75c0 JavaThread "Unconstrained build operations Thread 101" [_thread_blocked, id=16460, stack(0x0000000a60000000,0x0000000a60100000)]
  0x000001d4398e85b0 JavaThread "Unconstrained build operations Thread 102" [_thread_blocked, id=10496, stack(0x0000000a60100000,0x0000000a60200000)]
  0x000001d4398e7b10 JavaThread "Unconstrained build operations Thread 103" [_thread_blocked, id=12468, stack(0x0000000a60200000,0x0000000a60300000)]
  0x000001d4398e9050 JavaThread "Unconstrained build operations Thread 104" [_thread_blocked, id=18340, stack(0x0000000a60300000,0x0000000a60400000)]
  0x000001d4398e8b00 JavaThread "Unconstrained build operations Thread 105" [_thread_blocked, id=4208, stack(0x0000000a60400000,0x0000000a60500000)]
  0x000001d4398e95a0 JavaThread "Unconstrained build operations Thread 106" [_thread_blocked, id=25476, stack(0x0000000a60600000,0x0000000a60700000)]
  0x000001d4398ea040 JavaThread "Unconstrained build operations Thread 107" [_thread_blocked, id=9864, stack(0x0000000a60700000,0x0000000a60800000)]
  0x000001d4398e9af0 JavaThread "Unconstrained build operations Thread 108" [_thread_blocked, id=15696, stack(0x0000000a60800000,0x0000000a60900000)]
  0x000001d4398ea590 JavaThread "Unconstrained build operations Thread 109" [_thread_blocked, id=15960, stack(0x0000000a60900000,0x0000000a60a00000)]
  0x000001d4398e7070 JavaThread "Unconstrained build operations Thread 110" [_thread_blocked, id=14368, stack(0x0000000a60a00000,0x0000000a60b00000)]
  0x000001d4398e8060 JavaThread "Unconstrained build operations Thread 111" [_thread_blocked, id=14212, stack(0x0000000a60b00000,0x0000000a60c00000)]
  0x000001d43b4fa580 JavaThread "Unconstrained build operations Thread 112" [_thread_blocked, id=20112, stack(0x0000000a60c00000,0x0000000a60d00000)]
  0x000001d43b4f7060 JavaThread "Unconstrained build operations Thread 113" [_thread_blocked, id=5920, stack(0x0000000a60d00000,0x0000000a60e00000)]
  0x000001d43b4f85a0 JavaThread "Unconstrained build operations Thread 114" [_thread_blocked, id=7084, stack(0x0000000a60e00000,0x0000000a60f00000)]
  0x000001d43b4f9590 JavaThread "Unconstrained build operations Thread 115" [_thread_blocked, id=14984, stack(0x0000000a60f00000,0x0000000a61000000)]
  0x000001d43b4f9ae0 JavaThread "Unconstrained build operations Thread 116" [_thread_blocked, id=19396, stack(0x0000000a61000000,0x0000000a61100000)]
  0x000001d43b4f9040 JavaThread "Unconstrained build operations Thread 117" [_thread_blocked, id=15640, stack(0x0000000a61100000,0x0000000a61200000)]
  0x000001d43b4f8af0 JavaThread "Unconstrained build operations Thread 118" [_thread_blocked, id=20148, stack(0x0000000a61200000,0x0000000a61300000)]
  0x000001d43b4fa030 JavaThread "Unconstrained build operations Thread 119" [_thread_blocked, id=21364, stack(0x0000000a61300000,0x0000000a61400000)]
  0x000001d43b4f75b0 JavaThread "Unconstrained build operations Thread 120" [_thread_blocked, id=20560, stack(0x0000000a62200000,0x0000000a62300000)]
  0x000001d43d169030 JavaThread "pool-36-thread-1" [_thread_blocked, id=368, stack(0x0000000a62300000,0x0000000a62400000)]
  0x000001d43d169580 JavaThread "build event listener" [_thread_blocked, id=19164, stack(0x0000000a62400000,0x0000000a62500000)]
  0x000001d43b4f7b00 JavaThread "Cache worker for execution history cache (L:\flutter Projects\moodmate\moodmate\android\.gradle\8.10.2\executionHistory)" [_thread_blocked, id=19840, stack(0x0000000a62500000,0x0000000a62600000)]
  0x000001d43d166060 JavaThread "WorkerExecutor Queue Thread 2" [_thread_blocked, id=21392, stack(0x0000000a62a00000,0x0000000a62b00000)]
  0x000001d43d166b00 JavaThread "WorkerExecutor Queue Thread 3" [_thread_blocked, id=23620, stack(0x0000000a62b00000,0x0000000a62c00000)]
  0x000001d44a5b1060 JavaThread "WorkerExecutor Queue Thread 5" [_thread_blocked, id=24504, stack(0x0000000a62d00000,0x0000000a62e00000)]
  0x000001d4399e5070 JavaThread "WorkerExecutor Queue Thread 7" [_thread_blocked, id=21672, stack(0x0000000a63100000,0x0000000a63200000)]
  0x000001d42fdd75a0 JavaThread "WorkerExecutor Queue Thread 8" [_thread_blocked, id=20216, stack(0x0000000a63200000,0x0000000a63300000)]
  0x000001d42fdd65b0 JavaThread "WorkerExecutor Queue Thread 9" [_thread_blocked, id=24288, stack(0x0000000a63400000,0x0000000a63500000)]
  0x000001d432807090 JavaThread "WorkerExecutor Queue Thread 10" [_thread_blocked, id=21832, stack(0x0000000a63500000,0x0000000a63600000)]
  0x000001d4328085d0 JavaThread "WorkerExecutor Queue Thread 11" [_thread_blocked, id=7048, stack(0x0000000a63700000,0x0000000a63800000)]
  0x000001d43d42f9f0 JavaThread "WorkerExecutor Queue Thread 12" [_thread_blocked, id=19612, stack(0x0000000a63600000,0x0000000a63700000)]
  0x000001d43d167050 JavaThread "pool-37-thread-1" [_thread_blocked, id=16256, stack(0x0000000a63800000,0x0000000a63900000)]
  0x000001d4324e55b0 JavaThread "stderr" [_thread_in_native, id=23896, stack(0x0000000a63900000,0x0000000a63a00000)]
  0x000001d4324e8580 JavaThread "stdout" [_thread_in_native, id=12632, stack(0x0000000a63a00000,0x0000000a63b00000)]
  0x000001d4324e9ac0 JavaThread "stderr" [_thread_in_native, id=11884, stack(0x0000000a63b00000,0x0000000a63c00000)]
  0x000001d4324e8ad0 JavaThread "stdout" [_thread_in_native, id=6196, stack(0x0000000a63c00000,0x0000000a63d00000)]
  0x000001d4399e55c0 JavaThread "stderr" [_thread_in_native, id=4852, stack(0x0000000a63d00000,0x0000000a63e00000)]
  0x000001d4399e6060 JavaThread "stdout" [_thread_in_native, id=22380, stack(0x0000000a63e00000,0x0000000a63f00000)]
  0x000001d43d168590 JavaThread "stderr" [_thread_in_native, id=15760, stack(0x0000000a63f00000,0x0000000a64000000)]
  0x000001d43d1675a0 JavaThread "stdout" [_thread_in_native, id=20336, stack(0x0000000a64000000,0x0000000a64100000)]
  0x000001d43a4eb030 JavaThread "stderr" [_thread_in_native, id=8232, stack(0x0000000a64100000,0x0000000a64200000)]
  0x000001d43a4eb580 JavaThread "stdout" [_thread_in_native, id=20160, stack(0x0000000a64200000,0x0000000a64300000)]
  0x000001d43a629e30 JavaThread "stderr" [_thread_in_native, id=20240, stack(0x0000000a64300000,0x0000000a64400000)]
  0x000001d43a6273b0 JavaThread "stdout" [_thread_in_native, id=9728, stack(0x0000000a64400000,0x0000000a64500000)]
  0x000001d43adbdff0 JavaThread "stderr" [_thread_in_native, id=25556, stack(0x0000000a64500000,0x0000000a64600000)]
  0x000001d43adbe540 JavaThread "stdout" [_thread_in_native, id=15836, stack(0x0000000a64600000,0x0000000a64700000)]
  0x000001d4346fb0f0 JavaThread "stderr" [_thread_in_native, id=20736, stack(0x0000000a64700000,0x0000000a64800000)]
  0x000001d4346fa650 JavaThread "stdout" [_thread_in_native, id=18720, stack(0x0000000a64800000,0x0000000a64900000)]
  0x000001d439d8f980 JavaThread "RMI GC Daemon" daemon [_thread_blocked, id=18092, stack(0x0000000a64a00000,0x0000000a64b00000)]
  0x000001d439d90ec0 JavaThread "RMI Reaper" [_thread_blocked, id=19048, stack(0x0000000a64b00000,0x0000000a64c00000)]
  0x000001d4324ea010 JavaThread "Build operations" [_thread_blocked, id=13744, stack(0x0000000a64d00000,0x0000000a64e00000)]
  0x000001d44a5b3040 JavaThread "Build operations Thread 2" [_thread_blocked, id=2636, stack(0x0000000a65900000,0x0000000a65a00000)]
  0x000001d4324ea560 JavaThread "Build operations Thread 3" [_thread_blocked, id=20252, stack(0x0000000a65a00000,0x0000000a65b00000)]
  0x000001d4324e6af0 JavaThread "Build operations Thread 4" [_thread_blocked, id=13416, stack(0x0000000a65b00000,0x0000000a65c00000)]
  0x000001d4324e9570 JavaThread "Build operations Thread 5" [_thread_blocked, id=9672, stack(0x0000000a65c00000,0x0000000a65d00000)]
  0x000001d4324e7040 JavaThread "Build operations Thread 6" [_thread_blocked, id=2116, stack(0x0000000a65d00000,0x0000000a65e00000)]
  0x000001d4324eb000 JavaThread "Build operations Thread 7" [_thread_blocked, id=5756, stack(0x0000000a65e00000,0x0000000a65f00000)]
  0x000001d4324e7590 JavaThread "Build operations Thread 8" [_thread_blocked, id=4892, stack(0x0000000a65f00000,0x0000000a66000000)]
  0x000001d4324e7ae0 JavaThread "Build operations Thread 9" [_thread_blocked, id=3028, stack(0x0000000a66000000,0x0000000a66100000)]
  0x000001d4324ebaa0 JavaThread "Build operations Thread 10" [_thread_blocked, id=1232, stack(0x0000000a66100000,0x0000000a66200000)]
  0x000001d4324ec540 JavaThread "Build operations Thread 11" [_thread_blocked, id=20916, stack(0x0000000a66200000,0x0000000a66300000)]
  0x000001d42fdd8590 JavaThread "Build operations Thread 12" [_thread_blocked, id=22360, stack(0x0000000a66300000,0x0000000a66400000)]
  0x000001d44a6d9760 JavaThread "Java2D Disposer" daemon [_thread_blocked, id=20756, stack(0x0000000a62600000,0x0000000a62700000)]
  0x000001d44a6d7cd0 JavaThread "AWT-Windows" daemon [_thread_in_native, id=20856, stack(0x0000000a66600000,0x0000000a66700000)]
  0x000001d42fe971a0 JavaThread "Periodic tasks thread" daemon [_thread_blocked, id=23448, stack(0x0000000a66800000,0x0000000a66900000)]
  0x000001d42fe95c60 JavaThread "ApplicationImpl pooled thread 1" [_thread_blocked, id=16864, stack(0x0000000a66900000,0x0000000a66a00000)]
  0x000001d44e0784a0 JavaThread "Periodic tasks thread" daemon [_thread_blocked, id=26316, stack(0x0000000a66700000,0x0000000a66800000)]
  0x000001d43a4eaae0 JavaThread "ApplicationImpl pooled thread 1" [_thread_blocked, id=26300, stack(0x0000000a66a00000,0x0000000a66b00000)]
  0x000001d4346fc630 JavaThread "WorkerExecutor Queue Thread 13" [_thread_blocked, id=14744, stack(0x0000000a67700000,0x0000000a67800000)]
  0x000001d43cfe6300 JavaThread "WorkerExecutor Queue Thread 14" [_thread_blocked, id=13576, stack(0x0000000a62e00000,0x0000000a62f00000)]
  0x000001d43a4e85b0 JavaThread "ForkJoinPool-5-worker-1" daemon [_thread_blocked, id=26424, stack(0x0000000a62900000,0x0000000a62a00000)]
  0x000001d43a4ea590 JavaThread "ForkJoinPool-5-worker-2" daemon [_thread_blocked, id=8712, stack(0x0000000a67800000,0x0000000a67900000)]
  0x000001d43d432470 JavaThread "ForkJoinPool-5-worker-3" daemon [_thread_blocked, id=20876, stack(0x0000000a67900000,0x0000000a67a00000)]
  0x000001d43a4e9050 JavaThread "ForkJoinPool-5-worker-4" daemon [_thread_blocked, id=13816, stack(0x0000000a67a00000,0x0000000a67b00000)]
  0x000001d4346fcb80 JavaThread "ForkJoinPool-5-worker-5" daemon [_thread_blocked, id=12756, stack(0x0000000a67b00000,0x0000000a67c00000)]
  0x000001d44df97480 JavaThread "ForkJoinPool-5-worker-6" daemon [_thread_blocked, id=23112, stack(0x0000000a67c00000,0x0000000a67d00000)]
  0x000001d43d42f4a0 JavaThread "WorkerExecutor Queue Thread 15" [_thread_blocked, id=24024, stack(0x0000000a67d00000,0x0000000a67e00000)]
  0x000001d43228ca10 JavaThread "C2 CompilerThread1" daemon [_thread_blocked, id=26452, stack(0x0000000a62700000,0x0000000a62800000)]

Other Threads:
=>0x000001d47e9c4e50 VMThread "VM Thread" [stack: 0x0000000a56000000,0x0000000a56100000] [id=17396]
  0x000001d469176f60 WatcherThread "VM Periodic Task Thread" [stack: 0x0000000a56c00000,0x0000000a56d00000] [id=16156]
  0x000001d469229520 WorkerThread "GC Thread#0" [stack: 0x0000000a55b00000,0x0000000a55c00000] [id=13396]
  0x000001d42e07cc40 WorkerThread "GC Thread#1" [stack: 0x0000000a56f00000,0x0000000a57000000] [id=5540]
  0x000001d42e015780 WorkerThread "GC Thread#2" [stack: 0x0000000a57000000,0x0000000a57100000] [id=14692]
  0x000001d42e014c40 WorkerThread "GC Thread#3" [stack: 0x0000000a56d00000,0x0000000a56e00000] [id=11564]
  0x000001d42e014970 WorkerThread "GC Thread#4" [stack: 0x0000000a56e00000,0x0000000a56f00000] [id=11300]
  0x000001d42fb18360 WorkerThread "GC Thread#5" [stack: 0x0000000a57e00000,0x0000000a57f00000] [id=25216]
  0x000001d42fb1b330 WorkerThread "GC Thread#6" [stack: 0x0000000a57f00000,0x0000000a58000000] [id=25220]
  0x000001d42fb1b600 WorkerThread "GC Thread#7" [stack: 0x0000000a58000000,0x0000000a58100000] [id=25224]
  0x000001d42fb18bd0 WorkerThread "GC Thread#8" [stack: 0x0000000a58100000,0x0000000a58200000] [id=25228]
  0x000001d42fb1b8d0 WorkerThread "GC Thread#9" [stack: 0x0000000a58200000,0x0000000a58300000] [id=25232]
  0x000001d46922e130 ConcurrentGCThread "G1 Main Marker" [stack: 0x0000000a55c00000,0x0000000a55d00000] [id=23520]
  0x000001d47e81ce50 WorkerThread "G1 Conc#0" [stack: 0x0000000a55d00000,0x0000000a55e00000] [id=23568]
  0x000001d42fb18090 WorkerThread "G1 Conc#1" [stack: 0x0000000a58400000,0x0000000a58500000] [id=25444]
  0x000001d42fb19170 WorkerThread "G1 Conc#2" [stack: 0x0000000a58500000,0x0000000a58600000] [id=25448]
  0x000001d47e876240 ConcurrentGCThread "G1 Refine#0" [stack: 0x0000000a55e00000,0x0000000a55f00000] [id=11812]
  0x000001d432597020 ConcurrentGCThread "G1 Refine#1" [stack: 0x0000000a64e00000,0x0000000a64f00000] [id=7540]
  0x000001d4325979e0 ConcurrentGCThread "G1 Refine#2" [stack: 0x0000000a64f00000,0x0000000a65000000] [id=17320]
  0x000001d432599720 ConcurrentGCThread "G1 Refine#3" [stack: 0x0000000a65000000,0x0000000a65100000] [id=8324]
  0x000001d4325986e0 ConcurrentGCThread "G1 Refine#4" [stack: 0x0000000a65100000,0x0000000a65200000] [id=18056]
  0x000001d432599da0 ConcurrentGCThread "G1 Refine#5" [stack: 0x0000000a65200000,0x0000000a65300000] [id=9164]
  0x000001d43259a0e0 ConcurrentGCThread "G1 Refine#6" [stack: 0x0000000a65300000,0x0000000a65400000] [id=8412]
  0x000001d42fc50c00 ConcurrentGCThread "G1 Refine#7" [stack: 0x0000000a65400000,0x0000000a65500000] [id=23684]
  0x000001d430629b00 ConcurrentGCThread "G1 Refine#8" [stack: 0x0000000a65500000,0x0000000a65600000] [id=21500]
  0x000001d43d16d180 ConcurrentGCThread "G1 Refine#9" [stack: 0x0000000a65800000,0x0000000a65900000] [id=25564]
  0x000001d47e876c90 ConcurrentGCThread "G1 Service" [stack: 0x0000000a55f00000,0x0000000a56000000] [id=10288]

Threads with active compile tasks:
C2 CompilerThread0  13660867 70559       4       com.android.tools.r8.internal.EE::<init> (39 bytes)
C2 CompilerThread1  13660867 70849 %     4       com.android.tools.r8.ir.optimize.W::a @ 55 (1448 bytes)

VM state: at safepoint (normal execution)

VM Mutex/Monitor currently owned by a thread:  ([mutex/lock_event])
[0x000001d469173e90] Threads_lock - owner thread: 0x000001d47e9c4e50
[0x000001d4691743a0] Heap_lock - owner thread: 0x000001d43d432470

Heap address: 0x0000000600000000, size: 8192 MB, Compressed Oops mode: Zero based, Oop shift amount: 3

CDS archive(s) mapped at: [0x0000000800000000-0x0000000800c40000-0x0000000800c40000), size 12845056, SharedBaseAddress: 0x0000000800000000, ArchiveRelocationMode: 0.
Compressed class space mapped at: 0x0000000801000000-0x0000000841000000, reserved size: 1073741824
Narrow klass base: 0x0000000800000000, Narrow klass shift: 0, Narrow klass range: 0x100000000

GC Precious Log:
 CardTable entry size: 512
 Card Set container configuration: InlinePtr #cards 4 size 8 Array Of Cards #cards 32 size 80 Howl #buckets 8 coarsen threshold 7372 Howl Bitmap #cards 1024 size 144 coarsen threshold 921 Card regions per heap region 1 cards per card region 8192
 CPUs: 12 total, 12 available
 Memory: 7521M
 Large Page Support: Disabled
 NUMA Support: Disabled
 Compressed Oops: Enabled (Zero based)
 Heap Region Size: 4M
 Heap Min Capacity: 8M
 Heap Initial Capacity: 120M
 Heap Max Capacity: 8G
 Pre-touch: Disabled
 Parallel Workers: 10
 Concurrent Workers: 3
 Concurrent Refinement Workers: 10
 Periodic GC: Disabled

Heap:
 garbage-first heap   total 4042752K, used 576639K [0x0000000600000000, 0x0000000800000000)
  region size 4096K, 2 young (8192K), 2 survivors (8192K)
 Metaspace       used 370589K, committed 373120K, reserved 1441792K
  class space    used 44981K, committed 46272K, reserved 1048576K

Heap Regions: E=young(eden), S=young(survivor), O=old, HS=humongous(starts), HC=humongous(continues), CS=collection set, F=free, OA=open archive, CA=closed archive, TAMS=top-at-mark-start (previous, next)
|   0|0x0000000600000000, 0x0000000600400000, 0x0000000600400000|100%|HS|  |TAMS 0x0000000600400000, 0x0000000600000000| Complete 
|   1|0x0000000600400000, 0x00000006007ffff8, 0x0000000600800000| 99%| O|  |TAMS 0x00000006007ffff8, 0x0000000600400000| Untracked 
|   2|0x0000000600800000, 0x0000000600c00000, 0x0000000600c00000|100%| O|  |TAMS 0x0000000600c00000, 0x0000000600800000| Untracked 
|   3|0x0000000600c00000, 0x0000000601000000, 0x0000000601000000|100%| O|  |TAMS 0x0000000601000000, 0x0000000600c00000| Untracked 
|   4|0x0000000601000000, 0x00000006013fffd0, 0x0000000601400000| 99%| O|  |TAMS 0x00000006013fffd0, 0x0000000601000000| Untracked 
|   5|0x0000000601400000, 0x0000000601800000, 0x0000000601800000|100%| O|  |TAMS 0x0000000601800000, 0x0000000601400000| Untracked 
|   6|0x0000000601800000, 0x0000000601be2290, 0x0000000601c00000| 97%| O|  |TAMS 0x0000000601be2290, 0x0000000601800000| Updating 
|   7|0x0000000601c00000, 0x0000000601fd7a08, 0x0000000602000000| 96%| O|  |TAMS 0x0000000601fd7a08, 0x0000000601c00000| Updating 
|   8|0x0000000602000000, 0x00000006023fee20, 0x0000000602400000| 99%| O|  |TAMS 0x00000006023fee20, 0x0000000602000000| Updating 
|   9|0x0000000602400000, 0x0000000602800000, 0x0000000602800000|100%|HS|  |TAMS 0x0000000602800000, 0x0000000602400000| Complete 
|  10|0x0000000602800000, 0x0000000602c00000, 0x0000000602c00000|100%|HS|  |TAMS 0x0000000602c00000, 0x0000000602800000| Complete 
|  11|0x0000000602c00000, 0x0000000602fa3798, 0x0000000603000000| 90%| O|  |TAMS 0x0000000602fa3798, 0x0000000602c00000| Updating 
|  12|0x0000000603000000, 0x00000006033fffb0, 0x0000000603400000| 99%| O|  |TAMS 0x00000006033fffb0, 0x0000000603000000| Untracked 
|  13|0x0000000603400000, 0x0000000603800000, 0x0000000603800000|100%| O|  |TAMS 0x0000000603400000, 0x0000000603400000| Untracked 
|  14|0x0000000603800000, 0x0000000603bffff8, 0x0000000603c00000| 99%| O|  |TAMS 0x0000000603bffff8, 0x0000000603800000| Untracked 
|  15|0x0000000603c00000, 0x0000000603ffeb30, 0x0000000604000000| 99%| O|  |TAMS 0x0000000603ffeb30, 0x0000000603c00000| Untracked 
|  16|0x0000000604000000, 0x00000006043ffff8, 0x0000000604400000| 99%| O|  |TAMS 0x00000006043ffff8, 0x0000000604000000| Updating 
|  17|0x0000000604400000, 0x00000006047bad68, 0x0000000604800000| 93%| O|  |TAMS 0x00000006047bad68, 0x0000000604400000| Untracked 
|  18|0x0000000604800000, 0x0000000604bf4490, 0x0000000604c00000| 98%| O|  |TAMS 0x0000000604bf4490, 0x0000000604800000| Untracked 
|  19|0x0000000604c00000, 0x0000000604fffff0, 0x0000000605000000| 99%| O|  |TAMS 0x0000000604fffff0, 0x0000000604c00000| Untracked 
|  20|0x0000000605000000, 0x00000006053f87d8, 0x0000000605400000| 99%| O|  |TAMS 0x00000006053f87d8, 0x0000000605000000| Untracked 
|  21|0x0000000605400000, 0x0000000605762cd0, 0x0000000605800000| 84%| O|  |TAMS 0x0000000605762cd0, 0x0000000605400000| Updating 
|  22|0x0000000605800000, 0x0000000605bfffd8, 0x0000000605c00000| 99%| O|  |TAMS 0x0000000605bfffd8, 0x0000000605800000| Updating 
|  23|0x0000000605c00000, 0x0000000605f7c6e8, 0x0000000606000000| 87%| O|  |TAMS 0x0000000605f7c6e8, 0x0000000605c00000| Updating 
|  24|0x0000000606000000, 0x00000006063ffff0, 0x0000000606400000| 99%| O|  |TAMS 0x00000006063ffff0, 0x0000000606000000| Untracked 
|  25|0x0000000606400000, 0x00000006067ffff8, 0x0000000606800000| 99%| O|  |TAMS 0x00000006067ffff8, 0x0000000606400000| Untracked 
|  26|0x0000000606800000, 0x0000000606c00000, 0x0000000606c00000|100%| O|  |TAMS 0x0000000606c00000, 0x0000000606800000| Updating 
|  27|0x0000000606c00000, 0x0000000606fffff8, 0x0000000607000000| 99%| O|  |TAMS 0x0000000606fffff8, 0x0000000606c00000| Updating 
|  28|0x0000000607000000, 0x0000000607400000, 0x0000000607400000|100%| O|  |TAMS 0x0000000607400000, 0x0000000607000000| Untracked 
|  29|0x0000000607400000, 0x0000000607800000, 0x0000000607800000|100%|HS|  |TAMS 0x0000000607800000, 0x0000000607400000| Complete 
|  30|0x0000000607800000, 0x0000000607bffff0, 0x0000000607c00000| 99%| O|  |TAMS 0x0000000607bffff0, 0x0000000607800000| Untracked 
|  31|0x0000000607c00000, 0x0000000608000000, 0x0000000608000000|100%| O|  |TAMS 0x0000000608000000, 0x0000000607c00000| Untracked 
|  32|0x0000000608000000, 0x0000000608400000, 0x0000000608400000|100%| O|  |TAMS 0x0000000608400000, 0x0000000608000000| Untracked 
|  33|0x0000000608400000, 0x00000006087ffff0, 0x0000000608800000| 99%| O|  |TAMS 0x00000006087ffff0, 0x0000000608400000| Untracked 
|  34|0x0000000608800000, 0x0000000608c00000, 0x0000000608c00000|100%| O|  |TAMS 0x0000000608c00000, 0x0000000608800000| Updating 
|  35|0x0000000608c00000, 0x0000000608fffff8, 0x0000000609000000| 99%| O|  |TAMS 0x0000000608fffff8, 0x0000000608c00000| Untracked 
|  36|0x0000000609000000, 0x0000000609400000, 0x0000000609400000|100%| O|  |TAMS 0x0000000609400000, 0x0000000609000000| Updating 
|  37|0x0000000609400000, 0x00000006097ffff8, 0x0000000609800000| 99%| O|  |TAMS 0x00000006097ffff8, 0x0000000609400000| Untracked 
|  38|0x0000000609800000, 0x0000000609c00000, 0x0000000609c00000|100%| O|  |TAMS 0x0000000609c00000, 0x0000000609800000| Untracked 
|  39|0x0000000609c00000, 0x000000060a000000, 0x000000060a000000|100%| O|  |TAMS 0x000000060a000000, 0x0000000609c00000| Updating 
|  40|0x000000060a000000, 0x000000060a400000, 0x000000060a400000|100%|HS|  |TAMS 0x000000060a400000, 0x000000060a000000| Complete 
|  41|0x000000060a400000, 0x000000060a800000, 0x000000060a800000|100%| O|  |TAMS 0x000000060a800000, 0x000000060a400000| Untracked 
|  42|0x000000060a800000, 0x000000060ac00000, 0x000000060ac00000|100%|HS|  |TAMS 0x000000060ac00000, 0x000000060a800000| Complete 
|  43|0x000000060ac00000, 0x000000060b000000, 0x000000060b000000|100%| O|  |TAMS 0x000000060b000000, 0x000000060ac00000| Untracked 
|  44|0x000000060b000000, 0x000000060b36a0a0, 0x000000060b400000| 85%| O|  |TAMS 0x000000060b36a0a0, 0x000000060b000000| Updating 
|  45|0x000000060b400000, 0x000000060b800000, 0x000000060b800000|100%| O|  |TAMS 0x000000060b800000, 0x000000060b400000| Updating 
|  46|0x000000060b800000, 0x000000060bc00000, 0x000000060bc00000|100%| O|  |TAMS 0x000000060bc00000, 0x000000060b800000| Updating 
|  47|0x000000060bc00000, 0x000000060c000000, 0x000000060c000000|100%| O|  |TAMS 0x000000060c000000, 0x000000060bc00000| Untracked 
|  48|0x000000060c000000, 0x000000060c400000, 0x000000060c400000|100%| O|  |TAMS 0x000000060c400000, 0x000000060c000000| Updating 
|  49|0x000000060c400000, 0x000000060c800000, 0x000000060c800000|100%| O|  |TAMS 0x000000060c800000, 0x000000060c400000| Untracked 
|  50|0x000000060c800000, 0x000000060cc00000, 0x000000060cc00000|100%| O|  |TAMS 0x000000060cc00000, 0x000000060c800000| Untracked 
|  51|0x000000060cc00000, 0x000000060d000000, 0x000000060d000000|100%| O|  |TAMS 0x000000060d000000, 0x000000060cc00000| Untracked 
|  52|0x000000060d000000, 0x000000060d400000, 0x000000060d400000|100%| O|  |TAMS 0x000000060d400000, 0x000000060d000000| Untracked 
|  53|0x000000060d400000, 0x000000060d800000, 0x000000060d800000|100%| O|  |TAMS 0x000000060d800000, 0x000000060d400000| Updating 
|  54|0x000000060d800000, 0x000000060dc00000, 0x000000060dc00000|100%| O|  |TAMS 0x000000060dc00000, 0x000000060d800000| Updating 
|  55|0x000000060dc00000, 0x000000060e000000, 0x000000060e000000|100%| O|  |TAMS 0x000000060e000000, 0x000000060dc00000| Untracked 
|  56|0x000000060e000000, 0x000000060e2fdc00, 0x000000060e400000| 74%| O|  |TAMS 0x000000060e2fdc00, 0x000000060e000000| Updating 
|  57|0x000000060e400000, 0x000000060e800000, 0x000000060e800000|100%| O|  |TAMS 0x000000060e800000, 0x000000060e400000| Updating 
|  58|0x000000060e800000, 0x000000060ec00000, 0x000000060ec00000|100%|HS|  |TAMS 0x000000060ec00000, 0x000000060e800000| Complete 
|  59|0x000000060ec00000, 0x000000060f000000, 0x000000060f000000|100%| O|  |TAMS 0x000000060f000000, 0x000000060ec00000| Untracked 
|  60|0x000000060f000000, 0x000000060f400000, 0x000000060f400000|100%| O|  |TAMS 0x000000060f400000, 0x000000060f000000| Updating 
|  61|0x000000060f400000, 0x000000060f800000, 0x000000060f800000|100%| O|  |TAMS 0x000000060f800000, 0x000000060f400000| Updating 
|  62|0x000000060f800000, 0x000000060fc00000, 0x000000060fc00000|100%| O|  |TAMS 0x000000060fc00000, 0x000000060f800000| Updating 
|  63|0x000000060fc00000, 0x0000000610000000, 0x0000000610000000|100%| O|  |TAMS 0x0000000610000000, 0x000000060fc00000| Updating 
|  64|0x0000000610000000, 0x0000000610400000, 0x0000000610400000|100%| O|  |TAMS 0x0000000610400000, 0x0000000610000000| Updating 
|  65|0x0000000610400000, 0x0000000610800000, 0x0000000610800000|100%| O|  |TAMS 0x0000000610800000, 0x0000000610400000| Updating 
|  66|0x0000000610800000, 0x0000000610c00000, 0x0000000610c00000|100%| O|  |TAMS 0x0000000610c00000, 0x0000000610800000| Updating 
|  67|0x0000000610c00000, 0x0000000611000000, 0x0000000611000000|100%| O|  |TAMS 0x0000000611000000, 0x0000000610c00000| Updating 
|  68|0x0000000611000000, 0x0000000611400000, 0x0000000611400000|100%| O|  |TAMS 0x0000000611400000, 0x0000000611000000| Updating 
|  69|0x0000000611400000, 0x0000000611800000, 0x0000000611800000|100%| O|  |TAMS 0x0000000611800000, 0x0000000611400000| Updating 
|  70|0x0000000611800000, 0x0000000611c00000, 0x0000000611c00000|100%| O|  |TAMS 0x0000000611c00000, 0x0000000611800000| Updating 
|  71|0x0000000611c00000, 0x0000000612000000, 0x0000000612000000|100%| O|  |TAMS 0x0000000611c00000, 0x0000000611c00000| Untracked 
|  72|0x0000000612000000, 0x00000006120fd000, 0x0000000612400000| 24%| O|  |TAMS 0x0000000612000000, 0x0000000612000000| Untracked 
|  73|0x0000000612400000, 0x0000000612800000, 0x0000000612800000|100%| O|  |TAMS 0x0000000612800000, 0x0000000612400000| Updating 
|  74|0x0000000612800000, 0x0000000612c00000, 0x0000000612c00000|100%| O|  |TAMS 0x0000000612c00000, 0x0000000612800000| Updating 
|  75|0x0000000612c00000, 0x0000000613000000, 0x0000000613000000|100%| O|  |TAMS 0x0000000613000000, 0x0000000612c00000| Updating 
|  76|0x0000000613000000, 0x0000000613400000, 0x0000000613400000|100%| O|  |TAMS 0x0000000613400000, 0x0000000613000000| Updating 
|  77|0x0000000613400000, 0x0000000613800000, 0x0000000613800000|100%| O|  |TAMS 0x0000000613800000, 0x0000000613400000| Updating 
|  78|0x0000000613800000, 0x0000000613c00000, 0x0000000613c00000|100%| O|  |TAMS 0x0000000613c00000, 0x0000000613800000| Updating 
|  79|0x0000000613c00000, 0x0000000614000000, 0x0000000614000000|100%| O|  |TAMS 0x0000000614000000, 0x0000000613c00000| Updating 
|  80|0x0000000614000000, 0x0000000614400000, 0x0000000614400000|100%| O|  |TAMS 0x0000000614400000, 0x0000000614000000| Updating 
|  81|0x0000000614400000, 0x0000000614800000, 0x0000000614800000|100%| O|  |TAMS 0x0000000614800000, 0x0000000614400000| Updating 
|  82|0x0000000614800000, 0x0000000614c00000, 0x0000000614c00000|100%| O|  |TAMS 0x0000000614c00000, 0x0000000614800000| Updating 
|  83|0x0000000614c00000, 0x0000000614c00000, 0x0000000615000000|  0%| F|  |TAMS 0x0000000614c00000, 0x0000000614c00000| Untracked 
|  84|0x0000000615000000, 0x0000000615400000, 0x0000000615400000|100%| O|  |TAMS 0x0000000615400000, 0x0000000615000000| Updating 
|  85|0x0000000615400000, 0x0000000615800000, 0x0000000615800000|100%| O|  |TAMS 0x0000000615800000, 0x0000000615400000| Updating 
|  86|0x0000000615800000, 0x0000000615c00000, 0x0000000615c00000|100%| O|  |TAMS 0x0000000615c00000, 0x0000000615800000| Updating 
|  87|0x0000000615c00000, 0x0000000616000000, 0x0000000616000000|100%| O|  |TAMS 0x0000000616000000, 0x0000000615c00000| Updating 
|  88|0x0000000616000000, 0x0000000616400000, 0x0000000616400000|100%| O|  |TAMS 0x0000000616400000, 0x0000000616000000| Updating 
|  89|0x0000000616400000, 0x0000000616800000, 0x0000000616800000|100%| O|  |TAMS 0x0000000616800000, 0x0000000616400000| Updating 
|  90|0x0000000616800000, 0x0000000616c00000, 0x0000000616c00000|100%| O|  |TAMS 0x0000000616c00000, 0x0000000616800000| Updating 
|  91|0x0000000616c00000, 0x0000000617000000, 0x0000000617000000|100%| O|  |TAMS 0x0000000617000000, 0x0000000616c00000| Updating 
|  92|0x0000000617000000, 0x0000000617400000, 0x0000000617400000|100%| O|  |TAMS 0x0000000617400000, 0x0000000617000000| Updating 
|  93|0x0000000617400000, 0x0000000617800000, 0x0000000617800000|100%| O|  |TAMS 0x0000000617800000, 0x0000000617400000| Untracked 
|  94|0x0000000617800000, 0x0000000617800000, 0x0000000617c00000|  0%| F|  |TAMS 0x0000000617800000, 0x0000000617800000| Untracked 
|  95|0x0000000617c00000, 0x0000000618000000, 0x0000000618000000|100%| O|  |TAMS 0x0000000618000000, 0x0000000617c00000| Updating 
|  96|0x0000000618000000, 0x0000000618400000, 0x0000000618400000|100%| O|  |TAMS 0x0000000618400000, 0x0000000618000000| Updating 
|  97|0x0000000618400000, 0x0000000618800000, 0x0000000618800000|100%| O|  |TAMS 0x0000000618800000, 0x0000000618400000| Updating 
|  98|0x0000000618800000, 0x0000000618c00000, 0x0000000618c00000|100%| O|  |TAMS 0x0000000618c00000, 0x0000000618800000| Updating 
|  99|0x0000000618c00000, 0x0000000619000000, 0x0000000619000000|100%| O|  |TAMS 0x0000000619000000, 0x0000000618c00000| Updating 
| 100|0x0000000619000000, 0x0000000619292200, 0x0000000619400000| 64%| O|  |TAMS 0x0000000619292200, 0x0000000619000000| Updating 
| 101|0x0000000619400000, 0x0000000619800000, 0x0000000619800000|100%| O|  |TAMS 0x0000000619800000, 0x0000000619400000| Untracked 
| 102|0x0000000619800000, 0x0000000619c00000, 0x0000000619c00000|100%| O|  |TAMS 0x0000000619c00000, 0x0000000619800000| Untracked 
| 103|0x0000000619c00000, 0x000000061a000000, 0x000000061a000000|100%| O|  |TAMS 0x000000061a000000, 0x0000000619c00000| Untracked 
| 104|0x000000061a000000, 0x000000061a400000, 0x000000061a400000|100%| O|  |TAMS 0x000000061a400000, 0x000000061a000000| Updating 
| 105|0x000000061a400000, 0x000000061a800000, 0x000000061a800000|100%| O|  |TAMS 0x000000061a800000, 0x000000061a400000| Updating 
| 106|0x000000061a800000, 0x000000061ac00000, 0x000000061ac00000|100%| O|  |TAMS 0x000000061ac00000, 0x000000061a800000| Updating 
| 107|0x000000061ac00000, 0x000000061b000000, 0x000000061b000000|100%| O|  |TAMS 0x000000061b000000, 0x000000061ac00000| Updating 
| 108|0x000000061b000000, 0x000000061b400000, 0x000000061b400000|100%| O|  |TAMS 0x000000061b400000, 0x000000061b000000| Untracked 
| 109|0x000000061b400000, 0x000000061b800000, 0x000000061b800000|100%| O|  |TAMS 0x000000061b800000, 0x000000061b400000| Updating 
| 110|0x000000061b800000, 0x000000061bc00000, 0x000000061bc00000|100%| O|  |TAMS 0x000000061bc00000, 0x000000061b800000| Untracked 
| 111|0x000000061bc00000, 0x000000061c000000, 0x000000061c000000|100%| O|  |TAMS 0x000000061c000000, 0x000000061bc00000| Untracked 
| 112|0x000000061c000000, 0x000000061c400000, 0x000000061c400000|100%| O|  |TAMS 0x000000061c400000, 0x000000061c000000| Updating 
| 113|0x000000061c400000, 0x000000061c800000, 0x000000061c800000|100%| O|  |TAMS 0x000000061c800000, 0x000000061c400000| Updating 
| 114|0x000000061c800000, 0x000000061cc00000, 0x000000061cc00000|100%| O|  |TAMS 0x000000061cc00000, 0x000000061c800000| Updating 
| 115|0x000000061cc00000, 0x000000061d000000, 0x000000061d000000|100%| O|  |TAMS 0x000000061d000000, 0x000000061cc00000| Updating 
| 116|0x000000061d000000, 0x000000061d400000, 0x000000061d400000|100%| O|  |TAMS 0x000000061d400000, 0x000000061d000000| Untracked 
| 117|0x000000061d400000, 0x000000061d800000, 0x000000061d800000|100%| O|  |TAMS 0x000000061d791200, 0x000000061d400000| Untracked 
| 118|0x000000061d800000, 0x000000061d800000, 0x000000061dc00000|  0%| F|  |TAMS 0x000000061d800000, 0x000000061d800000| Untracked 
| 119|0x000000061dc00000, 0x000000061dc00000, 0x000000061e000000|  0%| F|  |TAMS 0x000000061dc00000, 0x000000061dc00000| Untracked 
| 120|0x000000061e000000, 0x000000061e400000, 0x000000061e400000|100%| O|  |TAMS 0x000000061e400000, 0x000000061e000000| Untracked 
| 121|0x000000061e400000, 0x000000061e800000, 0x000000061e800000|100%| O|  |TAMS 0x000000061e800000, 0x000000061e400000| Untracked 
| 122|0x000000061e800000, 0x000000061ec00000, 0x000000061ec00000|100%| O|  |TAMS 0x000000061ec00000, 0x000000061e800000| Untracked 
| 123|0x000000061ec00000, 0x000000061f000000, 0x000000061f000000|100%| O|  |TAMS 0x000000061f000000, 0x000000061ec00000| Updating 
| 124|0x000000061f000000, 0x000000061f000000, 0x000000061f400000|  0%| F|  |TAMS 0x000000061f000000, 0x000000061f000000| Untracked 
| 125|0x000000061f400000, 0x000000061f400000, 0x000000061f800000|  0%| F|  |TAMS 0x000000061f400000, 0x000000061f400000| Untracked 
| 126|0x000000061f800000, 0x000000061f800000, 0x000000061fc00000|  0%| F|  |TAMS 0x000000061f800000, 0x000000061f800000| Untracked 
| 127|0x000000061fc00000, 0x0000000620000000, 0x0000000620000000|100%| O|  |TAMS 0x0000000620000000, 0x000000061fc00000| Untracked 
| 128|0x0000000620000000, 0x0000000620400000, 0x0000000620400000|100%| O|  |TAMS 0x0000000620400000, 0x0000000620000000| Untracked 
| 129|0x0000000620400000, 0x0000000620800000, 0x0000000620800000|100%| O|  |TAMS 0x0000000620800000, 0x0000000620400000| Untracked 
| 130|0x0000000620800000, 0x0000000620c00000, 0x0000000620c00000|100%| O|  |TAMS 0x0000000620c00000, 0x0000000620800000| Updating 
| 131|0x0000000620c00000, 0x0000000620c00000, 0x0000000621000000|  0%| F|  |TAMS 0x0000000620c00000, 0x0000000620c00000| Untracked 
| 132|0x0000000621000000, 0x0000000621400000, 0x0000000621400000|100%| O|  |TAMS 0x0000000621400000, 0x0000000621000000| Updating 
| 133|0x0000000621400000, 0x0000000621800000, 0x0000000621800000|100%| O|  |TAMS 0x0000000621800000, 0x0000000621400000| Updating 
| 134|0x0000000621800000, 0x0000000621800000, 0x0000000621c00000|  0%| F|  |TAMS 0x0000000621800000, 0x0000000621800000| Untracked 
| 135|0x0000000621c00000, 0x0000000622000000, 0x0000000622000000|100%| O|  |TAMS 0x0000000622000000, 0x0000000621c00000| Updating 
| 136|0x0000000622000000, 0x0000000622400000, 0x0000000622400000|100%| O|  |TAMS 0x0000000622400000, 0x0000000622000000| Updating 
| 137|0x0000000622400000, 0x0000000622400000, 0x0000000622800000|  0%| F|  |TAMS 0x0000000622400000, 0x0000000622400000| Untracked 
| 138|0x0000000622800000, 0x0000000622800000, 0x0000000622c00000|  0%| F|  |TAMS 0x0000000622800000, 0x0000000622800000| Untracked 
| 139|0x0000000622c00000, 0x0000000623000000, 0x0000000623000000|100%|HS|  |TAMS 0x0000000623000000, 0x0000000622c00000| Complete 
| 140|0x0000000623000000, 0x0000000623400000, 0x0000000623400000|100%|HC|  |TAMS 0x0000000623400000, 0x0000000623000000| Complete 
| 141|0x0000000623400000, 0x0000000623800000, 0x0000000623800000|100%| O|  |TAMS 0x0000000623800000, 0x0000000623400000| Updating 
| 142|0x0000000623800000, 0x0000000623c00000, 0x0000000623c00000|100%| O|  |TAMS 0x0000000623c00000, 0x0000000623800000| Updating 
| 143|0x0000000623c00000, 0x0000000624000000, 0x0000000624000000|100%| O|  |TAMS 0x0000000624000000, 0x0000000623c00000| Updating 
| 144|0x0000000624000000, 0x0000000624000000, 0x0000000624400000|  0%| F|  |TAMS 0x0000000624000000, 0x0000000624000000| Untracked 
| 145|0x0000000624400000, 0x0000000624400000, 0x0000000624800000|  0%| F|  |TAMS 0x0000000624400000, 0x0000000624400000| Untracked 
| 146|0x0000000624800000, 0x0000000624800000, 0x0000000624c00000|  0%| F|  |TAMS 0x0000000624800000, 0x0000000624800000| Untracked 
| 147|0x0000000624c00000, 0x0000000625000000, 0x0000000625000000|100%| O|  |TAMS 0x0000000625000000, 0x0000000624c00000| Updating 
| 148|0x0000000625000000, 0x0000000625400000, 0x0000000625400000|100%| O|  |TAMS 0x0000000625400000, 0x0000000625000000| Updating 
| 149|0x0000000625400000, 0x0000000625400000, 0x0000000625800000|  0%| F|  |TAMS 0x0000000625400000, 0x0000000625400000| Untracked 
| 150|0x0000000625800000, 0x0000000625800000, 0x0000000625c00000|  0%| F|  |TAMS 0x0000000625800000, 0x0000000625800000| Untracked 
| 151|0x0000000625c00000, 0x0000000625c00000, 0x0000000626000000|  0%| F|  |TAMS 0x0000000625c00000, 0x0000000625c00000| Untracked 
| 152|0x0000000626000000, 0x0000000626000000, 0x0000000626400000|  0%| F|  |TAMS 0x0000000626000000, 0x0000000626000000| Untracked 
| 153|0x0000000626400000, 0x0000000626800000, 0x0000000626800000|100%| O|  |TAMS 0x0000000626800000, 0x0000000626400000| Updating 
| 154|0x0000000626800000, 0x0000000626800000, 0x0000000626c00000|  0%| F|  |TAMS 0x0000000626800000, 0x0000000626800000| Untracked 
| 155|0x0000000626c00000, 0x0000000626c00000, 0x0000000627000000|  0%| F|  |TAMS 0x0000000626c00000, 0x0000000626c00000| Untracked 
| 156|0x0000000627000000, 0x0000000627000000, 0x0000000627400000|  0%| F|  |TAMS 0x0000000627000000, 0x0000000627000000| Untracked 
| 157|0x0000000627400000, 0x0000000627400000, 0x0000000627800000|  0%| F|  |TAMS 0x0000000627400000, 0x0000000627400000| Untracked 
| 158|0x0000000627800000, 0x0000000627800000, 0x0000000627c00000|  0%| F|  |TAMS 0x0000000627800000, 0x0000000627800000| Untracked 
| 159|0x0000000627c00000, 0x0000000627c00000, 0x0000000628000000|  0%| F|  |TAMS 0x0000000627c00000, 0x0000000627c00000| Untracked 
| 160|0x0000000628000000, 0x0000000628400000, 0x0000000628400000|100%| O|  |TAMS 0x0000000628400000, 0x0000000628000000| Updating 
| 161|0x0000000628400000, 0x0000000628800000, 0x0000000628800000|100%| O|  |TAMS 0x0000000628800000, 0x0000000628400000| Updating 
| 162|0x0000000628800000, 0x0000000628c00000, 0x0000000628c00000|100%| O|  |TAMS 0x0000000628c00000, 0x0000000628800000| Untracked 
| 163|0x0000000628c00000, 0x0000000629000000, 0x0000000629000000|100%| O|  |TAMS 0x0000000629000000, 0x0000000628c00000| Updating 
| 164|0x0000000629000000, 0x0000000629400000, 0x0000000629400000|100%| O|  |TAMS 0x0000000629400000, 0x0000000629000000| Updating 
| 165|0x0000000629400000, 0x0000000629400000, 0x0000000629800000|  0%| F|  |TAMS 0x0000000629400000, 0x0000000629400000| Untracked 
| 166|0x0000000629800000, 0x0000000629800000, 0x0000000629c00000|  0%| F|  |TAMS 0x0000000629800000, 0x0000000629800000| Untracked 
| 167|0x0000000629c00000, 0x0000000629c00000, 0x000000062a000000|  0%| F|  |TAMS 0x0000000629c00000, 0x0000000629c00000| Untracked 
| 168|0x000000062a000000, 0x000000062a000000, 0x000000062a400000|  0%| F|  |TAMS 0x000000062a000000, 0x000000062a000000| Untracked 
| 169|0x000000062a400000, 0x000000062a400000, 0x000000062a800000|  0%| F|  |TAMS 0x000000062a400000, 0x000000062a400000| Untracked 
| 170|0x000000062a800000, 0x000000062a800000, 0x000000062ac00000|  0%| F|  |TAMS 0x000000062a800000, 0x000000062a800000| Untracked 
| 171|0x000000062ac00000, 0x000000062ac00000, 0x000000062b000000|  0%| F|  |TAMS 0x000000062ac00000, 0x000000062ac00000| Untracked 
| 172|0x000000062b000000, 0x000000062b000000, 0x000000062b400000|  0%| F|  |TAMS 0x000000062b000000, 0x000000062b000000| Untracked 
| 173|0x000000062b400000, 0x000000062b400000, 0x000000062b800000|  0%| F|  |TAMS 0x000000062b400000, 0x000000062b400000| Untracked 
| 174|0x000000062b800000, 0x000000062b800000, 0x000000062bc00000|  0%| F|  |TAMS 0x000000062b800000, 0x000000062b800000| Untracked 
| 175|0x000000062bc00000, 0x000000062bc00000, 0x000000062c000000|  0%| F|  |TAMS 0x000000062bc00000, 0x000000062bc00000| Untracked 
| 176|0x000000062c000000, 0x000000062c000000, 0x000000062c400000|  0%| F|  |TAMS 0x000000062c000000, 0x000000062c000000| Untracked 
| 177|0x000000062c400000, 0x000000062c400000, 0x000000062c800000|  0%| F|  |TAMS 0x000000062c400000, 0x000000062c400000| Untracked 
| 178|0x000000062c800000, 0x000000062c800000, 0x000000062cc00000|  0%| F|  |TAMS 0x000000062c800000, 0x000000062c800000| Untracked 
| 179|0x000000062cc00000, 0x000000062cc00000, 0x000000062d000000|  0%| F|  |TAMS 0x000000062cc00000, 0x000000062cc00000| Untracked 
| 180|0x000000062d000000, 0x000000062d000000, 0x000000062d400000|  0%| F|  |TAMS 0x000000062d000000, 0x000000062d000000| Untracked 
| 181|0x000000062d400000, 0x000000062d400000, 0x000000062d800000|  0%| F|  |TAMS 0x000000062d400000, 0x000000062d400000| Untracked 
| 182|0x000000062d800000, 0x000000062d800000, 0x000000062dc00000|  0%| F|  |TAMS 0x000000062d800000, 0x000000062d800000| Untracked 
| 183|0x000000062dc00000, 0x000000062dc00000, 0x000000062e000000|  0%| F|  |TAMS 0x000000062dc00000, 0x000000062dc00000| Untracked 
| 184|0x000000062e000000, 0x000000062e000000, 0x000000062e400000|  0%| F|  |TAMS 0x000000062e000000, 0x000000062e000000| Untracked 
| 185|0x000000062e400000, 0x000000062e400000, 0x000000062e800000|  0%| F|  |TAMS 0x000000062e400000, 0x000000062e400000| Untracked 
| 186|0x000000062e800000, 0x000000062e800000, 0x000000062ec00000|  0%| F|  |TAMS 0x000000062e800000, 0x000000062e800000| Untracked 
| 187|0x000000062ec00000, 0x000000062ec00000, 0x000000062f000000|  0%| F|  |TAMS 0x000000062ec00000, 0x000000062ec00000| Untracked 
| 188|0x000000062f000000, 0x000000062f000000, 0x000000062f400000|  0%| F|  |TAMS 0x000000062f000000, 0x000000062f000000| Untracked 
| 189|0x000000062f400000, 0x000000062f400000, 0x000000062f800000|  0%| F|  |TAMS 0x000000062f400000, 0x000000062f400000| Untracked 
| 190|0x000000062f800000, 0x000000062f800000, 0x000000062fc00000|  0%| F|  |TAMS 0x000000062f800000, 0x000000062f800000| Untracked 
| 191|0x000000062fc00000, 0x000000062fc00000, 0x0000000630000000|  0%| F|  |TAMS 0x000000062fc00000, 0x000000062fc00000| Untracked 
| 192|0x0000000630000000, 0x0000000630000000, 0x0000000630400000|  0%| F|  |TAMS 0x0000000630000000, 0x0000000630000000| Untracked 
| 193|0x0000000630400000, 0x0000000630400000, 0x0000000630800000|  0%| F|  |TAMS 0x0000000630400000, 0x0000000630400000| Untracked 
| 194|0x0000000630800000, 0x0000000630800000, 0x0000000630c00000|  0%| F|  |TAMS 0x0000000630800000, 0x0000000630800000| Untracked 
| 195|0x0000000630c00000, 0x0000000630c00000, 0x0000000631000000|  0%| F|  |TAMS 0x0000000630c00000, 0x0000000630c00000| Untracked 
| 196|0x0000000631000000, 0x0000000631000000, 0x0000000631400000|  0%| F|  |TAMS 0x0000000631000000, 0x0000000631000000| Untracked 
| 197|0x0000000631400000, 0x0000000631400000, 0x0000000631800000|  0%| F|  |TAMS 0x0000000631400000, 0x0000000631400000| Untracked 
| 198|0x0000000631800000, 0x0000000631800000, 0x0000000631c00000|  0%| F|  |TAMS 0x0000000631800000, 0x0000000631800000| Untracked 
| 199|0x0000000631c00000, 0x0000000631c00000, 0x0000000632000000|  0%| F|  |TAMS 0x0000000631c00000, 0x0000000631c00000| Untracked 
| 200|0x0000000632000000, 0x0000000632000000, 0x0000000632400000|  0%| F|  |TAMS 0x0000000632000000, 0x0000000632000000| Untracked 
| 201|0x0000000632400000, 0x0000000632400000, 0x0000000632800000|  0%| F|  |TAMS 0x0000000632400000, 0x0000000632400000| Untracked 
| 202|0x0000000632800000, 0x0000000632800000, 0x0000000632c00000|  0%| F|  |TAMS 0x0000000632800000, 0x0000000632800000| Untracked 
| 203|0x0000000632c00000, 0x0000000632c00000, 0x0000000633000000|  0%| F|  |TAMS 0x0000000632c00000, 0x0000000632c00000| Untracked 
| 204|0x0000000633000000, 0x0000000633000000, 0x0000000633400000|  0%| F|  |TAMS 0x0000000633000000, 0x0000000633000000| Untracked 
| 205|0x0000000633400000, 0x0000000633400000, 0x0000000633800000|  0%| F|  |TAMS 0x0000000633400000, 0x0000000633400000| Untracked 
| 206|0x0000000633800000, 0x0000000633800000, 0x0000000633c00000|  0%| F|  |TAMS 0x0000000633800000, 0x0000000633800000| Untracked 
| 207|0x0000000633c00000, 0x0000000633c00000, 0x0000000634000000|  0%| F|  |TAMS 0x0000000633c00000, 0x0000000633c00000| Untracked 
| 208|0x0000000634000000, 0x0000000634000000, 0x0000000634400000|  0%| F|  |TAMS 0x0000000634000000, 0x0000000634000000| Untracked 
| 209|0x0000000634400000, 0x0000000634400000, 0x0000000634800000|  0%| F|  |TAMS 0x0000000634400000, 0x0000000634400000| Untracked 
| 210|0x0000000634800000, 0x0000000634800000, 0x0000000634c00000|  0%| F|  |TAMS 0x0000000634800000, 0x0000000634800000| Untracked 
| 211|0x0000000634c00000, 0x0000000634c00000, 0x0000000635000000|  0%| F|  |TAMS 0x0000000634c00000, 0x0000000634c00000| Untracked 
| 212|0x0000000635000000, 0x0000000635000000, 0x0000000635400000|  0%| F|  |TAMS 0x0000000635000000, 0x0000000635000000| Untracked 
| 213|0x0000000635400000, 0x0000000635400000, 0x0000000635800000|  0%| F|  |TAMS 0x0000000635400000, 0x0000000635400000| Untracked 
| 214|0x0000000635800000, 0x0000000635800000, 0x0000000635c00000|  0%| F|  |TAMS 0x0000000635800000, 0x0000000635800000| Untracked 
| 215|0x0000000635c00000, 0x0000000635c00000, 0x0000000636000000|  0%| F|  |TAMS 0x0000000635c00000, 0x0000000635c00000| Untracked 
| 216|0x0000000636000000, 0x0000000636000000, 0x0000000636400000|  0%| F|  |TAMS 0x0000000636000000, 0x0000000636000000| Untracked 
| 217|0x0000000636400000, 0x0000000636400000, 0x0000000636800000|  0%| F|  |TAMS 0x0000000636400000, 0x0000000636400000| Untracked 
| 218|0x0000000636800000, 0x0000000636800000, 0x0000000636c00000|  0%| F|  |TAMS 0x0000000636800000, 0x0000000636800000| Untracked 
| 219|0x0000000636c00000, 0x0000000636c00000, 0x0000000637000000|  0%| F|  |TAMS 0x0000000636c00000, 0x0000000636c00000| Untracked 
| 220|0x0000000637000000, 0x0000000637000000, 0x0000000637400000|  0%| F|  |TAMS 0x0000000637000000, 0x0000000637000000| Untracked 
| 221|0x0000000637400000, 0x0000000637400000, 0x0000000637800000|  0%| F|  |TAMS 0x0000000637400000, 0x0000000637400000| Untracked 
| 222|0x0000000637800000, 0x0000000637800000, 0x0000000637c00000|  0%| F|  |TAMS 0x0000000637800000, 0x0000000637800000| Untracked 
| 223|0x0000000637c00000, 0x0000000637c00000, 0x0000000638000000|  0%| F|  |TAMS 0x0000000637c00000, 0x0000000637c00000| Untracked 
| 224|0x0000000638000000, 0x0000000638000000, 0x0000000638400000|  0%| F|  |TAMS 0x0000000638000000, 0x0000000638000000| Untracked 
| 225|0x0000000638400000, 0x0000000638400000, 0x0000000638800000|  0%| F|  |TAMS 0x0000000638400000, 0x0000000638400000| Untracked 
| 226|0x0000000638800000, 0x0000000638800000, 0x0000000638c00000|  0%| F|  |TAMS 0x0000000638800000, 0x0000000638800000| Untracked 
| 227|0x0000000638c00000, 0x0000000638c00000, 0x0000000639000000|  0%| F|  |TAMS 0x0000000638c00000, 0x0000000638c00000| Untracked 
| 228|0x0000000639000000, 0x0000000639000000, 0x0000000639400000|  0%| F|  |TAMS 0x0000000639000000, 0x0000000639000000| Untracked 
| 229|0x0000000639400000, 0x0000000639400000, 0x0000000639800000|  0%| F|  |TAMS 0x0000000639400000, 0x0000000639400000| Untracked 
| 230|0x0000000639800000, 0x0000000639800000, 0x0000000639c00000|  0%| F|  |TAMS 0x0000000639800000, 0x0000000639800000| Untracked 
| 231|0x0000000639c00000, 0x0000000639c00000, 0x000000063a000000|  0%| F|  |TAMS 0x0000000639c00000, 0x0000000639c00000| Untracked 
| 232|0x000000063a000000, 0x000000063a000000, 0x000000063a400000|  0%| F|  |TAMS 0x000000063a000000, 0x000000063a000000| Untracked 
| 233|0x000000063a400000, 0x000000063a400000, 0x000000063a800000|  0%| F|  |TAMS 0x000000063a400000, 0x000000063a400000| Untracked 
| 234|0x000000063a800000, 0x000000063a800000, 0x000000063ac00000|  0%| F|  |TAMS 0x000000063a800000, 0x000000063a800000| Untracked 
| 235|0x000000063ac00000, 0x000000063ac00000, 0x000000063b000000|  0%| F|  |TAMS 0x000000063ac00000, 0x000000063ac00000| Untracked 
| 236|0x000000063b000000, 0x000000063b000000, 0x000000063b400000|  0%| F|  |TAMS 0x000000063b000000, 0x000000063b000000| Untracked 
| 237|0x000000063b400000, 0x000000063b400000, 0x000000063b800000|  0%| F|  |TAMS 0x000000063b400000, 0x000000063b400000| Untracked 
| 238|0x000000063b800000, 0x000000063b800000, 0x000000063bc00000|  0%| F|  |TAMS 0x000000063b800000, 0x000000063b800000| Untracked 
| 239|0x000000063bc00000, 0x000000063bc00000, 0x000000063c000000|  0%| F|  |TAMS 0x000000063bc00000, 0x000000063bc00000| Untracked 
| 240|0x000000063c000000, 0x000000063c000000, 0x000000063c400000|  0%| F|  |TAMS 0x000000063c000000, 0x000000063c000000| Untracked 
| 241|0x000000063c400000, 0x000000063c400000, 0x000000063c800000|  0%| F|  |TAMS 0x000000063c400000, 0x000000063c400000| Untracked 
| 242|0x000000063c800000, 0x000000063c800000, 0x000000063cc00000|  0%| F|  |TAMS 0x000000063c800000, 0x000000063c800000| Untracked 
| 243|0x000000063cc00000, 0x000000063cc00000, 0x000000063d000000|  0%| F|  |TAMS 0x000000063cc00000, 0x000000063cc00000| Untracked 
| 244|0x000000063d000000, 0x000000063d000000, 0x000000063d400000|  0%| F|  |TAMS 0x000000063d000000, 0x000000063d000000| Untracked 
| 245|0x000000063d400000, 0x000000063d400000, 0x000000063d800000|  0%| F|  |TAMS 0x000000063d400000, 0x000000063d400000| Untracked 
| 246|0x000000063d800000, 0x000000063d800000, 0x000000063dc00000|  0%| F|  |TAMS 0x000000063d800000, 0x000000063d800000| Untracked 
| 247|0x000000063dc00000, 0x000000063dc00000, 0x000000063e000000|  0%| F|  |TAMS 0x000000063dc00000, 0x000000063dc00000| Untracked 
| 248|0x000000063e000000, 0x000000063e000000, 0x000000063e400000|  0%| F|  |TAMS 0x000000063e000000, 0x000000063e000000| Untracked 
| 249|0x000000063e400000, 0x000000063e400000, 0x000000063e800000|  0%| F|  |TAMS 0x000000063e400000, 0x000000063e400000| Untracked 
| 250|0x000000063e800000, 0x000000063e800000, 0x000000063ec00000|  0%| F|  |TAMS 0x000000063e800000, 0x000000063e800000| Untracked 
| 251|0x000000063ec00000, 0x000000063ec00000, 0x000000063f000000|  0%| F|  |TAMS 0x000000063ec00000, 0x000000063ec00000| Untracked 
| 252|0x000000063f000000, 0x000000063f000000, 0x000000063f400000|  0%| F|  |TAMS 0x000000063f000000, 0x000000063f000000| Untracked 
| 253|0x000000063f400000, 0x000000063f400000, 0x000000063f800000|  0%| F|  |TAMS 0x000000063f400000, 0x000000063f400000| Untracked 
| 254|0x000000063f800000, 0x000000063f800000, 0x000000063fc00000|  0%| F|  |TAMS 0x000000063f800000, 0x000000063f800000| Untracked 
| 255|0x000000063fc00000, 0x000000063fc00000, 0x0000000640000000|  0%| F|  |TAMS 0x000000063fc00000, 0x000000063fc00000| Untracked 
| 256|0x0000000640000000, 0x0000000640000000, 0x0000000640400000|  0%| F|  |TAMS 0x0000000640000000, 0x0000000640000000| Untracked 
| 257|0x0000000640400000, 0x0000000640400000, 0x0000000640800000|  0%| F|  |TAMS 0x0000000640400000, 0x0000000640400000| Untracked 
| 258|0x0000000640800000, 0x0000000640800000, 0x0000000640c00000|  0%| F|  |TAMS 0x0000000640800000, 0x0000000640800000| Untracked 
| 259|0x0000000640c00000, 0x0000000640c00000, 0x0000000641000000|  0%| F|  |TAMS 0x0000000640c00000, 0x0000000640c00000| Untracked 
| 260|0x0000000641000000, 0x0000000641000000, 0x0000000641400000|  0%| F|  |TAMS 0x0000000641000000, 0x0000000641000000| Untracked 
| 261|0x0000000641400000, 0x0000000641400000, 0x0000000641800000|  0%| F|  |TAMS 0x0000000641400000, 0x0000000641400000| Untracked 
| 262|0x0000000641800000, 0x0000000641800000, 0x0000000641c00000|  0%| F|  |TAMS 0x0000000641800000, 0x0000000641800000| Untracked 
| 263|0x0000000641c00000, 0x0000000641c00000, 0x0000000642000000|  0%| F|  |TAMS 0x0000000641c00000, 0x0000000641c00000| Untracked 
| 264|0x0000000642000000, 0x0000000642000000, 0x0000000642400000|  0%| F|  |TAMS 0x0000000642000000, 0x0000000642000000| Untracked 
| 265|0x0000000642400000, 0x0000000642400000, 0x0000000642800000|  0%| F|  |TAMS 0x0000000642400000, 0x0000000642400000| Untracked 
| 266|0x0000000642800000, 0x0000000642800000, 0x0000000642c00000|  0%| F|  |TAMS 0x0000000642800000, 0x0000000642800000| Untracked 
| 267|0x0000000642c00000, 0x0000000642c00000, 0x0000000643000000|  0%| F|  |TAMS 0x0000000642c00000, 0x0000000642c00000| Untracked 
| 268|0x0000000643000000, 0x0000000643000000, 0x0000000643400000|  0%| F|  |TAMS 0x0000000643000000, 0x0000000643000000| Untracked 
| 269|0x0000000643400000, 0x0000000643400000, 0x0000000643800000|  0%| F|  |TAMS 0x0000000643400000, 0x0000000643400000| Untracked 
| 270|0x0000000643800000, 0x0000000643800000, 0x0000000643c00000|  0%| F|  |TAMS 0x0000000643800000, 0x0000000643800000| Untracked 
| 271|0x0000000643c00000, 0x0000000643c00000, 0x0000000644000000|  0%| F|  |TAMS 0x0000000643c00000, 0x0000000643c00000| Untracked 
| 272|0x0000000644000000, 0x0000000644000000, 0x0000000644400000|  0%| F|  |TAMS 0x0000000644000000, 0x0000000644000000| Untracked 
| 273|0x0000000644400000, 0x0000000644400000, 0x0000000644800000|  0%| F|  |TAMS 0x0000000644400000, 0x0000000644400000| Untracked 
| 274|0x0000000644800000, 0x0000000644800000, 0x0000000644c00000|  0%| F|  |TAMS 0x0000000644800000, 0x0000000644800000| Untracked 
| 275|0x0000000644c00000, 0x0000000644c00000, 0x0000000645000000|  0%| F|  |TAMS 0x0000000644c00000, 0x0000000644c00000| Untracked 
| 276|0x0000000645000000, 0x0000000645000000, 0x0000000645400000|  0%| F|  |TAMS 0x0000000645000000, 0x0000000645000000| Untracked 
| 277|0x0000000645400000, 0x0000000645400000, 0x0000000645800000|  0%| F|  |TAMS 0x0000000645400000, 0x0000000645400000| Untracked 
| 278|0x0000000645800000, 0x0000000645800000, 0x0000000645c00000|  0%| F|  |TAMS 0x0000000645800000, 0x0000000645800000| Untracked 
| 279|0x0000000645c00000, 0x0000000645c00000, 0x0000000646000000|  0%| F|  |TAMS 0x0000000645c00000, 0x0000000645c00000| Untracked 
| 280|0x0000000646000000, 0x0000000646000000, 0x0000000646400000|  0%| F|  |TAMS 0x0000000646000000, 0x0000000646000000| Untracked 
| 281|0x0000000646400000, 0x0000000646400000, 0x0000000646800000|  0%| F|  |TAMS 0x0000000646400000, 0x0000000646400000| Untracked 
| 282|0x0000000646800000, 0x0000000646800000, 0x0000000646c00000|  0%| F|  |TAMS 0x0000000646800000, 0x0000000646800000| Untracked 
| 283|0x0000000646c00000, 0x0000000646c00000, 0x0000000647000000|  0%| F|  |TAMS 0x0000000646c00000, 0x0000000646c00000| Untracked 
| 284|0x0000000647000000, 0x0000000647000000, 0x0000000647400000|  0%| F|  |TAMS 0x0000000647000000, 0x0000000647000000| Untracked 
| 285|0x0000000647400000, 0x0000000647400000, 0x0000000647800000|  0%| F|  |TAMS 0x0000000647400000, 0x0000000647400000| Untracked 
| 286|0x0000000647800000, 0x0000000647800000, 0x0000000647c00000|  0%| F|  |TAMS 0x0000000647800000, 0x0000000647800000| Untracked 
| 287|0x0000000647c00000, 0x0000000647c00000, 0x0000000648000000|  0%| F|  |TAMS 0x0000000647c00000, 0x0000000647c00000| Untracked 
| 288|0x0000000648000000, 0x0000000648000000, 0x0000000648400000|  0%| F|  |TAMS 0x0000000648000000, 0x0000000648000000| Untracked 
| 289|0x0000000648400000, 0x0000000648400000, 0x0000000648800000|  0%| F|  |TAMS 0x0000000648400000, 0x0000000648400000| Untracked 
| 290|0x0000000648800000, 0x0000000648800000, 0x0000000648c00000|  0%| F|  |TAMS 0x0000000648800000, 0x0000000648800000| Untracked 
| 291|0x0000000648c00000, 0x0000000648c00000, 0x0000000649000000|  0%| F|  |TAMS 0x0000000648c00000, 0x0000000648c00000| Untracked 
| 292|0x0000000649000000, 0x0000000649000000, 0x0000000649400000|  0%| F|  |TAMS 0x0000000649000000, 0x0000000649000000| Untracked 
| 293|0x0000000649400000, 0x0000000649400000, 0x0000000649800000|  0%| F|  |TAMS 0x0000000649400000, 0x0000000649400000| Untracked 
| 294|0x0000000649800000, 0x0000000649800000, 0x0000000649c00000|  0%| F|  |TAMS 0x0000000649800000, 0x0000000649800000| Untracked 
| 295|0x0000000649c00000, 0x0000000649c00000, 0x000000064a000000|  0%| F|  |TAMS 0x0000000649c00000, 0x0000000649c00000| Untracked 
| 296|0x000000064a000000, 0x000000064a000000, 0x000000064a400000|  0%| F|  |TAMS 0x000000064a000000, 0x000000064a000000| Untracked 
| 297|0x000000064a400000, 0x000000064a400000, 0x000000064a800000|  0%| F|  |TAMS 0x000000064a400000, 0x000000064a400000| Untracked 
| 298|0x000000064a800000, 0x000000064a800000, 0x000000064ac00000|  0%| F|  |TAMS 0x000000064a800000, 0x000000064a800000| Untracked 
| 299|0x000000064ac00000, 0x000000064ac00000, 0x000000064b000000|  0%| F|  |TAMS 0x000000064ac00000, 0x000000064ac00000| Untracked 
| 300|0x000000064b000000, 0x000000064b000000, 0x000000064b400000|  0%| F|  |TAMS 0x000000064b000000, 0x000000064b000000| Untracked 
| 301|0x000000064b400000, 0x000000064b400000, 0x000000064b800000|  0%| F|  |TAMS 0x000000064b400000, 0x000000064b400000| Untracked 
| 302|0x000000064b800000, 0x000000064b800000, 0x000000064bc00000|  0%| F|  |TAMS 0x000000064b800000, 0x000000064b800000| Untracked 
| 303|0x000000064bc00000, 0x000000064bc00000, 0x000000064c000000|  0%| F|  |TAMS 0x000000064bc00000, 0x000000064bc00000| Untracked 
| 304|0x000000064c000000, 0x000000064c000000, 0x000000064c400000|  0%| F|  |TAMS 0x000000064c000000, 0x000000064c000000| Untracked 
| 305|0x000000064c400000, 0x000000064c400000, 0x000000064c800000|  0%| F|  |TAMS 0x000000064c400000, 0x000000064c400000| Untracked 
| 306|0x000000064c800000, 0x000000064c800000, 0x000000064cc00000|  0%| F|  |TAMS 0x000000064c800000, 0x000000064c800000| Untracked 
| 307|0x000000064cc00000, 0x000000064cc00000, 0x000000064d000000|  0%| F|  |TAMS 0x000000064cc00000, 0x000000064cc00000| Untracked 
| 308|0x000000064d000000, 0x000000064d000000, 0x000000064d400000|  0%| F|  |TAMS 0x000000064d000000, 0x000000064d000000| Untracked 
| 309|0x000000064d400000, 0x000000064d400000, 0x000000064d800000|  0%| F|  |TAMS 0x000000064d400000, 0x000000064d400000| Untracked 
| 310|0x000000064d800000, 0x000000064d800000, 0x000000064dc00000|  0%| F|  |TAMS 0x000000064d800000, 0x000000064d800000| Untracked 
| 311|0x000000064dc00000, 0x000000064dc00000, 0x000000064e000000|  0%| F|  |TAMS 0x000000064dc00000, 0x000000064dc00000| Untracked 
| 312|0x000000064e000000, 0x000000064e000000, 0x000000064e400000|  0%| F|  |TAMS 0x000000064e000000, 0x000000064e000000| Untracked 
| 313|0x000000064e400000, 0x000000064e400000, 0x000000064e800000|  0%| F|  |TAMS 0x000000064e400000, 0x000000064e400000| Untracked 
| 314|0x000000064e800000, 0x000000064e800000, 0x000000064ec00000|  0%| F|  |TAMS 0x000000064e800000, 0x000000064e800000| Untracked 
| 315|0x000000064ec00000, 0x000000064ec00000, 0x000000064f000000|  0%| F|  |TAMS 0x000000064ec00000, 0x000000064ec00000| Untracked 
| 316|0x000000064f000000, 0x000000064f000000, 0x000000064f400000|  0%| F|  |TAMS 0x000000064f000000, 0x000000064f000000| Untracked 
| 317|0x000000064f400000, 0x000000064f400000, 0x000000064f800000|  0%| F|  |TAMS 0x000000064f400000, 0x000000064f400000| Untracked 
| 318|0x000000064f800000, 0x000000064f800000, 0x000000064fc00000|  0%| F|  |TAMS 0x000000064f800000, 0x000000064f800000| Untracked 
| 319|0x000000064fc00000, 0x000000064fc00000, 0x0000000650000000|  0%| F|  |TAMS 0x000000064fc00000, 0x000000064fc00000| Untracked 
| 320|0x0000000650000000, 0x0000000650000000, 0x0000000650400000|  0%| F|  |TAMS 0x0000000650000000, 0x0000000650000000| Untracked 
| 321|0x0000000650400000, 0x0000000650400000, 0x0000000650800000|  0%| F|  |TAMS 0x0000000650400000, 0x0000000650400000| Untracked 
| 322|0x0000000650800000, 0x0000000650800000, 0x0000000650c00000|  0%| F|  |TAMS 0x0000000650800000, 0x0000000650800000| Untracked 
| 323|0x0000000650c00000, 0x0000000650c00000, 0x0000000651000000|  0%| F|  |TAMS 0x0000000650c00000, 0x0000000650c00000| Untracked 
| 324|0x0000000651000000, 0x0000000651000000, 0x0000000651400000|  0%| F|  |TAMS 0x0000000651000000, 0x0000000651000000| Untracked 
| 325|0x0000000651400000, 0x0000000651400000, 0x0000000651800000|  0%| F|  |TAMS 0x0000000651400000, 0x0000000651400000| Untracked 
| 326|0x0000000651800000, 0x0000000651800000, 0x0000000651c00000|  0%| F|  |TAMS 0x0000000651800000, 0x0000000651800000| Untracked 
| 327|0x0000000651c00000, 0x0000000651c00000, 0x0000000652000000|  0%| F|  |TAMS 0x0000000651c00000, 0x0000000651c00000| Untracked 
| 328|0x0000000652000000, 0x0000000652000000, 0x0000000652400000|  0%| F|  |TAMS 0x0000000652000000, 0x0000000652000000| Untracked 
| 329|0x0000000652400000, 0x0000000652400000, 0x0000000652800000|  0%| F|  |TAMS 0x0000000652400000, 0x0000000652400000| Untracked 
| 330|0x0000000652800000, 0x0000000652800000, 0x0000000652c00000|  0%| F|  |TAMS 0x0000000652800000, 0x0000000652800000| Untracked 
| 331|0x0000000652c00000, 0x0000000652c00000, 0x0000000653000000|  0%| F|  |TAMS 0x0000000652c00000, 0x0000000652c00000| Untracked 
| 332|0x0000000653000000, 0x0000000653000000, 0x0000000653400000|  0%| F|  |TAMS 0x0000000653000000, 0x0000000653000000| Untracked 
| 333|0x0000000653400000, 0x0000000653400000, 0x0000000653800000|  0%| F|  |TAMS 0x0000000653400000, 0x0000000653400000| Untracked 
| 334|0x0000000653800000, 0x0000000653800000, 0x0000000653c00000|  0%| F|  |TAMS 0x0000000653800000, 0x0000000653800000| Untracked 
| 335|0x0000000653c00000, 0x0000000653c00000, 0x0000000654000000|  0%| F|  |TAMS 0x0000000653c00000, 0x0000000653c00000| Untracked 
| 336|0x0000000654000000, 0x0000000654000000, 0x0000000654400000|  0%| F|  |TAMS 0x0000000654000000, 0x0000000654000000| Untracked 
| 337|0x0000000654400000, 0x0000000654400000, 0x0000000654800000|  0%| F|  |TAMS 0x0000000654400000, 0x0000000654400000| Untracked 
| 338|0x0000000654800000, 0x0000000654800000, 0x0000000654c00000|  0%| F|  |TAMS 0x0000000654800000, 0x0000000654800000| Untracked 
| 339|0x0000000654c00000, 0x0000000654c00000, 0x0000000655000000|  0%| F|  |TAMS 0x0000000654c00000, 0x0000000654c00000| Untracked 
| 340|0x0000000655000000, 0x0000000655000000, 0x0000000655400000|  0%| F|  |TAMS 0x0000000655000000, 0x0000000655000000| Untracked 
| 341|0x0000000655400000, 0x0000000655400000, 0x0000000655800000|  0%| F|  |TAMS 0x0000000655400000, 0x0000000655400000| Untracked 
| 342|0x0000000655800000, 0x0000000655800000, 0x0000000655c00000|  0%| F|  |TAMS 0x0000000655800000, 0x0000000655800000| Untracked 
| 343|0x0000000655c00000, 0x0000000655c00000, 0x0000000656000000|  0%| F|  |TAMS 0x0000000655c00000, 0x0000000655c00000| Untracked 
| 344|0x0000000656000000, 0x0000000656000000, 0x0000000656400000|  0%| F|  |TAMS 0x0000000656000000, 0x0000000656000000| Untracked 
| 345|0x0000000656400000, 0x0000000656400000, 0x0000000656800000|  0%| F|  |TAMS 0x0000000656400000, 0x0000000656400000| Untracked 
| 346|0x0000000656800000, 0x0000000656800000, 0x0000000656c00000|  0%| F|  |TAMS 0x0000000656800000, 0x0000000656800000| Untracked 
| 347|0x0000000656c00000, 0x0000000656c00000, 0x0000000657000000|  0%| F|  |TAMS 0x0000000656c00000, 0x0000000656c00000| Untracked 
| 348|0x0000000657000000, 0x0000000657000000, 0x0000000657400000|  0%| F|  |TAMS 0x0000000657000000, 0x0000000657000000| Untracked 
| 349|0x0000000657400000, 0x0000000657400000, 0x0000000657800000|  0%| F|  |TAMS 0x0000000657400000, 0x0000000657400000| Untracked 
| 350|0x0000000657800000, 0x0000000657800000, 0x0000000657c00000|  0%| F|  |TAMS 0x0000000657800000, 0x0000000657800000| Untracked 
| 351|0x0000000657c00000, 0x0000000657c00000, 0x0000000658000000|  0%| F|  |TAMS 0x0000000657c00000, 0x0000000657c00000| Untracked 
| 352|0x0000000658000000, 0x0000000658000000, 0x0000000658400000|  0%| F|  |TAMS 0x0000000658000000, 0x0000000658000000| Untracked 
| 353|0x0000000658400000, 0x0000000658400000, 0x0000000658800000|  0%| F|  |TAMS 0x0000000658400000, 0x0000000658400000| Untracked 
| 354|0x0000000658800000, 0x0000000658800000, 0x0000000658c00000|  0%| F|  |TAMS 0x0000000658800000, 0x0000000658800000| Untracked 
| 355|0x0000000658c00000, 0x0000000658c00000, 0x0000000659000000|  0%| F|  |TAMS 0x0000000658c00000, 0x0000000658c00000| Untracked 
| 356|0x0000000659000000, 0x0000000659000000, 0x0000000659400000|  0%| F|  |TAMS 0x0000000659000000, 0x0000000659000000| Untracked 
| 357|0x0000000659400000, 0x0000000659400000, 0x0000000659800000|  0%| F|  |TAMS 0x0000000659400000, 0x0000000659400000| Untracked 
| 358|0x0000000659800000, 0x0000000659800000, 0x0000000659c00000|  0%| F|  |TAMS 0x0000000659800000, 0x0000000659800000| Untracked 
| 359|0x0000000659c00000, 0x0000000659c00000, 0x000000065a000000|  0%| F|  |TAMS 0x0000000659c00000, 0x0000000659c00000| Untracked 
| 360|0x000000065a000000, 0x000000065a000000, 0x000000065a400000|  0%| F|  |TAMS 0x000000065a000000, 0x000000065a000000| Untracked 
| 361|0x000000065a400000, 0x000000065a400000, 0x000000065a800000|  0%| F|  |TAMS 0x000000065a400000, 0x000000065a400000| Untracked 
| 362|0x000000065a800000, 0x000000065a800000, 0x000000065ac00000|  0%| F|  |TAMS 0x000000065a800000, 0x000000065a800000| Untracked 
| 363|0x000000065ac00000, 0x000000065ac00000, 0x000000065b000000|  0%| F|  |TAMS 0x000000065ac00000, 0x000000065ac00000| Untracked 
| 364|0x000000065b000000, 0x000000065b000000, 0x000000065b400000|  0%| F|  |TAMS 0x000000065b000000, 0x000000065b000000| Untracked 
| 365|0x000000065b400000, 0x000000065b400000, 0x000000065b800000|  0%| F|  |TAMS 0x000000065b400000, 0x000000065b400000| Untracked 
| 366|0x000000065b800000, 0x000000065b800000, 0x000000065bc00000|  0%| F|  |TAMS 0x000000065b800000, 0x000000065b800000| Untracked 
| 367|0x000000065bc00000, 0x000000065bc00000, 0x000000065c000000|  0%| F|  |TAMS 0x000000065bc00000, 0x000000065bc00000| Untracked 
| 368|0x000000065c000000, 0x000000065c000000, 0x000000065c400000|  0%| F|  |TAMS 0x000000065c000000, 0x000000065c000000| Untracked 
| 369|0x000000065c400000, 0x000000065c400000, 0x000000065c800000|  0%| F|  |TAMS 0x000000065c400000, 0x000000065c400000| Untracked 
| 370|0x000000065c800000, 0x000000065c800000, 0x000000065cc00000|  0%| F|  |TAMS 0x000000065c800000, 0x000000065c800000| Untracked 
| 371|0x000000065cc00000, 0x000000065cc00000, 0x000000065d000000|  0%| F|  |TAMS 0x000000065cc00000, 0x000000065cc00000| Untracked 
| 372|0x000000065d000000, 0x000000065d000000, 0x000000065d400000|  0%| F|  |TAMS 0x000000065d000000, 0x000000065d000000| Untracked 
| 373|0x000000065d400000, 0x000000065d400000, 0x000000065d800000|  0%| F|  |TAMS 0x000000065d400000, 0x000000065d400000| Untracked 
| 374|0x000000065d800000, 0x000000065d800000, 0x000000065dc00000|  0%| F|  |TAMS 0x000000065d800000, 0x000000065d800000| Untracked 
| 375|0x000000065dc00000, 0x000000065dc00000, 0x000000065e000000|  0%| F|  |TAMS 0x000000065dc00000, 0x000000065dc00000| Untracked 
| 376|0x000000065e000000, 0x000000065e000000, 0x000000065e400000|  0%| F|  |TAMS 0x000000065e000000, 0x000000065e000000| Untracked 
| 377|0x000000065e400000, 0x000000065e400000, 0x000000065e800000|  0%| F|  |TAMS 0x000000065e400000, 0x000000065e400000| Untracked 
| 378|0x000000065e800000, 0x000000065e800000, 0x000000065ec00000|  0%| F|  |TAMS 0x000000065e800000, 0x000000065e800000| Untracked 
| 379|0x000000065ec00000, 0x000000065ec00000, 0x000000065f000000|  0%| F|  |TAMS 0x000000065ec00000, 0x000000065ec00000| Untracked 
| 380|0x000000065f000000, 0x000000065f000000, 0x000000065f400000|  0%| F|  |TAMS 0x000000065f000000, 0x000000065f000000| Untracked 
| 381|0x000000065f400000, 0x000000065f400000, 0x000000065f800000|  0%| F|  |TAMS 0x000000065f400000, 0x000000065f400000| Untracked 
| 382|0x000000065f800000, 0x000000065f800000, 0x000000065fc00000|  0%| F|  |TAMS 0x000000065f800000, 0x000000065f800000| Untracked 
| 383|0x000000065fc00000, 0x000000065fc00000, 0x0000000660000000|  0%| F|  |TAMS 0x000000065fc00000, 0x000000065fc00000| Untracked 
| 384|0x0000000660000000, 0x0000000660000000, 0x0000000660400000|  0%| F|  |TAMS 0x0000000660000000, 0x0000000660000000| Untracked 
| 385|0x0000000660400000, 0x0000000660400000, 0x0000000660800000|  0%| F|  |TAMS 0x0000000660400000, 0x0000000660400000| Untracked 
| 386|0x0000000660800000, 0x0000000660800000, 0x0000000660c00000|  0%| F|  |TAMS 0x0000000660800000, 0x0000000660800000| Untracked 
| 387|0x0000000660c00000, 0x0000000660c00000, 0x0000000661000000|  0%| F|  |TAMS 0x0000000660c00000, 0x0000000660c00000| Untracked 
| 388|0x0000000661000000, 0x0000000661000000, 0x0000000661400000|  0%| F|  |TAMS 0x0000000661000000, 0x0000000661000000| Untracked 
| 389|0x0000000661400000, 0x0000000661400000, 0x0000000661800000|  0%| F|  |TAMS 0x0000000661400000, 0x0000000661400000| Untracked 
| 390|0x0000000661800000, 0x0000000661800000, 0x0000000661c00000|  0%| F|  |TAMS 0x0000000661800000, 0x0000000661800000| Untracked 
| 391|0x0000000661c00000, 0x0000000661c00000, 0x0000000662000000|  0%| F|  |TAMS 0x0000000661c00000, 0x0000000661c00000| Untracked 
| 392|0x0000000662000000, 0x0000000662000000, 0x0000000662400000|  0%| F|  |TAMS 0x0000000662000000, 0x0000000662000000| Untracked 
| 393|0x0000000662400000, 0x0000000662400000, 0x0000000662800000|  0%| F|  |TAMS 0x0000000662400000, 0x0000000662400000| Untracked 
| 394|0x0000000662800000, 0x0000000662800000, 0x0000000662c00000|  0%| F|  |TAMS 0x0000000662800000, 0x0000000662800000| Untracked 
| 395|0x0000000662c00000, 0x0000000662c00000, 0x0000000663000000|  0%| F|  |TAMS 0x0000000662c00000, 0x0000000662c00000| Untracked 
| 396|0x0000000663000000, 0x0000000663000000, 0x0000000663400000|  0%| F|  |TAMS 0x0000000663000000, 0x0000000663000000| Untracked 
| 397|0x0000000663400000, 0x0000000663400000, 0x0000000663800000|  0%| F|  |TAMS 0x0000000663400000, 0x0000000663400000| Untracked 
| 398|0x0000000663800000, 0x0000000663800000, 0x0000000663c00000|  0%| F|  |TAMS 0x0000000663800000, 0x0000000663800000| Untracked 
| 399|0x0000000663c00000, 0x0000000663c00000, 0x0000000664000000|  0%| F|  |TAMS 0x0000000663c00000, 0x0000000663c00000| Untracked 
| 400|0x0000000664000000, 0x0000000664000000, 0x0000000664400000|  0%| F|  |TAMS 0x0000000664000000, 0x0000000664000000| Untracked 
| 401|0x0000000664400000, 0x0000000664400000, 0x0000000664800000|  0%| F|  |TAMS 0x0000000664400000, 0x0000000664400000| Untracked 
| 402|0x0000000664800000, 0x0000000664800000, 0x0000000664c00000|  0%| F|  |TAMS 0x0000000664800000, 0x0000000664800000| Untracked 
| 403|0x0000000664c00000, 0x0000000664c00000, 0x0000000665000000|  0%| F|  |TAMS 0x0000000664c00000, 0x0000000664c00000| Untracked 
| 404|0x0000000665000000, 0x0000000665000000, 0x0000000665400000|  0%| F|  |TAMS 0x0000000665000000, 0x0000000665000000| Untracked 
| 405|0x0000000665400000, 0x0000000665400000, 0x0000000665800000|  0%| F|  |TAMS 0x0000000665400000, 0x0000000665400000| Untracked 
| 406|0x0000000665800000, 0x0000000665800000, 0x0000000665c00000|  0%| F|  |TAMS 0x0000000665800000, 0x0000000665800000| Untracked 
| 407|0x0000000665c00000, 0x0000000665c00000, 0x0000000666000000|  0%| F|  |TAMS 0x0000000665c00000, 0x0000000665c00000| Untracked 
| 408|0x0000000666000000, 0x0000000666000000, 0x0000000666400000|  0%| F|  |TAMS 0x0000000666000000, 0x0000000666000000| Untracked 
| 409|0x0000000666400000, 0x0000000666400000, 0x0000000666800000|  0%| F|  |TAMS 0x0000000666400000, 0x0000000666400000| Untracked 
| 410|0x0000000666800000, 0x0000000666800000, 0x0000000666c00000|  0%| F|  |TAMS 0x0000000666800000, 0x0000000666800000| Untracked 
| 411|0x0000000666c00000, 0x0000000666c00000, 0x0000000667000000|  0%| F|  |TAMS 0x0000000666c00000, 0x0000000666c00000| Untracked 
| 412|0x0000000667000000, 0x0000000667000000, 0x0000000667400000|  0%| F|  |TAMS 0x0000000667000000, 0x0000000667000000| Untracked 
| 413|0x0000000667400000, 0x0000000667400000, 0x0000000667800000|  0%| F|  |TAMS 0x0000000667400000, 0x0000000667400000| Untracked 
| 414|0x0000000667800000, 0x0000000667800000, 0x0000000667c00000|  0%| F|  |TAMS 0x0000000667800000, 0x0000000667800000| Untracked 
| 415|0x0000000667c00000, 0x0000000667c00000, 0x0000000668000000|  0%| F|  |TAMS 0x0000000667c00000, 0x0000000667c00000| Untracked 
| 416|0x0000000668000000, 0x0000000668000000, 0x0000000668400000|  0%| F|  |TAMS 0x0000000668000000, 0x0000000668000000| Untracked 
| 417|0x0000000668400000, 0x0000000668400000, 0x0000000668800000|  0%| F|  |TAMS 0x0000000668400000, 0x0000000668400000| Untracked 
| 418|0x0000000668800000, 0x0000000668800000, 0x0000000668c00000|  0%| F|  |TAMS 0x0000000668800000, 0x0000000668800000| Untracked 
| 419|0x0000000668c00000, 0x0000000668c00000, 0x0000000669000000|  0%| F|  |TAMS 0x0000000668c00000, 0x0000000668c00000| Untracked 
| 420|0x0000000669000000, 0x0000000669000000, 0x0000000669400000|  0%| F|  |TAMS 0x0000000669000000, 0x0000000669000000| Untracked 
| 421|0x0000000669400000, 0x0000000669400000, 0x0000000669800000|  0%| F|  |TAMS 0x0000000669400000, 0x0000000669400000| Untracked 
| 422|0x0000000669800000, 0x0000000669800000, 0x0000000669c00000|  0%| F|  |TAMS 0x0000000669800000, 0x0000000669800000| Untracked 
| 423|0x0000000669c00000, 0x0000000669c00000, 0x000000066a000000|  0%| F|  |TAMS 0x0000000669c00000, 0x0000000669c00000| Untracked 
| 424|0x000000066a000000, 0x000000066a000000, 0x000000066a400000|  0%| F|  |TAMS 0x000000066a000000, 0x000000066a000000| Untracked 
| 425|0x000000066a400000, 0x000000066a400000, 0x000000066a800000|  0%| F|  |TAMS 0x000000066a400000, 0x000000066a400000| Untracked 
| 426|0x000000066a800000, 0x000000066a800000, 0x000000066ac00000|  0%| F|  |TAMS 0x000000066a800000, 0x000000066a800000| Untracked 
| 427|0x000000066ac00000, 0x000000066ac00000, 0x000000066b000000|  0%| F|  |TAMS 0x000000066ac00000, 0x000000066ac00000| Untracked 
| 428|0x000000066b000000, 0x000000066b000000, 0x000000066b400000|  0%| F|  |TAMS 0x000000066b000000, 0x000000066b000000| Untracked 
| 429|0x000000066b400000, 0x000000066b400000, 0x000000066b800000|  0%| F|  |TAMS 0x000000066b400000, 0x000000066b400000| Untracked 
| 430|0x000000066b800000, 0x000000066b800000, 0x000000066bc00000|  0%| F|  |TAMS 0x000000066b800000, 0x000000066b800000| Untracked 
| 431|0x000000066bc00000, 0x000000066bc00000, 0x000000066c000000|  0%| F|  |TAMS 0x000000066bc00000, 0x000000066bc00000| Untracked 
| 432|0x000000066c000000, 0x000000066c000000, 0x000000066c400000|  0%| F|  |TAMS 0x000000066c000000, 0x000000066c000000| Untracked 
| 433|0x000000066c400000, 0x000000066c400000, 0x000000066c800000|  0%| F|  |TAMS 0x000000066c400000, 0x000000066c400000| Untracked 
| 434|0x000000066c800000, 0x000000066c800000, 0x000000066cc00000|  0%| F|  |TAMS 0x000000066c800000, 0x000000066c800000| Untracked 
| 435|0x000000066cc00000, 0x000000066cc00000, 0x000000066d000000|  0%| F|  |TAMS 0x000000066cc00000, 0x000000066cc00000| Untracked 
| 436|0x000000066d000000, 0x000000066d000000, 0x000000066d400000|  0%| F|  |TAMS 0x000000066d000000, 0x000000066d000000| Untracked 
| 437|0x000000066d400000, 0x000000066d400000, 0x000000066d800000|  0%| F|  |TAMS 0x000000066d400000, 0x000000066d400000| Untracked 
| 438|0x000000066d800000, 0x000000066d800000, 0x000000066dc00000|  0%| F|  |TAMS 0x000000066d800000, 0x000000066d800000| Untracked 
| 439|0x000000066dc00000, 0x000000066dc00000, 0x000000066e000000|  0%| F|  |TAMS 0x000000066dc00000, 0x000000066dc00000| Untracked 
| 440|0x000000066e000000, 0x000000066e000000, 0x000000066e400000|  0%| F|  |TAMS 0x000000066e000000, 0x000000066e000000| Untracked 
| 441|0x000000066e400000, 0x000000066e400000, 0x000000066e800000|  0%| F|  |TAMS 0x000000066e400000, 0x000000066e400000| Untracked 
| 442|0x000000066e800000, 0x000000066e800000, 0x000000066ec00000|  0%| F|  |TAMS 0x000000066e800000, 0x000000066e800000| Untracked 
| 443|0x000000066ec00000, 0x000000066ec00000, 0x000000066f000000|  0%| F|  |TAMS 0x000000066ec00000, 0x000000066ec00000| Untracked 
| 444|0x000000066f000000, 0x000000066f000000, 0x000000066f400000|  0%| F|  |TAMS 0x000000066f000000, 0x000000066f000000| Untracked 
| 445|0x000000066f400000, 0x000000066f400000, 0x000000066f800000|  0%| F|  |TAMS 0x000000066f400000, 0x000000066f400000| Untracked 
| 446|0x000000066f800000, 0x000000066f800000, 0x000000066fc00000|  0%| F|  |TAMS 0x000000066f800000, 0x000000066f800000| Untracked 
| 447|0x000000066fc00000, 0x000000066fc00000, 0x0000000670000000|  0%| F|  |TAMS 0x000000066fc00000, 0x000000066fc00000| Untracked 
| 448|0x0000000670000000, 0x0000000670000000, 0x0000000670400000|  0%| F|  |TAMS 0x0000000670000000, 0x0000000670000000| Untracked 
| 449|0x0000000670400000, 0x0000000670400000, 0x0000000670800000|  0%| F|  |TAMS 0x0000000670400000, 0x0000000670400000| Untracked 
| 450|0x0000000670800000, 0x0000000670800000, 0x0000000670c00000|  0%| F|  |TAMS 0x0000000670800000, 0x0000000670800000| Untracked 
| 451|0x0000000670c00000, 0x0000000670c00000, 0x0000000671000000|  0%| F|  |TAMS 0x0000000670c00000, 0x0000000670c00000| Untracked 
| 452|0x0000000671000000, 0x0000000671000000, 0x0000000671400000|  0%| F|  |TAMS 0x0000000671000000, 0x0000000671000000| Untracked 
| 453|0x0000000671400000, 0x0000000671400000, 0x0000000671800000|  0%| F|  |TAMS 0x0000000671400000, 0x0000000671400000| Untracked 
| 454|0x0000000671800000, 0x0000000671800000, 0x0000000671c00000|  0%| F|  |TAMS 0x0000000671800000, 0x0000000671800000| Untracked 
| 455|0x0000000671c00000, 0x0000000671c00000, 0x0000000672000000|  0%| F|  |TAMS 0x0000000671c00000, 0x0000000671c00000| Untracked 
| 456|0x0000000672000000, 0x0000000672000000, 0x0000000672400000|  0%| F|  |TAMS 0x0000000672000000, 0x0000000672000000| Untracked 
| 457|0x0000000672400000, 0x0000000672400000, 0x0000000672800000|  0%| F|  |TAMS 0x0000000672400000, 0x0000000672400000| Untracked 
| 458|0x0000000672800000, 0x0000000672800000, 0x0000000672c00000|  0%| F|  |TAMS 0x0000000672800000, 0x0000000672800000| Untracked 
| 459|0x0000000672c00000, 0x0000000672c00000, 0x0000000673000000|  0%| F|  |TAMS 0x0000000672c00000, 0x0000000672c00000| Untracked 
| 460|0x0000000673000000, 0x0000000673000000, 0x0000000673400000|  0%| F|  |TAMS 0x0000000673000000, 0x0000000673000000| Untracked 
| 461|0x0000000673400000, 0x0000000673400000, 0x0000000673800000|  0%| F|  |TAMS 0x0000000673400000, 0x0000000673400000| Untracked 
| 462|0x0000000673800000, 0x0000000673800000, 0x0000000673c00000|  0%| F|  |TAMS 0x0000000673800000, 0x0000000673800000| Untracked 
| 463|0x0000000673c00000, 0x0000000673c00000, 0x0000000674000000|  0%| F|  |TAMS 0x0000000673c00000, 0x0000000673c00000| Untracked 
| 464|0x0000000674000000, 0x0000000674000000, 0x0000000674400000|  0%| F|  |TAMS 0x0000000674000000, 0x0000000674000000| Untracked 
| 465|0x0000000674400000, 0x0000000674400000, 0x0000000674800000|  0%| F|  |TAMS 0x0000000674400000, 0x0000000674400000| Untracked 
| 466|0x0000000674800000, 0x0000000674800000, 0x0000000674c00000|  0%| F|  |TAMS 0x0000000674800000, 0x0000000674800000| Untracked 
| 467|0x0000000674c00000, 0x0000000674c00000, 0x0000000675000000|  0%| F|  |TAMS 0x0000000674c00000, 0x0000000674c00000| Untracked 
| 468|0x0000000675000000, 0x0000000675000000, 0x0000000675400000|  0%| F|  |TAMS 0x0000000675000000, 0x0000000675000000| Untracked 
| 469|0x0000000675400000, 0x0000000675400000, 0x0000000675800000|  0%| F|  |TAMS 0x0000000675400000, 0x0000000675400000| Untracked 
| 470|0x0000000675800000, 0x0000000675800000, 0x0000000675c00000|  0%| F|  |TAMS 0x0000000675800000, 0x0000000675800000| Untracked 
| 471|0x0000000675c00000, 0x0000000675c00000, 0x0000000676000000|  0%| F|  |TAMS 0x0000000675c00000, 0x0000000675c00000| Untracked 
| 472|0x0000000676000000, 0x0000000676000000, 0x0000000676400000|  0%| F|  |TAMS 0x0000000676000000, 0x0000000676000000| Untracked 
| 473|0x0000000676400000, 0x0000000676400000, 0x0000000676800000|  0%| F|  |TAMS 0x0000000676400000, 0x0000000676400000| Untracked 
| 474|0x0000000676800000, 0x0000000676800000, 0x0000000676c00000|  0%| F|  |TAMS 0x0000000676800000, 0x0000000676800000| Untracked 
| 475|0x0000000676c00000, 0x0000000676c00000, 0x0000000677000000|  0%| F|  |TAMS 0x0000000676c00000, 0x0000000676c00000| Untracked 
| 476|0x0000000677000000, 0x0000000677000000, 0x0000000677400000|  0%| F|  |TAMS 0x0000000677000000, 0x0000000677000000| Untracked 
| 477|0x0000000677400000, 0x0000000677400000, 0x0000000677800000|  0%| F|  |TAMS 0x0000000677400000, 0x0000000677400000| Untracked 
| 478|0x0000000677800000, 0x0000000677800000, 0x0000000677c00000|  0%| F|  |TAMS 0x0000000677800000, 0x0000000677800000| Untracked 
| 479|0x0000000677c00000, 0x0000000677c00000, 0x0000000678000000|  0%| F|  |TAMS 0x0000000677c00000, 0x0000000677c00000| Untracked 
| 480|0x0000000678000000, 0x0000000678000000, 0x0000000678400000|  0%| F|  |TAMS 0x0000000678000000, 0x0000000678000000| Untracked 
| 481|0x0000000678400000, 0x0000000678400000, 0x0000000678800000|  0%| F|  |TAMS 0x0000000678400000, 0x0000000678400000| Untracked 
| 482|0x0000000678800000, 0x0000000678800000, 0x0000000678c00000|  0%| F|  |TAMS 0x0000000678800000, 0x0000000678800000| Untracked 
| 483|0x0000000678c00000, 0x0000000678c00000, 0x0000000679000000|  0%| F|  |TAMS 0x0000000678c00000, 0x0000000678c00000| Untracked 
| 484|0x0000000679000000, 0x0000000679000000, 0x0000000679400000|  0%| F|  |TAMS 0x0000000679000000, 0x0000000679000000| Untracked 
| 485|0x0000000679400000, 0x0000000679400000, 0x0000000679800000|  0%| F|  |TAMS 0x0000000679400000, 0x0000000679400000| Untracked 
| 486|0x0000000679800000, 0x0000000679800000, 0x0000000679c00000|  0%| F|  |TAMS 0x0000000679800000, 0x0000000679800000| Untracked 
| 487|0x0000000679c00000, 0x0000000679c00000, 0x000000067a000000|  0%| F|  |TAMS 0x0000000679c00000, 0x0000000679c00000| Untracked 
| 488|0x000000067a000000, 0x000000067a000000, 0x000000067a400000|  0%| F|  |TAMS 0x000000067a000000, 0x000000067a000000| Untracked 
| 489|0x000000067a400000, 0x000000067a400000, 0x000000067a800000|  0%| F|  |TAMS 0x000000067a400000, 0x000000067a400000| Untracked 
| 490|0x000000067a800000, 0x000000067a800000, 0x000000067ac00000|  0%| F|  |TAMS 0x000000067a800000, 0x000000067a800000| Untracked 
| 491|0x000000067ac00000, 0x000000067ac00000, 0x000000067b000000|  0%| F|  |TAMS 0x000000067ac00000, 0x000000067ac00000| Untracked 
| 492|0x000000067b000000, 0x000000067b000000, 0x000000067b400000|  0%| F|  |TAMS 0x000000067b000000, 0x000000067b000000| Untracked 
| 493|0x000000067b400000, 0x000000067b400000, 0x000000067b800000|  0%| F|  |TAMS 0x000000067b400000, 0x000000067b400000| Untracked 
| 494|0x000000067b800000, 0x000000067b800000, 0x000000067bc00000|  0%| F|  |TAMS 0x000000067b800000, 0x000000067b800000| Untracked 
| 495|0x000000067bc00000, 0x000000067bc00000, 0x000000067c000000|  0%| F|  |TAMS 0x000000067bc00000, 0x000000067bc00000| Untracked 
| 496|0x000000067c000000, 0x000000067c000000, 0x000000067c400000|  0%| F|  |TAMS 0x000000067c000000, 0x000000067c000000| Untracked 
| 497|0x000000067c400000, 0x000000067c400000, 0x000000067c800000|  0%| F|  |TAMS 0x000000067c400000, 0x000000067c400000| Untracked 
| 498|0x000000067c800000, 0x000000067c800000, 0x000000067cc00000|  0%| F|  |TAMS 0x000000067c800000, 0x000000067c800000| Untracked 
| 499|0x000000067cc00000, 0x000000067cc00000, 0x000000067d000000|  0%| F|  |TAMS 0x000000067cc00000, 0x000000067cc00000| Untracked 
| 500|0x000000067d000000, 0x000000067d000000, 0x000000067d400000|  0%| F|  |TAMS 0x000000067d000000, 0x000000067d000000| Untracked 
| 501|0x000000067d400000, 0x000000067d400000, 0x000000067d800000|  0%| F|  |TAMS 0x000000067d400000, 0x000000067d400000| Untracked 
| 502|0x000000067d800000, 0x000000067d800000, 0x000000067dc00000|  0%| F|  |TAMS 0x000000067d800000, 0x000000067d800000| Untracked 
| 503|0x000000067dc00000, 0x000000067dc00000, 0x000000067e000000|  0%| F|  |TAMS 0x000000067dc00000, 0x000000067dc00000| Untracked 
| 504|0x000000067e000000, 0x000000067e000000, 0x000000067e400000|  0%| F|  |TAMS 0x000000067e000000, 0x000000067e000000| Untracked 
| 505|0x000000067e400000, 0x000000067e400000, 0x000000067e800000|  0%| F|  |TAMS 0x000000067e400000, 0x000000067e400000| Untracked 
| 506|0x000000067e800000, 0x000000067e800000, 0x000000067ec00000|  0%| F|  |TAMS 0x000000067e800000, 0x000000067e800000| Untracked 
| 507|0x000000067ec00000, 0x000000067ec00000, 0x000000067f000000|  0%| F|  |TAMS 0x000000067ec00000, 0x000000067ec00000| Untracked 
| 508|0x000000067f000000, 0x000000067f000000, 0x000000067f400000|  0%| F|  |TAMS 0x000000067f000000, 0x000000067f000000| Untracked 
| 509|0x000000067f400000, 0x000000067f400000, 0x000000067f800000|  0%| F|  |TAMS 0x000000067f400000, 0x000000067f400000| Untracked 
| 510|0x000000067f800000, 0x000000067f800000, 0x000000067fc00000|  0%| F|  |TAMS 0x000000067f800000, 0x000000067f800000| Untracked 
| 511|0x000000067fc00000, 0x000000067fc00000, 0x0000000680000000|  0%| F|  |TAMS 0x000000067fc00000, 0x000000067fc00000| Untracked 
| 512|0x0000000680000000, 0x0000000680000000, 0x0000000680400000|  0%| F|  |TAMS 0x0000000680000000, 0x0000000680000000| Untracked 
| 513|0x0000000680400000, 0x0000000680400000, 0x0000000680800000|  0%| F|  |TAMS 0x0000000680400000, 0x0000000680400000| Untracked 
| 514|0x0000000680800000, 0x0000000680800000, 0x0000000680c00000|  0%| F|  |TAMS 0x0000000680800000, 0x0000000680800000| Untracked 
| 515|0x0000000680c00000, 0x0000000680c00000, 0x0000000681000000|  0%| F|  |TAMS 0x0000000680c00000, 0x0000000680c00000| Untracked 
| 516|0x0000000681000000, 0x0000000681000000, 0x0000000681400000|  0%| F|  |TAMS 0x0000000681000000, 0x0000000681000000| Untracked 
| 517|0x0000000681400000, 0x0000000681400000, 0x0000000681800000|  0%| F|  |TAMS 0x0000000681400000, 0x0000000681400000| Untracked 
| 518|0x0000000681800000, 0x0000000681800000, 0x0000000681c00000|  0%| F|  |TAMS 0x0000000681800000, 0x0000000681800000| Untracked 
| 519|0x0000000681c00000, 0x0000000681c00000, 0x0000000682000000|  0%| F|  |TAMS 0x0000000681c00000, 0x0000000681c00000| Untracked 
| 520|0x0000000682000000, 0x0000000682000000, 0x0000000682400000|  0%| F|  |TAMS 0x0000000682000000, 0x0000000682000000| Untracked 
| 521|0x0000000682400000, 0x0000000682400000, 0x0000000682800000|  0%| F|  |TAMS 0x0000000682400000, 0x0000000682400000| Untracked 
| 522|0x0000000682800000, 0x0000000682800000, 0x0000000682c00000|  0%| F|  |TAMS 0x0000000682800000, 0x0000000682800000| Untracked 
| 523|0x0000000682c00000, 0x0000000682c00000, 0x0000000683000000|  0%| F|  |TAMS 0x0000000682c00000, 0x0000000682c00000| Untracked 
| 524|0x0000000683000000, 0x0000000683000000, 0x0000000683400000|  0%| F|  |TAMS 0x0000000683000000, 0x0000000683000000| Untracked 
| 525|0x0000000683400000, 0x0000000683400000, 0x0000000683800000|  0%| F|  |TAMS 0x0000000683400000, 0x0000000683400000| Untracked 
| 526|0x0000000683800000, 0x0000000683800000, 0x0000000683c00000|  0%| F|  |TAMS 0x0000000683800000, 0x0000000683800000| Untracked 
| 527|0x0000000683c00000, 0x0000000683c00000, 0x0000000684000000|  0%| F|  |TAMS 0x0000000683c00000, 0x0000000683c00000| Untracked 
| 528|0x0000000684000000, 0x0000000684000000, 0x0000000684400000|  0%| F|  |TAMS 0x0000000684000000, 0x0000000684000000| Untracked 
| 529|0x0000000684400000, 0x0000000684400000, 0x0000000684800000|  0%| F|  |TAMS 0x0000000684400000, 0x0000000684400000| Untracked 
| 530|0x0000000684800000, 0x0000000684800000, 0x0000000684c00000|  0%| F|  |TAMS 0x0000000684800000, 0x0000000684800000| Untracked 
| 531|0x0000000684c00000, 0x0000000684c00000, 0x0000000685000000|  0%| F|  |TAMS 0x0000000684c00000, 0x0000000684c00000| Untracked 
| 532|0x0000000685000000, 0x0000000685347610, 0x0000000685400000| 81%| S|CS|TAMS 0x0000000685000000, 0x0000000685000000| Complete 
| 533|0x0000000685400000, 0x0000000685800000, 0x0000000685800000|100%| S|CS|TAMS 0x0000000685400000, 0x0000000685400000| Complete 
| 534|0x0000000685800000, 0x0000000685800000, 0x0000000685c00000|  0%| F|  |TAMS 0x0000000685800000, 0x0000000685800000| Untracked 
| 535|0x0000000685c00000, 0x0000000685c00000, 0x0000000686000000|  0%| F|  |TAMS 0x0000000685c00000, 0x0000000685c00000| Untracked 
| 536|0x0000000686000000, 0x0000000686000000, 0x0000000686400000|  0%| F|  |TAMS 0x0000000686000000, 0x0000000686000000| Untracked 
| 537|0x0000000686400000, 0x0000000686400000, 0x0000000686800000|  0%| F|  |TAMS 0x0000000686400000, 0x0000000686400000| Untracked 
| 538|0x0000000686800000, 0x0000000686800000, 0x0000000686c00000|  0%| F|  |TAMS 0x0000000686800000, 0x0000000686800000| Untracked 
| 539|0x0000000686c00000, 0x0000000686c00000, 0x0000000687000000|  0%| F|  |TAMS 0x0000000686c00000, 0x0000000686c00000| Untracked 
| 540|0x0000000687000000, 0x0000000687000000, 0x0000000687400000|  0%| F|  |TAMS 0x0000000687000000, 0x0000000687000000| Untracked 
| 541|0x0000000687400000, 0x0000000687400000, 0x0000000687800000|  0%| F|  |TAMS 0x0000000687400000, 0x0000000687400000| Untracked 
| 542|0x0000000687800000, 0x0000000687800000, 0x0000000687c00000|  0%| F|  |TAMS 0x0000000687800000, 0x0000000687800000| Untracked 
| 543|0x0000000687c00000, 0x0000000687c00000, 0x0000000688000000|  0%| F|  |TAMS 0x0000000687c00000, 0x0000000687c00000| Untracked 
| 544|0x0000000688000000, 0x0000000688000000, 0x0000000688400000|  0%| F|  |TAMS 0x0000000688000000, 0x0000000688000000| Untracked 
| 545|0x0000000688400000, 0x0000000688400000, 0x0000000688800000|  0%| F|  |TAMS 0x0000000688400000, 0x0000000688400000| Untracked 
| 546|0x0000000688800000, 0x0000000688800000, 0x0000000688c00000|  0%| F|  |TAMS 0x0000000688800000, 0x0000000688800000| Untracked 
| 547|0x0000000688c00000, 0x0000000688c00000, 0x0000000689000000|  0%| F|  |TAMS 0x0000000688c00000, 0x0000000688c00000| Untracked 
| 548|0x0000000689000000, 0x0000000689000000, 0x0000000689400000|  0%| F|  |TAMS 0x0000000689000000, 0x0000000689000000| Untracked 
| 549|0x0000000689400000, 0x0000000689400000, 0x0000000689800000|  0%| F|  |TAMS 0x0000000689400000, 0x0000000689400000| Untracked 
| 550|0x0000000689800000, 0x0000000689800000, 0x0000000689c00000|  0%| F|  |TAMS 0x0000000689800000, 0x0000000689800000| Untracked 
| 551|0x0000000689c00000, 0x0000000689c00000, 0x000000068a000000|  0%| F|  |TAMS 0x0000000689c00000, 0x0000000689c00000| Untracked 
| 552|0x000000068a000000, 0x000000068a000000, 0x000000068a400000|  0%| F|  |TAMS 0x000000068a000000, 0x000000068a000000| Untracked 
| 553|0x000000068a400000, 0x000000068a400000, 0x000000068a800000|  0%| F|  |TAMS 0x000000068a400000, 0x000000068a400000| Untracked 
| 554|0x000000068a800000, 0x000000068a800000, 0x000000068ac00000|  0%| F|  |TAMS 0x000000068a800000, 0x000000068a800000| Untracked 
| 555|0x000000068ac00000, 0x000000068ac00000, 0x000000068b000000|  0%| F|  |TAMS 0x000000068ac00000, 0x000000068ac00000| Untracked 
| 556|0x000000068b000000, 0x000000068b000000, 0x000000068b400000|  0%| F|  |TAMS 0x000000068b000000, 0x000000068b000000| Untracked 
| 557|0x000000068b400000, 0x000000068b400000, 0x000000068b800000|  0%| F|  |TAMS 0x000000068b400000, 0x000000068b400000| Untracked 
| 558|0x000000068b800000, 0x000000068b800000, 0x000000068bc00000|  0%| F|  |TAMS 0x000000068b800000, 0x000000068b800000| Untracked 
| 559|0x000000068bc00000, 0x000000068bc00000, 0x000000068c000000|  0%| F|  |TAMS 0x000000068bc00000, 0x000000068bc00000| Untracked 
| 560|0x000000068c000000, 0x000000068c000000, 0x000000068c400000|  0%| F|  |TAMS 0x000000068c000000, 0x000000068c000000| Untracked 
| 561|0x000000068c400000, 0x000000068c400000, 0x000000068c800000|  0%| F|  |TAMS 0x000000068c400000, 0x000000068c400000| Untracked 
| 562|0x000000068c800000, 0x000000068c800000, 0x000000068cc00000|  0%| F|  |TAMS 0x000000068c800000, 0x000000068c800000| Untracked 
| 563|0x000000068cc00000, 0x000000068cc00000, 0x000000068d000000|  0%| F|  |TAMS 0x000000068cc00000, 0x000000068cc00000| Untracked 
| 564|0x000000068d000000, 0x000000068d000000, 0x000000068d400000|  0%| F|  |TAMS 0x000000068d000000, 0x000000068d000000| Untracked 
| 565|0x000000068d400000, 0x000000068d400000, 0x000000068d800000|  0%| F|  |TAMS 0x000000068d400000, 0x000000068d400000| Untracked 
| 566|0x000000068d800000, 0x000000068d800000, 0x000000068dc00000|  0%| F|  |TAMS 0x000000068d800000, 0x000000068d800000| Untracked 
| 567|0x000000068dc00000, 0x000000068dc00000, 0x000000068e000000|  0%| F|  |TAMS 0x000000068dc00000, 0x000000068dc00000| Untracked 
| 568|0x000000068e000000, 0x000000068e000000, 0x000000068e400000|  0%| F|  |TAMS 0x000000068e000000, 0x000000068e000000| Untracked 
| 569|0x000000068e400000, 0x000000068e400000, 0x000000068e800000|  0%| F|  |TAMS 0x000000068e400000, 0x000000068e400000| Untracked 
| 570|0x000000068e800000, 0x000000068e800000, 0x000000068ec00000|  0%| F|  |TAMS 0x000000068e800000, 0x000000068e800000| Untracked 
| 571|0x000000068ec00000, 0x000000068ec00000, 0x000000068f000000|  0%| F|  |TAMS 0x000000068ec00000, 0x000000068ec00000| Untracked 
| 572|0x000000068f000000, 0x000000068f000000, 0x000000068f400000|  0%| F|  |TAMS 0x000000068f000000, 0x000000068f000000| Untracked 
| 573|0x000000068f400000, 0x000000068f400000, 0x000000068f800000|  0%| F|  |TAMS 0x000000068f400000, 0x000000068f400000| Untracked 
| 574|0x000000068f800000, 0x000000068f800000, 0x000000068fc00000|  0%| F|  |TAMS 0x000000068f800000, 0x000000068f800000| Untracked 
| 575|0x000000068fc00000, 0x000000068fc00000, 0x0000000690000000|  0%| F|  |TAMS 0x000000068fc00000, 0x000000068fc00000| Untracked 
| 576|0x0000000690000000, 0x0000000690000000, 0x0000000690400000|  0%| F|  |TAMS 0x0000000690000000, 0x0000000690000000| Untracked 
| 577|0x0000000690400000, 0x0000000690400000, 0x0000000690800000|  0%| F|  |TAMS 0x0000000690400000, 0x0000000690400000| Untracked 
| 578|0x0000000690800000, 0x0000000690800000, 0x0000000690c00000|  0%| F|  |TAMS 0x0000000690800000, 0x0000000690800000| Untracked 
| 579|0x0000000690c00000, 0x0000000690c00000, 0x0000000691000000|  0%| F|  |TAMS 0x0000000690c00000, 0x0000000690c00000| Untracked 
| 580|0x0000000691000000, 0x0000000691000000, 0x0000000691400000|  0%| F|  |TAMS 0x0000000691000000, 0x0000000691000000| Untracked 
| 581|0x0000000691400000, 0x0000000691400000, 0x0000000691800000|  0%| F|  |TAMS 0x0000000691400000, 0x0000000691400000| Untracked 
| 582|0x0000000691800000, 0x0000000691800000, 0x0000000691c00000|  0%| F|  |TAMS 0x0000000691800000, 0x0000000691800000| Untracked 
| 583|0x0000000691c00000, 0x0000000691c00000, 0x0000000692000000|  0%| F|  |TAMS 0x0000000691c00000, 0x0000000691c00000| Untracked 
| 584|0x0000000692000000, 0x0000000692000000, 0x0000000692400000|  0%| F|  |TAMS 0x0000000692000000, 0x0000000692000000| Untracked 
| 585|0x0000000692400000, 0x0000000692400000, 0x0000000692800000|  0%| F|  |TAMS 0x0000000692400000, 0x0000000692400000| Untracked 
| 586|0x0000000692800000, 0x0000000692800000, 0x0000000692c00000|  0%| F|  |TAMS 0x0000000692800000, 0x0000000692800000| Untracked 
| 587|0x0000000692c00000, 0x0000000692c00000, 0x0000000693000000|  0%| F|  |TAMS 0x0000000692c00000, 0x0000000692c00000| Untracked 
| 588|0x0000000693000000, 0x0000000693000000, 0x0000000693400000|  0%| F|  |TAMS 0x0000000693000000, 0x0000000693000000| Untracked 
| 589|0x0000000693400000, 0x0000000693400000, 0x0000000693800000|  0%| F|  |TAMS 0x0000000693400000, 0x0000000693400000| Untracked 
| 590|0x0000000693800000, 0x0000000693800000, 0x0000000693c00000|  0%| F|  |TAMS 0x0000000693800000, 0x0000000693800000| Untracked 
| 591|0x0000000693c00000, 0x0000000693c00000, 0x0000000694000000|  0%| F|  |TAMS 0x0000000693c00000, 0x0000000693c00000| Untracked 
| 592|0x0000000694000000, 0x0000000694000000, 0x0000000694400000|  0%| F|  |TAMS 0x0000000694000000, 0x0000000694000000| Untracked 
| 593|0x0000000694400000, 0x0000000694400000, 0x0000000694800000|  0%| F|  |TAMS 0x0000000694400000, 0x0000000694400000| Untracked 
| 594|0x0000000694800000, 0x0000000694800000, 0x0000000694c00000|  0%| F|  |TAMS 0x0000000694800000, 0x0000000694800000| Untracked 
| 595|0x0000000694c00000, 0x0000000694c00000, 0x0000000695000000|  0%| F|  |TAMS 0x0000000694c00000, 0x0000000694c00000| Untracked 
| 596|0x0000000695000000, 0x0000000695000000, 0x0000000695400000|  0%| F|  |TAMS 0x0000000695000000, 0x0000000695000000| Untracked 
| 597|0x0000000695400000, 0x0000000695400000, 0x0000000695800000|  0%| F|  |TAMS 0x0000000695400000, 0x0000000695400000| Untracked 
| 598|0x0000000695800000, 0x0000000695800000, 0x0000000695c00000|  0%| F|  |TAMS 0x0000000695800000, 0x0000000695800000| Untracked 
| 599|0x0000000695c00000, 0x0000000695c00000, 0x0000000696000000|  0%| F|  |TAMS 0x0000000695c00000, 0x0000000695c00000| Untracked 
| 600|0x0000000696000000, 0x0000000696000000, 0x0000000696400000|  0%| F|  |TAMS 0x0000000696000000, 0x0000000696000000| Untracked 
| 601|0x0000000696400000, 0x0000000696400000, 0x0000000696800000|  0%| F|  |TAMS 0x0000000696400000, 0x0000000696400000| Untracked 
| 602|0x0000000696800000, 0x0000000696800000, 0x0000000696c00000|  0%| F|  |TAMS 0x0000000696800000, 0x0000000696800000| Untracked 
| 603|0x0000000696c00000, 0x0000000696c00000, 0x0000000697000000|  0%| F|  |TAMS 0x0000000696c00000, 0x0000000696c00000| Untracked 
| 604|0x0000000697000000, 0x0000000697000000, 0x0000000697400000|  0%| F|  |TAMS 0x0000000697000000, 0x0000000697000000| Untracked 
| 605|0x0000000697400000, 0x0000000697400000, 0x0000000697800000|  0%| F|  |TAMS 0x0000000697400000, 0x0000000697400000| Untracked 
| 606|0x0000000697800000, 0x0000000697800000, 0x0000000697c00000|  0%| F|  |TAMS 0x0000000697800000, 0x0000000697800000| Untracked 
| 607|0x0000000697c00000, 0x0000000697c00000, 0x0000000698000000|  0%| F|  |TAMS 0x0000000697c00000, 0x0000000697c00000| Untracked 
| 608|0x0000000698000000, 0x0000000698000000, 0x0000000698400000|  0%| F|  |TAMS 0x0000000698000000, 0x0000000698000000| Untracked 
| 609|0x0000000698400000, 0x0000000698400000, 0x0000000698800000|  0%| F|  |TAMS 0x0000000698400000, 0x0000000698400000| Untracked 
| 610|0x0000000698800000, 0x0000000698800000, 0x0000000698c00000|  0%| F|  |TAMS 0x0000000698800000, 0x0000000698800000| Untracked 
| 611|0x0000000698c00000, 0x0000000698c00000, 0x0000000699000000|  0%| F|  |TAMS 0x0000000698c00000, 0x0000000698c00000| Untracked 
| 612|0x0000000699000000, 0x0000000699000000, 0x0000000699400000|  0%| F|  |TAMS 0x0000000699000000, 0x0000000699000000| Untracked 
| 613|0x0000000699400000, 0x0000000699400000, 0x0000000699800000|  0%| F|  |TAMS 0x0000000699400000, 0x0000000699400000| Untracked 
| 614|0x0000000699800000, 0x0000000699800000, 0x0000000699c00000|  0%| F|  |TAMS 0x0000000699800000, 0x0000000699800000| Untracked 
| 615|0x0000000699c00000, 0x0000000699c00000, 0x000000069a000000|  0%| F|  |TAMS 0x0000000699c00000, 0x0000000699c00000| Untracked 
| 616|0x000000069a000000, 0x000000069a000000, 0x000000069a400000|  0%| F|  |TAMS 0x000000069a000000, 0x000000069a000000| Untracked 
| 617|0x000000069a400000, 0x000000069a400000, 0x000000069a800000|  0%| F|  |TAMS 0x000000069a400000, 0x000000069a400000| Untracked 
| 618|0x000000069a800000, 0x000000069a800000, 0x000000069ac00000|  0%| F|  |TAMS 0x000000069a800000, 0x000000069a800000| Untracked 
| 619|0x000000069ac00000, 0x000000069ac00000, 0x000000069b000000|  0%| F|  |TAMS 0x000000069ac00000, 0x000000069ac00000| Untracked 
| 620|0x000000069b000000, 0x000000069b000000, 0x000000069b400000|  0%| F|  |TAMS 0x000000069b000000, 0x000000069b000000| Untracked 
| 621|0x000000069b400000, 0x000000069b400000, 0x000000069b800000|  0%| F|  |TAMS 0x000000069b400000, 0x000000069b400000| Untracked 
| 622|0x000000069b800000, 0x000000069b800000, 0x000000069bc00000|  0%| F|  |TAMS 0x000000069b800000, 0x000000069b800000| Untracked 
| 623|0x000000069bc00000, 0x000000069bc00000, 0x000000069c000000|  0%| F|  |TAMS 0x000000069bc00000, 0x000000069bc00000| Untracked 
| 624|0x000000069c000000, 0x000000069c000000, 0x000000069c400000|  0%| F|  |TAMS 0x000000069c000000, 0x000000069c000000| Untracked 
| 625|0x000000069c400000, 0x000000069c400000, 0x000000069c800000|  0%| F|  |TAMS 0x000000069c400000, 0x000000069c400000| Untracked 
| 626|0x000000069c800000, 0x000000069c800000, 0x000000069cc00000|  0%| F|  |TAMS 0x000000069c800000, 0x000000069c800000| Untracked 
| 627|0x000000069cc00000, 0x000000069cc00000, 0x000000069d000000|  0%| F|  |TAMS 0x000000069cc00000, 0x000000069cc00000| Untracked 
| 628|0x000000069d000000, 0x000000069d000000, 0x000000069d400000|  0%| F|  |TAMS 0x000000069d000000, 0x000000069d000000| Untracked 
| 629|0x000000069d400000, 0x000000069d400000, 0x000000069d800000|  0%| F|  |TAMS 0x000000069d400000, 0x000000069d400000| Untracked 
| 630|0x000000069d800000, 0x000000069d800000, 0x000000069dc00000|  0%| F|  |TAMS 0x000000069d800000, 0x000000069d800000| Untracked 
| 631|0x000000069dc00000, 0x000000069dc00000, 0x000000069e000000|  0%| F|  |TAMS 0x000000069dc00000, 0x000000069dc00000| Untracked 
| 632|0x000000069e000000, 0x000000069e000000, 0x000000069e400000|  0%| F|  |TAMS 0x000000069e000000, 0x000000069e000000| Untracked 
| 633|0x000000069e400000, 0x000000069e400000, 0x000000069e800000|  0%| F|  |TAMS 0x000000069e400000, 0x000000069e400000| Untracked 
| 634|0x000000069e800000, 0x000000069e800000, 0x000000069ec00000|  0%| F|  |TAMS 0x000000069e800000, 0x000000069e800000| Untracked 
| 635|0x000000069ec00000, 0x000000069ec00000, 0x000000069f000000|  0%| F|  |TAMS 0x000000069ec00000, 0x000000069ec00000| Untracked 
| 636|0x000000069f000000, 0x000000069f000000, 0x000000069f400000|  0%| F|  |TAMS 0x000000069f000000, 0x000000069f000000| Untracked 
| 637|0x000000069f400000, 0x000000069f400000, 0x000000069f800000|  0%| F|  |TAMS 0x000000069f400000, 0x000000069f400000| Untracked 
| 638|0x000000069f800000, 0x000000069f800000, 0x000000069fc00000|  0%| F|  |TAMS 0x000000069f800000, 0x000000069f800000| Untracked 
| 639|0x000000069fc00000, 0x000000069fc00000, 0x00000006a0000000|  0%| F|  |TAMS 0x000000069fc00000, 0x000000069fc00000| Untracked 
| 640|0x00000006a0000000, 0x00000006a0000000, 0x00000006a0400000|  0%| F|  |TAMS 0x00000006a0000000, 0x00000006a0000000| Untracked 
| 641|0x00000006a0400000, 0x00000006a0400000, 0x00000006a0800000|  0%| F|  |TAMS 0x00000006a0400000, 0x00000006a0400000| Untracked 
| 642|0x00000006a0800000, 0x00000006a0800000, 0x00000006a0c00000|  0%| F|  |TAMS 0x00000006a0800000, 0x00000006a0800000| Untracked 
| 643|0x00000006a0c00000, 0x00000006a0c00000, 0x00000006a1000000|  0%| F|  |TAMS 0x00000006a0c00000, 0x00000006a0c00000| Untracked 
| 644|0x00000006a1000000, 0x00000006a1000000, 0x00000006a1400000|  0%| F|  |TAMS 0x00000006a1000000, 0x00000006a1000000| Untracked 
| 645|0x00000006a1400000, 0x00000006a1400000, 0x00000006a1800000|  0%| F|  |TAMS 0x00000006a1400000, 0x00000006a1400000| Untracked 
| 646|0x00000006a1800000, 0x00000006a1800000, 0x00000006a1c00000|  0%| F|  |TAMS 0x00000006a1800000, 0x00000006a1800000| Untracked 
| 647|0x00000006a1c00000, 0x00000006a1c00000, 0x00000006a2000000|  0%| F|  |TAMS 0x00000006a1c00000, 0x00000006a1c00000| Untracked 
| 648|0x00000006a2000000, 0x00000006a2000000, 0x00000006a2400000|  0%| F|  |TAMS 0x00000006a2000000, 0x00000006a2000000| Untracked 
| 649|0x00000006a2400000, 0x00000006a2400000, 0x00000006a2800000|  0%| F|  |TAMS 0x00000006a2400000, 0x00000006a2400000| Untracked 
| 650|0x00000006a2800000, 0x00000006a2800000, 0x00000006a2c00000|  0%| F|  |TAMS 0x00000006a2800000, 0x00000006a2800000| Untracked 
| 651|0x00000006a2c00000, 0x00000006a2c00000, 0x00000006a3000000|  0%| F|  |TAMS 0x00000006a2c00000, 0x00000006a2c00000| Untracked 
| 652|0x00000006a3000000, 0x00000006a3000000, 0x00000006a3400000|  0%| F|  |TAMS 0x00000006a3000000, 0x00000006a3000000| Untracked 
| 653|0x00000006a3400000, 0x00000006a3400000, 0x00000006a3800000|  0%| F|  |TAMS 0x00000006a3400000, 0x00000006a3400000| Untracked 
| 654|0x00000006a3800000, 0x00000006a3800000, 0x00000006a3c00000|  0%| F|  |TAMS 0x00000006a3800000, 0x00000006a3800000| Untracked 
| 655|0x00000006a3c00000, 0x00000006a3c00000, 0x00000006a4000000|  0%| F|  |TAMS 0x00000006a3c00000, 0x00000006a3c00000| Untracked 
| 656|0x00000006a4000000, 0x00000006a4000000, 0x00000006a4400000|  0%| F|  |TAMS 0x00000006a4000000, 0x00000006a4000000| Untracked 
| 657|0x00000006a4400000, 0x00000006a4400000, 0x00000006a4800000|  0%| F|  |TAMS 0x00000006a4400000, 0x00000006a4400000| Untracked 
| 658|0x00000006a4800000, 0x00000006a4800000, 0x00000006a4c00000|  0%| F|  |TAMS 0x00000006a4800000, 0x00000006a4800000| Untracked 
| 659|0x00000006a4c00000, 0x00000006a4c00000, 0x00000006a5000000|  0%| F|  |TAMS 0x00000006a4c00000, 0x00000006a4c00000| Untracked 
| 660|0x00000006a5000000, 0x00000006a5000000, 0x00000006a5400000|  0%| F|  |TAMS 0x00000006a5000000, 0x00000006a5000000| Untracked 
| 661|0x00000006a5400000, 0x00000006a5400000, 0x00000006a5800000|  0%| F|  |TAMS 0x00000006a5400000, 0x00000006a5400000| Untracked 
| 662|0x00000006a5800000, 0x00000006a5800000, 0x00000006a5c00000|  0%| F|  |TAMS 0x00000006a5800000, 0x00000006a5800000| Untracked 
| 663|0x00000006a5c00000, 0x00000006a5c00000, 0x00000006a6000000|  0%| F|  |TAMS 0x00000006a5c00000, 0x00000006a5c00000| Untracked 
| 664|0x00000006a6000000, 0x00000006a6000000, 0x00000006a6400000|  0%| F|  |TAMS 0x00000006a6000000, 0x00000006a6000000| Untracked 
| 665|0x00000006a6400000, 0x00000006a6400000, 0x00000006a6800000|  0%| F|  |TAMS 0x00000006a6400000, 0x00000006a6400000| Untracked 
| 666|0x00000006a6800000, 0x00000006a6800000, 0x00000006a6c00000|  0%| F|  |TAMS 0x00000006a6800000, 0x00000006a6800000| Untracked 
| 667|0x00000006a6c00000, 0x00000006a6c00000, 0x00000006a7000000|  0%| F|  |TAMS 0x00000006a6c00000, 0x00000006a6c00000| Untracked 
| 668|0x00000006a7000000, 0x00000006a7000000, 0x00000006a7400000|  0%| F|  |TAMS 0x00000006a7000000, 0x00000006a7000000| Untracked 
| 669|0x00000006a7400000, 0x00000006a7400000, 0x00000006a7800000|  0%| F|  |TAMS 0x00000006a7400000, 0x00000006a7400000| Untracked 
| 670|0x00000006a7800000, 0x00000006a7800000, 0x00000006a7c00000|  0%| F|  |TAMS 0x00000006a7800000, 0x00000006a7800000| Untracked 
| 671|0x00000006a7c00000, 0x00000006a7c00000, 0x00000006a8000000|  0%| F|  |TAMS 0x00000006a7c00000, 0x00000006a7c00000| Untracked 
| 672|0x00000006a8000000, 0x00000006a8000000, 0x00000006a8400000|  0%| F|  |TAMS 0x00000006a8000000, 0x00000006a8000000| Untracked 
| 673|0x00000006a8400000, 0x00000006a8400000, 0x00000006a8800000|  0%| F|  |TAMS 0x00000006a8400000, 0x00000006a8400000| Untracked 
| 674|0x00000006a8800000, 0x00000006a8800000, 0x00000006a8c00000|  0%| F|  |TAMS 0x00000006a8800000, 0x00000006a8800000| Untracked 
| 675|0x00000006a8c00000, 0x00000006a8c00000, 0x00000006a9000000|  0%| F|  |TAMS 0x00000006a8c00000, 0x00000006a8c00000| Untracked 
| 676|0x00000006a9000000, 0x00000006a9000000, 0x00000006a9400000|  0%| F|  |TAMS 0x00000006a9000000, 0x00000006a9000000| Untracked 
| 677|0x00000006a9400000, 0x00000006a9400000, 0x00000006a9800000|  0%| F|  |TAMS 0x00000006a9400000, 0x00000006a9400000| Untracked 
| 678|0x00000006a9800000, 0x00000006a9800000, 0x00000006a9c00000|  0%| F|  |TAMS 0x00000006a9800000, 0x00000006a9800000| Untracked 
| 679|0x00000006a9c00000, 0x00000006a9c00000, 0x00000006aa000000|  0%| F|  |TAMS 0x00000006a9c00000, 0x00000006a9c00000| Untracked 
| 680|0x00000006aa000000, 0x00000006aa000000, 0x00000006aa400000|  0%| F|  |TAMS 0x00000006aa000000, 0x00000006aa000000| Untracked 
| 681|0x00000006aa400000, 0x00000006aa400000, 0x00000006aa800000|  0%| F|  |TAMS 0x00000006aa400000, 0x00000006aa400000| Untracked 
| 682|0x00000006aa800000, 0x00000006aa800000, 0x00000006aac00000|  0%| F|  |TAMS 0x00000006aa800000, 0x00000006aa800000| Untracked 
| 683|0x00000006aac00000, 0x00000006aac00000, 0x00000006ab000000|  0%| F|  |TAMS 0x00000006aac00000, 0x00000006aac00000| Untracked 
| 684|0x00000006ab000000, 0x00000006ab000000, 0x00000006ab400000|  0%| F|  |TAMS 0x00000006ab000000, 0x00000006ab000000| Untracked 
| 685|0x00000006ab400000, 0x00000006ab400000, 0x00000006ab800000|  0%| F|  |TAMS 0x00000006ab400000, 0x00000006ab400000| Untracked 
| 686|0x00000006ab800000, 0x00000006ab800000, 0x00000006abc00000|  0%| F|  |TAMS 0x00000006ab800000, 0x00000006ab800000| Untracked 
| 687|0x00000006abc00000, 0x00000006abc00000, 0x00000006ac000000|  0%| F|  |TAMS 0x00000006abc00000, 0x00000006abc00000| Untracked 
| 688|0x00000006ac000000, 0x00000006ac000000, 0x00000006ac400000|  0%| F|  |TAMS 0x00000006ac000000, 0x00000006ac000000| Untracked 
| 689|0x00000006ac400000, 0x00000006ac400000, 0x00000006ac800000|  0%| F|  |TAMS 0x00000006ac400000, 0x00000006ac400000| Untracked 
| 690|0x00000006ac800000, 0x00000006ac800000, 0x00000006acc00000|  0%| F|  |TAMS 0x00000006ac800000, 0x00000006ac800000| Untracked 
| 691|0x00000006acc00000, 0x00000006acc00000, 0x00000006ad000000|  0%| F|  |TAMS 0x00000006acc00000, 0x00000006acc00000| Untracked 
| 692|0x00000006ad000000, 0x00000006ad000000, 0x00000006ad400000|  0%| F|  |TAMS 0x00000006ad000000, 0x00000006ad000000| Untracked 
| 693|0x00000006ad400000, 0x00000006ad400000, 0x00000006ad800000|  0%| F|  |TAMS 0x00000006ad400000, 0x00000006ad400000| Untracked 
| 694|0x00000006ad800000, 0x00000006ad800000, 0x00000006adc00000|  0%| F|  |TAMS 0x00000006ad800000, 0x00000006ad800000| Untracked 
| 695|0x00000006adc00000, 0x00000006adc00000, 0x00000006ae000000|  0%| F|  |TAMS 0x00000006adc00000, 0x00000006adc00000| Untracked 
| 696|0x00000006ae000000, 0x00000006ae000000, 0x00000006ae400000|  0%| F|  |TAMS 0x00000006ae000000, 0x00000006ae000000| Untracked 
| 697|0x00000006ae400000, 0x00000006ae400000, 0x00000006ae800000|  0%| F|  |TAMS 0x00000006ae400000, 0x00000006ae400000| Untracked 
| 698|0x00000006ae800000, 0x00000006ae800000, 0x00000006aec00000|  0%| F|  |TAMS 0x00000006ae800000, 0x00000006ae800000| Untracked 
| 699|0x00000006aec00000, 0x00000006aec00000, 0x00000006af000000|  0%| F|  |TAMS 0x00000006aec00000, 0x00000006aec00000| Untracked 
| 700|0x00000006af000000, 0x00000006af000000, 0x00000006af400000|  0%| F|  |TAMS 0x00000006af000000, 0x00000006af000000| Untracked 
| 701|0x00000006af400000, 0x00000006af400000, 0x00000006af800000|  0%| F|  |TAMS 0x00000006af400000, 0x00000006af400000| Untracked 
| 702|0x00000006af800000, 0x00000006af800000, 0x00000006afc00000|  0%| F|  |TAMS 0x00000006af800000, 0x00000006af800000| Untracked 
| 703|0x00000006afc00000, 0x00000006afc00000, 0x00000006b0000000|  0%| F|  |TAMS 0x00000006afc00000, 0x00000006afc00000| Untracked 
| 704|0x00000006b0000000, 0x00000006b0000000, 0x00000006b0400000|  0%| F|  |TAMS 0x00000006b0000000, 0x00000006b0000000| Untracked 
| 705|0x00000006b0400000, 0x00000006b0400000, 0x00000006b0800000|  0%| F|  |TAMS 0x00000006b0400000, 0x00000006b0400000| Untracked 
| 706|0x00000006b0800000, 0x00000006b0800000, 0x00000006b0c00000|  0%| F|  |TAMS 0x00000006b0800000, 0x00000006b0800000| Untracked 
| 707|0x00000006b0c00000, 0x00000006b0c00000, 0x00000006b1000000|  0%| F|  |TAMS 0x00000006b0c00000, 0x00000006b0c00000| Untracked 
| 708|0x00000006b1000000, 0x00000006b1000000, 0x00000006b1400000|  0%| F|  |TAMS 0x00000006b1000000, 0x00000006b1000000| Untracked 
| 709|0x00000006b1400000, 0x00000006b1400000, 0x00000006b1800000|  0%| F|  |TAMS 0x00000006b1400000, 0x00000006b1400000| Untracked 
| 710|0x00000006b1800000, 0x00000006b1800000, 0x00000006b1c00000|  0%| F|  |TAMS 0x00000006b1800000, 0x00000006b1800000| Untracked 
| 711|0x00000006b1c00000, 0x00000006b1c00000, 0x00000006b2000000|  0%| F|  |TAMS 0x00000006b1c00000, 0x00000006b1c00000| Untracked 
| 712|0x00000006b2000000, 0x00000006b2000000, 0x00000006b2400000|  0%| F|  |TAMS 0x00000006b2000000, 0x00000006b2000000| Untracked 
| 713|0x00000006b2400000, 0x00000006b2400000, 0x00000006b2800000|  0%| F|  |TAMS 0x00000006b2400000, 0x00000006b2400000| Untracked 
| 714|0x00000006b2800000, 0x00000006b2800000, 0x00000006b2c00000|  0%| F|  |TAMS 0x00000006b2800000, 0x00000006b2800000| Untracked 
| 715|0x00000006b2c00000, 0x00000006b2c00000, 0x00000006b3000000|  0%| F|  |TAMS 0x00000006b2c00000, 0x00000006b2c00000| Untracked 
| 716|0x00000006b3000000, 0x00000006b3000000, 0x00000006b3400000|  0%| F|  |TAMS 0x00000006b3000000, 0x00000006b3000000| Untracked 
| 717|0x00000006b3400000, 0x00000006b3400000, 0x00000006b3800000|  0%| F|  |TAMS 0x00000006b3400000, 0x00000006b3400000| Untracked 
| 718|0x00000006b3800000, 0x00000006b3800000, 0x00000006b3c00000|  0%| F|  |TAMS 0x00000006b3800000, 0x00000006b3800000| Untracked 
| 719|0x00000006b3c00000, 0x00000006b3c00000, 0x00000006b4000000|  0%| F|  |TAMS 0x00000006b3c00000, 0x00000006b3c00000| Untracked 
| 720|0x00000006b4000000, 0x00000006b4000000, 0x00000006b4400000|  0%| F|  |TAMS 0x00000006b4000000, 0x00000006b4000000| Untracked 
| 721|0x00000006b4400000, 0x00000006b4400000, 0x00000006b4800000|  0%| F|  |TAMS 0x00000006b4400000, 0x00000006b4400000| Untracked 
| 722|0x00000006b4800000, 0x00000006b4800000, 0x00000006b4c00000|  0%| F|  |TAMS 0x00000006b4800000, 0x00000006b4800000| Untracked 
| 723|0x00000006b4c00000, 0x00000006b4c00000, 0x00000006b5000000|  0%| F|  |TAMS 0x00000006b4c00000, 0x00000006b4c00000| Untracked 
| 724|0x00000006b5000000, 0x00000006b5000000, 0x00000006b5400000|  0%| F|  |TAMS 0x00000006b5000000, 0x00000006b5000000| Untracked 
| 725|0x00000006b5400000, 0x00000006b5400000, 0x00000006b5800000|  0%| F|  |TAMS 0x00000006b5400000, 0x00000006b5400000| Untracked 
| 726|0x00000006b5800000, 0x00000006b5800000, 0x00000006b5c00000|  0%| F|  |TAMS 0x00000006b5800000, 0x00000006b5800000| Untracked 
| 727|0x00000006b5c00000, 0x00000006b5c00000, 0x00000006b6000000|  0%| F|  |TAMS 0x00000006b5c00000, 0x00000006b5c00000| Untracked 
| 728|0x00000006b6000000, 0x00000006b6000000, 0x00000006b6400000|  0%| F|  |TAMS 0x00000006b6000000, 0x00000006b6000000| Untracked 
| 729|0x00000006b6400000, 0x00000006b6400000, 0x00000006b6800000|  0%| F|  |TAMS 0x00000006b6400000, 0x00000006b6400000| Untracked 
| 730|0x00000006b6800000, 0x00000006b6800000, 0x00000006b6c00000|  0%| F|  |TAMS 0x00000006b6800000, 0x00000006b6800000| Untracked 
| 731|0x00000006b6c00000, 0x00000006b6c00000, 0x00000006b7000000|  0%| F|  |TAMS 0x00000006b6c00000, 0x00000006b6c00000| Untracked 
| 732|0x00000006b7000000, 0x00000006b7000000, 0x00000006b7400000|  0%| F|  |TAMS 0x00000006b7000000, 0x00000006b7000000| Untracked 
| 733|0x00000006b7400000, 0x00000006b7400000, 0x00000006b7800000|  0%| F|  |TAMS 0x00000006b7400000, 0x00000006b7400000| Untracked 
| 734|0x00000006b7800000, 0x00000006b7800000, 0x00000006b7c00000|  0%| F|  |TAMS 0x00000006b7800000, 0x00000006b7800000| Untracked 
| 735|0x00000006b7c00000, 0x00000006b7c00000, 0x00000006b8000000|  0%| F|  |TAMS 0x00000006b7c00000, 0x00000006b7c00000| Untracked 
| 736|0x00000006b8000000, 0x00000006b8000000, 0x00000006b8400000|  0%| F|  |TAMS 0x00000006b8000000, 0x00000006b8000000| Untracked 
| 737|0x00000006b8400000, 0x00000006b8400000, 0x00000006b8800000|  0%| F|  |TAMS 0x00000006b8400000, 0x00000006b8400000| Untracked 
| 738|0x00000006b8800000, 0x00000006b8800000, 0x00000006b8c00000|  0%| F|  |TAMS 0x00000006b8800000, 0x00000006b8800000| Untracked 
| 739|0x00000006b8c00000, 0x00000006b8c00000, 0x00000006b9000000|  0%| F|  |TAMS 0x00000006b8c00000, 0x00000006b8c00000| Untracked 
| 740|0x00000006b9000000, 0x00000006b9000000, 0x00000006b9400000|  0%| F|  |TAMS 0x00000006b9000000, 0x00000006b9000000| Untracked 
| 741|0x00000006b9400000, 0x00000006b9400000, 0x00000006b9800000|  0%| F|  |TAMS 0x00000006b9400000, 0x00000006b9400000| Untracked 
| 742|0x00000006b9800000, 0x00000006b9800000, 0x00000006b9c00000|  0%| F|  |TAMS 0x00000006b9800000, 0x00000006b9800000| Untracked 
| 743|0x00000006b9c00000, 0x00000006b9c00000, 0x00000006ba000000|  0%| F|  |TAMS 0x00000006b9c00000, 0x00000006b9c00000| Untracked 
| 744|0x00000006ba000000, 0x00000006ba000000, 0x00000006ba400000|  0%| F|  |TAMS 0x00000006ba000000, 0x00000006ba000000| Untracked 
| 745|0x00000006ba400000, 0x00000006ba400000, 0x00000006ba800000|  0%| F|  |TAMS 0x00000006ba400000, 0x00000006ba400000| Untracked 
| 746|0x00000006ba800000, 0x00000006ba800000, 0x00000006bac00000|  0%| F|  |TAMS 0x00000006ba800000, 0x00000006ba800000| Untracked 
| 747|0x00000006bac00000, 0x00000006bac00000, 0x00000006bb000000|  0%| F|  |TAMS 0x00000006bac00000, 0x00000006bac00000| Untracked 
| 748|0x00000006bb000000, 0x00000006bb000000, 0x00000006bb400000|  0%| F|  |TAMS 0x00000006bb000000, 0x00000006bb000000| Untracked 
| 749|0x00000006bb400000, 0x00000006bb400000, 0x00000006bb800000|  0%| F|  |TAMS 0x00000006bb400000, 0x00000006bb400000| Untracked 
| 750|0x00000006bb800000, 0x00000006bb800000, 0x00000006bbc00000|  0%| F|  |TAMS 0x00000006bb800000, 0x00000006bb800000| Untracked 
| 751|0x00000006bbc00000, 0x00000006bbc00000, 0x00000006bc000000|  0%| F|  |TAMS 0x00000006bbc00000, 0x00000006bbc00000| Untracked 
| 752|0x00000006bc000000, 0x00000006bc000000, 0x00000006bc400000|  0%| F|  |TAMS 0x00000006bc000000, 0x00000006bc000000| Untracked 
| 753|0x00000006bc400000, 0x00000006bc400000, 0x00000006bc800000|  0%| F|  |TAMS 0x00000006bc400000, 0x00000006bc400000| Untracked 
| 754|0x00000006bc800000, 0x00000006bc800000, 0x00000006bcc00000|  0%| F|  |TAMS 0x00000006bc800000, 0x00000006bc800000| Untracked 
| 755|0x00000006bcc00000, 0x00000006bcc00000, 0x00000006bd000000|  0%| F|  |TAMS 0x00000006bcc00000, 0x00000006bcc00000| Untracked 
| 756|0x00000006bd000000, 0x00000006bd000000, 0x00000006bd400000|  0%| F|  |TAMS 0x00000006bd000000, 0x00000006bd000000| Untracked 
| 757|0x00000006bd400000, 0x00000006bd400000, 0x00000006bd800000|  0%| F|  |TAMS 0x00000006bd400000, 0x00000006bd400000| Untracked 
| 758|0x00000006bd800000, 0x00000006bd800000, 0x00000006bdc00000|  0%| F|  |TAMS 0x00000006bd800000, 0x00000006bd800000| Untracked 
| 759|0x00000006bdc00000, 0x00000006bdc00000, 0x00000006be000000|  0%| F|  |TAMS 0x00000006bdc00000, 0x00000006bdc00000| Untracked 
| 760|0x00000006be000000, 0x00000006be000000, 0x00000006be400000|  0%| F|  |TAMS 0x00000006be000000, 0x00000006be000000| Untracked 
| 761|0x00000006be400000, 0x00000006be400000, 0x00000006be800000|  0%| F|  |TAMS 0x00000006be400000, 0x00000006be400000| Untracked 
| 762|0x00000006be800000, 0x00000006be800000, 0x00000006bec00000|  0%| F|  |TAMS 0x00000006be800000, 0x00000006be800000| Untracked 
| 763|0x00000006bec00000, 0x00000006bec00000, 0x00000006bf000000|  0%| F|  |TAMS 0x00000006bec00000, 0x00000006bec00000| Untracked 
| 764|0x00000006bf000000, 0x00000006bf000000, 0x00000006bf400000|  0%| F|  |TAMS 0x00000006bf000000, 0x00000006bf000000| Untracked 
| 765|0x00000006bf400000, 0x00000006bf400000, 0x00000006bf800000|  0%| F|  |TAMS 0x00000006bf400000, 0x00000006bf400000| Untracked 
| 766|0x00000006bf800000, 0x00000006bf800000, 0x00000006bfc00000|  0%| F|  |TAMS 0x00000006bf800000, 0x00000006bf800000| Untracked 
| 767|0x00000006bfc00000, 0x00000006bfc00000, 0x00000006c0000000|  0%| F|  |TAMS 0x00000006bfc00000, 0x00000006bfc00000| Untracked 
| 768|0x00000006c0000000, 0x00000006c0000000, 0x00000006c0400000|  0%| F|  |TAMS 0x00000006c0000000, 0x00000006c0000000| Untracked 
| 769|0x00000006c0400000, 0x00000006c0400000, 0x00000006c0800000|  0%| F|  |TAMS 0x00000006c0400000, 0x00000006c0400000| Untracked 
| 770|0x00000006c0800000, 0x00000006c0800000, 0x00000006c0c00000|  0%| F|  |TAMS 0x00000006c0800000, 0x00000006c0800000| Untracked 
| 771|0x00000006c0c00000, 0x00000006c0c00000, 0x00000006c1000000|  0%| F|  |TAMS 0x00000006c0c00000, 0x00000006c0c00000| Untracked 
| 772|0x00000006c1000000, 0x00000006c1000000, 0x00000006c1400000|  0%| F|  |TAMS 0x00000006c1000000, 0x00000006c1000000| Untracked 
| 773|0x00000006c1400000, 0x00000006c1400000, 0x00000006c1800000|  0%| F|  |TAMS 0x00000006c1400000, 0x00000006c1400000| Untracked 
| 774|0x00000006c1800000, 0x00000006c1800000, 0x00000006c1c00000|  0%| F|  |TAMS 0x00000006c1800000, 0x00000006c1800000| Untracked 
| 775|0x00000006c1c00000, 0x00000006c1c00000, 0x00000006c2000000|  0%| F|  |TAMS 0x00000006c1c00000, 0x00000006c1c00000| Untracked 
| 776|0x00000006c2000000, 0x00000006c2000000, 0x00000006c2400000|  0%| F|  |TAMS 0x00000006c2000000, 0x00000006c2000000| Untracked 
| 777|0x00000006c2400000, 0x00000006c2400000, 0x00000006c2800000|  0%| F|  |TAMS 0x00000006c2400000, 0x00000006c2400000| Untracked 
| 778|0x00000006c2800000, 0x00000006c2800000, 0x00000006c2c00000|  0%| F|  |TAMS 0x00000006c2800000, 0x00000006c2800000| Untracked 
| 779|0x00000006c2c00000, 0x00000006c2c00000, 0x00000006c3000000|  0%| F|  |TAMS 0x00000006c2c00000, 0x00000006c2c00000| Untracked 
| 780|0x00000006c3000000, 0x00000006c3000000, 0x00000006c3400000|  0%| F|  |TAMS 0x00000006c3000000, 0x00000006c3000000| Untracked 
| 781|0x00000006c3400000, 0x00000006c3400000, 0x00000006c3800000|  0%| F|  |TAMS 0x00000006c3400000, 0x00000006c3400000| Untracked 
| 782|0x00000006c3800000, 0x00000006c3800000, 0x00000006c3c00000|  0%| F|  |TAMS 0x00000006c3800000, 0x00000006c3800000| Untracked 
| 783|0x00000006c3c00000, 0x00000006c3c00000, 0x00000006c4000000|  0%| F|  |TAMS 0x00000006c3c00000, 0x00000006c3c00000| Untracked 
| 784|0x00000006c4000000, 0x00000006c4000000, 0x00000006c4400000|  0%| F|  |TAMS 0x00000006c4000000, 0x00000006c4000000| Untracked 
| 785|0x00000006c4400000, 0x00000006c4400000, 0x00000006c4800000|  0%| F|  |TAMS 0x00000006c4400000, 0x00000006c4400000| Untracked 
| 786|0x00000006c4800000, 0x00000006c4800000, 0x00000006c4c00000|  0%| F|  |TAMS 0x00000006c4800000, 0x00000006c4800000| Untracked 
| 787|0x00000006c4c00000, 0x00000006c4c00000, 0x00000006c5000000|  0%| F|  |TAMS 0x00000006c4c00000, 0x00000006c4c00000| Untracked 
| 788|0x00000006c5000000, 0x00000006c5000000, 0x00000006c5400000|  0%| F|  |TAMS 0x00000006c5000000, 0x00000006c5000000| Untracked 
| 789|0x00000006c5400000, 0x00000006c5400000, 0x00000006c5800000|  0%| F|  |TAMS 0x00000006c5400000, 0x00000006c5400000| Untracked 
| 790|0x00000006c5800000, 0x00000006c5800000, 0x00000006c5c00000|  0%| F|  |TAMS 0x00000006c5800000, 0x00000006c5800000| Untracked 
| 791|0x00000006c5c00000, 0x00000006c5c00000, 0x00000006c6000000|  0%| F|  |TAMS 0x00000006c5c00000, 0x00000006c5c00000| Untracked 
| 792|0x00000006c6000000, 0x00000006c6000000, 0x00000006c6400000|  0%| F|  |TAMS 0x00000006c6000000, 0x00000006c6000000| Untracked 
| 793|0x00000006c6400000, 0x00000006c6400000, 0x00000006c6800000|  0%| F|  |TAMS 0x00000006c6400000, 0x00000006c6400000| Untracked 
| 794|0x00000006c6800000, 0x00000006c6800000, 0x00000006c6c00000|  0%| F|  |TAMS 0x00000006c6800000, 0x00000006c6800000| Untracked 
| 795|0x00000006c6c00000, 0x00000006c6c00000, 0x00000006c7000000|  0%| F|  |TAMS 0x00000006c6c00000, 0x00000006c6c00000| Untracked 
| 796|0x00000006c7000000, 0x00000006c7000000, 0x00000006c7400000|  0%| F|  |TAMS 0x00000006c7000000, 0x00000006c7000000| Untracked 
| 797|0x00000006c7400000, 0x00000006c7400000, 0x00000006c7800000|  0%| F|  |TAMS 0x00000006c7400000, 0x00000006c7400000| Untracked 
| 798|0x00000006c7800000, 0x00000006c7800000, 0x00000006c7c00000|  0%| F|  |TAMS 0x00000006c7800000, 0x00000006c7800000| Untracked 
| 799|0x00000006c7c00000, 0x00000006c7c00000, 0x00000006c8000000|  0%| F|  |TAMS 0x00000006c7c00000, 0x00000006c7c00000| Untracked 
| 800|0x00000006c8000000, 0x00000006c8000000, 0x00000006c8400000|  0%| F|  |TAMS 0x00000006c8000000, 0x00000006c8000000| Untracked 
| 801|0x00000006c8400000, 0x00000006c8400000, 0x00000006c8800000|  0%| F|  |TAMS 0x00000006c8400000, 0x00000006c8400000| Untracked 
| 802|0x00000006c8800000, 0x00000006c8800000, 0x00000006c8c00000|  0%| F|  |TAMS 0x00000006c8800000, 0x00000006c8800000| Untracked 
| 803|0x00000006c8c00000, 0x00000006c8c00000, 0x00000006c9000000|  0%| F|  |TAMS 0x00000006c8c00000, 0x00000006c8c00000| Untracked 
| 804|0x00000006c9000000, 0x00000006c9000000, 0x00000006c9400000|  0%| F|  |TAMS 0x00000006c9000000, 0x00000006c9000000| Untracked 
| 805|0x00000006c9400000, 0x00000006c9400000, 0x00000006c9800000|  0%| F|  |TAMS 0x00000006c9400000, 0x00000006c9400000| Untracked 
| 806|0x00000006c9800000, 0x00000006c9800000, 0x00000006c9c00000|  0%| F|  |TAMS 0x00000006c9800000, 0x00000006c9800000| Untracked 
| 807|0x00000006c9c00000, 0x00000006c9c00000, 0x00000006ca000000|  0%| F|  |TAMS 0x00000006c9c00000, 0x00000006c9c00000| Untracked 
| 808|0x00000006ca000000, 0x00000006ca000000, 0x00000006ca400000|  0%| F|  |TAMS 0x00000006ca000000, 0x00000006ca000000| Untracked 
| 809|0x00000006ca400000, 0x00000006ca400000, 0x00000006ca800000|  0%| F|  |TAMS 0x00000006ca400000, 0x00000006ca400000| Untracked 
| 810|0x00000006ca800000, 0x00000006ca800000, 0x00000006cac00000|  0%| F|  |TAMS 0x00000006ca800000, 0x00000006ca800000| Untracked 
| 811|0x00000006cac00000, 0x00000006cac00000, 0x00000006cb000000|  0%| F|  |TAMS 0x00000006cac00000, 0x00000006cac00000| Untracked 
| 812|0x00000006cb000000, 0x00000006cb000000, 0x00000006cb400000|  0%| F|  |TAMS 0x00000006cb000000, 0x00000006cb000000| Untracked 
| 813|0x00000006cb400000, 0x00000006cb400000, 0x00000006cb800000|  0%| F|  |TAMS 0x00000006cb400000, 0x00000006cb400000| Untracked 
| 814|0x00000006cb800000, 0x00000006cb800000, 0x00000006cbc00000|  0%| F|  |TAMS 0x00000006cb800000, 0x00000006cb800000| Untracked 
| 815|0x00000006cbc00000, 0x00000006cbc00000, 0x00000006cc000000|  0%| F|  |TAMS 0x00000006cbc00000, 0x00000006cbc00000| Untracked 
| 816|0x00000006cc000000, 0x00000006cc000000, 0x00000006cc400000|  0%| F|  |TAMS 0x00000006cc000000, 0x00000006cc000000| Untracked 
| 817|0x00000006cc400000, 0x00000006cc400000, 0x00000006cc800000|  0%| F|  |TAMS 0x00000006cc400000, 0x00000006cc400000| Untracked 
| 818|0x00000006cc800000, 0x00000006cc800000, 0x00000006ccc00000|  0%| F|  |TAMS 0x00000006cc800000, 0x00000006cc800000| Untracked 
| 819|0x00000006ccc00000, 0x00000006ccc00000, 0x00000006cd000000|  0%| F|  |TAMS 0x00000006ccc00000, 0x00000006ccc00000| Untracked 
| 820|0x00000006cd000000, 0x00000006cd000000, 0x00000006cd400000|  0%| F|  |TAMS 0x00000006cd000000, 0x00000006cd000000| Untracked 
| 821|0x00000006cd400000, 0x00000006cd400000, 0x00000006cd800000|  0%| F|  |TAMS 0x00000006cd400000, 0x00000006cd400000| Untracked 
| 822|0x00000006cd800000, 0x00000006cd800000, 0x00000006cdc00000|  0%| F|  |TAMS 0x00000006cd800000, 0x00000006cd800000| Untracked 
| 823|0x00000006cdc00000, 0x00000006cdc00000, 0x00000006ce000000|  0%| F|  |TAMS 0x00000006cdc00000, 0x00000006cdc00000| Untracked 
| 824|0x00000006ce000000, 0x00000006ce000000, 0x00000006ce400000|  0%| F|  |TAMS 0x00000006ce000000, 0x00000006ce000000| Untracked 
| 825|0x00000006ce400000, 0x00000006ce400000, 0x00000006ce800000|  0%| F|  |TAMS 0x00000006ce400000, 0x00000006ce400000| Untracked 
| 826|0x00000006ce800000, 0x00000006ce800000, 0x00000006cec00000|  0%| F|  |TAMS 0x00000006ce800000, 0x00000006ce800000| Untracked 
| 827|0x00000006cec00000, 0x00000006cec00000, 0x00000006cf000000|  0%| F|  |TAMS 0x00000006cec00000, 0x00000006cec00000| Untracked 
| 828|0x00000006cf000000, 0x00000006cf000000, 0x00000006cf400000|  0%| F|  |TAMS 0x00000006cf000000, 0x00000006cf000000| Untracked 
| 829|0x00000006cf400000, 0x00000006cf400000, 0x00000006cf800000|  0%| F|  |TAMS 0x00000006cf400000, 0x00000006cf400000| Untracked 
| 830|0x00000006cf800000, 0x00000006cf800000, 0x00000006cfc00000|  0%| F|  |TAMS 0x00000006cf800000, 0x00000006cf800000| Untracked 
| 831|0x00000006cfc00000, 0x00000006cfc00000, 0x00000006d0000000|  0%| F|  |TAMS 0x00000006cfc00000, 0x00000006cfc00000| Untracked 
| 832|0x00000006d0000000, 0x00000006d0000000, 0x00000006d0400000|  0%| F|  |TAMS 0x00000006d0000000, 0x00000006d0000000| Untracked 
| 833|0x00000006d0400000, 0x00000006d0400000, 0x00000006d0800000|  0%| F|  |TAMS 0x00000006d0400000, 0x00000006d0400000| Untracked 
| 834|0x00000006d0800000, 0x00000006d0800000, 0x00000006d0c00000|  0%| F|  |TAMS 0x00000006d0800000, 0x00000006d0800000| Untracked 
| 835|0x00000006d0c00000, 0x00000006d0c00000, 0x00000006d1000000|  0%| F|  |TAMS 0x00000006d0c00000, 0x00000006d0c00000| Untracked 
| 836|0x00000006d1000000, 0x00000006d1000000, 0x00000006d1400000|  0%| F|  |TAMS 0x00000006d1000000, 0x00000006d1000000| Untracked 
| 837|0x00000006d1400000, 0x00000006d1400000, 0x00000006d1800000|  0%| F|  |TAMS 0x00000006d1400000, 0x00000006d1400000| Untracked 
| 838|0x00000006d1800000, 0x00000006d1800000, 0x00000006d1c00000|  0%| F|  |TAMS 0x00000006d1800000, 0x00000006d1800000| Untracked 
| 839|0x00000006d1c00000, 0x00000006d1c00000, 0x00000006d2000000|  0%| F|  |TAMS 0x00000006d1c00000, 0x00000006d1c00000| Untracked 
| 840|0x00000006d2000000, 0x00000006d2000000, 0x00000006d2400000|  0%| F|  |TAMS 0x00000006d2000000, 0x00000006d2000000| Untracked 
| 841|0x00000006d2400000, 0x00000006d2400000, 0x00000006d2800000|  0%| F|  |TAMS 0x00000006d2400000, 0x00000006d2400000| Untracked 
| 842|0x00000006d2800000, 0x00000006d2800000, 0x00000006d2c00000|  0%| F|  |TAMS 0x00000006d2800000, 0x00000006d2800000| Untracked 
| 843|0x00000006d2c00000, 0x00000006d2c00000, 0x00000006d3000000|  0%| F|  |TAMS 0x00000006d2c00000, 0x00000006d2c00000| Untracked 
| 844|0x00000006d3000000, 0x00000006d3000000, 0x00000006d3400000|  0%| F|  |TAMS 0x00000006d3000000, 0x00000006d3000000| Untracked 
| 845|0x00000006d3400000, 0x00000006d3400000, 0x00000006d3800000|  0%| F|  |TAMS 0x00000006d3400000, 0x00000006d3400000| Untracked 
| 846|0x00000006d3800000, 0x00000006d3800000, 0x00000006d3c00000|  0%| F|  |TAMS 0x00000006d3800000, 0x00000006d3800000| Untracked 
| 847|0x00000006d3c00000, 0x00000006d3c00000, 0x00000006d4000000|  0%| F|  |TAMS 0x00000006d3c00000, 0x00000006d3c00000| Untracked 
| 848|0x00000006d4000000, 0x00000006d4000000, 0x00000006d4400000|  0%| F|  |TAMS 0x00000006d4000000, 0x00000006d4000000| Untracked 
| 849|0x00000006d4400000, 0x00000006d4400000, 0x00000006d4800000|  0%| F|  |TAMS 0x00000006d4400000, 0x00000006d4400000| Untracked 
| 850|0x00000006d4800000, 0x00000006d4800000, 0x00000006d4c00000|  0%| F|  |TAMS 0x00000006d4800000, 0x00000006d4800000| Untracked 
| 851|0x00000006d4c00000, 0x00000006d4c00000, 0x00000006d5000000|  0%| F|  |TAMS 0x00000006d4c00000, 0x00000006d4c00000| Untracked 
| 852|0x00000006d5000000, 0x00000006d5000000, 0x00000006d5400000|  0%| F|  |TAMS 0x00000006d5000000, 0x00000006d5000000| Untracked 
| 853|0x00000006d5400000, 0x00000006d5400000, 0x00000006d5800000|  0%| F|  |TAMS 0x00000006d5400000, 0x00000006d5400000| Untracked 
| 854|0x00000006d5800000, 0x00000006d5800000, 0x00000006d5c00000|  0%| F|  |TAMS 0x00000006d5800000, 0x00000006d5800000| Untracked 
| 855|0x00000006d5c00000, 0x00000006d5c00000, 0x00000006d6000000|  0%| F|  |TAMS 0x00000006d5c00000, 0x00000006d5c00000| Untracked 
| 856|0x00000006d6000000, 0x00000006d6000000, 0x00000006d6400000|  0%| F|  |TAMS 0x00000006d6000000, 0x00000006d6000000| Untracked 
| 857|0x00000006d6400000, 0x00000006d6400000, 0x00000006d6800000|  0%| F|  |TAMS 0x00000006d6400000, 0x00000006d6400000| Untracked 
| 858|0x00000006d6800000, 0x00000006d6800000, 0x00000006d6c00000|  0%| F|  |TAMS 0x00000006d6800000, 0x00000006d6800000| Untracked 
| 859|0x00000006d6c00000, 0x00000006d6c00000, 0x00000006d7000000|  0%| F|  |TAMS 0x00000006d6c00000, 0x00000006d6c00000| Untracked 
| 860|0x00000006d7000000, 0x00000006d7000000, 0x00000006d7400000|  0%| F|  |TAMS 0x00000006d7000000, 0x00000006d7000000| Untracked 
| 861|0x00000006d7400000, 0x00000006d7400000, 0x00000006d7800000|  0%| F|  |TAMS 0x00000006d7400000, 0x00000006d7400000| Untracked 
| 862|0x00000006d7800000, 0x00000006d7800000, 0x00000006d7c00000|  0%| F|  |TAMS 0x00000006d7800000, 0x00000006d7800000| Untracked 
| 863|0x00000006d7c00000, 0x00000006d7c00000, 0x00000006d8000000|  0%| F|  |TAMS 0x00000006d7c00000, 0x00000006d7c00000| Untracked 
| 864|0x00000006d8000000, 0x00000006d8000000, 0x00000006d8400000|  0%| F|  |TAMS 0x00000006d8000000, 0x00000006d8000000| Untracked 
| 865|0x00000006d8400000, 0x00000006d8400000, 0x00000006d8800000|  0%| F|  |TAMS 0x00000006d8400000, 0x00000006d8400000| Untracked 
| 866|0x00000006d8800000, 0x00000006d8800000, 0x00000006d8c00000|  0%| F|  |TAMS 0x00000006d8800000, 0x00000006d8800000| Untracked 
| 867|0x00000006d8c00000, 0x00000006d8c00000, 0x00000006d9000000|  0%| F|  |TAMS 0x00000006d8c00000, 0x00000006d8c00000| Untracked 
| 868|0x00000006d9000000, 0x00000006d9000000, 0x00000006d9400000|  0%| F|  |TAMS 0x00000006d9000000, 0x00000006d9000000| Untracked 
| 869|0x00000006d9400000, 0x00000006d9400000, 0x00000006d9800000|  0%| F|  |TAMS 0x00000006d9400000, 0x00000006d9400000| Untracked 
| 870|0x00000006d9800000, 0x00000006d9800000, 0x00000006d9c00000|  0%| F|  |TAMS 0x00000006d9800000, 0x00000006d9800000| Untracked 
| 871|0x00000006d9c00000, 0x00000006d9c00000, 0x00000006da000000|  0%| F|  |TAMS 0x00000006d9c00000, 0x00000006d9c00000| Untracked 
| 872|0x00000006da000000, 0x00000006da000000, 0x00000006da400000|  0%| F|  |TAMS 0x00000006da000000, 0x00000006da000000| Untracked 
| 873|0x00000006da400000, 0x00000006da400000, 0x00000006da800000|  0%| F|  |TAMS 0x00000006da400000, 0x00000006da400000| Untracked 
| 874|0x00000006da800000, 0x00000006da800000, 0x00000006dac00000|  0%| F|  |TAMS 0x00000006da800000, 0x00000006da800000| Untracked 
| 875|0x00000006dac00000, 0x00000006dac00000, 0x00000006db000000|  0%| F|  |TAMS 0x00000006dac00000, 0x00000006dac00000| Untracked 
| 876|0x00000006db000000, 0x00000006db000000, 0x00000006db400000|  0%| F|  |TAMS 0x00000006db000000, 0x00000006db000000| Untracked 
| 877|0x00000006db400000, 0x00000006db400000, 0x00000006db800000|  0%| F|  |TAMS 0x00000006db400000, 0x00000006db400000| Untracked 
| 878|0x00000006db800000, 0x00000006db800000, 0x00000006dbc00000|  0%| F|  |TAMS 0x00000006db800000, 0x00000006db800000| Untracked 
| 879|0x00000006dbc00000, 0x00000006dbc00000, 0x00000006dc000000|  0%| F|  |TAMS 0x00000006dbc00000, 0x00000006dbc00000| Untracked 
| 880|0x00000006dc000000, 0x00000006dc000000, 0x00000006dc400000|  0%| F|  |TAMS 0x00000006dc000000, 0x00000006dc000000| Untracked 
| 881|0x00000006dc400000, 0x00000006dc400000, 0x00000006dc800000|  0%| F|  |TAMS 0x00000006dc400000, 0x00000006dc400000| Untracked 
| 882|0x00000006dc800000, 0x00000006dc800000, 0x00000006dcc00000|  0%| F|  |TAMS 0x00000006dc800000, 0x00000006dc800000| Untracked 
| 883|0x00000006dcc00000, 0x00000006dcc00000, 0x00000006dd000000|  0%| F|  |TAMS 0x00000006dcc00000, 0x00000006dcc00000| Untracked 
| 884|0x00000006dd000000, 0x00000006dd000000, 0x00000006dd400000|  0%| F|  |TAMS 0x00000006dd000000, 0x00000006dd000000| Untracked 
| 885|0x00000006dd400000, 0x00000006dd400000, 0x00000006dd800000|  0%| F|  |TAMS 0x00000006dd400000, 0x00000006dd400000| Untracked 
| 886|0x00000006dd800000, 0x00000006dd800000, 0x00000006ddc00000|  0%| F|  |TAMS 0x00000006dd800000, 0x00000006dd800000| Untracked 
| 887|0x00000006ddc00000, 0x00000006ddc00000, 0x00000006de000000|  0%| F|  |TAMS 0x00000006ddc00000, 0x00000006ddc00000| Untracked 
| 888|0x00000006de000000, 0x00000006de000000, 0x00000006de400000|  0%| F|  |TAMS 0x00000006de000000, 0x00000006de000000| Untracked 
| 889|0x00000006de400000, 0x00000006de400000, 0x00000006de800000|  0%| F|  |TAMS 0x00000006de400000, 0x00000006de400000| Untracked 
| 890|0x00000006de800000, 0x00000006de800000, 0x00000006dec00000|  0%| F|  |TAMS 0x00000006de800000, 0x00000006de800000| Untracked 
| 891|0x00000006dec00000, 0x00000006dec00000, 0x00000006df000000|  0%| F|  |TAMS 0x00000006dec00000, 0x00000006dec00000| Untracked 
| 892|0x00000006df000000, 0x00000006df000000, 0x00000006df400000|  0%| F|  |TAMS 0x00000006df000000, 0x00000006df000000| Untracked 
| 893|0x00000006df400000, 0x00000006df400000, 0x00000006df800000|  0%| F|  |TAMS 0x00000006df400000, 0x00000006df400000| Untracked 
| 894|0x00000006df800000, 0x00000006df800000, 0x00000006dfc00000|  0%| F|  |TAMS 0x00000006df800000, 0x00000006df800000| Untracked 
| 895|0x00000006dfc00000, 0x00000006dfc00000, 0x00000006e0000000|  0%| F|  |TAMS 0x00000006dfc00000, 0x00000006dfc00000| Untracked 
| 896|0x00000006e0000000, 0x00000006e0000000, 0x00000006e0400000|  0%| F|  |TAMS 0x00000006e0000000, 0x00000006e0000000| Untracked 
| 897|0x00000006e0400000, 0x00000006e0400000, 0x00000006e0800000|  0%| F|  |TAMS 0x00000006e0400000, 0x00000006e0400000| Untracked 
| 898|0x00000006e0800000, 0x00000006e0800000, 0x00000006e0c00000|  0%| F|  |TAMS 0x00000006e0800000, 0x00000006e0800000| Untracked 
| 899|0x00000006e0c00000, 0x00000006e0c00000, 0x00000006e1000000|  0%| F|  |TAMS 0x00000006e0c00000, 0x00000006e0c00000| Untracked 
| 900|0x00000006e1000000, 0x00000006e1000000, 0x00000006e1400000|  0%| F|  |TAMS 0x00000006e1000000, 0x00000006e1000000| Untracked 
| 901|0x00000006e1400000, 0x00000006e1400000, 0x00000006e1800000|  0%| F|  |TAMS 0x00000006e1400000, 0x00000006e1400000| Untracked 
| 902|0x00000006e1800000, 0x00000006e1800000, 0x00000006e1c00000|  0%| F|  |TAMS 0x00000006e1800000, 0x00000006e1800000| Untracked 
| 903|0x00000006e1c00000, 0x00000006e1c00000, 0x00000006e2000000|  0%| F|  |TAMS 0x00000006e1c00000, 0x00000006e1c00000| Untracked 
| 904|0x00000006e2000000, 0x00000006e2000000, 0x00000006e2400000|  0%| F|  |TAMS 0x00000006e2000000, 0x00000006e2000000| Untracked 
| 905|0x00000006e2400000, 0x00000006e2400000, 0x00000006e2800000|  0%| F|  |TAMS 0x00000006e2400000, 0x00000006e2400000| Untracked 
| 906|0x00000006e2800000, 0x00000006e2800000, 0x00000006e2c00000|  0%| F|  |TAMS 0x00000006e2800000, 0x00000006e2800000| Untracked 
| 907|0x00000006e2c00000, 0x00000006e2c00000, 0x00000006e3000000|  0%| F|  |TAMS 0x00000006e2c00000, 0x00000006e2c00000| Untracked 
| 908|0x00000006e3000000, 0x00000006e3000000, 0x00000006e3400000|  0%| F|  |TAMS 0x00000006e3000000, 0x00000006e3000000| Untracked 
| 909|0x00000006e3400000, 0x00000006e3400000, 0x00000006e3800000|  0%| F|  |TAMS 0x00000006e3400000, 0x00000006e3400000| Untracked 
| 910|0x00000006e3800000, 0x00000006e3800000, 0x00000006e3c00000|  0%| F|  |TAMS 0x00000006e3800000, 0x00000006e3800000| Untracked 
| 911|0x00000006e3c00000, 0x00000006e3c00000, 0x00000006e4000000|  0%| F|  |TAMS 0x00000006e3c00000, 0x00000006e3c00000| Untracked 
| 912|0x00000006e4000000, 0x00000006e4000000, 0x00000006e4400000|  0%| F|  |TAMS 0x00000006e4000000, 0x00000006e4000000| Untracked 
| 913|0x00000006e4400000, 0x00000006e4400000, 0x00000006e4800000|  0%| F|  |TAMS 0x00000006e4400000, 0x00000006e4400000| Untracked 
| 914|0x00000006e4800000, 0x00000006e4800000, 0x00000006e4c00000|  0%| F|  |TAMS 0x00000006e4800000, 0x00000006e4800000| Untracked 
| 915|0x00000006e4c00000, 0x00000006e4c00000, 0x00000006e5000000|  0%| F|  |TAMS 0x00000006e4c00000, 0x00000006e4c00000| Untracked 
| 916|0x00000006e5000000, 0x00000006e5000000, 0x00000006e5400000|  0%| F|  |TAMS 0x00000006e5000000, 0x00000006e5000000| Untracked 
| 917|0x00000006e5400000, 0x00000006e5400000, 0x00000006e5800000|  0%| F|  |TAMS 0x00000006e5400000, 0x00000006e5400000| Untracked 
| 918|0x00000006e5800000, 0x00000006e5800000, 0x00000006e5c00000|  0%| F|  |TAMS 0x00000006e5800000, 0x00000006e5800000| Untracked 
| 919|0x00000006e5c00000, 0x00000006e5c00000, 0x00000006e6000000|  0%| F|  |TAMS 0x00000006e5c00000, 0x00000006e5c00000| Untracked 
| 920|0x00000006e6000000, 0x00000006e6000000, 0x00000006e6400000|  0%| F|  |TAMS 0x00000006e6000000, 0x00000006e6000000| Untracked 
| 921|0x00000006e6400000, 0x00000006e6400000, 0x00000006e6800000|  0%| F|  |TAMS 0x00000006e6400000, 0x00000006e6400000| Untracked 
| 922|0x00000006e6800000, 0x00000006e6800000, 0x00000006e6c00000|  0%| F|  |TAMS 0x00000006e6800000, 0x00000006e6800000| Untracked 
| 923|0x00000006e6c00000, 0x00000006e6c00000, 0x00000006e7000000|  0%| F|  |TAMS 0x00000006e6c00000, 0x00000006e6c00000| Untracked 
| 924|0x00000006e7000000, 0x00000006e7000000, 0x00000006e7400000|  0%| F|  |TAMS 0x00000006e7000000, 0x00000006e7000000| Untracked 
| 925|0x00000006e7400000, 0x00000006e7400000, 0x00000006e7800000|  0%| F|  |TAMS 0x00000006e7400000, 0x00000006e7400000| Untracked 
| 926|0x00000006e7800000, 0x00000006e7800000, 0x00000006e7c00000|  0%| F|  |TAMS 0x00000006e7800000, 0x00000006e7800000| Untracked 
| 927|0x00000006e7c00000, 0x00000006e7c00000, 0x00000006e8000000|  0%| F|  |TAMS 0x00000006e7c00000, 0x00000006e7c00000| Untracked 
| 928|0x00000006e8000000, 0x00000006e8000000, 0x00000006e8400000|  0%| F|  |TAMS 0x00000006e8000000, 0x00000006e8000000| Untracked 
| 929|0x00000006e8400000, 0x00000006e8400000, 0x00000006e8800000|  0%| F|  |TAMS 0x00000006e8400000, 0x00000006e8400000| Untracked 
| 930|0x00000006e8800000, 0x00000006e8800000, 0x00000006e8c00000|  0%| F|  |TAMS 0x00000006e8800000, 0x00000006e8800000| Untracked 
| 931|0x00000006e8c00000, 0x00000006e8c00000, 0x00000006e9000000|  0%| F|  |TAMS 0x00000006e8c00000, 0x00000006e8c00000| Untracked 
| 932|0x00000006e9000000, 0x00000006e9000000, 0x00000006e9400000|  0%| F|  |TAMS 0x00000006e9000000, 0x00000006e9000000| Untracked 
| 933|0x00000006e9400000, 0x00000006e9400000, 0x00000006e9800000|  0%| F|  |TAMS 0x00000006e9400000, 0x00000006e9400000| Untracked 
| 934|0x00000006e9800000, 0x00000006e9800000, 0x00000006e9c00000|  0%| F|  |TAMS 0x00000006e9800000, 0x00000006e9800000| Untracked 
| 935|0x00000006e9c00000, 0x00000006e9c00000, 0x00000006ea000000|  0%| F|  |TAMS 0x00000006e9c00000, 0x00000006e9c00000| Untracked 
| 936|0x00000006ea000000, 0x00000006ea000000, 0x00000006ea400000|  0%| F|  |TAMS 0x00000006ea000000, 0x00000006ea000000| Untracked 
| 937|0x00000006ea400000, 0x00000006ea400000, 0x00000006ea800000|  0%| F|  |TAMS 0x00000006ea400000, 0x00000006ea400000| Untracked 
| 938|0x00000006ea800000, 0x00000006ea800000, 0x00000006eac00000|  0%| F|  |TAMS 0x00000006ea800000, 0x00000006ea800000| Untracked 
| 939|0x00000006eac00000, 0x00000006eac00000, 0x00000006eb000000|  0%| F|  |TAMS 0x00000006eac00000, 0x00000006eac00000| Untracked 
| 940|0x00000006eb000000, 0x00000006eb000000, 0x00000006eb400000|  0%| F|  |TAMS 0x00000006eb000000, 0x00000006eb000000| Untracked 
| 941|0x00000006eb400000, 0x00000006eb400000, 0x00000006eb800000|  0%| F|  |TAMS 0x00000006eb400000, 0x00000006eb400000| Untracked 
| 942|0x00000006eb800000, 0x00000006eb800000, 0x00000006ebc00000|  0%| F|  |TAMS 0x00000006eb800000, 0x00000006eb800000| Untracked 
| 943|0x00000006ebc00000, 0x00000006ebc00000, 0x00000006ec000000|  0%| F|  |TAMS 0x00000006ebc00000, 0x00000006ebc00000| Untracked 
| 944|0x00000006ec000000, 0x00000006ec000000, 0x00000006ec400000|  0%| F|  |TAMS 0x00000006ec000000, 0x00000006ec000000| Untracked 
| 945|0x00000006ec400000, 0x00000006ec400000, 0x00000006ec800000|  0%| F|  |TAMS 0x00000006ec400000, 0x00000006ec400000| Untracked 
| 946|0x00000006ec800000, 0x00000006ec800000, 0x00000006ecc00000|  0%| F|  |TAMS 0x00000006ec800000, 0x00000006ec800000| Untracked 
| 947|0x00000006ecc00000, 0x00000006ecc00000, 0x00000006ed000000|  0%| F|  |TAMS 0x00000006ecc00000, 0x00000006ecc00000| Untracked 
| 948|0x00000006ed000000, 0x00000006ed000000, 0x00000006ed400000|  0%| F|  |TAMS 0x00000006ed000000, 0x00000006ed000000| Untracked 
| 949|0x00000006ed400000, 0x00000006ed400000, 0x00000006ed800000|  0%| F|  |TAMS 0x00000006ed400000, 0x00000006ed400000| Untracked 
| 950|0x00000006ed800000, 0x00000006ed800000, 0x00000006edc00000|  0%| F|  |TAMS 0x00000006ed800000, 0x00000006ed800000| Untracked 
| 951|0x00000006edc00000, 0x00000006edc00000, 0x00000006ee000000|  0%| F|  |TAMS 0x00000006edc00000, 0x00000006edc00000| Untracked 
| 952|0x00000006ee000000, 0x00000006ee000000, 0x00000006ee400000|  0%| F|  |TAMS 0x00000006ee000000, 0x00000006ee000000| Untracked 
| 953|0x00000006ee400000, 0x00000006ee400000, 0x00000006ee800000|  0%| F|  |TAMS 0x00000006ee400000, 0x00000006ee400000| Untracked 
| 954|0x00000006ee800000, 0x00000006ee800000, 0x00000006eec00000|  0%| F|  |TAMS 0x00000006ee800000, 0x00000006ee800000| Untracked 
| 955|0x00000006eec00000, 0x00000006eec00000, 0x00000006ef000000|  0%| F|  |TAMS 0x00000006eec00000, 0x00000006eec00000| Untracked 
| 956|0x00000006ef000000, 0x00000006ef000000, 0x00000006ef400000|  0%| F|  |TAMS 0x00000006ef000000, 0x00000006ef000000| Untracked 
| 957|0x00000006ef400000, 0x00000006ef400000, 0x00000006ef800000|  0%| F|  |TAMS 0x00000006ef400000, 0x00000006ef400000| Untracked 
| 958|0x00000006ef800000, 0x00000006ef800000, 0x00000006efc00000|  0%| F|  |TAMS 0x00000006ef800000, 0x00000006ef800000| Untracked 
| 959|0x00000006efc00000, 0x00000006efc00000, 0x00000006f0000000|  0%| F|  |TAMS 0x00000006efc00000, 0x00000006efc00000| Untracked 
| 960|0x00000006f0000000, 0x00000006f0000000, 0x00000006f0400000|  0%| F|  |TAMS 0x00000006f0000000, 0x00000006f0000000| Untracked 
| 961|0x00000006f0400000, 0x00000006f0400000, 0x00000006f0800000|  0%| F|  |TAMS 0x00000006f0400000, 0x00000006f0400000| Untracked 
| 962|0x00000006f0800000, 0x00000006f0800000, 0x00000006f0c00000|  0%| F|  |TAMS 0x00000006f0800000, 0x00000006f0800000| Untracked 
| 963|0x00000006f0c00000, 0x00000006f0c00000, 0x00000006f1000000|  0%| F|  |TAMS 0x00000006f0c00000, 0x00000006f0c00000| Untracked 
| 964|0x00000006f1000000, 0x00000006f1000000, 0x00000006f1400000|  0%| F|  |TAMS 0x00000006f1000000, 0x00000006f1000000| Untracked 
| 965|0x00000006f1400000, 0x00000006f1400000, 0x00000006f1800000|  0%| F|  |TAMS 0x00000006f1400000, 0x00000006f1400000| Untracked 
| 966|0x00000006f1800000, 0x00000006f1800000, 0x00000006f1c00000|  0%| F|  |TAMS 0x00000006f1800000, 0x00000006f1800000| Untracked 
| 967|0x00000006f1c00000, 0x00000006f1c00000, 0x00000006f2000000|  0%| F|  |TAMS 0x00000006f1c00000, 0x00000006f1c00000| Untracked 
| 968|0x00000006f2000000, 0x00000006f2000000, 0x00000006f2400000|  0%| F|  |TAMS 0x00000006f2000000, 0x00000006f2000000| Untracked 
| 969|0x00000006f2400000, 0x00000006f2400000, 0x00000006f2800000|  0%| F|  |TAMS 0x00000006f2400000, 0x00000006f2400000| Untracked 
| 970|0x00000006f2800000, 0x00000006f2800000, 0x00000006f2c00000|  0%| F|  |TAMS 0x00000006f2800000, 0x00000006f2800000| Untracked 
| 971|0x00000006f2c00000, 0x00000006f2c00000, 0x00000006f3000000|  0%| F|  |TAMS 0x00000006f2c00000, 0x00000006f2c00000| Untracked 
| 972|0x00000006f3000000, 0x00000006f3000000, 0x00000006f3400000|  0%| F|  |TAMS 0x00000006f3000000, 0x00000006f3000000| Untracked 
| 973|0x00000006f3400000, 0x00000006f3400000, 0x00000006f3800000|  0%| F|  |TAMS 0x00000006f3400000, 0x00000006f3400000| Untracked 
| 974|0x00000006f3800000, 0x00000006f3800000, 0x00000006f3c00000|  0%| F|  |TAMS 0x00000006f3800000, 0x00000006f3800000| Untracked 
| 975|0x00000006f3c00000, 0x00000006f3c00000, 0x00000006f4000000|  0%| F|  |TAMS 0x00000006f3c00000, 0x00000006f3c00000| Untracked 
| 976|0x00000006f4000000, 0x00000006f4000000, 0x00000006f4400000|  0%| F|  |TAMS 0x00000006f4000000, 0x00000006f4000000| Untracked 
| 977|0x00000006f4400000, 0x00000006f4400000, 0x00000006f4800000|  0%| F|  |TAMS 0x00000006f4400000, 0x00000006f4400000| Untracked 
| 978|0x00000006f4800000, 0x00000006f4800000, 0x00000006f4c00000|  0%| F|  |TAMS 0x00000006f4800000, 0x00000006f4800000| Untracked 
| 979|0x00000006f4c00000, 0x00000006f4c00000, 0x00000006f5000000|  0%| F|  |TAMS 0x00000006f4c00000, 0x00000006f4c00000| Untracked 
| 980|0x00000006f5000000, 0x00000006f5000000, 0x00000006f5400000|  0%| F|  |TAMS 0x00000006f5000000, 0x00000006f5000000| Untracked 
| 981|0x00000006f5400000, 0x00000006f5400000, 0x00000006f5800000|  0%| F|  |TAMS 0x00000006f5400000, 0x00000006f5400000| Untracked 
| 982|0x00000006f5800000, 0x00000006f5800000, 0x00000006f5c00000|  0%| F|  |TAMS 0x00000006f5800000, 0x00000006f5800000| Untracked 
| 983|0x00000006f5c00000, 0x00000006f5c00000, 0x00000006f6000000|  0%| F|  |TAMS 0x00000006f5c00000, 0x00000006f5c00000| Untracked 
| 984|0x00000006f6000000, 0x00000006f6000000, 0x00000006f6400000|  0%| F|  |TAMS 0x00000006f6000000, 0x00000006f6000000| Untracked 
| 985|0x00000006f6400000, 0x00000006f6400000, 0x00000006f6800000|  0%| F|  |TAMS 0x00000006f6400000, 0x00000006f6400000| Untracked 
| 986|0x00000006f6800000, 0x00000006f6800000, 0x00000006f6c00000|  0%| F|  |TAMS 0x00000006f6800000, 0x00000006f6800000| Untracked 

Card table byte_map: [0x000001d474780000,0x000001d475780000] _byte_map_base: 0x000001d471780000

Marking Bits (Prev, Next): (CMBitMap*) 0x000001d469229aa0, (CMBitMap*) 0x000001d469229a60
 Prev Bits: [0x000001d420000000, 0x000001d428000000)
 Next Bits: [0x000001d476780000, 0x000001d47e780000)

Polling page: 0x000001d469230000

Metaspace:

Usage:
  Non-class:    317.98 MB used.
      Class:     43.93 MB used.
       Both:    361.90 MB used.

Virtual space:
  Non-class space:      384.00 MB reserved,     319.19 MB ( 83%) committed,  6 nodes.
      Class space:        1.00 GB reserved,      45.19 MB (  4%) committed,  1 nodes.
             Both:        1.38 GB reserved,     364.38 MB ( 26%) committed. 

Chunk freelists:
   Non-Class:  3.95 MB
       Class:  2.77 MB
        Both:  6.71 MB

MaxMetaspaceSize: 4.00 GB
CompressedClassSpaceSize: 1.00 GB
Initial GC threshold: 21.00 MB
Current GC threshold: 607.12 MB
CDS: on
MetaspaceReclaimPolicy: balanced
 - commit_granule_bytes: 65536.
 - commit_granule_words: 8192.
 - virtual_space_node_default_size: 8388608.
 - enlarge_chunks_in_place: 1.
 - new_chunks_are_fully_committed: 0.
 - uncommit_free_chunks: 1.
 - use_allocation_guard: 0.


Internal statistics:

num_allocs_failed_limit: 9.
num_arena_births: 8412.
num_arena_deaths: 4066.
num_vsnodes_births: 7.
num_vsnodes_deaths: 0.
num_space_committed: 5834.
num_space_uncommitted: 12.
num_chunks_returned_to_freelist: 5157.
num_chunks_taken_from_freelist: 29676.
num_chunk_merges: 1369.
num_chunk_splits: 16856.
num_chunks_enlarged: 9324.
num_inconsistent_stats: 0.

CodeHeap 'non-profiled nmethods': size=259264Kb used=40678Kb max_used=40678Kb free=218585Kb
 bounds [0x000001d4102d0000, 0x000001d412ad0000, 0x000001d420000000]
CodeHeap 'profiled nmethods': size=259264Kb used=111036Kb max_used=111244Kb free=148228Kb
 bounds [0x000001d400000000, 0x000001d406cc0000, 0x000001d40fd30000]
CodeHeap 'non-nmethods': size=5760Kb used=2924Kb max_used=2999Kb free=2835Kb
 bounds [0x000001d40fd30000, 0x000001d410040000, 0x000001d4102d0000]
 total_blobs=53086 nmethods=51639 adapters=1354
 compilation: enabled
              stopped_count=0, restarted_count=0
 full_count=0

Compilation events (20 events):
Event: 13660.581 Thread 0x000001d47e9ecf00 nmethod 70960 0x000001d41293ae90 code [0x000001d41293b0a0, 0x000001d41293b730]
Event: 13660.582 Thread 0x000001d47e9ecf00 70797       4       com.android.tools.r8.internal.Bt0::a (140 bytes)
Event: 13660.583 Thread 0x000001d47e9f9a30 70961       3       com.android.tools.r8.internal.W40$$Lambda$10370/0x0000000803d1efc0::test (9 bytes)
Event: 13660.584 Thread 0x000001d47e9f9a30 nmethod 70961 0x000001d4067cba10 code [0x000001d4067cbbc0, 0x000001d4067cbe08]
Event: 13660.584 Thread 0x000001d47e9f9a30 70962       3       com.android.tools.r8.ir.optimize.j0$$Lambda$10369/0x0000000803d1eb18::test (14 bytes)
Event: 13660.584 Thread 0x000001d47e9f9a30 nmethod 70962 0x000001d406a18e10 code [0x000001d406a18fc0, 0x000001d406a19288]
Event: 13660.595 Thread 0x000001d47e9f9a30 70963       3       com.android.tools.r8.internal.Im0::d (30 bytes)
Event: 13660.597 Thread 0x000001d47e9f9a30 nmethod 70963 0x000001d4066ef390 code [0x000001d4066ef600, 0x000001d4066efed8]
Event: 13660.598 Thread 0x000001d47e9ecf00 nmethod 70797 0x000001d4128d3f90 code [0x000001d4128d41c0, 0x000001d4128d4bc0]
Event: 13660.599 Thread 0x000001d47e9ecf00 70956       4       com.android.tools.r8.internal.Dt0::a (170 bytes)
Event: 13660.602 Thread 0x000001d47e9f9a30 70964       3       com.android.tools.r8.internal.jX::w (6 bytes)
Event: 13660.602 Thread 0x000001d47e9f9a30 nmethod 70964 0x000001d4067ce110 code [0x000001d4067ce2c0, 0x000001d4067ce498]
Event: 13660.607 Thread 0x000001d47e9f9a30 70966 %     3       com.android.tools.r8.internal.f40::b @ 82 (269 bytes)
Event: 13660.611 Thread 0x000001d47e9f9a30 nmethod 70966% 0x000001d406978210 code [0x000001d406978720, 0x000001d40697be88]
Event: 13660.612 Thread 0x000001d47e9ecf00 nmethod 70956 0x000001d4128d3010 code [0x000001d4128d3260, 0x000001d4128d38a0]
Event: 13660.612 Thread 0x000001d47e9ecf00 70965       4       com.android.tools.r8.ir.optimize.z::a (506 bytes)
Event: 13660.617 Thread 0x000001d47e9f9a30 70967       2       com.android.tools.r8.internal.Aj0::a (39 bytes)
Event: 13660.618 Thread 0x000001d47e9f9a30 nmethod 70967 0x000001d4067cdb10 code [0x000001d4067cdd00, 0x000001d4067cdfb8]
Event: 13660.653 Thread 0x000001d47e9ecf00 nmethod 70965 0x000001d4127c8a90 code [0x000001d4127c8e00, 0x000001d4127c9ef0]
Event: 13660.653 Thread 0x000001d47e9ecf00 70559       4       com.android.tools.r8.internal.EE::<init> (39 bytes)

GC Heap History (20 events):
Event: 13623.626 GC heap after
{Heap after GC invocations=171 (full 1):
 garbage-first heap   total 2539520K, used 661198K [0x0000000600000000, 0x0000000800000000)
  region size 4096K, 3 young (12288K), 3 survivors (12288K)
 Metaspace       used 361469K, committed 363968K, reserved 1376256K
  class space    used 43748K, committed 45056K, reserved 1048576K
}
Event: 13628.719 GC heap before
{Heap before GC invocations=172 (full 1):
 garbage-first heap   total 2539520K, used 935630K [0x0000000600000000, 0x0000000800000000)
  region size 4096K, 71 young (290816K), 3 survivors (12288K)
 Metaspace       used 362571K, committed 365120K, reserved 1376256K
  class space    used 43936K, committed 45248K, reserved 1048576K
}
Event: 13628.757 GC heap after
{Heap after GC invocations=173 (full 1):
 garbage-first heap   total 2539520K, used 659945K [0x0000000600000000, 0x0000000800000000)
  region size 4096K, 4 young (16384K), 4 survivors (16384K)
 Metaspace       used 362571K, committed 365120K, reserved 1376256K
  class space    used 43936K, committed 45248K, reserved 1048576K
}
Event: 13632.621 GC heap before
{Heap before GC invocations=173 (full 1):
 garbage-first heap   total 2539520K, used 766441K [0x0000000600000000, 0x0000000800000000)
  region size 4096K, 31 young (126976K), 4 survivors (16384K)
 Metaspace       used 363702K, committed 366208K, reserved 1376256K
  class space    used 44155K, committed 45440K, reserved 1048576K
}
Event: 13632.835 GC heap after
{Heap after GC invocations=174 (full 1):
 garbage-first heap   total 2539520K, used 603284K [0x0000000600000000, 0x0000000800000000)
  region size 4096K, 3 young (12288K), 3 survivors (12288K)
 Metaspace       used 363702K, committed 366208K, reserved 1376256K
  class space    used 44155K, committed 45440K, reserved 1048576K
}
Event: 13641.964 GC heap before
{Heap before GC invocations=174 (full 1):
 garbage-first heap   total 2539520K, used 906388K [0x0000000600000000, 0x0000000800000000)
  region size 4096K, 78 young (319488K), 3 survivors (12288K)
 Metaspace       used 365789K, committed 368320K, reserved 1376256K
  class space    used 44450K, committed 45760K, reserved 1048576K
}
Event: 13642.149 GC heap after
{Heap after GC invocations=175 (full 1):
 garbage-first heap   total 4042752K, used 621752K [0x0000000600000000, 0x0000000800000000)
  region size 4096K, 8 young (32768K), 8 survivors (32768K)
 Metaspace       used 365789K, committed 368320K, reserved 1376256K
  class space    used 44450K, committed 45760K, reserved 1048576K
}
Event: 13644.574 GC heap before
{Heap before GC invocations=175 (full 1):
 garbage-first heap   total 4042752K, used 957624K [0x0000000600000000, 0x0000000800000000)
  region size 4096K, 90 young (368640K), 8 survivors (32768K)
 Metaspace       used 369020K, committed 371584K, reserved 1376256K
  class space    used 44871K, committed 46208K, reserved 1048576K
}
Event: 13644.793 GC heap after
{Heap after GC invocations=176 (full 1):
 garbage-first heap   total 4042752K, used 614668K [0x0000000600000000, 0x0000000800000000)
  region size 4096K, 5 young (20480K), 5 survivors (20480K)
 Metaspace       used 369020K, committed 371584K, reserved 1376256K
  class space    used 44871K, committed 46208K, reserved 1048576K
}
Event: 13650.476 GC heap before
{Heap before GC invocations=176 (full 1):
 garbage-first heap   total 2293760K, used 958732K [0x0000000600000000, 0x0000000800000000)
  region size 4096K, 90 young (368640K), 5 survivors (20480K)
 Metaspace       used 369231K, committed 371776K, reserved 1376256K
  class space    used 44881K, committed 46208K, reserved 1048576K
}
Event: 13650.580 GC heap after
{Heap after GC invocations=177 (full 1):
 garbage-first heap   total 2293760K, used 613579K [0x0000000600000000, 0x0000000800000000)
  region size 4096K, 6 young (24576K), 6 survivors (24576K)
 Metaspace       used 369231K, committed 371776K, reserved 1376256K
  class space    used 44881K, committed 46208K, reserved 1048576K
}
Event: 13652.011 GC heap before
{Heap before GC invocations=178 (full 1):
 garbage-first heap   total 2293760K, used 1039563K [0x0000000600000000, 0x0000000800000000)
  region size 4096K, 110 young (450560K), 6 survivors (24576K)
 Metaspace       used 369946K, committed 372480K, reserved 1376256K
  class space    used 44956K, committed 46272K, reserved 1048576K
}
Event: 13652.029 GC heap after
{Heap after GC invocations=179 (full 1):
 garbage-first heap   total 2293760K, used 616371K [0x0000000600000000, 0x0000000800000000)
  region size 4096K, 6 young (24576K), 6 survivors (24576K)
 Metaspace       used 369946K, committed 372480K, reserved 1376256K
  class space    used 44956K, committed 46272K, reserved 1048576K
}
Event: 13652.135 GC heap before
{Heap before GC invocations=179 (full 1):
 garbage-first heap   total 2293760K, used 706483K [0x0000000600000000, 0x0000000800000000)
  region size 4096K, 28 young (114688K), 6 survivors (24576K)
 Metaspace       used 370045K, committed 372544K, reserved 1376256K
  class space    used 44959K, committed 46272K, reserved 1048576K
}
Event: 13652.534 GC heap after
{Heap after GC invocations=180 (full 1):
 garbage-first heap   total 2293760K, used 569383K [0x0000000600000000, 0x0000000800000000)
  region size 4096K, 3 young (12288K), 3 survivors (12288K)
 Metaspace       used 370045K, committed 372544K, reserved 1376256K
  class space    used 44959K, committed 46272K, reserved 1048576K
}
Event: 13653.246 GC heap before
{Heap before GC invocations=180 (full 1):
 garbage-first heap   total 2293760K, used 950311K [0x0000000600000000, 0x0000000800000000)
  region size 4096K, 96 young (393216K), 3 survivors (12288K)
 Metaspace       used 370374K, committed 372864K, reserved 1376256K
  class space    used 44977K, committed 46272K, reserved 1048576K
}
Event: 13653.294 GC heap after
{Heap after GC invocations=181 (full 1):
 garbage-first heap   total 2293760K, used 571119K [0x0000000600000000, 0x0000000800000000)
  region size 4096K, 3 young (12288K), 3 survivors (12288K)
 Metaspace       used 370374K, committed 372864K, reserved 1376256K
  class space    used 44977K, committed 46272K, reserved 1048576K
}
Event: 13659.774 GC heap before
{Heap before GC invocations=181 (full 1):
 garbage-first heap   total 2293760K, used 1484527K [0x0000000600000000, 0x0000000800000000)
  region size 4096K, 226 young (925696K), 3 survivors (12288K)
 Metaspace       used 370567K, committed 373056K, reserved 1441792K
  class space    used 44979K, committed 46272K, reserved 1048576K
}
Event: 13660.086 GC heap after
{Heap after GC invocations=182 (full 1):
 garbage-first heap   total 2293760K, used 575771K [0x0000000600000000, 0x0000000800000000)
  region size 4096K, 4 young (16384K), 4 survivors (16384K)
 Metaspace       used 370567K, committed 373056K, reserved 1441792K
  class space    used 44979K, committed 46272K, reserved 1048576K
}
Event: 13660.654 GC heap before
{Heap before GC invocations=182 (full 1):
 garbage-first heap   total 2293760K, used 682267K [0x0000000600000000, 0x0000000800000000)
  region size 4096K, 30 young (122880K), 4 survivors (16384K)
 Metaspace       used 370589K, committed 373120K, reserved 1441792K
  class space    used 44981K, committed 46272K, reserved 1048576K
}

Dll operation events (17 events):
Event: 0.147 Loaded shared library C:\Program Files\Java\jdk-19\bin\java.dll
Event: 0.167 Loaded shared library C:\Program Files\Java\jdk-19\bin\jsvml.dll
Event: 0.322 Loaded shared library C:\Program Files\Java\jdk-19\bin\zip.dll
Event: 0.334 Loaded shared library C:\Program Files\Java\jdk-19\bin\instrument.dll
Event: 0.353 Loaded shared library C:\Program Files\Java\jdk-19\bin\net.dll
Event: 0.357 Loaded shared library C:\Program Files\Java\jdk-19\bin\nio.dll
Event: 0.365 Loaded shared library C:\Program Files\Java\jdk-19\bin\zip.dll
Event: 0.939 Loaded shared library C:\Program Files\Java\jdk-19\bin\jimage.dll
Event: 1.216 Loaded shared library C:\Program Files\Java\jdk-19\bin\verify.dll
Event: 1.491 Loaded shared library C:\Users\RAHUL\.gradle\native\c067742578af261105cb4f569cf0c3c89f3d7b1fecec35dd04571415982c5e48\windows-amd64\native-platform.dll
Event: 1.509 Loaded shared library C:\Users\RAHUL\.gradle\native\100fb08df4bc3b14c8652ba06237920a3bd2aa13389f12d3474272988ae205f9\windows-amd64\native-platform-file-events.dll
Event: 4.191 Loaded shared library C:\Program Files\Java\jdk-19\bin\management.dll
Event: 4.198 Loaded shared library C:\Program Files\Java\jdk-19\bin\management_ext.dll
Event: 5.129 Loaded shared library C:\Program Files\Java\jdk-19\bin\extnet.dll
Event: 5.650 Loaded shared library C:\Program Files\Java\jdk-19\bin\sunmscapi.dll
Event: 732.924 Loaded shared library C:\Program Files\Java\jdk-19\bin\rmi.dll
Event: 13487.201 Loaded shared library C:\Program Files\Java\jdk-19\bin\awt.dll

Deoptimization events (20 events):
Event: 13659.298 Thread 0x000001d43a4e9050 DEOPT PACKING pc=0x000001d4064e9e1b sp=0x0000000a67afe1c0
Event: 13659.298 Thread 0x000001d43a4e9050 DEOPT UNPACKING pc=0x000001d40fd97543 sp=0x0000000a67afd7e0 mode 0
Event: 13659.320 Thread 0x000001d43a4e85b0 Uncommon trap: trap_request=0xffffff45 fr.pc=0x000001d410cd2324 relative=0x0000000000001ca4
Event: 13659.320 Thread 0x000001d43a4e85b0 Uncommon trap: reason=unstable_if action=reinterpret pc=0x000001d410cd2324 method=com.android.tools.r8.ir.optimize.F.a(Ljava/util/Queue;Lcom/android/tools/r8/internal/aA;Lcom/android/tools/r8/internal/K5;Lcom/android/tools/r8/ir/optimize/a;Lcom/android/to
Event: 13659.320 Thread 0x000001d43a4e85b0 DEOPT PACKING pc=0x000001d410cd2324 sp=0x0000000a629fe7c0
Event: 13659.321 Thread 0x000001d43a4e85b0 DEOPT UNPACKING pc=0x000001d40fd96da3 sp=0x0000000a629fe798 mode 2
Event: 13659.495 Thread 0x000001d43a4e9050 Uncommon trap: trap_request=0xffffff45 fr.pc=0x000001d41293dbc4 relative=0x0000000000000d04
Event: 13659.495 Thread 0x000001d43a4e9050 Uncommon trap: reason=unstable_if action=reinterpret pc=0x000001d41293dbc4 method=com.android.tools.r8.internal.AQ.a()Lcom/android/tools/r8/internal/rD; @ 60 c2
Event: 13659.495 Thread 0x000001d43a4e9050 DEOPT PACKING pc=0x000001d41293dbc4 sp=0x0000000a67afe760
Event: 13659.495 Thread 0x000001d43a4e9050 DEOPT UNPACKING pc=0x000001d40fd96da3 sp=0x0000000a67afe738 mode 2
Event: 13660.261 Thread 0x000001d43a4e85b0 DEOPT PACKING pc=0x000001d406bf2fe7 sp=0x0000000a629fe640
Event: 13660.261 Thread 0x000001d43a4e85b0 DEOPT UNPACKING pc=0x000001d40fd97543 sp=0x0000000a629fddb8 mode 0
Event: 13660.313 Thread 0x000001d43d432470 Uncommon trap: trap_request=0xffffff45 fr.pc=0x000001d412aa8924 relative=0x0000000000005b24
Event: 13660.313 Thread 0x000001d43d432470 Uncommon trap: reason=unstable_if action=reinterpret pc=0x000001d412aa8924 method=com.android.tools.r8.internal.Mt.a(Lcom/android/tools/r8/internal/aA;)V @ 468 c2
Event: 13660.313 Thread 0x000001d43d432470 DEOPT PACKING pc=0x000001d412aa8924 sp=0x0000000a679fe380
Event: 13660.313 Thread 0x000001d43d432470 DEOPT UNPACKING pc=0x000001d40fd96da3 sp=0x0000000a679fe378 mode 2
Event: 13660.468 Thread 0x000001d44df97480 DEOPT PACKING pc=0x000001d4066129d3 sp=0x0000000a67cfdf90
Event: 13660.468 Thread 0x000001d44df97480 DEOPT UNPACKING pc=0x000001d40fd97543 sp=0x0000000a67cfd5b0 mode 0
Event: 13660.499 Thread 0x000001d43a4ea590 DEOPT PACKING pc=0x000001d4064223a0 sp=0x0000000a678fd460
Event: 13660.499 Thread 0x000001d43a4ea590 DEOPT UNPACKING pc=0x000001d40fd97543 sp=0x0000000a678fc958 mode 0

Classes loaded (20 events):
Event: 13530.268 Loading class com/sun/org/apache/xerces/internal/dom/DeferredElementNSImpl
Event: 13530.274 Loading class com/sun/org/apache/xerces/internal/dom/DeferredElementNSImpl done
Event: 13530.311 Loading class com/sun/org/apache/xerces/internal/dom/DeferredAttrNSImpl
Event: 13530.312 Loading class com/sun/org/apache/xerces/internal/dom/DeferredAttrNSImpl done
Event: 13539.484 Loading class sun/net/www/http/ChunkedInputStream
Event: 13539.497 Loading class sun/net/www/http/ChunkedInputStream done
Event: 13559.909 Loading class java/text/MessageFormat
Event: 13559.929 Loading class java/text/MessageFormat done
Event: 13560.147 Loading class java/text/ChoiceFormat
Event: 13560.150 Loading class java/text/ChoiceFormat done
Event: 13563.310 Loading class java/security/spec/ECPublicKeySpec
Event: 13563.311 Loading class java/security/spec/ECPublicKeySpec done
Event: 13619.048 Loading class java/util/ArrayDeque$DescendingIterator
Event: 13619.055 Loading class java/util/ArrayDeque$DescendingIterator done
Event: 13619.873 Loading class java/util/concurrent/ConcurrentHashMap$KeySpliterator
Event: 13619.884 Loading class java/util/concurrent/ConcurrentHashMap$KeySpliterator done
Event: 13643.050 Loading class java/util/IdentityHashMap$ValueSpliterator
Event: 13643.069 Loading class java/util/IdentityHashMap$ValueSpliterator done
Event: 13651.637 Loading class java/util/function/ObjIntConsumer
Event: 13651.640 Loading class java/util/function/ObjIntConsumer done

Classes unloaded (20 events):
Event: 13655.875 Thread 0x000001d47e9c4e50 Unloading class 0x0000000803ce9800 'java/lang/invoke/LambdaForm$DMH+0x0000000803ce9800'
Event: 13655.875 Thread 0x000001d47e9c4e50 Unloading class 0x0000000803ce9000 'java/lang/invoke/LambdaForm$DMH+0x0000000803ce9000'
Event: 13655.875 Thread 0x000001d47e9c4e50 Unloading class 0x0000000803ce8c00 'java/lang/invoke/LambdaForm$DMH+0x0000000803ce8c00'
Event: 13655.875 Thread 0x000001d47e9c4e50 Unloading class 0x0000000803ce8800 'java/lang/invoke/LambdaForm$DMH+0x0000000803ce8800'
Event: 13655.875 Thread 0x000001d47e9c4e50 Unloading class 0x0000000803ce8000 'java/lang/invoke/LambdaForm$DMH+0x0000000803ce8000'
Event: 13655.875 Thread 0x000001d47e9c4e50 Unloading class 0x0000000803ce4800 'java/lang/invoke/LambdaForm$DMH+0x0000000803ce4800'
Event: 13655.875 Thread 0x000001d47e9c4e50 Unloading class 0x0000000803ce4400 'java/lang/invoke/LambdaForm$DMH+0x0000000803ce4400'
Event: 13655.875 Thread 0x000001d47e9c4e50 Unloading class 0x0000000803ce4000 'java/lang/invoke/LambdaForm$DMH+0x0000000803ce4000'
Event: 13655.875 Thread 0x000001d47e9c4e50 Unloading class 0x0000000803cd0c00 'java/lang/invoke/LambdaForm$DMH+0x0000000803cd0c00'
Event: 13655.875 Thread 0x000001d47e9c4e50 Unloading class 0x0000000803cd0800 'java/lang/invoke/LambdaForm$DMH+0x0000000803cd0800'
Event: 13655.875 Thread 0x000001d47e9c4e50 Unloading class 0x0000000803cd0400 'java/lang/invoke/LambdaForm$DMH+0x0000000803cd0400'
Event: 13655.875 Thread 0x000001d47e9c4e50 Unloading class 0x0000000803c7c400 'java/lang/invoke/LambdaForm$DMH+0x0000000803c7c400'
Event: 13655.875 Thread 0x000001d47e9c4e50 Unloading class 0x0000000803c7cc00 'java/lang/invoke/LambdaForm$DMH+0x0000000803c7cc00'
Event: 13655.875 Thread 0x000001d47e9c4e50 Unloading class 0x0000000803c7c800 'java/lang/invoke/LambdaForm$DMH+0x0000000803c7c800'
Event: 13655.875 Thread 0x000001d47e9c4e50 Unloading class 0x0000000803c7d000 'java/lang/invoke/LambdaForm$DMH+0x0000000803c7d000'
Event: 13655.875 Thread 0x000001d47e9c4e50 Unloading class 0x0000000803c49400 'java/lang/invoke/LambdaForm$DMH+0x0000000803c49400'
Event: 13655.875 Thread 0x000001d47e9c4e50 Unloading class 0x0000000803c48000 'java/lang/invoke/LambdaForm$DMH+0x0000000803c48000'
Event: 13655.875 Thread 0x000001d47e9c4e50 Unloading class 0x0000000803c48c00 'java/lang/invoke/LambdaForm$DMH+0x0000000803c48c00'
Event: 13655.875 Thread 0x000001d47e9c4e50 Unloading class 0x0000000803c49000 'java/lang/invoke/LambdaForm$DMH+0x0000000803c49000'
Event: 13655.875 Thread 0x000001d47e9c4e50 Unloading class 0x0000000803c48800 'java/lang/invoke/LambdaForm$DMH+0x0000000803c48800'

Classes redefined (0 events):
No events

Internal exceptions (20 events):
Event: 13642.510 Thread 0x000001d43a4ea590 Exception <a 'java/lang/NoSuchMethodError'{0x00000006f5606930}: 'void java.lang.invoke.DirectMethodHandle$Holder.invokeStatic(java.lang.Object, java.lang.Object, java.lang.Object, java.lang.Object, java.lang.Object, java.lang.Object, java.lang.Object, java.lang.Object, java.lang.Object, java.lang.Object)'> (0x00000006f5606930) 
thrown [s\open\src\hotspot\share\interpreter\linkResolver.cpp, line 774]
Event: 13642.511 Thread 0x000001d4346fcb80 Exception <a 'java/lang/NoSuchMethodError'{0x00000006f5011928}: 'void java.lang.invoke.DirectMethodHandle$Holder.invokeStatic(java.lang.Object, java.lang.Object, java.lang.Object, java.lang.Object, java.lang.Object, java.lang.Object, java.lang.Object, java.lang.Object, java.lang.Object, java.lang.Object)'> (0x00000006f5011928) 
thrown [s\open\src\hotspot\share\interpreter\linkResolver.cpp, line 774]
Event: 13642.562 Thread 0x000001d4346fcb80 Exception <a 'java/lang/NoSuchMethodError'{0x00000006f52acec8}: 'void java.lang.invoke.DirectMethodHandle$Holder.invokeSpecial(java.lang.Object, java.lang.Object, int, java.lang.Object, java.lang.Object, java.lang.Object, java.lang.Object)'> (0x00000006f52acec8) 
thrown [s\open\src\hotspot\share\interpreter\linkResolver.cpp, line 774]
Event: 13642.562 Thread 0x000001d43a4ea590 Exception <a 'java/lang/NoSuchMethodError'{0x00000006f53371f0}: 'void java.lang.invoke.DirectMethodHandle$Holder.invokeSpecial(java.lang.Object, java.lang.Object, int, java.lang.Object, java.lang.Object, java.lang.Object, java.lang.Object)'> (0x00000006f53371f0) 
thrown [s\open\src\hotspot\share\interpreter\linkResolver.cpp, line 774]
Event: 13642.562 Thread 0x000001d43a4e9050 Exception <a 'java/lang/NoSuchMethodError'{0x00000006f54cf050}: 'void java.lang.invoke.DirectMethodHandle$Holder.invokeSpecial(java.lang.Object, java.lang.Object, int, java.lang.Object, java.lang.Object, java.lang.Object, java.lang.Object)'> (0x00000006f54cf050) 
thrown [s\open\src\hotspot\share\interpreter\linkResolver.cpp, line 774]
Event: 13642.562 Thread 0x000001d43a4e85b0 Exception <a 'java/lang/NoSuchMethodError'{0x00000006f5188fc8}: 'void java.lang.invoke.DirectMethodHandle$Holder.invokeSpecial(java.lang.Object, java.lang.Object, int, java.lang.Object, java.lang.Object, java.lang.Object, java.lang.Object)'> (0x00000006f5188fc8) 
thrown [s\open\src\hotspot\share\interpreter\linkResolver.cpp, line 774]
Event: 13642.598 Thread 0x000001d44df97480 Exception <a 'java/lang/NoSuchMethodError'{0x00000006f4d27ad0}: 'java.lang.Object java.lang.invoke.DirectMethodHandle$Holder.invokeStatic(java.lang.Object, int, int, java.lang.Object)'> (0x00000006f4d27ad0) 
thrown [s\open\src\hotspot\share\interpreter\linkResolver.cpp, line 774]
Event: 13642.598 Thread 0x000001d4346fcb80 Exception <a 'java/lang/NoSuchMethodError'{0x00000006f52d27e0}: 'java.lang.Object java.lang.invoke.DirectMethodHandle$Holder.invokeStatic(java.lang.Object, int, int, java.lang.Object)'> (0x00000006f52d27e0) 
thrown [s\open\src\hotspot\share\interpreter\linkResolver.cpp, line 774]
Event: 13642.598 Thread 0x000001d43a4ea590 Exception <a 'java/lang/NoSuchMethodError'{0x00000006f535cb48}: 'java.lang.Object java.lang.invoke.DirectMethodHandle$Holder.invokeStatic(java.lang.Object, int, int, java.lang.Object)'> (0x00000006f535cb48) 
thrown [s\open\src\hotspot\share\interpreter\linkResolver.cpp, line 774]
Event: 13642.599 Thread 0x000001d43a4e9050 Exception <a 'java/lang/NoSuchMethodError'{0x00000006f4c17fc8}: 'java.lang.Object java.lang.invoke.DirectMethodHandle$Holder.invokeStatic(java.lang.Object, int, int, java.lang.Object)'> (0x00000006f4c17fc8) 
thrown [s\open\src\hotspot\share\interpreter\linkResolver.cpp, line 774]
Event: 13642.599 Thread 0x000001d43d432470 Exception <a 'java/lang/NoSuchMethodError'{0x00000006f514f370}: 'java.lang.Object java.lang.invoke.DirectMethodHandle$Holder.invokeStatic(java.lang.Object, int, int, java.lang.Object)'> (0x00000006f514f370) 
thrown [s\open\src\hotspot\share\interpreter\linkResolver.cpp, line 774]
Event: 13642.604 Thread 0x000001d43a4ea590 Exception <a 'java/lang/NoSuchMethodError'{0x00000006f5370990}: 'java.lang.Object java.lang.invoke.DirectMethodHandle$Holder.invokeStatic(java.lang.Object, int, java.lang.Object)'> (0x00000006f5370990) 
thrown [s\open\src\hotspot\share\interpreter\linkResolver.cpp, line 774]
Event: 13642.604 Thread 0x000001d44df97480 Exception <a 'java/lang/NoSuchMethodError'{0x00000006f4d3bb30}: 'java.lang.Object java.lang.invoke.DirectMethodHandle$Holder.invokeStatic(java.lang.Object, int, java.lang.Object)'> (0x00000006f4d3bb30) 
thrown [s\open\src\hotspot\share\interpreter\linkResolver.cpp, line 774]
Event: 13642.637 Thread 0x000001d43a4ea590 Exception <a 'java/lang/IncompatibleClassChangeError'{0x00000006f4e66168}: Found class java.lang.Object, but interface was expected> (0x00000006f4e66168) 
thrown [s\open\src\hotspot\share\interpreter\linkResolver.cpp, line 841]
Event: 13642.650 Thread 0x000001d43a4ea590 Exception <a 'java/lang/IncompatibleClassChangeError'{0x00000006f4e9c378}: Found class java.lang.Object, but interface was expected> (0x00000006f4e9c378) 
thrown [s\open\src\hotspot\share\interpreter\linkResolver.cpp, line 841]
Event: 13642.660 Thread 0x000001d43a4ea590 Exception <a 'java/lang/NoSuchMethodError'{0x00000006f4ea8470}: 'java.lang.Object java.lang.invoke.DirectMethodHandle$Holder.invokeInterface(java.lang.Object, java.lang.Object, java.lang.Object, java.lang.Object, java.lang.Object)'> (0x00000006f4ea8470) 
thrown [s\open\src\hotspot\share\interpreter\linkResolver.cpp, line 774]
Event: 13642.683 Thread 0x000001d43a4ea590 Exception <a 'java/lang/IncompatibleClassChangeError'{0x00000006f4eabc78}: Found class java.lang.Object, but interface was expected> (0x00000006f4eabc78) 
thrown [s\open\src\hotspot\share\interpreter\linkResolver.cpp, line 841]
Event: 13642.691 Thread 0x000001d44df97480 Exception <a 'java/lang/NoSuchMethodError'{0x00000006f48ec868}: 'int java.lang.invoke.DirectMethodHandle$Holder.invokeSpecial(java.lang.Object, java.lang.Object, java.lang.Object, java.lang.Object, java.lang.Object, java.lang.Object, java.lang.Object, java.lang.Object, java.lang.Object)'> (0x00000006f48ec868) 
thrown [s\open\src\hotspot\share\interpreter\linkResolver.cpp, line 774]
Event: 13642.766 Thread 0x000001d43a4e85b0 Exception <a 'java/lang/NoSuchMethodError'{0x00000006f467f110}: 'java.lang.Object java.lang.invoke.DirectMethodHandle$Holder.newInvokeSpecial(java.lang.Object, java.lang.Object, java.lang.Object, int, int)'> (0x00000006f467f110) 
thrown [s\open\src\hotspot\share\interpreter\linkResolver.cpp, line 774]
Event: 13642.767 Thread 0x000001d43a4e85b0 Exception <a 'java/lang/NoSuchMethodError'{0x00000006f4682ef8}: 'java.lang.Object java.lang.invoke.DirectMethodHandle$Holder.invokeSpecial(java.lang.Object, java.lang.Object, java.lang.Object, java.lang.Object, int, int)'> (0x00000006f4682ef8) 
thrown [s\open\src\hotspot\share\interpreter\linkResolver.cpp, line 774]

VM Operations (20 events):
Event: 13654.105 Executing VM operation: ICBufferFull done
Event: 13654.161 Executing VM operation: HandshakeAllThreads
Event: 13654.165 Executing VM operation: HandshakeAllThreads done
Event: 13654.384 Executing VM operation: ICBufferFull
Event: 13654.390 Executing VM operation: ICBufferFull done
Event: 13655.574 Executing VM operation: ICBufferFull
Event: 13655.599 Executing VM operation: ICBufferFull done
Event: 13655.599 Executing VM operation: ICBufferFull
Event: 13655.609 Executing VM operation: ICBufferFull done
Event: 13655.753 Executing VM operation: HandshakeAllThreads
Event: 13655.758 Executing VM operation: HandshakeAllThreads done
Event: 13655.864 Executing VM operation: G1PauseRemark
Event: 13657.034 Executing VM operation: G1PauseRemark done
Event: 13657.846 Executing VM operation: HandshakeAllThreads
Event: 13658.740 Executing VM operation: HandshakeAllThreads done
Event: 13658.740 Executing VM operation: Cleanup
Event: 13658.994 Executing VM operation: Cleanup done
Event: 13659.769 Executing VM operation: G1CollectForAllocation
Event: 13660.090 Executing VM operation: G1CollectForAllocation done
Event: 13660.606 Executing VM operation: G1CollectForAllocation

Events (20 events):
Event: 13657.222 Thread 0x000001d47e9fe3c0 flushing nmethod 0x000001d4069d1390
Event: 13657.223 Thread 0x000001d47e9fe3c0 flushing nmethod 0x000001d4069d2290
Event: 13657.223 Thread 0x000001d47e9fe3c0 flushing nmethod 0x000001d4069d2b10
Event: 13657.223 Thread 0x000001d47e9fe3c0 flushing nmethod 0x000001d4069d3e10
Event: 13657.223 Thread 0x000001d47e9fe3c0 flushing nmethod 0x000001d4069d7210
Event: 13657.223 Thread 0x000001d47e9fe3c0 flushing nmethod 0x000001d4069d9690
Event: 13657.223 Thread 0x000001d47e9fe3c0 flushing nmethod 0x000001d4069d9a90
Event: 13657.223 Thread 0x000001d47e9fe3c0 flushing nmethod 0x000001d4069daf90
Event: 13657.223 Thread 0x000001d47e9fe3c0 flushing nmethod 0x000001d4069db610
Event: 13657.223 Thread 0x000001d47e9fe3c0 flushing nmethod 0x000001d4069dba10
Event: 13657.223 Thread 0x000001d47e9fe3c0 flushing nmethod 0x000001d4069dc490
Event: 13657.223 Thread 0x000001d47e9fe3c0 flushing nmethod 0x000001d4069dcf90
Event: 13657.223 Thread 0x000001d47e9fe3c0 flushing nmethod 0x000001d4069dd390
Event: 13657.223 Thread 0x000001d47e9fe3c0 flushing nmethod 0x000001d4069dd990
Event: 13657.223 Thread 0x000001d47e9fe3c0 flushing nmethod 0x000001d4069ddf10
Event: 13657.224 Thread 0x000001d47e9fe3c0 flushing nmethod 0x000001d4069e0110
Event: 13657.224 Thread 0x000001d47e9fe3c0 flushing nmethod 0x000001d4069e9610
Event: 13657.225 Thread 0x000001d47e9fe3c0 flushing nmethod 0x000001d406a00610
Event: 13657.225 Thread 0x000001d47e9fe3c0 flushing nmethod 0x000001d406a18a90
Event: 13657.225 Thread 0x000001d47e9fe3c0 flushing nmethod 0x000001d406a18e90


Dynamic libraries:
0x00007ff730db0000 - 0x00007ff730dc0000 	C:\Program Files\Java\jdk-19\bin\java.exe
0x00007ff957260000 - 0x00007ff9574c9000 	C:\WINDOWS\SYSTEM32\ntdll.dll
0x00007ff9570a0000 - 0x00007ff957169000 	C:\WINDOWS\System32\KERNEL32.DLL
0x00007ff9543f0000 - 0x00007ff9547e3000 	C:\WINDOWS\System32\KERNELBASE.dll
0x00007ff9548a0000 - 0x00007ff9549eb000 	C:\WINDOWS\System32\ucrtbase.dll
0x00007ff91d920000 - 0x00007ff91d938000 	C:\Program Files\Java\jdk-19\bin\jli.dll
0x00007ff91fe30000 - 0x00007ff91fe4b000 	C:\Program Files\Java\jdk-19\bin\VCRUNTIME140.dll
0x00007ff956aa0000 - 0x00007ff956b54000 	C:\WINDOWS\System32\ADVAPI32.dll
0x00007ff957170000 - 0x00007ff957219000 	C:\WINDOWS\System32\msvcrt.dll
0x00007ff9554a0000 - 0x00007ff955546000 	C:\WINDOWS\System32\sechost.dll
0x00007ff956db0000 - 0x00007ff956ec8000 	C:\WINDOWS\System32\RPCRT4.dll
0x00007ff956ed0000 - 0x00007ff957094000 	C:\WINDOWS\System32\USER32.dll
0x00007ff954e90000 - 0x00007ff954eb7000 	C:\WINDOWS\System32\win32u.dll
0x00007ff9569b0000 - 0x00007ff9569db000 	C:\WINDOWS\System32\GDI32.dll
0x00007ff93b290000 - 0x00007ff93b523000 	C:\WINDOWS\WinSxS\amd64_microsoft.windows.common-controls_6595b64144ccf1df_6.0.26100.5074_none_3e0d6f78e32fd63f\COMCTL32.dll
0x00007ff954be0000 - 0x00007ff954d0d000 	C:\WINDOWS\System32\gdi32full.dll
0x00007ff9547f0000 - 0x00007ff954893000 	C:\WINDOWS\System32\msvcp_win.dll
0x00007ff94cc90000 - 0x00007ff94cc9b000 	C:\WINDOWS\SYSTEM32\VERSION.dll
0x00007ff956c40000 - 0x00007ff956c6f000 	C:\WINDOWS\System32\IMM32.DLL
0x00007ff942230000 - 0x00007ff94223c000 	C:\Program Files\Java\jdk-19\bin\vcruntime140_1.dll
0x00007ff8f94a0000 - 0x00007ff8f952e000 	C:\Program Files\Java\jdk-19\bin\msvcp140.dll
0x00007ff87e290000 - 0x00007ff87ef50000 	C:\Program Files\Java\jdk-19\bin\server\jvm.dll
0x00007ff93e0f0000 - 0x00007ff93e0fa000 	C:\WINDOWS\SYSTEM32\WSOCK32.dll
0x00007ff94bf70000 - 0x00007ff94bfa5000 	C:\WINDOWS\SYSTEM32\WINMM.dll
0x00007ff955550000 - 0x00007ff9555c4000 	C:\WINDOWS\System32\WS2_32.dll
0x00007ff9531d0000 - 0x00007ff9531eb000 	C:\WINDOWS\SYSTEM32\kernel.appcore.dll
0x00007ff938480000 - 0x00007ff93848a000 	C:\Program Files\Java\jdk-19\bin\jimage.dll
0x00007ff948a70000 - 0x00007ff948cb2000 	C:\WINDOWS\SYSTEM32\DBGHELP.DLL
0x00007ff9563c0000 - 0x00007ff95673b000 	C:\WINDOWS\System32\combase.dll
0x00007ff955190000 - 0x00007ff955267000 	C:\WINDOWS\System32\OLEAUT32.dll
0x00007ff936860000 - 0x00007ff93689d000 	C:\WINDOWS\SYSTEM32\dbgcore.DLL
0x00007ff954b40000 - 0x00007ff954bd9000 	C:\WINDOWS\System32\bcryptPrimitives.dll
0x00007ff951400000 - 0x00007ff95140e000 	C:\Program Files\Java\jdk-19\bin\instrument.dll
0x00007ff911070000 - 0x00007ff911096000 	C:\Program Files\Java\jdk-19\bin\java.dll
0x00007ff8f3bc0000 - 0x00007ff8f3c97000 	C:\Program Files\Java\jdk-19\bin\jsvml.dll
0x00007ff955c60000 - 0x00007ff9563ad000 	C:\WINDOWS\System32\SHELL32.dll
0x00007ff954ec0000 - 0x00007ff95502c000 	C:\WINDOWS\System32\wintypes.dll
0x00007ff952090000 - 0x00007ff9528e9000 	C:\WINDOWS\SYSTEM32\windows.storage.dll
0x00007ff9552f0000 - 0x00007ff9553e0000 	C:\WINDOWS\System32\SHCORE.dll
0x00007ff956920000 - 0x00007ff956982000 	C:\WINDOWS\System32\shlwapi.dll
0x00007ff954310000 - 0x00007ff954339000 	C:\WINDOWS\SYSTEM32\profapi.dll
0x00007ff911030000 - 0x00007ff911048000 	C:\Program Files\Java\jdk-19\bin\zip.dll
0x00007ff915a80000 - 0x00007ff915a93000 	C:\Program Files\Java\jdk-19\bin\net.dll
0x00007ff94c820000 - 0x00007ff94c93f000 	C:\WINDOWS\SYSTEM32\WINHTTP.dll
0x00007ff953750000 - 0x00007ff9537bb000 	C:\WINDOWS\system32\mswsock.dll
0x00007ff911050000 - 0x00007ff911066000 	C:\Program Files\Java\jdk-19\bin\nio.dll
0x00007ff951410000 - 0x00007ff951420000 	C:\Program Files\Java\jdk-19\bin\verify.dll
0x00007ff8f60b0000 - 0x00007ff8f60d7000 	C:\Users\RAHUL\.gradle\native\c067742578af261105cb4f569cf0c3c89f3d7b1fecec35dd04571415982c5e48\windows-amd64\native-platform.dll
0x00007ff91c1c0000 - 0x00007ff91c304000 	C:\Users\RAHUL\.gradle\native\100fb08df4bc3b14c8652ba06237920a3bd2aa13389f12d3474272988ae205f9\windows-amd64\native-platform-file-events.dll
0x00007ff9381c0000 - 0x00007ff9381ca000 	C:\Program Files\Java\jdk-19\bin\management.dll
0x00007ff923bc0000 - 0x00007ff923bcb000 	C:\Program Files\Java\jdk-19\bin\management_ext.dll
0x00007ff955c50000 - 0x00007ff955c58000 	C:\WINDOWS\System32\PSAPI.DLL
0x00007ff9539f0000 - 0x00007ff953a0b000 	C:\WINDOWS\SYSTEM32\CRYPTSP.dll
0x00007ff953130000 - 0x00007ff95316b000 	C:\WINDOWS\system32\rsaenh.dll
0x00007ff9537f0000 - 0x00007ff95381b000 	C:\WINDOWS\SYSTEM32\USERENV.dll
0x00007ff9542e0000 - 0x00007ff954306000 	C:\WINDOWS\SYSTEM32\bcrypt.dll
0x00007ff953a10000 - 0x00007ff953a1c000 	C:\WINDOWS\SYSTEM32\CRYPTBASE.dll
0x00007ff952bf0000 - 0x00007ff952c24000 	C:\WINDOWS\SYSTEM32\IPHLPAPI.DLL
0x00007ff9569a0000 - 0x00007ff9569aa000 	C:\WINDOWS\System32\NSI.dll
0x00007ff94cca0000 - 0x00007ff94ccbe000 	C:\WINDOWS\SYSTEM32\dhcpcsvc6.DLL
0x00007ff94c680000 - 0x00007ff94c6a3000 	C:\WINDOWS\SYSTEM32\dhcpcsvc.DLL
0x00007ff952ce0000 - 0x00007ff952e06000 	C:\WINDOWS\SYSTEM32\DNSAPI.dll
0x00007ff91dca0000 - 0x00007ff91dca8000 	C:\Program Files\Java\jdk-19\bin\extnet.dll
0x00007ff91eb20000 - 0x00007ff91eb2e000 	C:\Program Files\Java\jdk-19\bin\sunmscapi.dll
0x00007ff954d10000 - 0x00007ff954e87000 	C:\WINDOWS\System32\CRYPT32.dll
0x00007ff953c10000 - 0x00007ff953c40000 	C:\WINDOWS\SYSTEM32\ncrypt.dll
0x00007ff953bc0000 - 0x00007ff953bff000 	C:\WINDOWS\SYSTEM32\NTASN1.dll
0x00007ff939fc0000 - 0x00007ff939fc8000 	C:\WINDOWS\system32\wshunix.dll
0x00007ff92fd00000 - 0x00007ff92fd18000 	C:\WINDOWS\system32\napinsp.dll
0x00007ff92dc10000 - 0x00007ff92dc22000 	C:\WINDOWS\System32\winrnr.dll
0x00007ff92dbe0000 - 0x00007ff92dc08000 	C:\WINDOWS\system32\nlansp_c.dll
0x00007ff94c1f0000 - 0x00007ff94c206000 	C:\WINDOWS\system32\wshbth.dll
0x000000006c930000 - 0x000000006c956000 	C:\Program Files\Bonjour\mdnsNSP.dll
0x00007ff94ccd0000 - 0x00007ff94ccdb000 	C:\Windows\System32\rasadhlp.dll
0x00007ff949ad0000 - 0x00007ff949b56000 	C:\WINDOWS\System32\fwpuclnt.dll
0x00007ff9532f0000 - 0x00007ff953326000 	C:\WINDOWS\SYSTEM32\ntmarta.dll
0x00007ff94f600000 - 0x00007ff94f607000 	C:\Program Files\Java\jdk-19\bin\rmi.dll
0x00007ff8d6cf0000 - 0x00007ff8d6e81000 	C:\Program Files\Java\jdk-19\bin\awt.dll
0x00007ff951500000 - 0x00007ff95159e000 	C:\WINDOWS\SYSTEM32\apphelp.dll
0x00007ff951760000 - 0x00007ff951808000 	C:\WINDOWS\system32\uxtheme.dll
0x00007ff955030000 - 0x00007ff955188000 	C:\WINDOWS\System32\MSCTF.dll
0x00007ff9555d0000 - 0x00007ff955768000 	C:\WINDOWS\System32\ole32.dll

dbghelp: loaded successfully - version: 4.0.5 - missing functions: none
symbol engine: initialized successfully - sym options: 0x614 - pdb path: .;C:\Program Files\Java\jdk-19\bin;C:\WINDOWS\SYSTEM32;C:\WINDOWS\WinSxS\amd64_microsoft.windows.common-controls_6595b64144ccf1df_6.0.26100.5074_none_3e0d6f78e32fd63f;C:\Program Files\Java\jdk-19\bin\server;C:\Users\RAHUL\.gradle\native\c067742578af261105cb4f569cf0c3c89f3d7b1fecec35dd04571415982c5e48\windows-amd64;C:\Users\RAHUL\.gradle\native\100fb08df4bc3b14c8652ba06237920a3bd2aa13389f12d3474272988ae205f9\windows-amd64;C:\Program Files\Bonjour

VM Arguments:
jvm_args: -XX:MaxMetaspaceSize=4G -XX:ReservedCodeCacheSize=512m -XX:+HeapDumpOnOutOfMemoryError --add-opens=java.base/java.util=ALL-UNNAMED --add-opens=java.base/java.lang=ALL-UNNAMED --add-opens=java.base/java.lang.invoke=ALL-UNNAMED --add-opens=java.prefs/java.util.prefs=ALL-UNNAMED --add-exports=jdk.compiler/com.sun.tools.javac.api=ALL-UNNAMED --add-exports=jdk.compiler/com.sun.tools.javac.util=ALL-UNNAMED --add-opens=java.base/java.nio.charset=ALL-UNNAMED --add-opens=java.base/java.net=ALL-UNNAMED --add-opens=java.base/java.util.concurrent.atomic=ALL-UNNAMED -Xmx8G -Dfile.encoding=UTF-8 -Duser.country=IN -Duser.language=en -Duser.variant -javaagent:C:\Users\RAHUL\.gradle\wrapper\dists\gradle-8.10.2-all\7iv73wktx1xtkvlq19urqw1wm\gradle-8.10.2\lib\agents\gradle-instrumentation-agent-8.10.2.jar 
java_command: org.gradle.launcher.daemon.bootstrap.GradleDaemon 8.10.2
java_class_path (initial): C:\Users\RAHUL\.gradle\wrapper\dists\gradle-8.10.2-all\7iv73wktx1xtkvlq19urqw1wm\gradle-8.10.2\lib\gradle-daemon-main-8.10.2.jar
Launcher Type: SUN_STANDARD

[Global flags]
     intx CICompilerCount                          = 4                                         {product} {ergonomic}
     uint ConcGCThreads                            = 3                                         {product} {ergonomic}
     uint G1ConcRefinementThreads                  = 10                                        {product} {ergonomic}
   size_t G1HeapRegionSize                         = 4194304                                   {product} {ergonomic}
    uintx GCDrainStackTargetSize                   = 64                                        {product} {ergonomic}
     bool HeapDumpOnOutOfMemoryError               = true                                   {manageable} {command line}
   size_t InitialHeapSize                          = 125829120                                 {product} {ergonomic}
   size_t MarkStackSize                            = 4194304                                   {product} {ergonomic}
   size_t MaxHeapSize                              = 8589934592                                {product} {command line}
   size_t MaxMetaspaceSize                         = 4294967296                                {product} {command line}
   size_t MaxNewSize                               = 5150605312                                {product} {ergonomic}
   size_t MinHeapDeltaBytes                        = 4194304                                   {product} {ergonomic}
   size_t MinHeapSize                              = 8388608                                   {product} {ergonomic}
    uintx NonNMethodCodeHeapSize                   = 5839372                                {pd product} {ergonomic}
    uintx NonProfiledCodeHeapSize                  = 265515770                              {pd product} {ergonomic}
    uintx ProfiledCodeHeapSize                     = 265515770                              {pd product} {ergonomic}
    uintx ReservedCodeCacheSize                    = 536870912                              {pd product} {command line}
     bool SegmentedCodeCache                       = true                                      {product} {ergonomic}
   size_t SoftMaxHeapSize                          = 8589934592                             {manageable} {ergonomic}
   double SweeperThreshold                         = 0.234375                                  {product} {ergonomic}
     bool UseCompressedClassPointers               = true                           {product lp64_product} {ergonomic}
     bool UseCompressedOops                        = true                           {product lp64_product} {ergonomic}
     bool UseG1GC                                  = true                                      {product} {ergonomic}
     bool UseLargePagesIndividualAllocation        = false                                  {pd product} {ergonomic}

Logging:
Log output configuration:
 #0: stdout all=warning uptime,level,tags foldmultilines=false
 #1: stderr all=off uptime,level,tags foldmultilines=false

Environment Variables:
JAVA_HOME=C:\Program Files\Java\jdk-19
CLASSPATH=L:\flutter Projects\moodmate\moodmate\android\\gradle\wrapper\gradle-wrapper.jar
PATH=C:\Program Files\Java\jdk-19\bin;C:\Program Files\Java\jdk-19\bin;C:\Program Files\Common Files\Oracle\Java\javapath;C:\windows\system32;C:\windows;C:\windows\System32\Wbem;C:\windows\System32\WindowsPowerShell\v1.0\;C:\windows\System32\OpenSSH\;C:\Program Files (x86)\NVIDIA Corporation\PhysX\Common;C:\Program Files\NVIDIA Corporation\NVIDIA NvDLISR;C:\MinGW\bin;C:\WINDOWS\system32;C:\WINDOWS;C:\WINDOWS\System32\Wbem;C:\WINDOWS\System32\WindowsPowerShell\v1.0\;C:\WINDOWS\System32\OpenSSH\;L:\android studio\flutter\bin;C:\Users\RAHUL\AppData\Local\Pub\Cache\bin;C:\Program Files\Git\cmd;C:\Program Files (x86)\Incredibuild;C:\Program Files (x86)\Windows Kits\10\Windows Performance Toolkit\;L:\Nodejs\;C:\Users\RAHUL\AppData\Local\Programs\Eclipse Adoptium\jdk-17.0.12.7-hotspot\bin;C:\Users\RAHUL\AppData\Local\Programs\Eclipse Adoptium\jdk-17.0.16.8-hotspot\bin;C:\Users\RAHUL\AppData\Local\Programs\Python\Launcher\;C:\Users\RAHUL\AppData\Local\Microsoft\WindowsApps;C:\Users\RAHUL\AppData\Local\Programs\Microsoft VS Code\bin;C:\Users\RAHUL\AppData\Local\Microsoft\WindowsApps;C:\Users\RAHUL\AppData\Local\GitHubDesktop\bin;L:\flutter apps\new\flutter\bin;L:\android studio\flutter\bin;C:\Users\RAHUL\AppData\Roaming\npm;L:\flutter sdk\flutter\bin\mingit\cmd;L:\flutter sdk\flutter\bin\mingit\cmd
USERNAME=RAHUL
OS=Windows_NT
PROCESSOR_IDENTIFIER=AMD64 Family 25 Model 80 Stepping 0, AuthenticAMD
TMP=C:\Users\RAHUL\AppData\Local\Temp
TEMP=C:\Users\RAHUL\AppData\Local\Temp



---------------  S Y S T E M  ---------------

OS:
 Windows 11 , 64 bit Build 26100 (10.0.26100.5074)
OS uptime: 0 days 3:58 hours

CPU: total 12 (initial active 12) (12 cores per cpu, 2 threads per core) family 25 model 80 stepping 0 microcode 0xa50000d, cx8, cmov, fxsr, ht, mmx, 3dnowpref, sse, sse2, sse3, ssse3, sse4a, sse4.1, sse4.2, popcnt, lzcnt, tsc, tscinvbit, avx, avx2, aes, erms, clmul, bmi1, bmi2, adx, sha, fma, vzeroupper, clflush, clflushopt, rdtscp, rdpid, fsrm

Memory: 4k page, system-wide physical 7521M (29M free)
TotalPageFile size 31055M (AvailPageFile size 573M)
current process WorkingSet (physical memory assigned to process): 457M, peak: 1333M
current process commit charge ("private bytes"): 5075M, peak: 5754M

vm_info: Java HotSpot(TM) 64-Bit Server VM (19.0.1+10-21) for windows-amd64 JRE (19.0.1+10-21), built on 2022-09-14T12:45:06Z by "mach5one" with MS VC++ 17.1 (VS2022)

END.
