#
# There is insufficient memory for the Java Runtime Environment to continue.
# Native memory allocation (mmap) failed to map 2195456 bytes for G1 virtual space
# Possible reasons:
#   The system is out of physical RAM or swap space
#   The process is running with CompressedOops enabled, and the Java Heap may be blocking the growth of the native heap
# Possible solutions:
#   Reduce memory load on the system
#   Increase physical memory or swap space
#   Check if swap backing store is full
#   Decrease Java heap size (-Xmx/-Xms)
#   Decrease number of Java threads
#   Decrease Java thread stack sizes (-Xss)
#   Set larger code cache with -XX:ReservedCodeCacheSize=
#   JVM is running with Zero Based Compressed Oops mode in which the Java heap is
#     placed in the first 32GB address space. The Java Heap base address is the
#     maximum limit for the native heap growth. Please use -XX:HeapBaseMinAddress
#     to set the Java Heap base and to place the Java Heap above 32GB virtual address.
# This output file may be truncated or incomplete.
#
#  Out of Memory Error (os_windows.cpp:3527), pid=3272, tid=3320
#
# JRE version: Java(TM) SE Runtime Environment (19.0.1+10) (build 19.0.1+10-21)
# Java VM: Java HotSpot(TM) 64-Bit Server VM (19.0.1+10-21, mixed mode, sharing, tiered, compressed oops, compressed class ptrs, g1 gc, windows-amd64)
# No core dump will be written. Minidumps are not enabled by default on client versions of Windows
#

---------------  S U M M A R Y ------------

Command Line: -XX:MaxMetaspaceSize=4G -XX:ReservedCodeCacheSize=512m -XX:+HeapDumpOnOutOfMemoryError --add-opens=java.base/java.util=ALL-UNNAMED --add-opens=java.base/java.lang=ALL-UNNAMED --add-opens=java.base/java.lang.invoke=ALL-UNNAMED --add-opens=java.prefs/java.util.prefs=ALL-UNNAMED --add-exports=jdk.compiler/com.sun.tools.javac.api=ALL-UNNAMED --add-exports=jdk.compiler/com.sun.tools.javac.util=ALL-UNNAMED --add-opens=java.base/java.nio.charset=ALL-UNNAMED --add-opens=java.base/java.net=ALL-UNNAMED --add-opens=java.base/java.util.concurrent.atomic=ALL-UNNAMED -Xmx8G -Dfile.encoding=UTF-8 -Duser.country=IN -Duser.language=en -Duser.variant -javaagent:C:\Users\RAHUL\.gradle\wrapper\dists\gradle-8.10.2-all\7iv73wktx1xtkvlq19urqw1wm\gradle-8.10.2\lib\agents\gradle-instrumentation-agent-8.10.2.jar org.gradle.launcher.daemon.bootstrap.GradleDaemon 8.10.2

Host: AMD Ryzen 5 5600H with Radeon Graphics         , 12 cores, 7G,  Windows 11 , 64 bit Build 26100 (10.0.26100.5074)
Time: Mon Sep 15 17:44:21 2025 India Standard Time elapsed time: 4763.124446 seconds (0d 1h 19m 23s)

---------------  T H R E A D  ---------------

Current thread (0x000001904c1ffc40):  VMThread "VM Thread" [stack: 0x0000002eb3900000,0x0000002eb3a00000] [id=3320]

Stack: [0x0000002eb3900000,0x0000002eb3a00000]
Native frames: (J=compiled Java code, j=interpreted, Vv=VM code, C=native code)
V  [jvm.dll+0x6ee8fa]
V  [jvm.dll+0x857a1e]
V  [jvm.dll+0x85940e]
V  [jvm.dll+0x859ac3]
V  [jvm.dll+0x28291f]
V  [jvm.dll+0x6eb6e9]
V  [jvm.dll+0x6e028a]
V  [jvm.dll+0x357136]
V  [jvm.dll+0x35eb96]
V  [jvm.dll+0x3b55bd]
V  [jvm.dll+0x3b578f]
V  [jvm.dll+0x32c6ea]
V  [jvm.dll+0x32c797]
V  [jvm.dll+0x374b52]
V  [jvm.dll+0x37328f]
V  [jvm.dll+0x32bf10]
V  [jvm.dll+0x37282b]
V  [jvm.dll+0x85ef83]
V  [jvm.dll+0x85fd49]
V  [jvm.dll+0x86027d]
V  [jvm.dll+0x86070b]
V  [jvm.dll+0x8607c7]
V  [jvm.dll+0x8015fa]
V  [jvm.dll+0x6ed5eb]
C  [ucrtbase.dll+0x37b0]
C  [KERNEL32.DLL+0x2e8d7]
C  [ntdll.dll+0x8d9c]

VM_Operation (0x0000002ec01fc420): G1CollectForAllocation, mode: safepoint, requested by thread 0x0000019071030b10


---------------  P R O C E S S  ---------------

Threads class SMR info:
_java_thread_list=0x000001905fc78390, length=237, elements={
0x000001900eba7870, 0x000001904c21b090, 0x000001904c21c730, 0x000001904c222070,
0x000001904c2249b0, 0x000001904c225e50, 0x000001904c229300, 0x000001904c230b50,
0x000001904c23c050, 0x000001904c245190, 0x00000190530f5640, 0x00000190530f4650,
0x00000190530f60e0, 0x00000190530f3bb0, 0x00000190530f4ba0, 0x0000019054b45570,
0x0000019054b42af0, 0x0000019054b45020, 0x0000019054b45ac0, 0x0000019054b46560,
0x0000019054b43040, 0x00000190592d92c0, 0x00000190564df530, 0x00000190564e3a40,
0x00000190564e3f90, 0x00000190564e44e0, 0x0000019055b6c4b0, 0x0000019057d1c5f0,
0x0000019057d1cb40, 0x0000019057d1d090, 0x0000019057d1bb50, 0x0000019057d1c0a0,
0x0000019057d21af0, 0x0000019057d25010, 0x0000019057d23ad0, 0x000001905872cb00,
0x00000190592d4310, 0x00000190586d8fb0, 0x0000019070e84350, 0x0000019060c5f030,
0x00000190599bf6a0, 0x0000019055b66a60, 0x0000019055b69a30, 0x0000019055b684f0,
0x00000190599bd170, 0x00000190599be160, 0x00000190599bcc20, 0x00000190599bd6c0,
0x00000190599be6b0, 0x0000019055b67fa0, 0x0000019058e03810, 0x0000019058e03d60,
0x0000019058e02d70, 0x0000019058e05d40, 0x0000019058e032c0, 0x0000019058e052a0,
0x0000019058e04800, 0x0000019058e04d50, 0x0000019058e02820, 0x0000019058e042b0,
0x0000019058ff5310, 0x0000019058ff2890, 0x0000019058ff4dc0, 0x0000019058ff3880,
0x00000190599bec00, 0x00000190599bfbf0, 0x00000190599bf150, 0x00000190599c0140,
0x00000190599bdc10, 0x0000019057c35b40, 0x0000019057c355f0, 0x0000019057c350a0,
0x0000019057c36090, 0x0000019057c365e0, 0x000001905513c210, 0x000001905513c760,
0x000001905513a230, 0x00000190577567e0, 0x0000019057756d30, 0x0000019057756290,
0x000001905f493d70, 0x000001905f494d60, 0x000001905f494810, 0x000001905f493820,
0x000001905f4942c0, 0x0000019060d62290, 0x0000019060d617f0, 0x0000019060d647c0,
0x000001905513a780, 0x000001905513ccb0, 0x000001905513bcc0, 0x000001905513acd0,
0x0000019055139790, 0x000001905f7c15b0, 0x000001905f7c1b00, 0x000001905f7c4580,
0x000001905f7c2050, 0x000001905f7c25a0, 0x000001905f7c1060, 0x000001905f7c2af0,
0x000001905f7c3ae0, 0x000001905f7c3040, 0x000001905f7c3590, 0x000001905f7c4030,
0x000001905664c440, 0x000001905664c990, 0x000001905664bef0, 0x000001905664af00,
0x000001905664cee0, 0x000001905664d980, 0x000001905664b9a0, 0x0000019060d64d10,
0x0000019060d63d20, 0x0000019060d61d40, 0x0000019060d63280, 0x0000019060d637d0,
0x0000019060d62d30, 0x0000019060d627e0, 0x0000019060d64270, 0x000001905664a460,
0x000001905664a9b0, 0x000001905664b450, 0x000001905664d430, 0x0000019057cb7060,
0x0000019057cb85a0, 0x0000019057cb8af0, 0x0000019057cb9040, 0x000001905f079830,
0x000001905f0782f0, 0x000001905f078840, 0x0000019061058140, 0x0000019061058690,
0x0000019061059130, 0x0000019060c5e040, 0x0000019055b694e0, 0x0000019055b66fb0,
0x0000019055b6d9f0, 0x0000019055b6ba10, 0x0000019055b6cf50, 0x000001905ff3a260,
0x000001905ff387d0, 0x000001905ff3ad00, 0x000001905ff38d20, 0x000001905ff3bcf0,
0x000001905ff3b250, 0x0000019070e83360, 0x0000019070e82e10, 0x0000019070e848a0,
0x0000019070e828c0, 0x0000019070e81e20, 0x0000019070e82370, 0x0000019070e838b0,
0x0000019070e83e00, 0x000001906152ab10, 0x000001906152b060, 0x000001906152bb00,
0x00000190586dba30, 0x00000190586d9fa0, 0x00000190586da4f0, 0x00000190586db4e0,
0x00000190586d8a60, 0x00000190586daa40, 0x00000190586d9500, 0x00000190586d9a50,
0x00000190586d8510, 0x00000190593e7cd0, 0x00000190593e9cb0, 0x0000019057cb75b0,
0x0000019057cb7b00, 0x0000019057cb9590, 0x0000019057cb9ae0, 0x0000019057cba030,
0x0000019057cb8050, 0x0000019057cb6b10, 0x0000019060d65d50, 0x0000019060d67d30,
0x0000019060d67290, 0x0000019060d66d40, 0x0000019060d677e0, 0x0000019060d68280,
0x0000019060d687d0, 0x0000019060d68d20, 0x0000019060d65800, 0x0000019060d667f0,
0x0000019060d662a0, 0x00000190553d5a30, 0x00000190553d5f80, 0x00000190553d2fb0,
0x0000019061058be0, 0x0000019061059680, 0x00000190593e8220, 0x0000019060bca590,
0x0000019071030b10, 0x0000019058ff5860, 0x00000190593eb1f0, 0x00000190593e8770,
0x000001905ff3b7a0, 0x000001905ff397c0, 0x0000019060c5cb00, 0x0000019058ff2340,
0x0000019059e57060, 0x0000019059e59590, 0x00000190577557f0, 0x00000190710315b0,
0x00000190710325a0, 0x0000019055139ce0, 0x0000019058ff2de0, 0x0000019059e58050,
0x0000019059e5a030, 0x0000019059e57b00, 0x0000019059e585a0, 0x0000019059e58af0,
0x0000019059e59040, 0x0000019059e5a580, 0x0000019059e59ae0, 0x0000019062277720,
0x0000019062275740, 0x00000190622781c0, 0x00000190553d3a50, 0x0000019061056c00,
0x0000019061059bd0, 0x0000019058ff4320, 0x00000190553d44f0, 0x0000019058ff4870,
0x00000190553d3500, 0x00000190593e9760, 0x00000190593e9210, 0x00000190622761e0,
0x0000019062277c70, 0x000001906105a120, 0x0000019061057150, 0x0000019061057bf0,
0x00000190610576a0, 0x0000019061529080, 0x000001906152b5b0, 0x0000019062278710,
0x00000190622751f0
}

Java Threads: ( => current thread )
  0x000001900eba7870 JavaThread "main" [_thread_blocked, id=10892, stack(0x0000002eb3300000,0x0000002eb3400000)]
  0x000001904c21b090 JavaThread "Reference Handler" daemon [_thread_blocked, id=2036, stack(0x0000002eb3a00000,0x0000002eb3b00000)]
  0x000001904c21c730 JavaThread "Finalizer" daemon [_thread_blocked, id=23276, stack(0x0000002eb3b00000,0x0000002eb3c00000)]
  0x000001904c222070 JavaThread "Signal Dispatcher" daemon [_thread_blocked, id=4252, stack(0x0000002eb3c00000,0x0000002eb3d00000)]
  0x000001904c2249b0 JavaThread "Attach Listener" daemon [_thread_blocked, id=16932, stack(0x0000002eb3d00000,0x0000002eb3e00000)]
  0x000001904c225e50 JavaThread "Service Thread" daemon [_thread_blocked, id=14036, stack(0x0000002eb3e00000,0x0000002eb3f00000)]
  0x000001904c229300 JavaThread "Monitor Deflation Thread" daemon [_thread_blocked, id=6648, stack(0x0000002eb3f00000,0x0000002eb4000000)]
  0x000001904c230b50 JavaThread "C2 CompilerThread0" daemon [_thread_blocked, id=19080, stack(0x0000002eb4000000,0x0000002eb4100000)]
  0x000001904c23c050 JavaThread "C1 CompilerThread0" daemon [_thread_blocked, id=20556, stack(0x0000002eb4100000,0x0000002eb4200000)]
  0x000001904c245190 JavaThread "Sweeper thread" daemon [_thread_blocked, id=12944, stack(0x0000002eb4200000,0x0000002eb4300000)]
  0x00000190530f5640 JavaThread "Common-Cleaner" daemon [_thread_blocked, id=10764, stack(0x0000002eb4300000,0x0000002eb4400000)]
  0x00000190530f4650 JavaThread "Notification Thread" daemon [_thread_blocked, id=7692, stack(0x0000002eb4400000,0x0000002eb4500000)]
  0x00000190530f60e0 JavaThread "Daemon health stats" [_thread_blocked, id=17196, stack(0x0000002eb4e00000,0x0000002eb4f00000)]
  0x00000190530f3bb0 JavaThread "Incoming local TCP Connector on port 54560" [_thread_in_native, id=12364, stack(0x0000002eb4600000,0x0000002eb4700000)]
  0x00000190530f4ba0 JavaThread "Daemon periodic checks" [_thread_blocked, id=14184, stack(0x0000002eb4f00000,0x0000002eb5000000)]
  0x0000019054b45570 JavaThread "Cache worker for journal cache (C:\Users\RAHUL\.gradle\caches\journal-1)" [_thread_blocked, id=19988, stack(0x0000002eb5700000,0x0000002eb5800000)]
  0x0000019054b42af0 JavaThread "File lock request listener" [_thread_in_native, id=22764, stack(0x0000002eb5800000,0x0000002eb5900000)]
  0x0000019054b45020 JavaThread "Cache worker for file hash cache (C:\Users\RAHUL\.gradle\caches\8.10.2\fileHashes)" [_thread_blocked, id=19808, stack(0x0000002eb5900000,0x0000002eb5a00000)]
  0x0000019054b45ac0 JavaThread "File watcher server" daemon [_thread_blocked, id=8924, stack(0x0000002eb6200000,0x0000002eb6300000)]
  0x0000019054b46560 JavaThread "File watcher consumer" daemon [_thread_blocked, id=14324, stack(0x0000002eb6300000,0x0000002eb6400000)]
  0x0000019054b43040 JavaThread "Cache worker for file content cache (C:\Users\RAHUL\.gradle\caches\8.10.2\fileContent)" [_thread_blocked, id=14504, stack(0x0000002eb6500000,0x0000002eb6600000)]
  0x00000190592d92c0 JavaThread "Memory manager" [_thread_blocked, id=18028, stack(0x0000002eb8a00000,0x0000002eb8b00000)]
  0x00000190564df530 JavaThread "RMI Scheduler(0)" daemon [_thread_blocked, id=9120, stack(0x0000002eb7d00000,0x0000002eb7e00000)]
  0x00000190564e3a40 JavaThread "RMI GC Daemon" daemon [_thread_blocked, id=23988, stack(0x0000002ebbb00000,0x0000002ebbc00000)]
  0x00000190564e3f90 JavaThread "RMI TCP Accept-0" daemon [_thread_in_native, id=22580, stack(0x0000002ebbc00000,0x0000002ebbd00000)]
  0x00000190564e44e0 JavaThread "RMI Reaper" [_thread_blocked, id=18360, stack(0x0000002ebbd00000,0x0000002ebbe00000)]
  0x0000019055b6c4b0 JavaThread "jar transforms" [_thread_blocked, id=6036, stack(0x0000002ebe400000,0x0000002ebe500000)]
  0x0000019057d1c5f0 JavaThread "jar transforms Thread 2" [_thread_blocked, id=4848, stack(0x0000002ebfa00000,0x0000002ebfb00000)]
  0x0000019057d1cb40 JavaThread "jar transforms Thread 3" [_thread_blocked, id=4440, stack(0x0000002ebfb00000,0x0000002ebfc00000)]
  0x0000019057d1d090 JavaThread "jar transforms Thread 4" [_thread_blocked, id=13232, stack(0x0000002ebfc00000,0x0000002ebfd00000)]
  0x0000019057d1bb50 JavaThread "jar transforms Thread 5" [_thread_blocked, id=24168, stack(0x0000002ebfd00000,0x0000002ebfe00000)]
  0x0000019057d1c0a0 JavaThread "jar transforms Thread 6" [_thread_blocked, id=24508, stack(0x0000002ebfe00000,0x0000002ebff00000)]
  0x0000019057d21af0 JavaThread "pool-3-thread-1" [_thread_blocked, id=13424, stack(0x0000002ebff00000,0x0000002ec0000000)]
  0x0000019057d25010 JavaThread "Cache worker for Java compile cache (C:\Users\RAHUL\.gradle\caches\8.10.2\javaCompile)" [_thread_blocked, id=24296, stack(0x0000002ec1100000,0x0000002ec1200000)]
  0x0000019057d23ad0 JavaThread "RMI TCP Accept-0" daemon [_thread_in_native, id=23004, stack(0x0000002ec1300000,0x0000002ec1400000)]
  0x000001905872cb00 JavaThread "pool-8-thread-1" [_thread_blocked, id=8696, stack(0x0000002eb3100000,0x0000002eb3200000)]
  0x00000190592d4310 JavaThread "pool-12-thread-1" [_thread_blocked, id=15228, stack(0x0000002ebf400000,0x0000002ebf500000)]
  0x00000190586d8fb0 JavaThread "pool-15-thread-1" [_thread_blocked, id=2864, stack(0x0000002eba200000,0x0000002eba300000)]
  0x0000019070e84350 JavaThread "pool-18-thread-1" [_thread_blocked, id=23128, stack(0x0000002ebf300000,0x0000002ebf400000)]
  0x0000019060c5f030 JavaThread "pool-22-thread-1" [_thread_blocked, id=20744, stack(0x0000002ebf500000,0x0000002ebf600000)]
  0x00000190599bf6a0 JavaThread "Daemon Thread 7" [_thread_blocked, id=10540, stack(0x0000002eb3000000,0x0000002eb3100000)]
  0x0000019055b66a60 JavaThread "Handler for socket connection from /127.0.0.1:54560 to /127.0.0.1:64316" [_thread_in_native, id=5712, stack(0x0000002eb3200000,0x0000002eb3300000)]
  0x0000019055b69a30 JavaThread "Cancel handler" [_thread_blocked, id=9956, stack(0x0000002eb5000000,0x0000002eb5100000)]
  0x0000019055b684f0 JavaThread "Daemon worker Thread 7" [_thread_blocked, id=1632, stack(0x0000002eb5100000,0x0000002eb5200000)]
  0x00000190599bd170 JavaThread "Asynchronous log dispatcher for DefaultDaemonConnection: socket connection from /127.0.0.1:54560 to /127.0.0.1:64316" [_thread_blocked, id=16996, stack(0x0000002eb5200000,0x0000002eb5300000)]
  0x00000190599be160 JavaThread "Stdin handler" [_thread_blocked, id=3052, stack(0x0000002eb5300000,0x0000002eb5400000)]
  0x00000190599bcc20 JavaThread "Daemon client event forwarder" [_thread_blocked, id=1624, stack(0x0000002eb5400000,0x0000002eb5500000)]
  0x00000190599bd6c0 JavaThread "Cache worker for file hash cache (L:\flutter Projects\moodmate\moodmate\android\.gradle\8.10.2\fileHashes)" [_thread_blocked, id=16792, stack(0x0000002eb5500000,0x0000002eb5600000)]
  0x00000190599be6b0 JavaThread "Cache worker for Build Output Cleanup Cache (L:\flutter Projects\moodmate\moodmate\android\.gradle\buildOutputCleanup)" [_thread_blocked, id=19664, stack(0x0000002eb5600000,0x0000002eb5700000)]
  0x0000019055b67fa0 JavaThread "Cache worker for checksums cache (L:\flutter Projects\moodmate\moodmate\android\.gradle\8.10.2\checksums)" [_thread_blocked, id=7812, stack(0x0000002eb5a00000,0x0000002eb5b00000)]
  0x0000019058e03810 JavaThread "Cache worker for cache directory md-rule (C:\Users\RAHUL\.gradle\caches\8.10.2\md-rule)" [_thread_blocked, id=11800, stack(0x0000002eb5d00000,0x0000002eb5e00000)]
  0x0000019058e03d60 JavaThread "Cache worker for cache directory md-supplier (C:\Users\RAHUL\.gradle\caches\8.10.2\md-supplier)" [_thread_blocked, id=19288, stack(0x0000002eb6000000,0x0000002eb6100000)]
  0x0000019058e02d70 JavaThread "Cache worker for Build Output Cleanup Cache (L:\flutter sdk\flutter\packages\flutter_tools\gradle\.gradle\buildOutputCleanup)" [_thread_blocked, id=23864, stack(0x0000002eb6100000,0x0000002eb6200000)]
  0x0000019058e05d40 JavaThread "Unconstrained build operations" [_thread_blocked, id=12152, stack(0x0000002eb6400000,0x0000002eb6500000)]
  0x0000019058e032c0 JavaThread "Unconstrained build operations Thread 2" [_thread_blocked, id=17232, stack(0x0000002eb6600000,0x0000002eb6700000)]
  0x0000019058e052a0 JavaThread "Unconstrained build operations Thread 3" [_thread_blocked, id=19592, stack(0x0000002eb6700000,0x0000002eb6800000)]
  0x0000019058e04800 JavaThread "Unconstrained build operations Thread 4" [_thread_blocked, id=5356, stack(0x0000002eb6800000,0x0000002eb6900000)]
  0x0000019058e04d50 JavaThread "Unconstrained build operations Thread 5" [_thread_blocked, id=22744, stack(0x0000002eb6900000,0x0000002eb6a00000)]
  0x0000019058e02820 JavaThread "Unconstrained build operations Thread 6" [_thread_blocked, id=19604, stack(0x0000002eb6a00000,0x0000002eb6b00000)]
  0x0000019058e042b0 JavaThread "Unconstrained build operations Thread 7" [_thread_blocked, id=13060, stack(0x0000002eb6b00000,0x0000002eb6c00000)]
  0x0000019058ff5310 JavaThread "Unconstrained build operations Thread 8" [_thread_blocked, id=22872, stack(0x0000002eb6c00000,0x0000002eb6d00000)]
  0x0000019058ff2890 JavaThread "Unconstrained build operations Thread 9" [_thread_blocked, id=23304, stack(0x0000002eb6d00000,0x0000002eb6e00000)]
  0x0000019058ff4dc0 JavaThread "Unconstrained build operations Thread 10" [_thread_blocked, id=7680, stack(0x0000002eb6e00000,0x0000002eb6f00000)]
  0x0000019058ff3880 JavaThread "Unconstrained build operations Thread 11" [_thread_blocked, id=21684, stack(0x0000002eb6f00000,0x0000002eb7000000)]
  0x00000190599bec00 JavaThread "Unconstrained build operations Thread 12" [_thread_blocked, id=19648, stack(0x0000002eb7000000,0x0000002eb7100000)]
  0x00000190599bfbf0 JavaThread "Unconstrained build operations Thread 13" [_thread_blocked, id=18732, stack(0x0000002eb7100000,0x0000002eb7200000)]
  0x00000190599bf150 JavaThread "Unconstrained build operations Thread 14" [_thread_blocked, id=23376, stack(0x0000002eb7200000,0x0000002eb7300000)]
  0x00000190599c0140 JavaThread "Unconstrained build operations Thread 15" [_thread_blocked, id=13776, stack(0x0000002eb7300000,0x0000002eb7400000)]
  0x00000190599bdc10 JavaThread "Unconstrained build operations Thread 16" [_thread_blocked, id=23716, stack(0x0000002eb7400000,0x0000002eb7500000)]
  0x0000019057c35b40 JavaThread "Unconstrained build operations Thread 17" [_thread_blocked, id=15376, stack(0x0000002eb7500000,0x0000002eb7600000)]
  0x0000019057c355f0 JavaThread "Unconstrained build operations Thread 18" [_thread_blocked, id=23624, stack(0x0000002eb7600000,0x0000002eb7700000)]
  0x0000019057c350a0 JavaThread "Unconstrained build operations Thread 19" [_thread_blocked, id=5812, stack(0x0000002eb7700000,0x0000002eb7800000)]
  0x0000019057c36090 JavaThread "Unconstrained build operations Thread 20" [_thread_blocked, id=19296, stack(0x0000002eb7800000,0x0000002eb7900000)]
  0x0000019057c365e0 JavaThread "Unconstrained build operations Thread 21" [_thread_blocked, id=17716, stack(0x0000002eb7900000,0x0000002eb7a00000)]
  0x000001905513c210 JavaThread "Unconstrained build operations Thread 22" [_thread_blocked, id=3404, stack(0x0000002eb7a00000,0x0000002eb7b00000)]
  0x000001905513c760 JavaThread "build event listener" [_thread_blocked, id=12320, stack(0x0000002eb7b00000,0x0000002eb7c00000)]
  0x000001905513a230 JavaThread "included builds" [_thread_blocked, id=11912, stack(0x0000002eb7c00000,0x0000002eb7d00000)]
  0x00000190577567e0 JavaThread "Execution worker" [_thread_blocked, id=4912, stack(0x0000002eb7e00000,0x0000002eb7f00000)]
  0x0000019057756d30 JavaThread "Execution worker Thread 2" [_thread_blocked, id=18664, stack(0x0000002eb7f00000,0x0000002eb8000000)]
  0x0000019057756290 JavaThread "Execution worker Thread 3" [_thread_blocked, id=18716, stack(0x0000002eb8000000,0x0000002eb8100000)]
  0x000001905f493d70 JavaThread "Execution worker Thread 4" [_thread_blocked, id=19356, stack(0x0000002eb8100000,0x0000002eb8200000)]
  0x000001905f494d60 JavaThread "Execution worker Thread 5" [_thread_blocked, id=5536, stack(0x0000002eb8200000,0x0000002eb8300000)]
  0x000001905f494810 JavaThread "Execution worker Thread 6" [_thread_blocked, id=8380, stack(0x0000002eb8300000,0x0000002eb8400000)]
  0x000001905f493820 JavaThread "Execution worker Thread 7" [_thread_blocked, id=19100, stack(0x0000002eb8400000,0x0000002eb8500000)]
  0x000001905f4942c0 JavaThread "Execution worker Thread 8" [_thread_blocked, id=22716, stack(0x0000002eb8500000,0x0000002eb8600000)]
  0x0000019060d62290 JavaThread "Execution worker Thread 9" [_thread_blocked, id=24488, stack(0x0000002eb8600000,0x0000002eb8700000)]
  0x0000019060d617f0 JavaThread "Execution worker Thread 10" [_thread_blocked, id=23620, stack(0x0000002eb8700000,0x0000002eb8800000)]
  0x0000019060d647c0 JavaThread "Execution worker Thread 11" [_thread_blocked, id=6672, stack(0x0000002eb8800000,0x0000002eb8900000)]
  0x000001905513a780 JavaThread "Cache worker for execution history cache (L:\flutter sdk\flutter\packages\flutter_tools\gradle\.gradle\8.10.2\executionHistory)" [_thread_blocked, id=2572, stack(0x0000002eb8900000,0x0000002eb8a00000)]
  0x000001905513ccb0 JavaThread "Unconstrained build operations Thread 23" [_thread_blocked, id=19312, stack(0x0000002eb8b00000,0x0000002eb8c00000)]
  0x000001905513bcc0 JavaThread "Unconstrained build operations Thread 24" [_thread_blocked, id=23080, stack(0x0000002eb8c00000,0x0000002eb8d00000)]
  0x000001905513acd0 JavaThread "Unconstrained build operations Thread 25" [_thread_blocked, id=16240, stack(0x0000002eb8d00000,0x0000002eb8e00000)]
  0x0000019055139790 JavaThread "Unconstrained build operations Thread 26" [_thread_blocked, id=13508, stack(0x0000002eb8e00000,0x0000002eb8f00000)]
  0x000001905f7c15b0 JavaThread "Unconstrained build operations Thread 27" [_thread_blocked, id=18868, stack(0x0000002eb8f00000,0x0000002eb9000000)]
  0x000001905f7c1b00 JavaThread "Unconstrained build operations Thread 28" [_thread_blocked, id=23104, stack(0x0000002eb9000000,0x0000002eb9100000)]
  0x000001905f7c4580 JavaThread "Unconstrained build operations Thread 29" [_thread_blocked, id=23368, stack(0x0000002eb9100000,0x0000002eb9200000)]
  0x000001905f7c2050 JavaThread "Unconstrained build operations Thread 30" [_thread_blocked, id=12564, stack(0x0000002eb9200000,0x0000002eb9300000)]
  0x000001905f7c25a0 JavaThread "Unconstrained build operations Thread 31" [_thread_blocked, id=24300, stack(0x0000002eb9300000,0x0000002eb9400000)]
  0x000001905f7c1060 JavaThread "Unconstrained build operations Thread 32" [_thread_blocked, id=18056, stack(0x0000002eb9400000,0x0000002eb9500000)]
  0x000001905f7c2af0 JavaThread "Unconstrained build operations Thread 33" [_thread_blocked, id=17968, stack(0x0000002eb9500000,0x0000002eb9600000)]
  0x000001905f7c3ae0 JavaThread "Unconstrained build operations Thread 34" [_thread_blocked, id=24280, stack(0x0000002eb9600000,0x0000002eb9700000)]
  0x000001905f7c3040 JavaThread "Unconstrained build operations Thread 35" [_thread_blocked, id=18844, stack(0x0000002eb9700000,0x0000002eb9800000)]
  0x000001905f7c3590 JavaThread "Unconstrained build operations Thread 36" [_thread_blocked, id=6032, stack(0x0000002eb9800000,0x0000002eb9900000)]
  0x000001905f7c4030 JavaThread "Unconstrained build operations Thread 37" [_thread_blocked, id=8916, stack(0x0000002eb9900000,0x0000002eb9a00000)]
  0x000001905664c440 JavaThread "Unconstrained build operations Thread 38" [_thread_blocked, id=19564, stack(0x0000002eb9a00000,0x0000002eb9b00000)]
  0x000001905664c990 JavaThread "Unconstrained build operations Thread 39" [_thread_blocked, id=20792, stack(0x0000002eb9b00000,0x0000002eb9c00000)]
  0x000001905664bef0 JavaThread "Unconstrained build operations Thread 40" [_thread_blocked, id=19740, stack(0x0000002eb9c00000,0x0000002eb9d00000)]
  0x000001905664af00 JavaThread "Unconstrained build operations Thread 41" [_thread_blocked, id=7964, stack(0x0000002eb9d00000,0x0000002eb9e00000)]
  0x000001905664cee0 JavaThread "Unconstrained build operations Thread 42" [_thread_blocked, id=6884, stack(0x0000002eb9e00000,0x0000002eb9f00000)]
  0x000001905664d980 JavaThread "Unconstrained build operations Thread 43" [_thread_blocked, id=20856, stack(0x0000002eb9f00000,0x0000002eba000000)]
  0x000001905664b9a0 JavaThread "Unconstrained build operations Thread 44" [_thread_blocked, id=2124, stack(0x0000002eba000000,0x0000002eba100000)]
  0x0000019060d64d10 JavaThread "Unconstrained build operations Thread 45" [_thread_blocked, id=17252, stack(0x0000002eba100000,0x0000002eba200000)]
  0x0000019060d63d20 JavaThread "Unconstrained build operations Thread 46" [_thread_blocked, id=16296, stack(0x0000002eba300000,0x0000002eba400000)]
  0x0000019060d61d40 JavaThread "Unconstrained build operations Thread 47" [_thread_blocked, id=24536, stack(0x0000002eba400000,0x0000002eba500000)]
  0x0000019060d63280 JavaThread "Unconstrained build operations Thread 48" [_thread_blocked, id=1640, stack(0x0000002eba500000,0x0000002eba600000)]
  0x0000019060d637d0 JavaThread "Unconstrained build operations Thread 49" [_thread_blocked, id=388, stack(0x0000002eba600000,0x0000002eba700000)]
  0x0000019060d62d30 JavaThread "Unconstrained build operations Thread 50" [_thread_blocked, id=13716, stack(0x0000002eba700000,0x0000002eba800000)]
  0x0000019060d627e0 JavaThread "Unconstrained build operations Thread 51" [_thread_blocked, id=2104, stack(0x0000002eba800000,0x0000002eba900000)]
  0x0000019060d64270 JavaThread "Unconstrained build operations Thread 52" [_thread_blocked, id=23672, stack(0x0000002eba900000,0x0000002ebaa00000)]
  0x000001905664a460 JavaThread "Unconstrained build operations Thread 53" [_thread_blocked, id=20292, stack(0x0000002ebaa00000,0x0000002ebab00000)]
  0x000001905664a9b0 JavaThread "Unconstrained build operations Thread 54" [_thread_blocked, id=13212, stack(0x0000002ebab00000,0x0000002ebac00000)]
  0x000001905664b450 JavaThread "Unconstrained build operations Thread 55" [_thread_blocked, id=23188, stack(0x0000002ebac00000,0x0000002ebad00000)]
  0x000001905664d430 JavaThread "Unconstrained build operations Thread 56" [_thread_blocked, id=1504, stack(0x0000002ebad00000,0x0000002ebae00000)]
  0x0000019057cb7060 JavaThread "Unconstrained build operations Thread 57" [_thread_blocked, id=6568, stack(0x0000002ebae00000,0x0000002ebaf00000)]
  0x0000019057cb85a0 JavaThread "Unconstrained build operations Thread 58" [_thread_blocked, id=23212, stack(0x0000002ebaf00000,0x0000002ebb000000)]
  0x0000019057cb8af0 JavaThread "Unconstrained build operations Thread 59" [_thread_blocked, id=1880, stack(0x0000002ebb000000,0x0000002ebb100000)]
  0x0000019057cb9040 JavaThread "Unconstrained build operations Thread 60" [_thread_blocked, id=16464, stack(0x0000002ebb100000,0x0000002ebb200000)]
  0x000001905f079830 JavaThread "Unconstrained build operations Thread 61" [_thread_blocked, id=11520, stack(0x0000002ebb200000,0x0000002ebb300000)]
  0x000001905f0782f0 JavaThread "Unconstrained build operations Thread 62" [_thread_blocked, id=12832, stack(0x0000002ebb300000,0x0000002ebb400000)]
  0x000001905f078840 JavaThread "Unconstrained build operations Thread 63" [_thread_blocked, id=18640, stack(0x0000002ebb400000,0x0000002ebb500000)]
  0x0000019061058140 JavaThread "Unconstrained build operations Thread 64" [_thread_blocked, id=17204, stack(0x0000002ebb500000,0x0000002ebb600000)]
  0x0000019061058690 JavaThread "Unconstrained build operations Thread 65" [_thread_blocked, id=11712, stack(0x0000002ebb600000,0x0000002ebb700000)]
  0x0000019061059130 JavaThread "Unconstrained build operations Thread 66" [_thread_blocked, id=20148, stack(0x0000002ebb700000,0x0000002ebb800000)]
  0x0000019060c5e040 JavaThread "build event listener" [_thread_blocked, id=16780, stack(0x0000002ebb800000,0x0000002ebb900000)]
  0x0000019055b694e0 JavaThread "Unconstrained build operations Thread 67" [_thread_blocked, id=22544, stack(0x0000002ebb900000,0x0000002ebba00000)]
  0x0000019055b66fb0 JavaThread "Unconstrained build operations Thread 68" [_thread_blocked, id=20040, stack(0x0000002ebba00000,0x0000002ebbb00000)]
  0x0000019055b6d9f0 JavaThread "Unconstrained build operations Thread 69" [_thread_blocked, id=23096, stack(0x0000002ebbe00000,0x0000002ebbf00000)]
  0x0000019055b6ba10 JavaThread "Unconstrained build operations Thread 70" [_thread_blocked, id=11956, stack(0x0000002ebbf00000,0x0000002ebc000000)]
  0x0000019055b6cf50 JavaThread "Unconstrained build operations Thread 71" [_thread_blocked, id=6244, stack(0x0000002ebc000000,0x0000002ebc100000)]
  0x000001905ff3a260 JavaThread "Unconstrained build operations Thread 72" [_thread_blocked, id=2224, stack(0x0000002ebc100000,0x0000002ebc200000)]
  0x000001905ff387d0 JavaThread "Unconstrained build operations Thread 73" [_thread_blocked, id=16344, stack(0x0000002ebc200000,0x0000002ebc300000)]
  0x000001905ff3ad00 JavaThread "Unconstrained build operations Thread 74" [_thread_blocked, id=10336, stack(0x0000002ebc300000,0x0000002ebc400000)]
  0x000001905ff38d20 JavaThread "Unconstrained build operations Thread 75" [_thread_blocked, id=8544, stack(0x0000002ebc400000,0x0000002ebc500000)]
  0x000001905ff3bcf0 JavaThread "Unconstrained build operations Thread 76" [_thread_blocked, id=5384, stack(0x0000002ebc500000,0x0000002ebc600000)]
  0x000001905ff3b250 JavaThread "Unconstrained build operations Thread 77" [_thread_blocked, id=17636, stack(0x0000002ebc600000,0x0000002ebc700000)]
  0x0000019070e83360 JavaThread "Unconstrained build operations Thread 78" [_thread_blocked, id=12360, stack(0x0000002ebc700000,0x0000002ebc800000)]
  0x0000019070e82e10 JavaThread "Unconstrained build operations Thread 79" [_thread_blocked, id=19672, stack(0x0000002ebc800000,0x0000002ebc900000)]
  0x0000019070e848a0 JavaThread "Unconstrained build operations Thread 80" [_thread_blocked, id=16192, stack(0x0000002ebc900000,0x0000002ebca00000)]
  0x0000019070e828c0 JavaThread "Unconstrained build operations Thread 81" [_thread_blocked, id=19940, stack(0x0000002ebca00000,0x0000002ebcb00000)]
  0x0000019070e81e20 JavaThread "Unconstrained build operations Thread 82" [_thread_blocked, id=5336, stack(0x0000002ebcb00000,0x0000002ebcc00000)]
  0x0000019070e82370 JavaThread "Unconstrained build operations Thread 83" [_thread_blocked, id=16936, stack(0x0000002ebcc00000,0x0000002ebcd00000)]
  0x0000019070e838b0 JavaThread "Unconstrained build operations Thread 84" [_thread_blocked, id=14132, stack(0x0000002ebcd00000,0x0000002ebce00000)]
  0x0000019070e83e00 JavaThread "Unconstrained build operations Thread 85" [_thread_blocked, id=5028, stack(0x0000002ebce00000,0x0000002ebcf00000)]
  0x000001906152ab10 JavaThread "Unconstrained build operations Thread 86" [_thread_blocked, id=3836, stack(0x0000002ebcf00000,0x0000002ebd000000)]
  0x000001906152b060 JavaThread "Unconstrained build operations Thread 87" [_thread_blocked, id=5132, stack(0x0000002ebd000000,0x0000002ebd100000)]
  0x000001906152bb00 JavaThread "Unconstrained build operations Thread 88" [_thread_blocked, id=12092, stack(0x0000002ebd100000,0x0000002ebd200000)]
  0x00000190586dba30 JavaThread "Unconstrained build operations Thread 89" [_thread_blocked, id=20676, stack(0x0000002ebd200000,0x0000002ebd300000)]
  0x00000190586d9fa0 JavaThread "Unconstrained build operations Thread 90" [_thread_blocked, id=13572, stack(0x0000002ebd300000,0x0000002ebd400000)]
  0x00000190586da4f0 JavaThread "Unconstrained build operations Thread 91" [_thread_blocked, id=22584, stack(0x0000002ebd400000,0x0000002ebd500000)]
  0x00000190586db4e0 JavaThread "Unconstrained build operations Thread 92" [_thread_blocked, id=13124, stack(0x0000002ebd500000,0x0000002ebd600000)]
  0x00000190586d8a60 JavaThread "Unconstrained build operations Thread 93" [_thread_blocked, id=8840, stack(0x0000002ebd600000,0x0000002ebd700000)]
  0x00000190586daa40 JavaThread "Unconstrained build operations Thread 94" [_thread_blocked, id=21944, stack(0x0000002ebd700000,0x0000002ebd800000)]
  0x00000190586d9500 JavaThread "Unconstrained build operations Thread 95" [_thread_blocked, id=24332, stack(0x0000002ebd800000,0x0000002ebd900000)]
  0x00000190586d9a50 JavaThread "Unconstrained build operations Thread 96" [_thread_blocked, id=17728, stack(0x0000002ebd900000,0x0000002ebda00000)]
  0x00000190586d8510 JavaThread "Unconstrained build operations Thread 97" [_thread_blocked, id=8784, stack(0x0000002ebda00000,0x0000002ebdb00000)]
  0x00000190593e7cd0 JavaThread "Unconstrained build operations Thread 98" [_thread_blocked, id=11632, stack(0x0000002ebdb00000,0x0000002ebdc00000)]
  0x00000190593e9cb0 JavaThread "Unconstrained build operations Thread 99" [_thread_blocked, id=14180, stack(0x0000002ebdc00000,0x0000002ebdd00000)]
  0x0000019057cb75b0 JavaThread "Unconstrained build operations Thread 100" [_thread_blocked, id=8492, stack(0x0000002ebdd00000,0x0000002ebde00000)]
  0x0000019057cb7b00 JavaThread "Unconstrained build operations Thread 101" [_thread_blocked, id=17260, stack(0x0000002ebde00000,0x0000002ebdf00000)]
  0x0000019057cb9590 JavaThread "Unconstrained build operations Thread 102" [_thread_blocked, id=18656, stack(0x0000002ebdf00000,0x0000002ebe000000)]
  0x0000019057cb9ae0 JavaThread "Unconstrained build operations Thread 103" [_thread_blocked, id=24532, stack(0x0000002ebe000000,0x0000002ebe100000)]
  0x0000019057cba030 JavaThread "Unconstrained build operations Thread 104" [_thread_blocked, id=20660, stack(0x0000002ebe100000,0x0000002ebe200000)]
  0x0000019057cb8050 JavaThread "Unconstrained build operations Thread 105" [_thread_blocked, id=6560, stack(0x0000002ebe200000,0x0000002ebe300000)]
  0x0000019057cb6b10 JavaThread "Unconstrained build operations Thread 106" [_thread_blocked, id=23560, stack(0x0000002ebe300000,0x0000002ebe400000)]
  0x0000019060d65d50 JavaThread "Unconstrained build operations Thread 107" [_thread_blocked, id=19460, stack(0x0000002ebe500000,0x0000002ebe600000)]
  0x0000019060d67d30 JavaThread "Unconstrained build operations Thread 108" [_thread_blocked, id=22656, stack(0x0000002ebe600000,0x0000002ebe700000)]
  0x0000019060d67290 JavaThread "Unconstrained build operations Thread 109" [_thread_blocked, id=15148, stack(0x0000002ebe700000,0x0000002ebe800000)]
  0x0000019060d66d40 JavaThread "Unconstrained build operations Thread 110" [_thread_blocked, id=676, stack(0x0000002ebe800000,0x0000002ebe900000)]
  0x0000019060d677e0 JavaThread "Unconstrained build operations Thread 111" [_thread_blocked, id=13884, stack(0x0000002ebe900000,0x0000002ebea00000)]
  0x0000019060d68280 JavaThread "Unconstrained build operations Thread 112" [_thread_blocked, id=10344, stack(0x0000002ebea00000,0x0000002ebeb00000)]
  0x0000019060d687d0 JavaThread "Unconstrained build operations Thread 113" [_thread_blocked, id=22756, stack(0x0000002ebeb00000,0x0000002ebec00000)]
  0x0000019060d68d20 JavaThread "Unconstrained build operations Thread 114" [_thread_blocked, id=17328, stack(0x0000002ebec00000,0x0000002ebed00000)]
  0x0000019060d65800 JavaThread "Unconstrained build operations Thread 115" [_thread_blocked, id=18952, stack(0x0000002ebed00000,0x0000002ebee00000)]
  0x0000019060d667f0 JavaThread "Unconstrained build operations Thread 116" [_thread_blocked, id=6616, stack(0x0000002ebee00000,0x0000002ebef00000)]
  0x0000019060d662a0 JavaThread "Unconstrained build operations Thread 117" [_thread_blocked, id=12312, stack(0x0000002ebef00000,0x0000002ebf000000)]
  0x00000190553d5a30 JavaThread "Unconstrained build operations Thread 118" [_thread_blocked, id=13964, stack(0x0000002ebf000000,0x0000002ebf100000)]
  0x00000190553d5f80 JavaThread "Unconstrained build operations Thread 119" [_thread_blocked, id=7300, stack(0x0000002ebf100000,0x0000002ebf200000)]
  0x00000190553d2fb0 JavaThread "Unconstrained build operations Thread 120" [_thread_blocked, id=13280, stack(0x0000002ebf200000,0x0000002ebf300000)]
  0x0000019061058be0 JavaThread "pool-26-thread-1" [_thread_blocked, id=24484, stack(0x0000002ebf600000,0x0000002ebf700000)]
  0x0000019061059680 JavaThread "build event listener" [_thread_blocked, id=21604, stack(0x0000002ebf700000,0x0000002ebf800000)]
  0x00000190593e8220 JavaThread "Cache worker for execution history cache (L:\flutter Projects\moodmate\moodmate\android\.gradle\8.10.2\executionHistory)" [_thread_blocked, id=15476, stack(0x0000002ebf800000,0x0000002ebf900000)]
  0x0000019060bca590 JavaThread "WorkerExecutor Queue" [_thread_blocked, id=1908, stack(0x0000002ebf900000,0x0000002ebfa00000)]
  0x0000019071030b10 JavaThread "WorkerExecutor Queue Thread 3" [_thread_blocked, id=5144, stack(0x0000002ec0100000,0x0000002ec0200000)]
  0x0000019058ff5860 JavaThread "WorkerExecutor Queue Thread 4" [_thread_blocked, id=5200, stack(0x0000002ec0200000,0x0000002ec0300000)]
  0x00000190593eb1f0 JavaThread "WorkerExecutor Queue Thread 5" [_thread_blocked, id=12208, stack(0x0000002ec0300000,0x0000002ec0400000)]
  0x00000190593e8770 JavaThread "WorkerExecutor Queue Thread 6" [_thread_blocked, id=18780, stack(0x0000002ec0400000,0x0000002ec0500000)]
  0x000001905ff3b7a0 JavaThread "WorkerExecutor Queue Thread 7" [_thread_blocked, id=248, stack(0x0000002ec0500000,0x0000002ec0600000)]
  0x000001905ff397c0 JavaThread "WorkerExecutor Queue Thread 8" [_thread_blocked, id=20780, stack(0x0000002ec0600000,0x0000002ec0700000)]
  0x0000019060c5cb00 JavaThread "WorkerExecutor Queue Thread 9" [_thread_blocked, id=12904, stack(0x0000002ec0700000,0x0000002ec0800000)]
  0x0000019058ff2340 JavaThread "WorkerExecutor Queue Thread 10" [_thread_blocked, id=19968, stack(0x0000002ec0800000,0x0000002ec0900000)]
  0x0000019059e57060 JavaThread "WorkerExecutor Queue Thread 12" [_thread_blocked, id=10548, stack(0x0000002ec0a00000,0x0000002ec0b00000)]
  0x0000019059e59590 JavaThread "WorkerExecutor Queue Thread 13" [_thread_blocked, id=2468, stack(0x0000002ec0b00000,0x0000002ec0c00000)]
  0x00000190577557f0 JavaThread "Exec process Thread 13" [_thread_in_native, id=12396, stack(0x0000002ec0c00000,0x0000002ec0d00000)]
  0x00000190710315b0 JavaThread "Exec process Thread 14" [_thread_in_native, id=22592, stack(0x0000002ec0d00000,0x0000002ec0e00000)]
  0x00000190710325a0 JavaThread "Exec process Thread 15" [_thread_in_native, id=12180, stack(0x0000002ec0e00000,0x0000002ec0f00000)]
  0x0000019055139ce0 JavaThread "RMI RenewClean-[127.0.0.1:17837,org.jetbrains.kotlin.daemon.common.LoopbackNetworkInterface$ClientLoopbackSocketFactory@427e24ae]" daemon [_thread_blocked, id=1056, stack(0x0000002ec0000000,0x0000002ec0100000)]
  0x0000019058ff2de0 JavaThread "RMI TCP Connection(24)-127.0.0.1" daemon [_thread_in_native, id=15772, stack(0x0000002ec0f00000,0x0000002ec1000000)]
  0x0000019059e58050 JavaThread "Build operations" [_thread_blocked, id=5808, stack(0x0000002ec1000000,0x0000002ec1100000)]
  0x0000019059e5a030 JavaThread "Build operations Thread 2" [_thread_blocked, id=20024, stack(0x0000002ec1200000,0x0000002ec1300000)]
  0x0000019059e57b00 JavaThread "Build operations Thread 3" [_thread_blocked, id=19364, stack(0x0000002ec1400000,0x0000002ec1500000)]
  0x0000019059e585a0 JavaThread "Build operations Thread 4" [_thread_blocked, id=24352, stack(0x0000002ec1500000,0x0000002ec1600000)]
  0x0000019059e58af0 JavaThread "Build operations Thread 5" [_thread_blocked, id=14232, stack(0x0000002ec1600000,0x0000002ec1700000)]
  0x0000019059e59040 JavaThread "Build operations Thread 6" [_thread_blocked, id=24276, stack(0x0000002ec1700000,0x0000002ec1800000)]
  0x0000019059e5a580 JavaThread "Build operations Thread 7" [_thread_blocked, id=3464, stack(0x0000002ec1800000,0x0000002ec1900000)]
  0x0000019059e59ae0 JavaThread "Build operations Thread 8" [_thread_blocked, id=19692, stack(0x0000002ec1900000,0x0000002ec1a00000)]
  0x0000019062277720 JavaThread "Build operations Thread 9" [_thread_blocked, id=2448, stack(0x0000002ec1a00000,0x0000002ec1b00000)]
  0x0000019062275740 JavaThread "Build operations Thread 10" [_thread_blocked, id=20916, stack(0x0000002ec1b00000,0x0000002ec1c00000)]
  0x00000190622781c0 JavaThread "Build operations Thread 11" [_thread_blocked, id=14208, stack(0x0000002ec1c00000,0x0000002ec1d00000)]
  0x00000190553d3a50 JavaThread "Build operations Thread 12" [_thread_blocked, id=23692, stack(0x0000002ec1d00000,0x0000002ec1e00000)]
  0x0000019061056c00 JavaThread "WorkerExecutor Queue Thread 14" [_thread_blocked, id=13828, stack(0x0000002ec1e00000,0x0000002ec1f00000)]
  0x0000019061059bd0 JavaThread "pool-27-thread-1" [_thread_blocked, id=11476, stack(0x0000002ec1f00000,0x0000002ec2000000)]
  0x0000019058ff4320 JavaThread "stderr" [_thread_in_native, id=24560, stack(0x0000002ec2000000,0x0000002ec2100000)]
  0x00000190553d44f0 JavaThread "stderr" [_thread_in_native, id=1912, stack(0x0000002ec2100000,0x0000002ec2200000)]
  0x0000019058ff4870 JavaThread "stdout" [_thread_in_native, id=400, stack(0x0000002ec2200000,0x0000002ec2300000)]
  0x00000190553d3500 JavaThread "stdout" [_thread_in_native, id=2564, stack(0x0000002ec2300000,0x0000002ec2400000)]
  0x00000190593e9760 JavaThread "stderr" [_thread_in_native, id=13200, stack(0x0000002ec2400000,0x0000002ec2500000)]
  0x00000190593e9210 JavaThread "stdout" [_thread_in_native, id=20820, stack(0x0000002ec2500000,0x0000002ec2600000)]
  0x00000190622761e0 JavaThread "stderr" [_thread_in_native, id=22972, stack(0x0000002ec2600000,0x0000002ec2700000)]
  0x0000019062277c70 JavaThread "stdout" [_thread_in_native, id=10564, stack(0x0000002ec2700000,0x0000002ec2800000)]
  0x000001906105a120 JavaThread "stderr" [_thread_in_native, id=21876, stack(0x0000002ec2800000,0x0000002ec2900000)]
  0x0000019061057150 JavaThread "stdout" [_thread_in_native, id=15220, stack(0x0000002ec2900000,0x0000002ec2a00000)]
  0x0000019061057bf0 JavaThread "stderr" [_thread_in_native, id=19200, stack(0x0000002ec3500000,0x0000002ec3600000)]
  0x00000190610576a0 JavaThread "stdout" [_thread_in_native, id=11604, stack(0x0000002ec3600000,0x0000002ec3700000)]
  0x0000019061529080 JavaThread "stderr" [_thread_in_native, id=23496, stack(0x0000002ec3700000,0x0000002ec3800000)]
  0x000001906152b5b0 JavaThread "stdout" [_thread_in_native, id=23224, stack(0x0000002ec3800000,0x0000002ec3900000)]
  0x0000019062278710 JavaThread "stderr" [_thread_in_native, id=19532, stack(0x0000002ec3900000,0x0000002ec3a00000)]
  0x00000190622751f0 JavaThread "stdout" [_thread_in_native, id=17388, stack(0x0000002ec3a00000,0x0000002ec3b00000)]

Other Threads:
=>0x000001904c1ffc40 VMThread "VM Thread" [stack: 0x0000002eb3900000,0x0000002eb3a00000] [id=3320]
  0x0000019053204c10 WatcherThread "VM Periodic Task Thread" [stack: 0x0000002eb4500000,0x0000002eb4600000] [id=19792]
  0x000001900ec59750 WorkerThread "GC Thread#0" [stack: 0x0000002eb3400000,0x0000002eb3500000] [id=6824]
  0x00000190533f0730 WorkerThread "GC Thread#1" [stack: 0x0000002eb4700000,0x0000002eb4800000] [id=2896]
  0x00000190535cc6f0 WorkerThread "GC Thread#2" [stack: 0x0000002eb4800000,0x0000002eb4900000] [id=5012]
  0x00000190535ccf60 WorkerThread "GC Thread#3" [stack: 0x0000002eb4900000,0x0000002eb4a00000] [id=17652]
  0x00000190535cd230 WorkerThread "GC Thread#4" [stack: 0x0000002eb4a00000,0x0000002eb4b00000] [id=22568]
  0x00000190535cc9c0 WorkerThread "GC Thread#5" [stack: 0x0000002eb4b00000,0x0000002eb4c00000] [id=23732]
  0x0000019054995070 WorkerThread "GC Thread#6" [stack: 0x0000002eb4c00000,0x0000002eb4d00000] [id=5680]
  0x0000019054995e80 WorkerThread "GC Thread#7" [stack: 0x0000002eb4d00000,0x0000002eb4e00000] [id=23712]
  0x0000019054994ad0 WorkerThread "GC Thread#8" [stack: 0x0000002eb5b00000,0x0000002eb5c00000] [id=19184]
  0x0000019054993f90 WorkerThread "GC Thread#9" [stack: 0x0000002eb5c00000,0x0000002eb5d00000] [id=4620]
  0x000001900ec5e360 ConcurrentGCThread "G1 Main Marker" [stack: 0x0000002eb3500000,0x0000002eb3600000] [id=24516]
  0x000001900ec5eca0 WorkerThread "G1 Conc#0" [stack: 0x0000002eb3600000,0x0000002eb3700000] [id=2112]
  0x00000190549966f0 WorkerThread "G1 Conc#1" [stack: 0x0000002eb5e00000,0x0000002eb5f00000] [id=2456]
  0x0000019054994da0 WorkerThread "G1 Conc#2" [stack: 0x0000002eb5f00000,0x0000002eb6000000] [id=6768]
  0x000001904c0b8ff0 ConcurrentGCThread "G1 Refine#0" [stack: 0x0000002eb3700000,0x0000002eb3800000] [id=16416]
  0x000001905775eaf0 ConcurrentGCThread "G1 Refine#1" [stack: 0x0000002ec2a00000,0x0000002ec2b00000] [id=18448]
  0x000001905fdaf4b0 ConcurrentGCThread "G1 Refine#2" [stack: 0x0000002ec2b00000,0x0000002ec2c00000] [id=18344]
  0x0000019057d334f0 ConcurrentGCThread "G1 Refine#3" [stack: 0x0000002ec2c00000,0x0000002ec2d00000] [id=6416]
  0x0000019060562fe0 ConcurrentGCThread "G1 Refine#4" [stack: 0x0000002ec2d00000,0x0000002ec2e00000] [id=14792]
  0x000001907056f440 ConcurrentGCThread "G1 Refine#5" [stack: 0x0000002ec2e00000,0x0000002ec2f00000] [id=16284]
  0x000001906063f300 ConcurrentGCThread "G1 Refine#6" [stack: 0x0000002ec2f00000,0x0000002ec3000000] [id=17240]
  0x0000019056d30200 ConcurrentGCThread "G1 Refine#7" [stack: 0x0000002ec3200000,0x0000002ec3300000] [id=23132]
  0x0000019060d8a140 ConcurrentGCThread "G1 Refine#8" [stack: 0x0000002ec3300000,0x0000002ec3400000] [id=7852]
  0x0000019060563320 ConcurrentGCThread "G1 Refine#9" [stack: 0x0000002ec3400000,0x0000002ec3500000] [id=16392]
  0x000001904c0ba8f0 ConcurrentGCThread "G1 Service" [stack: 0x0000002eb3800000,0x0000002eb3900000] [id=19780]

Threads with active compile tasks:
C2 CompilerThread0  4763496 40809   !   4       com.google.common.cache.LocalCache$Segment::getAndRecordStats (134 bytes)
C1 CompilerThread0  4763497 40813       3       org.gradle.internal.execution.history.impl.DefaultPreviousExecutionStateSerializer::writeFingerprints (84 bytes)

VM state: at safepoint (normal execution)

VM Mutex/Monitor currently owned by a thread:  ([mutex/lock_event])
[0x000001900eba7170] Threads_lock - owner thread: 0x000001904c1ffc40
[0x000001900eba6510] Heap_lock - owner thread: 0x0000019071030b10
[0x000001900eba6ea0] Compile_lock - owner thread: 0x000001905ff397c0

Heap address: 0x0000000600000000, size: 8192 MB, Compressed Oops mode: Zero based, Oop shift amount: 3

CDS archive(s) mapped at: [0x0000000800000000-0x0000000800c40000-0x0000000800c40000), size 12845056, SharedBaseAddress: 0x0000000800000000, ArchiveRelocationMode: 0.
Compressed class space mapped at: 0x0000000801000000-0x0000000841000000, reserved size: 1073741824
Narrow klass base: 0x0000000800000000, Narrow klass shift: 0, Narrow klass range: 0x100000000

GC Precious Log:
 CardTable entry size: 512
 Card Set container configuration: InlinePtr #cards 4 size 8 Array Of Cards #cards 32 size 80 Howl #buckets 8 coarsen threshold 7372 Howl Bitmap #cards 1024 size 144 coarsen threshold 921 Card regions per heap region 1 cards per card region 8192
 CPUs: 12 total, 12 available
 Memory: 7521M
 Large Page Support: Disabled
 NUMA Support: Disabled
 Compressed Oops: Enabled (Zero based)
 Heap Region Size: 4M
 Heap Min Capacity: 8M
 Heap Initial Capacity: 120M
 Heap Max Capacity: 8G
 Pre-touch: Disabled
 Parallel Workers: 10
 Concurrent Workers: 3
 Concurrent Refinement Workers: 10
 Periodic GC: Disabled

Heap:
 garbage-first heap   total 2211840K, used 278594K [0x0000000600000000, 0x0000000800000000)
  region size 4096K, 2 young (8192K), 2 survivors (8192K)
 Metaspace       used 195953K, committed 198912K, reserved 1245184K
  class space    used 24214K, committed 25728K, reserved 1048576K

Heap Regions: E=young(eden), S=young(survivor), O=old, HS=humongous(starts), HC=humongous(continues), CS=collection set, F=free, OA=open archive, CA=closed archive, TAMS=top-at-mark-start (previous, next)
|   0|0x0000000600000000, 0x0000000600400000, 0x0000000600400000|100%|HS|  |TAMS 0x0000000600400000, 0x0000000600000000| Complete 
|   1|0x0000000600400000, 0x0000000600800000, 0x0000000600800000|100%| O|  |TAMS 0x0000000600800000, 0x0000000600400000| Untracked 
|   2|0x0000000600800000, 0x0000000600c00000, 0x0000000600c00000|100%| O|  |TAMS 0x0000000600c00000, 0x0000000600800000| Untracked 
|   3|0x0000000600c00000, 0x0000000601000000, 0x0000000601000000|100%| O|  |TAMS 0x0000000601000000, 0x0000000600c00000| Untracked 
|   4|0x0000000601000000, 0x00000006013ffff8, 0x0000000601400000| 99%| O|  |TAMS 0x00000006013ffff8, 0x0000000601000000| Untracked 
|   5|0x0000000601400000, 0x00000006017fffd0, 0x0000000601800000| 99%| O|  |TAMS 0x00000006017fffd0, 0x0000000601400000| Untracked 
|   6|0x0000000601800000, 0x0000000601c00000, 0x0000000601c00000|100%| O|  |TAMS 0x0000000601c00000, 0x0000000601800000| Untracked 
|   7|0x0000000601c00000, 0x0000000602000000, 0x0000000602000000|100%|HS|  |TAMS 0x0000000602000000, 0x0000000601c00000| Complete 
|   8|0x0000000602000000, 0x00000006023f4950, 0x0000000602400000| 98%| O|  |TAMS 0x00000006023f4950, 0x0000000602000000| Untracked 
|   9|0x0000000602400000, 0x00000006027ffff8, 0x0000000602800000| 99%| O|  |TAMS 0x00000006027ffff8, 0x0000000602400000| Untracked 
|  10|0x0000000602800000, 0x0000000602c00000, 0x0000000602c00000|100%|HS|  |TAMS 0x0000000602c00000, 0x0000000602800000| Complete 
|  11|0x0000000602c00000, 0x0000000602fe4bb8, 0x0000000603000000| 97%| O|  |TAMS 0x0000000602fe4bb8, 0x0000000602c00000| Untracked 
|  12|0x0000000603000000, 0x00000006033f3d68, 0x0000000603400000| 98%| O|  |TAMS 0x00000006033f3d68, 0x0000000603000000| Untracked 
|  13|0x0000000603400000, 0x00000006036c11b8, 0x0000000603800000| 68%| O|  |TAMS 0x00000006036c11b8, 0x0000000603400000| Untracked 
|  14|0x0000000603800000, 0x0000000603bff588, 0x0000000603c00000| 99%| O|  |TAMS 0x0000000603bff588, 0x0000000603800000| Untracked 
|  15|0x0000000603c00000, 0x0000000603ffffd0, 0x0000000604000000| 99%| O|  |TAMS 0x0000000603ffffd0, 0x0000000603c00000| Untracked 
|  16|0x0000000604000000, 0x0000000604400000, 0x0000000604400000|100%| O|  |TAMS 0x0000000604400000, 0x0000000604000000| Untracked 
|  17|0x0000000604400000, 0x00000006047fffd8, 0x0000000604800000| 99%| O|  |TAMS 0x00000006047fffd8, 0x0000000604400000| Untracked 
|  18|0x0000000604800000, 0x0000000604bfffc8, 0x0000000604c00000| 99%| O|  |TAMS 0x0000000604bfffc8, 0x0000000604800000| Untracked 
|  19|0x0000000604c00000, 0x0000000604ffff20, 0x0000000605000000| 99%| O|  |TAMS 0x0000000604ffff20, 0x0000000604c00000| Untracked 
|  20|0x0000000605000000, 0x0000000605400000, 0x0000000605400000|100%| O|  |TAMS 0x0000000605400000, 0x0000000605000000| Untracked 
|  21|0x0000000605400000, 0x00000006057ffff8, 0x0000000605800000| 99%| O|  |TAMS 0x00000006057ffff8, 0x0000000605400000| Untracked 
|  22|0x0000000605800000, 0x0000000605bc4da0, 0x0000000605c00000| 94%| O|  |TAMS 0x0000000605bc4da0, 0x0000000605800000| Untracked 
|  23|0x0000000605c00000, 0x0000000605fffff0, 0x0000000606000000| 99%| O|  |TAMS 0x0000000605fffff0, 0x0000000605c00000| Untracked 
|  24|0x0000000606000000, 0x0000000606400000, 0x0000000606400000|100%| O|  |TAMS 0x0000000606400000, 0x0000000606000000| Untracked 
|  25|0x0000000606400000, 0x00000006067fffe8, 0x0000000606800000| 99%| O|  |TAMS 0x00000006067fffe8, 0x0000000606400000| Untracked 
|  26|0x0000000606800000, 0x0000000606bcd158, 0x0000000606c00000| 95%| O|  |TAMS 0x0000000606bcd158, 0x0000000606800000| Untracked 
|  27|0x0000000606c00000, 0x0000000606e3add0, 0x0000000607000000| 55%| O|  |TAMS 0x0000000606e3add0, 0x0000000606c00000| Untracked 
|  28|0x0000000607000000, 0x00000006073ae200, 0x0000000607400000| 92%| O|  |TAMS 0x00000006073ae200, 0x0000000607000000| Untracked 
|  29|0x0000000607400000, 0x00000006077fffc8, 0x0000000607800000| 99%| O|  |TAMS 0x00000006077fffc8, 0x0000000607400000| Untracked 
|  30|0x0000000607800000, 0x0000000607bfffd0, 0x0000000607c00000| 99%| O|  |TAMS 0x0000000607bfffd0, 0x0000000607800000| Untracked 
|  31|0x0000000607c00000, 0x0000000608000000, 0x0000000608000000|100%|HS|  |TAMS 0x0000000608000000, 0x0000000607c00000| Complete 
|  32|0x0000000608000000, 0x00000006083fd270, 0x0000000608400000| 99%| O|  |TAMS 0x00000006083fd270, 0x0000000608000000| Untracked 
|  33|0x0000000608400000, 0x0000000608800000, 0x0000000608800000|100%| O|  |TAMS 0x0000000608800000, 0x0000000608400000| Untracked 
|  34|0x0000000608800000, 0x0000000608bfc998, 0x0000000608c00000| 99%| O|  |TAMS 0x0000000608bfc998, 0x0000000608800000| Untracked 
|  35|0x0000000608c00000, 0x0000000608fffff8, 0x0000000609000000| 99%| O|  |TAMS 0x0000000608fffff8, 0x0000000608c00000| Untracked 
|  36|0x0000000609000000, 0x000000060938fe50, 0x0000000609400000| 89%| O|  |TAMS 0x000000060938fe50, 0x0000000609000000| Untracked 
|  37|0x0000000609400000, 0x0000000609800000, 0x0000000609800000|100%| O|  |TAMS 0x0000000609800000, 0x0000000609400000| Untracked 
|  38|0x0000000609800000, 0x0000000609bffff0, 0x0000000609c00000| 99%| O|  |TAMS 0x0000000609bffff0, 0x0000000609800000| Untracked 
|  39|0x0000000609c00000, 0x000000060a000000, 0x000000060a000000|100%| O|  |TAMS 0x000000060a000000, 0x0000000609c00000| Untracked 
|  40|0x000000060a000000, 0x000000060a000000, 0x000000060a400000|  0%| F|  |TAMS 0x000000060a000000, 0x000000060a000000| Untracked 
|  41|0x000000060a400000, 0x000000060a800000, 0x000000060a800000|100%|HS|  |TAMS 0x000000060a400000, 0x000000060a400000| Complete 
|  42|0x000000060a800000, 0x000000060abe4038, 0x000000060ac00000| 97%| O|  |TAMS 0x000000060abe4038, 0x000000060a800000| Untracked 
|  43|0x000000060ac00000, 0x000000060b000000, 0x000000060b000000|100%| O|  |TAMS 0x000000060b000000, 0x000000060ac00000| Untracked 
|  44|0x000000060b000000, 0x000000060b400000, 0x000000060b400000|100%| O|  |TAMS 0x000000060b400000, 0x000000060b000000| Untracked 
|  45|0x000000060b400000, 0x000000060b800000, 0x000000060b800000|100%| O|  |TAMS 0x000000060b800000, 0x000000060b400000| Untracked 
|  46|0x000000060b800000, 0x000000060bc00000, 0x000000060bc00000|100%| O|  |TAMS 0x000000060bc00000, 0x000000060b800000| Untracked 
|  47|0x000000060bc00000, 0x000000060c000000, 0x000000060c000000|100%| O|  |TAMS 0x000000060c000000, 0x000000060bc00000| Untracked 
|  48|0x000000060c000000, 0x000000060c184708, 0x000000060c400000| 37%| O|  |TAMS 0x000000060c184708, 0x000000060c000000| Untracked 
|  49|0x000000060c400000, 0x000000060c800000, 0x000000060c800000|100%| O|  |TAMS 0x000000060c800000, 0x000000060c400000| Untracked 
|  50|0x000000060c800000, 0x000000060cc00000, 0x000000060cc00000|100%| O|  |TAMS 0x000000060cc00000, 0x000000060c800000| Untracked 
|  51|0x000000060cc00000, 0x000000060cc00000, 0x000000060d000000|  0%| F|  |TAMS 0x000000060cc00000, 0x000000060cc00000| Untracked 
|  52|0x000000060d000000, 0x000000060d400000, 0x000000060d400000|100%| O|  |TAMS 0x000000060d400000, 0x000000060d000000| Untracked 
|  53|0x000000060d400000, 0x000000060d800000, 0x000000060d800000|100%| O|  |TAMS 0x000000060d4bd600, 0x000000060d400000| Untracked 
|  54|0x000000060d800000, 0x000000060dc00000, 0x000000060dc00000|100%| O|  |TAMS 0x000000060dc00000, 0x000000060d800000| Untracked 
|  55|0x000000060dc00000, 0x000000060e000000, 0x000000060e000000|100%|HS|  |TAMS 0x000000060dc00000, 0x000000060dc00000| Complete 
|  56|0x000000060e000000, 0x000000060e17d600, 0x000000060e400000| 37%| O|  |TAMS 0x000000060e000000, 0x000000060e000000| Untracked 
|  57|0x000000060e400000, 0x000000060e400000, 0x000000060e800000|  0%| F|  |TAMS 0x000000060e400000, 0x000000060e400000| Untracked 
|  58|0x000000060e800000, 0x000000060eb84dc0, 0x000000060ec00000| 87%| O|  |TAMS 0x000000060eb84dc0, 0x000000060e800000| Untracked 
|  59|0x000000060ec00000, 0x000000060ec00000, 0x000000060f000000|  0%| F|  |TAMS 0x000000060ec00000, 0x000000060ec00000| Untracked 
|  60|0x000000060f000000, 0x000000060f000000, 0x000000060f400000|  0%| F|  |TAMS 0x000000060f000000, 0x000000060f000000| Untracked 
|  61|0x000000060f400000, 0x000000060f400000, 0x000000060f800000|  0%| F|  |TAMS 0x000000060f400000, 0x000000060f400000| Untracked 
|  62|0x000000060f800000, 0x000000060f800000, 0x000000060fc00000|  0%| F|  |TAMS 0x000000060f800000, 0x000000060f800000| Untracked 
|  63|0x000000060fc00000, 0x000000060fc00000, 0x0000000610000000|  0%| F|  |TAMS 0x000000060fc00000, 0x000000060fc00000| Untracked 
|  64|0x0000000610000000, 0x0000000610000000, 0x0000000610400000|  0%| F|  |TAMS 0x0000000610000000, 0x0000000610000000| Untracked 
|  65|0x0000000610400000, 0x0000000610800000, 0x0000000610800000|100%| O|  |TAMS 0x0000000610800000, 0x0000000610400000| Untracked 
|  66|0x0000000610800000, 0x0000000610800000, 0x0000000610c00000|  0%| F|  |TAMS 0x0000000610800000, 0x0000000610800000| Untracked 
|  67|0x0000000610c00000, 0x0000000610c00000, 0x0000000611000000|  0%| F|  |TAMS 0x0000000610c00000, 0x0000000610c00000| Untracked 
|  68|0x0000000611000000, 0x0000000611000000, 0x0000000611400000|  0%| F|  |TAMS 0x0000000611000000, 0x0000000611000000| Untracked 
|  69|0x0000000611400000, 0x0000000611800000, 0x0000000611800000|100%| O|  |TAMS 0x0000000611800000, 0x0000000611400000| Untracked 
|  70|0x0000000611800000, 0x0000000611c00000, 0x0000000611c00000|100%| O|  |TAMS 0x0000000611c00000, 0x0000000611800000| Untracked 
|  71|0x0000000611c00000, 0x0000000612000000, 0x0000000612000000|100%| O|  |TAMS 0x0000000612000000, 0x0000000611c00000| Untracked 
|  72|0x0000000612000000, 0x0000000612400000, 0x0000000612400000|100%| O|  |TAMS 0x0000000612400000, 0x0000000612000000| Untracked 
|  73|0x0000000612400000, 0x0000000612800000, 0x0000000612800000|100%| O|  |TAMS 0x0000000612800000, 0x0000000612400000| Untracked 
|  74|0x0000000612800000, 0x0000000612c00000, 0x0000000612c00000|100%| O|  |TAMS 0x0000000612c00000, 0x0000000612800000| Untracked 
|  75|0x0000000612c00000, 0x0000000613000000, 0x0000000613000000|100%| O|  |TAMS 0x0000000613000000, 0x0000000612c00000| Untracked 
|  76|0x0000000613000000, 0x0000000613400000, 0x0000000613400000|100%| O|  |TAMS 0x0000000613400000, 0x0000000613000000| Untracked 
|  77|0x0000000613400000, 0x0000000613800000, 0x0000000613800000|100%| O|  |TAMS 0x0000000613800000, 0x0000000613400000| Untracked 
|  78|0x0000000613800000, 0x0000000613c00000, 0x0000000613c00000|100%| O|  |TAMS 0x0000000613c00000, 0x0000000613800000| Untracked 
|  79|0x0000000613c00000, 0x0000000614000000, 0x0000000614000000|100%| O|  |TAMS 0x0000000614000000, 0x0000000613c00000| Untracked 
|  80|0x0000000614000000, 0x0000000614000000, 0x0000000614400000|  0%| F|  |TAMS 0x0000000614000000, 0x0000000614000000| Untracked 
|  81|0x0000000614400000, 0x0000000614400000, 0x0000000614800000|  0%| F|  |TAMS 0x0000000614400000, 0x0000000614400000| Untracked 
|  82|0x0000000614800000, 0x0000000614800000, 0x0000000614c00000|  0%| F|  |TAMS 0x0000000614800000, 0x0000000614800000| Untracked 
|  83|0x0000000614c00000, 0x0000000614c00000, 0x0000000615000000|  0%| F|  |TAMS 0x0000000614c00000, 0x0000000614c00000| Untracked 
|  84|0x0000000615000000, 0x0000000615000000, 0x0000000615400000|  0%| F|  |TAMS 0x0000000615000000, 0x0000000615000000| Untracked 
|  85|0x0000000615400000, 0x0000000615400000, 0x0000000615800000|  0%| F|  |TAMS 0x0000000615400000, 0x0000000615400000| Untracked 
|  86|0x0000000615800000, 0x0000000615800000, 0x0000000615c00000|  0%| F|  |TAMS 0x0000000615800000, 0x0000000615800000| Untracked 
|  87|0x0000000615c00000, 0x0000000615c00000, 0x0000000616000000|  0%| F|  |TAMS 0x0000000615c00000, 0x0000000615c00000| Untracked 
|  88|0x0000000616000000, 0x0000000616000000, 0x0000000616400000|  0%| F|  |TAMS 0x0000000616000000, 0x0000000616000000| Untracked 
|  89|0x0000000616400000, 0x0000000616800000, 0x0000000616800000|100%|HS|  |TAMS 0x0000000616800000, 0x0000000616400000| Complete 
|  90|0x0000000616800000, 0x0000000616800000, 0x0000000616c00000|  0%| F|  |TAMS 0x0000000616800000, 0x0000000616800000| Untracked 
|  91|0x0000000616c00000, 0x0000000616c00000, 0x0000000617000000|  0%| F|  |TAMS 0x0000000616c00000, 0x0000000616c00000| Untracked 
|  92|0x0000000617000000, 0x0000000617000000, 0x0000000617400000|  0%| F|  |TAMS 0x0000000617000000, 0x0000000617000000| Untracked 
|  93|0x0000000617400000, 0x0000000617400000, 0x0000000617800000|  0%| F|  |TAMS 0x0000000617400000, 0x0000000617400000| Untracked 
|  94|0x0000000617800000, 0x0000000617800000, 0x0000000617c00000|  0%| F|  |TAMS 0x0000000617800000, 0x0000000617800000| Untracked 
|  95|0x0000000617c00000, 0x0000000617c00000, 0x0000000618000000|  0%| F|  |TAMS 0x0000000617c00000, 0x0000000617c00000| Untracked 
|  96|0x0000000618000000, 0x0000000618000000, 0x0000000618400000|  0%| F|  |TAMS 0x0000000618000000, 0x0000000618000000| Untracked 
|  97|0x0000000618400000, 0x0000000618400000, 0x0000000618800000|  0%| F|  |TAMS 0x0000000618400000, 0x0000000618400000| Untracked 
|  98|0x0000000618800000, 0x0000000618800000, 0x0000000618c00000|  0%| F|  |TAMS 0x0000000618800000, 0x0000000618800000| Untracked 
|  99|0x0000000618c00000, 0x0000000618c00000, 0x0000000619000000|  0%| F|  |TAMS 0x0000000618c00000, 0x0000000618c00000| Untracked 
| 100|0x0000000619000000, 0x0000000619000000, 0x0000000619400000|  0%| F|  |TAMS 0x0000000619000000, 0x0000000619000000| Untracked 
| 101|0x0000000619400000, 0x0000000619400000, 0x0000000619800000|  0%| F|  |TAMS 0x0000000619400000, 0x0000000619400000| Untracked 
| 102|0x0000000619800000, 0x0000000619800000, 0x0000000619c00000|  0%| F|  |TAMS 0x0000000619800000, 0x0000000619800000| Untracked 
| 103|0x0000000619c00000, 0x0000000619c00000, 0x000000061a000000|  0%| F|  |TAMS 0x0000000619c00000, 0x0000000619c00000| Untracked 
| 104|0x000000061a000000, 0x000000061a000000, 0x000000061a400000|  0%| F|  |TAMS 0x000000061a000000, 0x000000061a000000| Untracked 
| 105|0x000000061a400000, 0x000000061a400000, 0x000000061a800000|  0%| F|  |TAMS 0x000000061a400000, 0x000000061a400000| Untracked 
| 106|0x000000061a800000, 0x000000061a800000, 0x000000061ac00000|  0%| F|  |TAMS 0x000000061a800000, 0x000000061a800000| Untracked 
| 107|0x000000061ac00000, 0x000000061ac00000, 0x000000061b000000|  0%| F|  |TAMS 0x000000061ac00000, 0x000000061ac00000| Untracked 
| 108|0x000000061b000000, 0x000000061b000000, 0x000000061b400000|  0%| F|  |TAMS 0x000000061b000000, 0x000000061b000000| Untracked 
| 109|0x000000061b400000, 0x000000061b400000, 0x000000061b800000|  0%| F|  |TAMS 0x000000061b400000, 0x000000061b400000| Untracked 
| 110|0x000000061b800000, 0x000000061b800000, 0x000000061bc00000|  0%| F|  |TAMS 0x000000061b800000, 0x000000061b800000| Untracked 
| 111|0x000000061bc00000, 0x000000061bc00000, 0x000000061c000000|  0%| F|  |TAMS 0x000000061bc00000, 0x000000061bc00000| Untracked 
| 112|0x000000061c000000, 0x000000061c000000, 0x000000061c400000|  0%| F|  |TAMS 0x000000061c000000, 0x000000061c000000| Untracked 
| 113|0x000000061c400000, 0x000000061c400000, 0x000000061c800000|  0%| F|  |TAMS 0x000000061c400000, 0x000000061c400000| Untracked 
| 114|0x000000061c800000, 0x000000061c800000, 0x000000061cc00000|  0%| F|  |TAMS 0x000000061c800000, 0x000000061c800000| Untracked 
| 115|0x000000061cc00000, 0x000000061cc00000, 0x000000061d000000|  0%| F|  |TAMS 0x000000061cc00000, 0x000000061cc00000| Untracked 
| 116|0x000000061d000000, 0x000000061d000000, 0x000000061d400000|  0%| F|  |TAMS 0x000000061d000000, 0x000000061d000000| Untracked 
| 117|0x000000061d400000, 0x000000061d400000, 0x000000061d800000|  0%| F|  |TAMS 0x000000061d400000, 0x000000061d400000| Untracked 
| 118|0x000000061d800000, 0x000000061d800000, 0x000000061dc00000|  0%| F|  |TAMS 0x000000061d800000, 0x000000061d800000| Untracked 
| 119|0x000000061dc00000, 0x000000061dc00000, 0x000000061e000000|  0%| F|  |TAMS 0x000000061dc00000, 0x000000061dc00000| Untracked 
| 120|0x000000061e000000, 0x000000061e000000, 0x000000061e400000|  0%| F|  |TAMS 0x000000061e000000, 0x000000061e000000| Untracked 
| 121|0x000000061e400000, 0x000000061e400000, 0x000000061e800000|  0%| F|  |TAMS 0x000000061e400000, 0x000000061e400000| Untracked 
| 122|0x000000061e800000, 0x000000061e800000, 0x000000061ec00000|  0%| F|  |TAMS 0x000000061e800000, 0x000000061e800000| Untracked 
| 123|0x000000061ec00000, 0x000000061ec00000, 0x000000061f000000|  0%| F|  |TAMS 0x000000061ec00000, 0x000000061ec00000| Untracked 
| 124|0x000000061f000000, 0x000000061f000000, 0x000000061f400000|  0%| F|  |TAMS 0x000000061f000000, 0x000000061f000000| Untracked 
| 125|0x000000061f400000, 0x000000061f400000, 0x000000061f800000|  0%| F|  |TAMS 0x000000061f400000, 0x000000061f400000| Untracked 
| 126|0x000000061f800000, 0x000000061f800000, 0x000000061fc00000|  0%| F|  |TAMS 0x000000061f800000, 0x000000061f800000| Untracked 
| 127|0x000000061fc00000, 0x000000061fc00000, 0x0000000620000000|  0%| F|  |TAMS 0x000000061fc00000, 0x000000061fc00000| Untracked 
| 128|0x0000000620000000, 0x0000000620000000, 0x0000000620400000|  0%| F|  |TAMS 0x0000000620000000, 0x0000000620000000| Untracked 
| 129|0x0000000620400000, 0x0000000620400000, 0x0000000620800000|  0%| F|  |TAMS 0x0000000620400000, 0x0000000620400000| Untracked 
| 130|0x0000000620800000, 0x0000000620800000, 0x0000000620c00000|  0%| F|  |TAMS 0x0000000620800000, 0x0000000620800000| Untracked 
| 131|0x0000000620c00000, 0x0000000620c00000, 0x0000000621000000|  0%| F|  |TAMS 0x0000000620c00000, 0x0000000620c00000| Untracked 
| 132|0x0000000621000000, 0x0000000621000000, 0x0000000621400000|  0%| F|  |TAMS 0x0000000621000000, 0x0000000621000000| Untracked 
| 133|0x0000000621400000, 0x0000000621400000, 0x0000000621800000|  0%| F|  |TAMS 0x0000000621400000, 0x0000000621400000| Untracked 
| 134|0x0000000621800000, 0x0000000621800000, 0x0000000621c00000|  0%| F|  |TAMS 0x0000000621800000, 0x0000000621800000| Untracked 
| 135|0x0000000621c00000, 0x0000000621c00000, 0x0000000622000000|  0%| F|  |TAMS 0x0000000621c00000, 0x0000000621c00000| Untracked 
| 136|0x0000000622000000, 0x0000000622000000, 0x0000000622400000|  0%| F|  |TAMS 0x0000000622000000, 0x0000000622000000| Untracked 
| 137|0x0000000622400000, 0x0000000622400000, 0x0000000622800000|  0%| F|  |TAMS 0x0000000622400000, 0x0000000622400000| Untracked 
| 138|0x0000000622800000, 0x0000000622800000, 0x0000000622c00000|  0%| F|  |TAMS 0x0000000622800000, 0x0000000622800000| Untracked 
| 139|0x0000000622c00000, 0x0000000622c00000, 0x0000000623000000|  0%| F|  |TAMS 0x0000000622c00000, 0x0000000622c00000| Untracked 
| 140|0x0000000623000000, 0x0000000623000000, 0x0000000623400000|  0%| F|  |TAMS 0x0000000623000000, 0x0000000623000000| Untracked 
| 141|0x0000000623400000, 0x0000000623400000, 0x0000000623800000|  0%| F|  |TAMS 0x0000000623400000, 0x0000000623400000| Untracked 
| 142|0x0000000623800000, 0x0000000623800000, 0x0000000623c00000|  0%| F|  |TAMS 0x0000000623800000, 0x0000000623800000| Untracked 
| 143|0x0000000623c00000, 0x0000000623c00000, 0x0000000624000000|  0%| F|  |TAMS 0x0000000623c00000, 0x0000000623c00000| Untracked 
| 144|0x0000000624000000, 0x0000000624000000, 0x0000000624400000|  0%| F|  |TAMS 0x0000000624000000, 0x0000000624000000| Untracked 
| 145|0x0000000624400000, 0x0000000624400000, 0x0000000624800000|  0%| F|  |TAMS 0x0000000624400000, 0x0000000624400000| Untracked 
| 146|0x0000000624800000, 0x0000000624800000, 0x0000000624c00000|  0%| F|  |TAMS 0x0000000624800000, 0x0000000624800000| Untracked 
| 147|0x0000000624c00000, 0x0000000624c00000, 0x0000000625000000|  0%| F|  |TAMS 0x0000000624c00000, 0x0000000624c00000| Untracked 
| 148|0x0000000625000000, 0x0000000625000000, 0x0000000625400000|  0%| F|  |TAMS 0x0000000625000000, 0x0000000625000000| Untracked 
| 149|0x0000000625400000, 0x0000000625400000, 0x0000000625800000|  0%| F|  |TAMS 0x0000000625400000, 0x0000000625400000| Untracked 
| 150|0x0000000625800000, 0x0000000625800000, 0x0000000625c00000|  0%| F|  |TAMS 0x0000000625800000, 0x0000000625800000| Untracked 
| 151|0x0000000625c00000, 0x0000000625c00000, 0x0000000626000000|  0%| F|  |TAMS 0x0000000625c00000, 0x0000000625c00000| Untracked 
| 152|0x0000000626000000, 0x0000000626000000, 0x0000000626400000|  0%| F|  |TAMS 0x0000000626000000, 0x0000000626000000| Untracked 
| 153|0x0000000626400000, 0x0000000626400000, 0x0000000626800000|  0%| F|  |TAMS 0x0000000626400000, 0x0000000626400000| Untracked 
| 154|0x0000000626800000, 0x0000000626800000, 0x0000000626c00000|  0%| F|  |TAMS 0x0000000626800000, 0x0000000626800000| Untracked 
| 155|0x0000000626c00000, 0x0000000626c00000, 0x0000000627000000|  0%| F|  |TAMS 0x0000000626c00000, 0x0000000626c00000| Untracked 
| 156|0x0000000627000000, 0x0000000627000000, 0x0000000627400000|  0%| F|  |TAMS 0x0000000627000000, 0x0000000627000000| Untracked 
| 157|0x0000000627400000, 0x0000000627400000, 0x0000000627800000|  0%| F|  |TAMS 0x0000000627400000, 0x0000000627400000| Untracked 
| 158|0x0000000627800000, 0x0000000627800000, 0x0000000627c00000|  0%| F|  |TAMS 0x0000000627800000, 0x0000000627800000| Untracked 
| 159|0x0000000627c00000, 0x0000000627c00000, 0x0000000628000000|  0%| F|  |TAMS 0x0000000627c00000, 0x0000000627c00000| Untracked 
| 160|0x0000000628000000, 0x0000000628000000, 0x0000000628400000|  0%| F|  |TAMS 0x0000000628000000, 0x0000000628000000| Untracked 
| 161|0x0000000628400000, 0x0000000628400000, 0x0000000628800000|  0%| F|  |TAMS 0x0000000628400000, 0x0000000628400000| Untracked 
| 162|0x0000000628800000, 0x0000000628800000, 0x0000000628c00000|  0%| F|  |TAMS 0x0000000628800000, 0x0000000628800000| Untracked 
| 163|0x0000000628c00000, 0x0000000628c00000, 0x0000000629000000|  0%| F|  |TAMS 0x0000000628c00000, 0x0000000628c00000| Untracked 
| 164|0x0000000629000000, 0x0000000629000000, 0x0000000629400000|  0%| F|  |TAMS 0x0000000629000000, 0x0000000629000000| Untracked 
| 165|0x0000000629400000, 0x0000000629400000, 0x0000000629800000|  0%| F|  |TAMS 0x0000000629400000, 0x0000000629400000| Untracked 
| 166|0x0000000629800000, 0x0000000629800000, 0x0000000629c00000|  0%| F|  |TAMS 0x0000000629800000, 0x0000000629800000| Untracked 
| 167|0x0000000629c00000, 0x0000000629c00000, 0x000000062a000000|  0%| F|  |TAMS 0x0000000629c00000, 0x0000000629c00000| Untracked 
| 168|0x000000062a000000, 0x000000062a000000, 0x000000062a400000|  0%| F|  |TAMS 0x000000062a000000, 0x000000062a000000| Untracked 
| 169|0x000000062a400000, 0x000000062a400000, 0x000000062a800000|  0%| F|  |TAMS 0x000000062a400000, 0x000000062a400000| Untracked 
| 170|0x000000062a800000, 0x000000062a800000, 0x000000062ac00000|  0%| F|  |TAMS 0x000000062a800000, 0x000000062a800000| Untracked 
| 171|0x000000062ac00000, 0x000000062ac00000, 0x000000062b000000|  0%| F|  |TAMS 0x000000062ac00000, 0x000000062ac00000| Untracked 
| 172|0x000000062b000000, 0x000000062b000000, 0x000000062b400000|  0%| F|  |TAMS 0x000000062b000000, 0x000000062b000000| Untracked 
| 173|0x000000062b400000, 0x000000062b400000, 0x000000062b800000|  0%| F|  |TAMS 0x000000062b400000, 0x000000062b400000| Untracked 
| 174|0x000000062b800000, 0x000000062b800000, 0x000000062bc00000|  0%| F|  |TAMS 0x000000062b800000, 0x000000062b800000| Untracked 
| 175|0x000000062bc00000, 0x000000062bc00000, 0x000000062c000000|  0%| F|  |TAMS 0x000000062bc00000, 0x000000062bc00000| Untracked 
| 176|0x000000062c000000, 0x000000062c000000, 0x000000062c400000|  0%| F|  |TAMS 0x000000062c000000, 0x000000062c000000| Untracked 
| 177|0x000000062c400000, 0x000000062c400000, 0x000000062c800000|  0%| F|  |TAMS 0x000000062c400000, 0x000000062c400000| Untracked 
| 178|0x000000062c800000, 0x000000062c800000, 0x000000062cc00000|  0%| F|  |TAMS 0x000000062c800000, 0x000000062c800000| Untracked 
| 179|0x000000062cc00000, 0x000000062cc00000, 0x000000062d000000|  0%| F|  |TAMS 0x000000062cc00000, 0x000000062cc00000| Untracked 
| 180|0x000000062d000000, 0x000000062d000000, 0x000000062d400000|  0%| F|  |TAMS 0x000000062d000000, 0x000000062d000000| Untracked 
| 181|0x000000062d400000, 0x000000062d400000, 0x000000062d800000|  0%| F|  |TAMS 0x000000062d400000, 0x000000062d400000| Untracked 
| 182|0x000000062d800000, 0x000000062d800000, 0x000000062dc00000|  0%| F|  |TAMS 0x000000062d800000, 0x000000062d800000| Untracked 
| 183|0x000000062dc00000, 0x000000062dc00000, 0x000000062e000000|  0%| F|  |TAMS 0x000000062dc00000, 0x000000062dc00000| Untracked 
| 184|0x000000062e000000, 0x000000062e000000, 0x000000062e400000|  0%| F|  |TAMS 0x000000062e000000, 0x000000062e000000| Untracked 
| 185|0x000000062e400000, 0x000000062e400000, 0x000000062e800000|  0%| F|  |TAMS 0x000000062e400000, 0x000000062e400000| Untracked 
| 186|0x000000062e800000, 0x000000062e800000, 0x000000062ec00000|  0%| F|  |TAMS 0x000000062e800000, 0x000000062e800000| Untracked 
| 187|0x000000062ec00000, 0x000000062ec00000, 0x000000062f000000|  0%| F|  |TAMS 0x000000062ec00000, 0x000000062ec00000| Untracked 
| 188|0x000000062f000000, 0x000000062f000000, 0x000000062f400000|  0%| F|  |TAMS 0x000000062f000000, 0x000000062f000000| Untracked 
| 189|0x000000062f400000, 0x000000062f400000, 0x000000062f800000|  0%| F|  |TAMS 0x000000062f400000, 0x000000062f400000| Untracked 
| 190|0x000000062f800000, 0x000000062f800000, 0x000000062fc00000|  0%| F|  |TAMS 0x000000062f800000, 0x000000062f800000| Untracked 
| 191|0x000000062fc00000, 0x000000062fc00000, 0x0000000630000000|  0%| F|  |TAMS 0x000000062fc00000, 0x000000062fc00000| Untracked 
| 192|0x0000000630000000, 0x0000000630000000, 0x0000000630400000|  0%| F|  |TAMS 0x0000000630000000, 0x0000000630000000| Untracked 
| 193|0x0000000630400000, 0x0000000630400000, 0x0000000630800000|  0%| F|  |TAMS 0x0000000630400000, 0x0000000630400000| Untracked 
| 194|0x0000000630800000, 0x0000000630800000, 0x0000000630c00000|  0%| F|  |TAMS 0x0000000630800000, 0x0000000630800000| Untracked 
| 195|0x0000000630c00000, 0x0000000630c00000, 0x0000000631000000|  0%| F|  |TAMS 0x0000000630c00000, 0x0000000630c00000| Untracked 
| 196|0x0000000631000000, 0x0000000631000000, 0x0000000631400000|  0%| F|  |TAMS 0x0000000631000000, 0x0000000631000000| Untracked 
| 197|0x0000000631400000, 0x0000000631400000, 0x0000000631800000|  0%| F|  |TAMS 0x0000000631400000, 0x0000000631400000| Untracked 
| 198|0x0000000631800000, 0x0000000631800000, 0x0000000631c00000|  0%| F|  |TAMS 0x0000000631800000, 0x0000000631800000| Untracked 
| 199|0x0000000631c00000, 0x0000000631c00000, 0x0000000632000000|  0%| F|  |TAMS 0x0000000631c00000, 0x0000000631c00000| Untracked 
| 200|0x0000000632000000, 0x0000000632000000, 0x0000000632400000|  0%| F|  |TAMS 0x0000000632000000, 0x0000000632000000| Untracked 
| 201|0x0000000632400000, 0x0000000632400000, 0x0000000632800000|  0%| F|  |TAMS 0x0000000632400000, 0x0000000632400000| Untracked 
| 202|0x0000000632800000, 0x0000000632800000, 0x0000000632c00000|  0%| F|  |TAMS 0x0000000632800000, 0x0000000632800000| Untracked 
| 203|0x0000000632c00000, 0x0000000632c00000, 0x0000000633000000|  0%| F|  |TAMS 0x0000000632c00000, 0x0000000632c00000| Untracked 
| 204|0x0000000633000000, 0x0000000633000000, 0x0000000633400000|  0%| F|  |TAMS 0x0000000633000000, 0x0000000633000000| Untracked 
| 205|0x0000000633400000, 0x0000000633400000, 0x0000000633800000|  0%| F|  |TAMS 0x0000000633400000, 0x0000000633400000| Untracked 
| 206|0x0000000633800000, 0x0000000633800000, 0x0000000633c00000|  0%| F|  |TAMS 0x0000000633800000, 0x0000000633800000| Untracked 
| 207|0x0000000633c00000, 0x0000000633c00000, 0x0000000634000000|  0%| F|  |TAMS 0x0000000633c00000, 0x0000000633c00000| Untracked 
| 208|0x0000000634000000, 0x0000000634000000, 0x0000000634400000|  0%| F|  |TAMS 0x0000000634000000, 0x0000000634000000| Untracked 
| 209|0x0000000634400000, 0x0000000634400000, 0x0000000634800000|  0%| F|  |TAMS 0x0000000634400000, 0x0000000634400000| Untracked 
| 210|0x0000000634800000, 0x0000000634800000, 0x0000000634c00000|  0%| F|  |TAMS 0x0000000634800000, 0x0000000634800000| Untracked 
| 211|0x0000000634c00000, 0x0000000634c00000, 0x0000000635000000|  0%| F|  |TAMS 0x0000000634c00000, 0x0000000634c00000| Untracked 
| 212|0x0000000635000000, 0x0000000635000000, 0x0000000635400000|  0%| F|  |TAMS 0x0000000635000000, 0x0000000635000000| Untracked 
| 213|0x0000000635400000, 0x0000000635400000, 0x0000000635800000|  0%| F|  |TAMS 0x0000000635400000, 0x0000000635400000| Untracked 
| 214|0x0000000635800000, 0x0000000635800000, 0x0000000635c00000|  0%| F|  |TAMS 0x0000000635800000, 0x0000000635800000| Untracked 
| 215|0x0000000635c00000, 0x0000000635c00000, 0x0000000636000000|  0%| F|  |TAMS 0x0000000635c00000, 0x0000000635c00000| Untracked 
| 216|0x0000000636000000, 0x0000000636000000, 0x0000000636400000|  0%| F|  |TAMS 0x0000000636000000, 0x0000000636000000| Untracked 
| 217|0x0000000636400000, 0x0000000636400000, 0x0000000636800000|  0%| F|  |TAMS 0x0000000636400000, 0x0000000636400000| Untracked 
| 218|0x0000000636800000, 0x0000000636800000, 0x0000000636c00000|  0%| F|  |TAMS 0x0000000636800000, 0x0000000636800000| Untracked 
| 219|0x0000000636c00000, 0x0000000636c00000, 0x0000000637000000|  0%| F|  |TAMS 0x0000000636c00000, 0x0000000636c00000| Untracked 
| 220|0x0000000637000000, 0x0000000637000000, 0x0000000637400000|  0%| F|  |TAMS 0x0000000637000000, 0x0000000637000000| Untracked 
| 221|0x0000000637400000, 0x0000000637400000, 0x0000000637800000|  0%| F|  |TAMS 0x0000000637400000, 0x0000000637400000| Untracked 
| 222|0x0000000637800000, 0x0000000637800000, 0x0000000637c00000|  0%| F|  |TAMS 0x0000000637800000, 0x0000000637800000| Untracked 
| 223|0x0000000637c00000, 0x0000000637c00000, 0x0000000638000000|  0%| F|  |TAMS 0x0000000637c00000, 0x0000000637c00000| Untracked 
| 224|0x0000000638000000, 0x0000000638000000, 0x0000000638400000|  0%| F|  |TAMS 0x0000000638000000, 0x0000000638000000| Untracked 
| 225|0x0000000638400000, 0x0000000638400000, 0x0000000638800000|  0%| F|  |TAMS 0x0000000638400000, 0x0000000638400000| Untracked 
| 226|0x0000000638800000, 0x0000000638800000, 0x0000000638c00000|  0%| F|  |TAMS 0x0000000638800000, 0x0000000638800000| Untracked 
| 227|0x0000000638c00000, 0x0000000638c00000, 0x0000000639000000|  0%| F|  |TAMS 0x0000000638c00000, 0x0000000638c00000| Untracked 
| 228|0x0000000639000000, 0x0000000639000000, 0x0000000639400000|  0%| F|  |TAMS 0x0000000639000000, 0x0000000639000000| Untracked 
| 229|0x0000000639400000, 0x0000000639400000, 0x0000000639800000|  0%| F|  |TAMS 0x0000000639400000, 0x0000000639400000| Untracked 
| 230|0x0000000639800000, 0x0000000639800000, 0x0000000639c00000|  0%| F|  |TAMS 0x0000000639800000, 0x0000000639800000| Untracked 
| 231|0x0000000639c00000, 0x0000000639c00000, 0x000000063a000000|  0%| F|  |TAMS 0x0000000639c00000, 0x0000000639c00000| Untracked 
| 232|0x000000063a000000, 0x000000063a000000, 0x000000063a400000|  0%| F|  |TAMS 0x000000063a000000, 0x000000063a000000| Untracked 
| 233|0x000000063a400000, 0x000000063a400000, 0x000000063a800000|  0%| F|  |TAMS 0x000000063a400000, 0x000000063a400000| Untracked 
| 234|0x000000063a800000, 0x000000063a800000, 0x000000063ac00000|  0%| F|  |TAMS 0x000000063a800000, 0x000000063a800000| Untracked 
| 235|0x000000063ac00000, 0x000000063ac00000, 0x000000063b000000|  0%| F|  |TAMS 0x000000063ac00000, 0x000000063ac00000| Untracked 
| 236|0x000000063b000000, 0x000000063b000000, 0x000000063b400000|  0%| F|  |TAMS 0x000000063b000000, 0x000000063b000000| Untracked 
| 237|0x000000063b400000, 0x000000063b400000, 0x000000063b800000|  0%| F|  |TAMS 0x000000063b400000, 0x000000063b400000| Untracked 
| 238|0x000000063b800000, 0x000000063b800000, 0x000000063bc00000|  0%| F|  |TAMS 0x000000063b800000, 0x000000063b800000| Untracked 
| 239|0x000000063bc00000, 0x000000063bc00000, 0x000000063c000000|  0%| F|  |TAMS 0x000000063bc00000, 0x000000063bc00000| Untracked 
| 240|0x000000063c000000, 0x000000063c000000, 0x000000063c400000|  0%| F|  |TAMS 0x000000063c000000, 0x000000063c000000| Untracked 
| 241|0x000000063c400000, 0x000000063c400000, 0x000000063c800000|  0%| F|  |TAMS 0x000000063c400000, 0x000000063c400000| Untracked 
| 242|0x000000063c800000, 0x000000063c800000, 0x000000063cc00000|  0%| F|  |TAMS 0x000000063c800000, 0x000000063c800000| Untracked 
| 243|0x000000063cc00000, 0x000000063cc00000, 0x000000063d000000|  0%| F|  |TAMS 0x000000063cc00000, 0x000000063cc00000| Untracked 
| 244|0x000000063d000000, 0x000000063d000000, 0x000000063d400000|  0%| F|  |TAMS 0x000000063d000000, 0x000000063d000000| Untracked 
| 245|0x000000063d400000, 0x000000063d400000, 0x000000063d800000|  0%| F|  |TAMS 0x000000063d400000, 0x000000063d400000| Untracked 
| 246|0x000000063d800000, 0x000000063d800000, 0x000000063dc00000|  0%| F|  |TAMS 0x000000063d800000, 0x000000063d800000| Untracked 
| 247|0x000000063dc00000, 0x000000063dc00000, 0x000000063e000000|  0%| F|  |TAMS 0x000000063dc00000, 0x000000063dc00000| Untracked 
| 248|0x000000063e000000, 0x000000063e000000, 0x000000063e400000|  0%| F|  |TAMS 0x000000063e000000, 0x000000063e000000| Untracked 
| 249|0x000000063e400000, 0x000000063e400000, 0x000000063e800000|  0%| F|  |TAMS 0x000000063e400000, 0x000000063e400000| Untracked 
| 250|0x000000063e800000, 0x000000063e800000, 0x000000063ec00000|  0%| F|  |TAMS 0x000000063e800000, 0x000000063e800000| Untracked 
| 251|0x000000063ec00000, 0x000000063ec00000, 0x000000063f000000|  0%| F|  |TAMS 0x000000063ec00000, 0x000000063ec00000| Untracked 
| 252|0x000000063f000000, 0x000000063f000000, 0x000000063f400000|  0%| F|  |TAMS 0x000000063f000000, 0x000000063f000000| Untracked 
| 253|0x000000063f400000, 0x000000063f400000, 0x000000063f800000|  0%| F|  |TAMS 0x000000063f400000, 0x000000063f400000| Untracked 
| 254|0x000000063f800000, 0x000000063f800000, 0x000000063fc00000|  0%| F|  |TAMS 0x000000063f800000, 0x000000063f800000| Untracked 
| 255|0x000000063fc00000, 0x000000063fc00000, 0x0000000640000000|  0%| F|  |TAMS 0x000000063fc00000, 0x000000063fc00000| Untracked 
| 256|0x0000000640000000, 0x0000000640000000, 0x0000000640400000|  0%| F|  |TAMS 0x0000000640000000, 0x0000000640000000| Untracked 
| 257|0x0000000640400000, 0x0000000640400000, 0x0000000640800000|  0%| F|  |TAMS 0x0000000640400000, 0x0000000640400000| Untracked 
| 258|0x0000000640800000, 0x0000000640800000, 0x0000000640c00000|  0%| F|  |TAMS 0x0000000640800000, 0x0000000640800000| Untracked 
| 259|0x0000000640c00000, 0x0000000640c00000, 0x0000000641000000|  0%| F|  |TAMS 0x0000000640c00000, 0x0000000640c00000| Untracked 
| 260|0x0000000641000000, 0x0000000641000000, 0x0000000641400000|  0%| F|  |TAMS 0x0000000641000000, 0x0000000641000000| Untracked 
| 261|0x0000000641400000, 0x0000000641400000, 0x0000000641800000|  0%| F|  |TAMS 0x0000000641400000, 0x0000000641400000| Untracked 
| 262|0x0000000641800000, 0x0000000641800000, 0x0000000641c00000|  0%| F|  |TAMS 0x0000000641800000, 0x0000000641800000| Untracked 
| 263|0x0000000641c00000, 0x0000000641c00000, 0x0000000642000000|  0%| F|  |TAMS 0x0000000641c00000, 0x0000000641c00000| Untracked 
| 264|0x0000000642000000, 0x0000000642000000, 0x0000000642400000|  0%| F|  |TAMS 0x0000000642000000, 0x0000000642000000| Untracked 
| 265|0x0000000642400000, 0x0000000642400000, 0x0000000642800000|  0%| F|  |TAMS 0x0000000642400000, 0x0000000642400000| Untracked 
| 266|0x0000000642800000, 0x0000000642800000, 0x0000000642c00000|  0%| F|  |TAMS 0x0000000642800000, 0x0000000642800000| Untracked 
| 267|0x0000000642c00000, 0x0000000642c00000, 0x0000000643000000|  0%| F|  |TAMS 0x0000000642c00000, 0x0000000642c00000| Untracked 
| 268|0x0000000643000000, 0x0000000643000000, 0x0000000643400000|  0%| F|  |TAMS 0x0000000643000000, 0x0000000643000000| Untracked 
| 269|0x0000000643400000, 0x0000000643400000, 0x0000000643800000|  0%| F|  |TAMS 0x0000000643400000, 0x0000000643400000| Untracked 
| 270|0x0000000643800000, 0x0000000643800000, 0x0000000643c00000|  0%| F|  |TAMS 0x0000000643800000, 0x0000000643800000| Untracked 
| 271|0x0000000643c00000, 0x0000000643c00000, 0x0000000644000000|  0%| F|  |TAMS 0x0000000643c00000, 0x0000000643c00000| Untracked 
| 272|0x0000000644000000, 0x0000000644000000, 0x0000000644400000|  0%| F|  |TAMS 0x0000000644000000, 0x0000000644000000| Untracked 
| 273|0x0000000644400000, 0x0000000644400000, 0x0000000644800000|  0%| F|  |TAMS 0x0000000644400000, 0x0000000644400000| Untracked 
| 274|0x0000000644800000, 0x0000000644800000, 0x0000000644c00000|  0%| F|  |TAMS 0x0000000644800000, 0x0000000644800000| Untracked 
| 275|0x0000000644c00000, 0x0000000644c00000, 0x0000000645000000|  0%| F|  |TAMS 0x0000000644c00000, 0x0000000644c00000| Untracked 
| 276|0x0000000645000000, 0x0000000645000000, 0x0000000645400000|  0%| F|  |TAMS 0x0000000645000000, 0x0000000645000000| Untracked 
| 277|0x0000000645400000, 0x0000000645400000, 0x0000000645800000|  0%| F|  |TAMS 0x0000000645400000, 0x0000000645400000| Untracked 
| 278|0x0000000645800000, 0x0000000645800000, 0x0000000645c00000|  0%| F|  |TAMS 0x0000000645800000, 0x0000000645800000| Untracked 
| 279|0x0000000645c00000, 0x0000000645c00000, 0x0000000646000000|  0%| F|  |TAMS 0x0000000645c00000, 0x0000000645c00000| Untracked 
| 280|0x0000000646000000, 0x0000000646000000, 0x0000000646400000|  0%| F|  |TAMS 0x0000000646000000, 0x0000000646000000| Untracked 
| 281|0x0000000646400000, 0x0000000646400000, 0x0000000646800000|  0%| F|  |TAMS 0x0000000646400000, 0x0000000646400000| Untracked 
| 282|0x0000000646800000, 0x0000000646800000, 0x0000000646c00000|  0%| F|  |TAMS 0x0000000646800000, 0x0000000646800000| Untracked 
| 283|0x0000000646c00000, 0x0000000646c00000, 0x0000000647000000|  0%| F|  |TAMS 0x0000000646c00000, 0x0000000646c00000| Untracked 
| 284|0x0000000647000000, 0x0000000647000000, 0x0000000647400000|  0%| F|  |TAMS 0x0000000647000000, 0x0000000647000000| Untracked 
| 285|0x0000000647400000, 0x0000000647400000, 0x0000000647800000|  0%| F|  |TAMS 0x0000000647400000, 0x0000000647400000| Untracked 
| 286|0x0000000647800000, 0x0000000647800000, 0x0000000647c00000|  0%| F|  |TAMS 0x0000000647800000, 0x0000000647800000| Untracked 
| 287|0x0000000647c00000, 0x0000000647c00000, 0x0000000648000000|  0%| F|  |TAMS 0x0000000647c00000, 0x0000000647c00000| Untracked 
| 288|0x0000000648000000, 0x0000000648000000, 0x0000000648400000|  0%| F|  |TAMS 0x0000000648000000, 0x0000000648000000| Untracked 
| 289|0x0000000648400000, 0x0000000648400000, 0x0000000648800000|  0%| F|  |TAMS 0x0000000648400000, 0x0000000648400000| Untracked 
| 290|0x0000000648800000, 0x0000000648800000, 0x0000000648c00000|  0%| F|  |TAMS 0x0000000648800000, 0x0000000648800000| Untracked 
| 291|0x0000000648c00000, 0x0000000648c00000, 0x0000000649000000|  0%| F|  |TAMS 0x0000000648c00000, 0x0000000648c00000| Untracked 
| 292|0x0000000649000000, 0x0000000649000000, 0x0000000649400000|  0%| F|  |TAMS 0x0000000649000000, 0x0000000649000000| Untracked 
| 293|0x0000000649400000, 0x0000000649400000, 0x0000000649800000|  0%| F|  |TAMS 0x0000000649400000, 0x0000000649400000| Untracked 
| 294|0x0000000649800000, 0x0000000649800000, 0x0000000649c00000|  0%| F|  |TAMS 0x0000000649800000, 0x0000000649800000| Untracked 
| 295|0x0000000649c00000, 0x0000000649c00000, 0x000000064a000000|  0%| F|  |TAMS 0x0000000649c00000, 0x0000000649c00000| Untracked 
| 296|0x000000064a000000, 0x000000064a000000, 0x000000064a400000|  0%| F|  |TAMS 0x000000064a000000, 0x000000064a000000| Untracked 
| 297|0x000000064a400000, 0x000000064a400000, 0x000000064a800000|  0%| F|  |TAMS 0x000000064a400000, 0x000000064a400000| Untracked 
| 298|0x000000064a800000, 0x000000064a800000, 0x000000064ac00000|  0%| F|  |TAMS 0x000000064a800000, 0x000000064a800000| Untracked 
| 299|0x000000064ac00000, 0x000000064ac00000, 0x000000064b000000|  0%| F|  |TAMS 0x000000064ac00000, 0x000000064ac00000| Untracked 
| 300|0x000000064b000000, 0x000000064b000000, 0x000000064b400000|  0%| F|  |TAMS 0x000000064b000000, 0x000000064b000000| Untracked 
| 301|0x000000064b400000, 0x000000064b400000, 0x000000064b800000|  0%| F|  |TAMS 0x000000064b400000, 0x000000064b400000| Untracked 
| 302|0x000000064b800000, 0x000000064b800000, 0x000000064bc00000|  0%| F|  |TAMS 0x000000064b800000, 0x000000064b800000| Untracked 
| 303|0x000000064bc00000, 0x000000064bc00000, 0x000000064c000000|  0%| F|  |TAMS 0x000000064bc00000, 0x000000064bc00000| Untracked 
| 304|0x000000064c000000, 0x000000064c000000, 0x000000064c400000|  0%| F|  |TAMS 0x000000064c000000, 0x000000064c000000| Untracked 
| 305|0x000000064c400000, 0x000000064c400000, 0x000000064c800000|  0%| F|  |TAMS 0x000000064c400000, 0x000000064c400000| Untracked 
| 306|0x000000064c800000, 0x000000064c800000, 0x000000064cc00000|  0%| F|  |TAMS 0x000000064c800000, 0x000000064c800000| Untracked 
| 307|0x000000064cc00000, 0x000000064cc00000, 0x000000064d000000|  0%| F|  |TAMS 0x000000064cc00000, 0x000000064cc00000| Untracked 
| 308|0x000000064d000000, 0x000000064d000000, 0x000000064d400000|  0%| F|  |TAMS 0x000000064d000000, 0x000000064d000000| Untracked 
| 309|0x000000064d400000, 0x000000064d400000, 0x000000064d800000|  0%| F|  |TAMS 0x000000064d400000, 0x000000064d400000| Untracked 
| 310|0x000000064d800000, 0x000000064d800000, 0x000000064dc00000|  0%| F|  |TAMS 0x000000064d800000, 0x000000064d800000| Untracked 
| 311|0x000000064dc00000, 0x000000064dc00000, 0x000000064e000000|  0%| F|  |TAMS 0x000000064dc00000, 0x000000064dc00000| Untracked 
| 312|0x000000064e000000, 0x000000064e000000, 0x000000064e400000|  0%| F|  |TAMS 0x000000064e000000, 0x000000064e000000| Untracked 
| 313|0x000000064e400000, 0x000000064e400000, 0x000000064e800000|  0%| F|  |TAMS 0x000000064e400000, 0x000000064e400000| Untracked 
| 314|0x000000064e800000, 0x000000064e800000, 0x000000064ec00000|  0%| F|  |TAMS 0x000000064e800000, 0x000000064e800000| Untracked 
| 315|0x000000064ec00000, 0x000000064ec00000, 0x000000064f000000|  0%| F|  |TAMS 0x000000064ec00000, 0x000000064ec00000| Untracked 
| 316|0x000000064f000000, 0x000000064f000000, 0x000000064f400000|  0%| F|  |TAMS 0x000000064f000000, 0x000000064f000000| Untracked 
| 317|0x000000064f400000, 0x000000064f400000, 0x000000064f800000|  0%| F|  |TAMS 0x000000064f400000, 0x000000064f400000| Untracked 
| 318|0x000000064f800000, 0x000000064f800000, 0x000000064fc00000|  0%| F|  |TAMS 0x000000064f800000, 0x000000064f800000| Untracked 
| 319|0x000000064fc00000, 0x000000064fc00000, 0x0000000650000000|  0%| F|  |TAMS 0x000000064fc00000, 0x000000064fc00000| Untracked 
| 320|0x0000000650000000, 0x0000000650000000, 0x0000000650400000|  0%| F|  |TAMS 0x0000000650000000, 0x0000000650000000| Untracked 
| 321|0x0000000650400000, 0x0000000650400000, 0x0000000650800000|  0%| F|  |TAMS 0x0000000650400000, 0x0000000650400000| Untracked 
| 322|0x0000000650800000, 0x0000000650800000, 0x0000000650c00000|  0%| F|  |TAMS 0x0000000650800000, 0x0000000650800000| Untracked 
| 323|0x0000000650c00000, 0x0000000650c00000, 0x0000000651000000|  0%| F|  |TAMS 0x0000000650c00000, 0x0000000650c00000| Untracked 
| 324|0x0000000651000000, 0x0000000651000000, 0x0000000651400000|  0%| F|  |TAMS 0x0000000651000000, 0x0000000651000000| Untracked 
| 325|0x0000000651400000, 0x0000000651400000, 0x0000000651800000|  0%| F|  |TAMS 0x0000000651400000, 0x0000000651400000| Untracked 
| 326|0x0000000651800000, 0x0000000651800000, 0x0000000651c00000|  0%| F|  |TAMS 0x0000000651800000, 0x0000000651800000| Untracked 
| 327|0x0000000651c00000, 0x0000000651c00000, 0x0000000652000000|  0%| F|  |TAMS 0x0000000651c00000, 0x0000000651c00000| Untracked 
| 328|0x0000000652000000, 0x0000000652000000, 0x0000000652400000|  0%| F|  |TAMS 0x0000000652000000, 0x0000000652000000| Untracked 
| 329|0x0000000652400000, 0x0000000652400000, 0x0000000652800000|  0%| F|  |TAMS 0x0000000652400000, 0x0000000652400000| Untracked 
| 330|0x0000000652800000, 0x0000000652800000, 0x0000000652c00000|  0%| F|  |TAMS 0x0000000652800000, 0x0000000652800000| Untracked 
| 331|0x0000000652c00000, 0x0000000652c00000, 0x0000000653000000|  0%| F|  |TAMS 0x0000000652c00000, 0x0000000652c00000| Untracked 
| 332|0x0000000653000000, 0x0000000653000000, 0x0000000653400000|  0%| F|  |TAMS 0x0000000653000000, 0x0000000653000000| Untracked 
| 333|0x0000000653400000, 0x0000000653400000, 0x0000000653800000|  0%| F|  |TAMS 0x0000000653400000, 0x0000000653400000| Untracked 
| 334|0x0000000653800000, 0x0000000653800000, 0x0000000653c00000|  0%| F|  |TAMS 0x0000000653800000, 0x0000000653800000| Untracked 
| 335|0x0000000653c00000, 0x0000000653c00000, 0x0000000654000000|  0%| F|  |TAMS 0x0000000653c00000, 0x0000000653c00000| Untracked 
| 336|0x0000000654000000, 0x0000000654000000, 0x0000000654400000|  0%| F|  |TAMS 0x0000000654000000, 0x0000000654000000| Untracked 
| 337|0x0000000654400000, 0x0000000654400000, 0x0000000654800000|  0%| F|  |TAMS 0x0000000654400000, 0x0000000654400000| Untracked 
| 338|0x0000000654800000, 0x0000000654800000, 0x0000000654c00000|  0%| F|  |TAMS 0x0000000654800000, 0x0000000654800000| Untracked 
| 339|0x0000000654c00000, 0x0000000654c00000, 0x0000000655000000|  0%| F|  |TAMS 0x0000000654c00000, 0x0000000654c00000| Untracked 
| 340|0x0000000655000000, 0x0000000655000000, 0x0000000655400000|  0%| F|  |TAMS 0x0000000655000000, 0x0000000655000000| Untracked 
| 341|0x0000000655400000, 0x0000000655400000, 0x0000000655800000|  0%| F|  |TAMS 0x0000000655400000, 0x0000000655400000| Untracked 
| 342|0x0000000655800000, 0x0000000655800000, 0x0000000655c00000|  0%| F|  |TAMS 0x0000000655800000, 0x0000000655800000| Untracked 
| 343|0x0000000655c00000, 0x0000000655c00000, 0x0000000656000000|  0%| F|  |TAMS 0x0000000655c00000, 0x0000000655c00000| Untracked 
| 344|0x0000000656000000, 0x0000000656000000, 0x0000000656400000|  0%| F|  |TAMS 0x0000000656000000, 0x0000000656000000| Untracked 
| 345|0x0000000656400000, 0x0000000656400000, 0x0000000656800000|  0%| F|  |TAMS 0x0000000656400000, 0x0000000656400000| Untracked 
| 346|0x0000000656800000, 0x0000000656800000, 0x0000000656c00000|  0%| F|  |TAMS 0x0000000656800000, 0x0000000656800000| Untracked 
| 347|0x0000000656c00000, 0x0000000656c00000, 0x0000000657000000|  0%| F|  |TAMS 0x0000000656c00000, 0x0000000656c00000| Untracked 
| 348|0x0000000657000000, 0x0000000657000000, 0x0000000657400000|  0%| F|  |TAMS 0x0000000657000000, 0x0000000657000000| Untracked 
| 349|0x0000000657400000, 0x0000000657400000, 0x0000000657800000|  0%| F|  |TAMS 0x0000000657400000, 0x0000000657400000| Untracked 
| 350|0x0000000657800000, 0x0000000657800000, 0x0000000657c00000|  0%| F|  |TAMS 0x0000000657800000, 0x0000000657800000| Untracked 
| 351|0x0000000657c00000, 0x0000000657c00000, 0x0000000658000000|  0%| F|  |TAMS 0x0000000657c00000, 0x0000000657c00000| Untracked 
| 352|0x0000000658000000, 0x0000000658000000, 0x0000000658400000|  0%| F|  |TAMS 0x0000000658000000, 0x0000000658000000| Untracked 
| 353|0x0000000658400000, 0x0000000658400000, 0x0000000658800000|  0%| F|  |TAMS 0x0000000658400000, 0x0000000658400000| Untracked 
| 354|0x0000000658800000, 0x0000000658800000, 0x0000000658c00000|  0%| F|  |TAMS 0x0000000658800000, 0x0000000658800000| Untracked 
| 355|0x0000000658c00000, 0x0000000658c00000, 0x0000000659000000|  0%| F|  |TAMS 0x0000000658c00000, 0x0000000658c00000| Untracked 
| 356|0x0000000659000000, 0x0000000659000000, 0x0000000659400000|  0%| F|  |TAMS 0x0000000659000000, 0x0000000659000000| Untracked 
| 357|0x0000000659400000, 0x0000000659400000, 0x0000000659800000|  0%| F|  |TAMS 0x0000000659400000, 0x0000000659400000| Untracked 
| 358|0x0000000659800000, 0x0000000659800000, 0x0000000659c00000|  0%| F|  |TAMS 0x0000000659800000, 0x0000000659800000| Untracked 
| 359|0x0000000659c00000, 0x0000000659c00000, 0x000000065a000000|  0%| F|  |TAMS 0x0000000659c00000, 0x0000000659c00000| Untracked 
| 360|0x000000065a000000, 0x000000065a000000, 0x000000065a400000|  0%| F|  |TAMS 0x000000065a000000, 0x000000065a000000| Untracked 
| 361|0x000000065a400000, 0x000000065a400000, 0x000000065a800000|  0%| F|  |TAMS 0x000000065a400000, 0x000000065a400000| Untracked 
| 362|0x000000065a800000, 0x000000065a800000, 0x000000065ac00000|  0%| F|  |TAMS 0x000000065a800000, 0x000000065a800000| Untracked 
| 363|0x000000065ac00000, 0x000000065ac00000, 0x000000065b000000|  0%| F|  |TAMS 0x000000065ac00000, 0x000000065ac00000| Untracked 
| 364|0x000000065b000000, 0x000000065b000000, 0x000000065b400000|  0%| F|  |TAMS 0x000000065b000000, 0x000000065b000000| Untracked 
| 365|0x000000065b400000, 0x000000065b400000, 0x000000065b800000|  0%| F|  |TAMS 0x000000065b400000, 0x000000065b400000| Untracked 
| 366|0x000000065b800000, 0x000000065b800000, 0x000000065bc00000|  0%| F|  |TAMS 0x000000065b800000, 0x000000065b800000| Untracked 
| 367|0x000000065bc00000, 0x000000065bc00000, 0x000000065c000000|  0%| F|  |TAMS 0x000000065bc00000, 0x000000065bc00000| Untracked 
| 368|0x000000065c000000, 0x000000065c000000, 0x000000065c400000|  0%| F|  |TAMS 0x000000065c000000, 0x000000065c000000| Untracked 
| 369|0x000000065c400000, 0x000000065c400000, 0x000000065c800000|  0%| F|  |TAMS 0x000000065c400000, 0x000000065c400000| Untracked 
| 370|0x000000065c800000, 0x000000065c800000, 0x000000065cc00000|  0%| F|  |TAMS 0x000000065c800000, 0x000000065c800000| Untracked 
| 371|0x000000065cc00000, 0x000000065cc00000, 0x000000065d000000|  0%| F|  |TAMS 0x000000065cc00000, 0x000000065cc00000| Untracked 
| 372|0x000000065d000000, 0x000000065d000000, 0x000000065d400000|  0%| F|  |TAMS 0x000000065d000000, 0x000000065d000000| Untracked 
| 373|0x000000065d400000, 0x000000065d400000, 0x000000065d800000|  0%| F|  |TAMS 0x000000065d400000, 0x000000065d400000| Untracked 
| 374|0x000000065d800000, 0x000000065d800000, 0x000000065dc00000|  0%| F|  |TAMS 0x000000065d800000, 0x000000065d800000| Untracked 
| 375|0x000000065dc00000, 0x000000065dc00000, 0x000000065e000000|  0%| F|  |TAMS 0x000000065dc00000, 0x000000065dc00000| Untracked 
| 376|0x000000065e000000, 0x000000065e000000, 0x000000065e400000|  0%| F|  |TAMS 0x000000065e000000, 0x000000065e000000| Untracked 
| 377|0x000000065e400000, 0x000000065e400000, 0x000000065e800000|  0%| F|  |TAMS 0x000000065e400000, 0x000000065e400000| Untracked 
| 378|0x000000065e800000, 0x000000065e800000, 0x000000065ec00000|  0%| F|  |TAMS 0x000000065e800000, 0x000000065e800000| Untracked 
| 379|0x000000065ec00000, 0x000000065ec00000, 0x000000065f000000|  0%| F|  |TAMS 0x000000065ec00000, 0x000000065ec00000| Untracked 
| 380|0x000000065f000000, 0x000000065f000000, 0x000000065f400000|  0%| F|  |TAMS 0x000000065f000000, 0x000000065f000000| Untracked 
| 381|0x000000065f400000, 0x000000065f400000, 0x000000065f800000|  0%| F|  |TAMS 0x000000065f400000, 0x000000065f400000| Untracked 
| 382|0x000000065f800000, 0x000000065f800000, 0x000000065fc00000|  0%| F|  |TAMS 0x000000065f800000, 0x000000065f800000| Untracked 
| 383|0x000000065fc00000, 0x000000065fc00000, 0x0000000660000000|  0%| F|  |TAMS 0x000000065fc00000, 0x000000065fc00000| Untracked 
| 384|0x0000000660000000, 0x0000000660000000, 0x0000000660400000|  0%| F|  |TAMS 0x0000000660000000, 0x0000000660000000| Untracked 
| 385|0x0000000660400000, 0x0000000660400000, 0x0000000660800000|  0%| F|  |TAMS 0x0000000660400000, 0x0000000660400000| Untracked 
| 386|0x0000000660800000, 0x0000000660800000, 0x0000000660c00000|  0%| F|  |TAMS 0x0000000660800000, 0x0000000660800000| Untracked 
| 387|0x0000000660c00000, 0x0000000660c00000, 0x0000000661000000|  0%| F|  |TAMS 0x0000000660c00000, 0x0000000660c00000| Untracked 
| 388|0x0000000661000000, 0x0000000661000000, 0x0000000661400000|  0%| F|  |TAMS 0x0000000661000000, 0x0000000661000000| Untracked 
| 389|0x0000000661400000, 0x0000000661400000, 0x0000000661800000|  0%| F|  |TAMS 0x0000000661400000, 0x0000000661400000| Untracked 
| 390|0x0000000661800000, 0x0000000661800000, 0x0000000661c00000|  0%| F|  |TAMS 0x0000000661800000, 0x0000000661800000| Untracked 
| 391|0x0000000661c00000, 0x0000000661c00000, 0x0000000662000000|  0%| F|  |TAMS 0x0000000661c00000, 0x0000000661c00000| Untracked 
| 392|0x0000000662000000, 0x0000000662000000, 0x0000000662400000|  0%| F|  |TAMS 0x0000000662000000, 0x0000000662000000| Untracked 
| 393|0x0000000662400000, 0x0000000662400000, 0x0000000662800000|  0%| F|  |TAMS 0x0000000662400000, 0x0000000662400000| Untracked 
| 394|0x0000000662800000, 0x0000000662800000, 0x0000000662c00000|  0%| F|  |TAMS 0x0000000662800000, 0x0000000662800000| Untracked 
| 395|0x0000000662c00000, 0x0000000662c00000, 0x0000000663000000|  0%| F|  |TAMS 0x0000000662c00000, 0x0000000662c00000| Untracked 
| 396|0x0000000663000000, 0x0000000663000000, 0x0000000663400000|  0%| F|  |TAMS 0x0000000663000000, 0x0000000663000000| Untracked 
| 397|0x0000000663400000, 0x0000000663400000, 0x0000000663800000|  0%| F|  |TAMS 0x0000000663400000, 0x0000000663400000| Untracked 
| 398|0x0000000663800000, 0x0000000663800000, 0x0000000663c00000|  0%| F|  |TAMS 0x0000000663800000, 0x0000000663800000| Untracked 
| 399|0x0000000663c00000, 0x0000000663c00000, 0x0000000664000000|  0%| F|  |TAMS 0x0000000663c00000, 0x0000000663c00000| Untracked 
| 400|0x0000000664000000, 0x0000000664000000, 0x0000000664400000|  0%| F|  |TAMS 0x0000000664000000, 0x0000000664000000| Untracked 
| 401|0x0000000664400000, 0x0000000664400000, 0x0000000664800000|  0%| F|  |TAMS 0x0000000664400000, 0x0000000664400000| Untracked 
| 402|0x0000000664800000, 0x0000000664800000, 0x0000000664c00000|  0%| F|  |TAMS 0x0000000664800000, 0x0000000664800000| Untracked 
| 403|0x0000000664c00000, 0x0000000664c00000, 0x0000000665000000|  0%| F|  |TAMS 0x0000000664c00000, 0x0000000664c00000| Untracked 
| 404|0x0000000665000000, 0x0000000665000000, 0x0000000665400000|  0%| F|  |TAMS 0x0000000665000000, 0x0000000665000000| Untracked 
| 405|0x0000000665400000, 0x0000000665400000, 0x0000000665800000|  0%| F|  |TAMS 0x0000000665400000, 0x0000000665400000| Untracked 
| 406|0x0000000665800000, 0x0000000665800000, 0x0000000665c00000|  0%| F|  |TAMS 0x0000000665800000, 0x0000000665800000| Untracked 
| 407|0x0000000665c00000, 0x0000000665c00000, 0x0000000666000000|  0%| F|  |TAMS 0x0000000665c00000, 0x0000000665c00000| Untracked 
| 408|0x0000000666000000, 0x0000000666000000, 0x0000000666400000|  0%| F|  |TAMS 0x0000000666000000, 0x0000000666000000| Untracked 
| 409|0x0000000666400000, 0x0000000666400000, 0x0000000666800000|  0%| F|  |TAMS 0x0000000666400000, 0x0000000666400000| Untracked 
| 410|0x0000000666800000, 0x0000000666800000, 0x0000000666c00000|  0%| F|  |TAMS 0x0000000666800000, 0x0000000666800000| Untracked 
| 411|0x0000000666c00000, 0x0000000666c00000, 0x0000000667000000|  0%| F|  |TAMS 0x0000000666c00000, 0x0000000666c00000| Untracked 
| 412|0x0000000667000000, 0x0000000667000000, 0x0000000667400000|  0%| F|  |TAMS 0x0000000667000000, 0x0000000667000000| Untracked 
| 413|0x0000000667400000, 0x0000000667400000, 0x0000000667800000|  0%| F|  |TAMS 0x0000000667400000, 0x0000000667400000| Untracked 
| 414|0x0000000667800000, 0x0000000667800000, 0x0000000667c00000|  0%| F|  |TAMS 0x0000000667800000, 0x0000000667800000| Untracked 
| 415|0x0000000667c00000, 0x0000000667c00000, 0x0000000668000000|  0%| F|  |TAMS 0x0000000667c00000, 0x0000000667c00000| Untracked 
| 416|0x0000000668000000, 0x0000000668000000, 0x0000000668400000|  0%| F|  |TAMS 0x0000000668000000, 0x0000000668000000| Untracked 
| 417|0x0000000668400000, 0x0000000668400000, 0x0000000668800000|  0%| F|  |TAMS 0x0000000668400000, 0x0000000668400000| Untracked 
| 418|0x0000000668800000, 0x0000000668800000, 0x0000000668c00000|  0%| F|  |TAMS 0x0000000668800000, 0x0000000668800000| Untracked 
| 419|0x0000000668c00000, 0x0000000668c00000, 0x0000000669000000|  0%| F|  |TAMS 0x0000000668c00000, 0x0000000668c00000| Untracked 
| 420|0x0000000669000000, 0x0000000669000000, 0x0000000669400000|  0%| F|  |TAMS 0x0000000669000000, 0x0000000669000000| Untracked 
| 421|0x0000000669400000, 0x0000000669400000, 0x0000000669800000|  0%| F|  |TAMS 0x0000000669400000, 0x0000000669400000| Untracked 
| 422|0x0000000669800000, 0x0000000669800000, 0x0000000669c00000|  0%| F|  |TAMS 0x0000000669800000, 0x0000000669800000| Untracked 
| 423|0x0000000669c00000, 0x0000000669c00000, 0x000000066a000000|  0%| F|  |TAMS 0x0000000669c00000, 0x0000000669c00000| Untracked 
| 424|0x000000066a000000, 0x000000066a000000, 0x000000066a400000|  0%| F|  |TAMS 0x000000066a000000, 0x000000066a000000| Untracked 
| 425|0x000000066a400000, 0x000000066a400000, 0x000000066a800000|  0%| F|  |TAMS 0x000000066a400000, 0x000000066a400000| Untracked 
| 426|0x000000066a800000, 0x000000066a800000, 0x000000066ac00000|  0%| F|  |TAMS 0x000000066a800000, 0x000000066a800000| Untracked 
| 427|0x000000066ac00000, 0x000000066ac00000, 0x000000066b000000|  0%| F|  |TAMS 0x000000066ac00000, 0x000000066ac00000| Untracked 
| 428|0x000000066b000000, 0x000000066b000000, 0x000000066b400000|  0%| F|  |TAMS 0x000000066b000000, 0x000000066b000000| Untracked 
| 429|0x000000066b400000, 0x000000066b400000, 0x000000066b800000|  0%| F|  |TAMS 0x000000066b400000, 0x000000066b400000| Untracked 
| 430|0x000000066b800000, 0x000000066b800000, 0x000000066bc00000|  0%| F|  |TAMS 0x000000066b800000, 0x000000066b800000| Untracked 
| 431|0x000000066bc00000, 0x000000066bc00000, 0x000000066c000000|  0%| F|  |TAMS 0x000000066bc00000, 0x000000066bc00000| Untracked 
| 432|0x000000066c000000, 0x000000066c000000, 0x000000066c400000|  0%| F|  |TAMS 0x000000066c000000, 0x000000066c000000| Untracked 
| 433|0x000000066c400000, 0x000000066c400000, 0x000000066c800000|  0%| F|  |TAMS 0x000000066c400000, 0x000000066c400000| Untracked 
| 434|0x000000066c800000, 0x000000066c800000, 0x000000066cc00000|  0%| F|  |TAMS 0x000000066c800000, 0x000000066c800000| Untracked 
| 435|0x000000066cc00000, 0x000000066cc00000, 0x000000066d000000|  0%| F|  |TAMS 0x000000066cc00000, 0x000000066cc00000| Untracked 
| 436|0x000000066d000000, 0x000000066d000000, 0x000000066d400000|  0%| F|  |TAMS 0x000000066d000000, 0x000000066d000000| Untracked 
| 437|0x000000066d400000, 0x000000066d400000, 0x000000066d800000|  0%| F|  |TAMS 0x000000066d400000, 0x000000066d400000| Untracked 
| 438|0x000000066d800000, 0x000000066d800000, 0x000000066dc00000|  0%| F|  |TAMS 0x000000066d800000, 0x000000066d800000| Untracked 
| 439|0x000000066dc00000, 0x000000066dc00000, 0x000000066e000000|  0%| F|  |TAMS 0x000000066dc00000, 0x000000066dc00000| Untracked 
| 440|0x000000066e000000, 0x000000066e000000, 0x000000066e400000|  0%| F|  |TAMS 0x000000066e000000, 0x000000066e000000| Untracked 
| 441|0x000000066e400000, 0x000000066e400000, 0x000000066e800000|  0%| F|  |TAMS 0x000000066e400000, 0x000000066e400000| Untracked 
| 442|0x000000066e800000, 0x000000066e800000, 0x000000066ec00000|  0%| F|  |TAMS 0x000000066e800000, 0x000000066e800000| Untracked 
| 443|0x000000066ec00000, 0x000000066ec00000, 0x000000066f000000|  0%| F|  |TAMS 0x000000066ec00000, 0x000000066ec00000| Untracked 
| 444|0x000000066f000000, 0x000000066f000000, 0x000000066f400000|  0%| F|  |TAMS 0x000000066f000000, 0x000000066f000000| Untracked 
| 445|0x000000066f400000, 0x000000066f400000, 0x000000066f800000|  0%| F|  |TAMS 0x000000066f400000, 0x000000066f400000| Untracked 
| 446|0x000000066f800000, 0x000000066f800000, 0x000000066fc00000|  0%| F|  |TAMS 0x000000066f800000, 0x000000066f800000| Untracked 
| 447|0x000000066fc00000, 0x000000066fc00000, 0x0000000670000000|  0%| F|  |TAMS 0x000000066fc00000, 0x000000066fc00000| Untracked 
| 448|0x0000000670000000, 0x0000000670000000, 0x0000000670400000|  0%| F|  |TAMS 0x0000000670000000, 0x0000000670000000| Untracked 
| 449|0x0000000670400000, 0x0000000670400000, 0x0000000670800000|  0%| F|  |TAMS 0x0000000670400000, 0x0000000670400000| Untracked 
| 450|0x0000000670800000, 0x0000000670800000, 0x0000000670c00000|  0%| F|  |TAMS 0x0000000670800000, 0x0000000670800000| Untracked 
| 451|0x0000000670c00000, 0x0000000670c00000, 0x0000000671000000|  0%| F|  |TAMS 0x0000000670c00000, 0x0000000670c00000| Untracked 
| 452|0x0000000671000000, 0x0000000671000000, 0x0000000671400000|  0%| F|  |TAMS 0x0000000671000000, 0x0000000671000000| Untracked 
| 453|0x0000000671400000, 0x0000000671400000, 0x0000000671800000|  0%| F|  |TAMS 0x0000000671400000, 0x0000000671400000| Untracked 
| 454|0x0000000671800000, 0x0000000671800000, 0x0000000671c00000|  0%| F|  |TAMS 0x0000000671800000, 0x0000000671800000| Untracked 
| 455|0x0000000671c00000, 0x0000000671c00000, 0x0000000672000000|  0%| F|  |TAMS 0x0000000671c00000, 0x0000000671c00000| Untracked 
| 456|0x0000000672000000, 0x0000000672000000, 0x0000000672400000|  0%| F|  |TAMS 0x0000000672000000, 0x0000000672000000| Untracked 
| 457|0x0000000672400000, 0x0000000672400000, 0x0000000672800000|  0%| F|  |TAMS 0x0000000672400000, 0x0000000672400000| Untracked 
| 458|0x0000000672800000, 0x0000000672800000, 0x0000000672c00000|  0%| F|  |TAMS 0x0000000672800000, 0x0000000672800000| Untracked 
| 459|0x0000000672c00000, 0x0000000672c00000, 0x0000000673000000|  0%| F|  |TAMS 0x0000000672c00000, 0x0000000672c00000| Untracked 
| 460|0x0000000673000000, 0x0000000673000000, 0x0000000673400000|  0%| F|  |TAMS 0x0000000673000000, 0x0000000673000000| Untracked 
| 461|0x0000000673400000, 0x0000000673400000, 0x0000000673800000|  0%| F|  |TAMS 0x0000000673400000, 0x0000000673400000| Untracked 
| 462|0x0000000673800000, 0x0000000673800000, 0x0000000673c00000|  0%| F|  |TAMS 0x0000000673800000, 0x0000000673800000| Untracked 
| 463|0x0000000673c00000, 0x0000000673c00000, 0x0000000674000000|  0%| F|  |TAMS 0x0000000673c00000, 0x0000000673c00000| Untracked 
| 464|0x0000000674000000, 0x0000000674000000, 0x0000000674400000|  0%| F|  |TAMS 0x0000000674000000, 0x0000000674000000| Untracked 
| 465|0x0000000674400000, 0x0000000674400000, 0x0000000674800000|  0%| F|  |TAMS 0x0000000674400000, 0x0000000674400000| Untracked 
| 466|0x0000000674800000, 0x0000000674800000, 0x0000000674c00000|  0%| F|  |TAMS 0x0000000674800000, 0x0000000674800000| Untracked 
| 467|0x0000000674c00000, 0x0000000674c00000, 0x0000000675000000|  0%| F|  |TAMS 0x0000000674c00000, 0x0000000674c00000| Untracked 
| 468|0x0000000675000000, 0x0000000675000000, 0x0000000675400000|  0%| F|  |TAMS 0x0000000675000000, 0x0000000675000000| Untracked 
| 469|0x0000000675400000, 0x0000000675400000, 0x0000000675800000|  0%| F|  |TAMS 0x0000000675400000, 0x0000000675400000| Untracked 
| 470|0x0000000675800000, 0x0000000675800000, 0x0000000675c00000|  0%| F|  |TAMS 0x0000000675800000, 0x0000000675800000| Untracked 
| 471|0x0000000675c00000, 0x0000000675c00000, 0x0000000676000000|  0%| F|  |TAMS 0x0000000675c00000, 0x0000000675c00000| Untracked 
| 472|0x0000000676000000, 0x0000000676000000, 0x0000000676400000|  0%| F|  |TAMS 0x0000000676000000, 0x0000000676000000| Untracked 
| 473|0x0000000676400000, 0x0000000676400000, 0x0000000676800000|  0%| F|  |TAMS 0x0000000676400000, 0x0000000676400000| Untracked 
| 474|0x0000000676800000, 0x0000000676800000, 0x0000000676c00000|  0%| F|  |TAMS 0x0000000676800000, 0x0000000676800000| Untracked 
| 475|0x0000000676c00000, 0x0000000676c00000, 0x0000000677000000|  0%| F|  |TAMS 0x0000000676c00000, 0x0000000676c00000| Untracked 
| 476|0x0000000677000000, 0x0000000677000000, 0x0000000677400000|  0%| F|  |TAMS 0x0000000677000000, 0x0000000677000000| Untracked 
| 477|0x0000000677400000, 0x0000000677400000, 0x0000000677800000|  0%| F|  |TAMS 0x0000000677400000, 0x0000000677400000| Untracked 
| 478|0x0000000677800000, 0x0000000677800000, 0x0000000677c00000|  0%| F|  |TAMS 0x0000000677800000, 0x0000000677800000| Untracked 
| 479|0x0000000677c00000, 0x0000000677c00000, 0x0000000678000000|  0%| F|  |TAMS 0x0000000677c00000, 0x0000000677c00000| Untracked 
| 480|0x0000000678000000, 0x0000000678000000, 0x0000000678400000|  0%| F|  |TAMS 0x0000000678000000, 0x0000000678000000| Untracked 
| 481|0x0000000678400000, 0x0000000678400000, 0x0000000678800000|  0%| F|  |TAMS 0x0000000678400000, 0x0000000678400000| Untracked 
| 482|0x0000000678800000, 0x0000000678800000, 0x0000000678c00000|  0%| F|  |TAMS 0x0000000678800000, 0x0000000678800000| Untracked 
| 483|0x0000000678c00000, 0x0000000678c00000, 0x0000000679000000|  0%| F|  |TAMS 0x0000000678c00000, 0x0000000678c00000| Untracked 
| 484|0x0000000679000000, 0x0000000679000000, 0x0000000679400000|  0%| F|  |TAMS 0x0000000679000000, 0x0000000679000000| Untracked 
| 485|0x0000000679400000, 0x0000000679400000, 0x0000000679800000|  0%| F|  |TAMS 0x0000000679400000, 0x0000000679400000| Untracked 
| 486|0x0000000679800000, 0x0000000679800000, 0x0000000679c00000|  0%| F|  |TAMS 0x0000000679800000, 0x0000000679800000| Untracked 
| 487|0x0000000679c00000, 0x0000000679c00000, 0x000000067a000000|  0%| F|  |TAMS 0x0000000679c00000, 0x0000000679c00000| Untracked 
| 488|0x000000067a000000, 0x000000067a000000, 0x000000067a400000|  0%| F|  |TAMS 0x000000067a000000, 0x000000067a000000| Untracked 
| 489|0x000000067a400000, 0x000000067a400000, 0x000000067a800000|  0%| F|  |TAMS 0x000000067a400000, 0x000000067a400000| Untracked 
| 490|0x000000067a800000, 0x000000067a800000, 0x000000067ac00000|  0%| F|  |TAMS 0x000000067a800000, 0x000000067a800000| Untracked 
| 491|0x000000067ac00000, 0x000000067ac00000, 0x000000067b000000|  0%| F|  |TAMS 0x000000067ac00000, 0x000000067ac00000| Untracked 
| 492|0x000000067b000000, 0x000000067b000000, 0x000000067b400000|  0%| F|  |TAMS 0x000000067b000000, 0x000000067b000000| Untracked 
| 493|0x000000067b400000, 0x000000067b400000, 0x000000067b800000|  0%| F|  |TAMS 0x000000067b400000, 0x000000067b400000| Untracked 
| 494|0x000000067b800000, 0x000000067b800000, 0x000000067bc00000|  0%| F|  |TAMS 0x000000067b800000, 0x000000067b800000| Untracked 
| 495|0x000000067bc00000, 0x000000067bc00000, 0x000000067c000000|  0%| F|  |TAMS 0x000000067bc00000, 0x000000067bc00000| Untracked 
| 496|0x000000067c000000, 0x000000067c000000, 0x000000067c400000|  0%| F|  |TAMS 0x000000067c000000, 0x000000067c000000| Untracked 
| 497|0x000000067c400000, 0x000000067c400000, 0x000000067c800000|  0%| F|  |TAMS 0x000000067c400000, 0x000000067c400000| Untracked 
| 498|0x000000067c800000, 0x000000067c800000, 0x000000067cc00000|  0%| F|  |TAMS 0x000000067c800000, 0x000000067c800000| Untracked 
| 499|0x000000067cc00000, 0x000000067cc00000, 0x000000067d000000|  0%| F|  |TAMS 0x000000067cc00000, 0x000000067cc00000| Untracked 
| 500|0x000000067d000000, 0x000000067d000000, 0x000000067d400000|  0%| F|  |TAMS 0x000000067d000000, 0x000000067d000000| Untracked 
| 501|0x000000067d400000, 0x000000067d400000, 0x000000067d800000|  0%| F|  |TAMS 0x000000067d400000, 0x000000067d400000| Untracked 
| 502|0x000000067d800000, 0x000000067d800000, 0x000000067dc00000|  0%| F|  |TAMS 0x000000067d800000, 0x000000067d800000| Untracked 
| 503|0x000000067dc00000, 0x000000067dc00000, 0x000000067e000000|  0%| F|  |TAMS 0x000000067dc00000, 0x000000067dc00000| Untracked 
| 504|0x000000067e000000, 0x000000067e000000, 0x000000067e400000|  0%| F|  |TAMS 0x000000067e000000, 0x000000067e000000| Untracked 
| 505|0x000000067e400000, 0x000000067e400000, 0x000000067e800000|  0%| F|  |TAMS 0x000000067e400000, 0x000000067e400000| Untracked 
| 506|0x000000067e800000, 0x000000067e800000, 0x000000067ec00000|  0%| F|  |TAMS 0x000000067e800000, 0x000000067e800000| Untracked 
| 507|0x000000067ec00000, 0x000000067ec00000, 0x000000067f000000|  0%| F|  |TAMS 0x000000067ec00000, 0x000000067ec00000| Untracked 
| 508|0x000000067f000000, 0x000000067f000000, 0x000000067f400000|  0%| F|  |TAMS 0x000000067f000000, 0x000000067f000000| Untracked 
| 509|0x000000067f400000, 0x000000067f400000, 0x000000067f800000|  0%| F|  |TAMS 0x000000067f400000, 0x000000067f400000| Untracked 
| 510|0x000000067f800000, 0x000000067f800000, 0x000000067fc00000|  0%| F|  |TAMS 0x000000067f800000, 0x000000067f800000| Untracked 
| 511|0x000000067fc00000, 0x000000067fc00000, 0x0000000680000000|  0%| F|  |TAMS 0x000000067fc00000, 0x000000067fc00000| Untracked 
| 512|0x0000000680000000, 0x0000000680000000, 0x0000000680400000|  0%| F|  |TAMS 0x0000000680000000, 0x0000000680000000| Untracked 
| 513|0x0000000680400000, 0x0000000680400000, 0x0000000680800000|  0%| F|  |TAMS 0x0000000680400000, 0x0000000680400000| Untracked 
| 514|0x0000000680800000, 0x0000000680800000, 0x0000000680c00000|  0%| F|  |TAMS 0x0000000680800000, 0x0000000680800000| Untracked 
| 515|0x0000000680c00000, 0x0000000680c00000, 0x0000000681000000|  0%| F|  |TAMS 0x0000000680c00000, 0x0000000680c00000| Untracked 
| 516|0x0000000681000000, 0x0000000681000000, 0x0000000681400000|  0%| F|  |TAMS 0x0000000681000000, 0x0000000681000000| Untracked 
| 517|0x0000000681400000, 0x0000000681400000, 0x0000000681800000|  0%| F|  |TAMS 0x0000000681400000, 0x0000000681400000| Untracked 
| 518|0x0000000681800000, 0x0000000681800000, 0x0000000681c00000|  0%| F|  |TAMS 0x0000000681800000, 0x0000000681800000| Untracked 
| 519|0x0000000681c00000, 0x0000000681c00000, 0x0000000682000000|  0%| F|  |TAMS 0x0000000681c00000, 0x0000000681c00000| Untracked 
| 520|0x0000000682000000, 0x0000000682000000, 0x0000000682400000|  0%| F|  |TAMS 0x0000000682000000, 0x0000000682000000| Untracked 
| 521|0x0000000682400000, 0x0000000682400000, 0x0000000682800000|  0%| F|  |TAMS 0x0000000682400000, 0x0000000682400000| Untracked 
| 522|0x0000000682800000, 0x0000000682800000, 0x0000000682c00000|  0%| F|  |TAMS 0x0000000682800000, 0x0000000682800000| Untracked 
| 523|0x0000000682c00000, 0x0000000682c00000, 0x0000000683000000|  0%| F|  |TAMS 0x0000000682c00000, 0x0000000682c00000| Untracked 
| 524|0x0000000683000000, 0x0000000683000000, 0x0000000683400000|  0%| F|  |TAMS 0x0000000683000000, 0x0000000683000000| Untracked 
| 525|0x0000000683400000, 0x0000000683400000, 0x0000000683800000|  0%| F|  |TAMS 0x0000000683400000, 0x0000000683400000| Untracked 
| 526|0x0000000683800000, 0x0000000683800000, 0x0000000683c00000|  0%| F|  |TAMS 0x0000000683800000, 0x0000000683800000| Untracked 
| 527|0x0000000683c00000, 0x0000000683e13ed0, 0x0000000684000000| 51%| S|CS|TAMS 0x0000000683c00000, 0x0000000683c00000| Complete 
| 528|0x0000000684000000, 0x0000000684400000, 0x0000000684400000|100%| S|CS|TAMS 0x0000000684000000, 0x0000000684000000| Complete 
| 529|0x0000000684400000, 0x0000000684400000, 0x0000000684800000|  0%| F|  |TAMS 0x0000000684400000, 0x0000000684400000| Untracked 
| 530|0x0000000684800000, 0x0000000684800000, 0x0000000684c00000|  0%| F|  |TAMS 0x0000000684800000, 0x0000000684800000| Untracked 
| 531|0x0000000684c00000, 0x0000000684c00000, 0x0000000685000000|  0%| F|  |TAMS 0x0000000684c00000, 0x0000000684c00000| Untracked 
| 532|0x0000000685000000, 0x0000000685000000, 0x0000000685400000|  0%| F|  |TAMS 0x0000000685000000, 0x0000000685000000| Untracked 
| 533|0x0000000685400000, 0x0000000685400000, 0x0000000685800000|  0%| F|  |TAMS 0x0000000685400000, 0x0000000685400000| Untracked 
| 534|0x0000000685800000, 0x0000000685800000, 0x0000000685c00000|  0%| F|  |TAMS 0x0000000685800000, 0x0000000685800000| Untracked 
| 535|0x0000000685c00000, 0x0000000685c00000, 0x0000000686000000|  0%| F|  |TAMS 0x0000000685c00000, 0x0000000685c00000| Untracked 
| 536|0x0000000686000000, 0x0000000686000000, 0x0000000686400000|  0%| F|  |TAMS 0x0000000686000000, 0x0000000686000000| Untracked 
| 537|0x0000000686400000, 0x0000000686400000, 0x0000000686800000|  0%| F|  |TAMS 0x0000000686400000, 0x0000000686400000| Untracked 
| 538|0x0000000686800000, 0x0000000686800000, 0x0000000686c00000|  0%| F|  |TAMS 0x0000000686800000, 0x0000000686800000| Untracked 
| 539|0x0000000686c00000, 0x0000000686c00000, 0x0000000687000000|  0%| F|  |TAMS 0x0000000686c00000, 0x0000000686c00000| Untracked 

Card table byte_map: [0x0000019039fc0000,0x000001903afc0000] _byte_map_base: 0x0000019036fc0000

Marking Bits (Prev, Next): (CMBitMap*) 0x000001900ec59c90, (CMBitMap*) 0x000001900ec59cd0
 Prev Bits: [0x000001903bfc0000, 0x0000019043fc0000)
 Next Bits: [0x0000019043fc0000, 0x000001904bfc0000)

Polling page: 0x000001900e910000

Metaspace:

Usage:
  Non-class:    167.71 MB used.
      Class:     23.65 MB used.
       Both:    191.36 MB used.

Virtual space:
  Non-class space:      192.00 MB reserved,     169.12 MB ( 88%) committed,  3 nodes.
      Class space:        1.00 GB reserved,      25.12 MB (  2%) committed,  1 nodes.
             Both:        1.19 GB reserved,     194.25 MB ( 16%) committed. 

Chunk freelists:
   Non-Class:  2.30 MB
       Class:  2.88 MB
        Both:  5.17 MB

MaxMetaspaceSize: 4.00 GB
CompressedClassSpaceSize: 1.00 GB
Initial GC threshold: 21.00 MB
Current GC threshold: 306.19 MB
CDS: on
MetaspaceReclaimPolicy: balanced
 - commit_granule_bytes: 65536.
 - commit_granule_words: 8192.
 - virtual_space_node_default_size: 8388608.
 - enlarge_chunks_in_place: 1.
 - new_chunks_are_fully_committed: 0.
 - uncommit_free_chunks: 1.
 - use_allocation_guard: 0.


Internal statistics:

num_allocs_failed_limit: 15.
num_arena_births: 5666.
num_arena_deaths: 112.
num_vsnodes_births: 4.
num_vsnodes_deaths: 0.
num_space_committed: 3116.
num_space_uncommitted: 9.
num_chunks_returned_to_freelist: 244.
num_chunks_taken_from_freelist: 15234.
num_chunk_merges: 52.
num_chunk_splits: 9745.
num_chunks_enlarged: 6029.
num_inconsistent_stats: 0.

CodeHeap 'non-profiled nmethods': size=259264Kb used=26699Kb max_used=26761Kb free=232564Kb
 bounds [0x00000190283f0000, 0x0000019029e20000, 0x0000019038120000]
CodeHeap 'profiled nmethods': size=259264Kb used=64919Kb max_used=64919Kb free=194344Kb
 bounds [0x0000019018120000, 0x000001901c090000, 0x0000019027e50000]
CodeHeap 'non-nmethods': size=5760Kb used=2712Kb max_used=2748Kb free=3048Kb
 bounds [0x0000019027e50000, 0x0000019028110000, 0x00000190283f0000]
 total_blobs=33252 nmethods=32061 adapters=1099
 compilation: enabled
              stopped_count=0, restarted_count=0
 full_count=0

Compilation events (20 events):
Event: 4758.809 Thread 0x000001904c23c050 40800       1       com.android.tools.lint.detector.api.Implementation::getScope (5 bytes)
Event: 4758.809 Thread 0x000001904c23c050 nmethod 40800 0x0000019029e08610 code [0x0000019029e087a0, 0x0000019029e08878]
Event: 4758.832 Thread 0x000001904c230b50 40801   !   4       com.google.common.cache.LocalCache$Segment::put (439 bytes)
Event: 4758.957 Thread 0x000001904c230b50 nmethod 40801 0x0000019029e08910 code [0x0000019029e08ce0, 0x0000019029e0b778]
Event: 4758.997 Thread 0x000001904c230b50 40802       4       com.google.common.cache.AbstractCache$SimpleStatsCounter::recordLoadSuccess (20 bytes)
Event: 4759.009 Thread 0x000001904c230b50 nmethod 40802 0x0000019029e0dd90 code [0x0000019029e0dfa0, 0x0000019029e0e6b0]
Event: 4759.009 Thread 0x000001904c230b50 40803   !   4       org.gradle.cache.internal.ExclusiveCacheAccessingWorker::read (44 bytes)
Event: 4759.026 Thread 0x000001904c230b50 nmethod 40803 0x0000019029e0ee10 code [0x0000019029e0f020, 0x0000019029e0f9f0]
Event: 4759.026 Thread 0x000001904c230b50 40804       4       org.gradle.cache.internal.InMemoryDecoratedCache$$Lambda$536/0x00000008015ae958::call (12 bytes)
Event: 4759.033 Thread 0x000001904c23c050 40806       3       com.android.tools.lint.detector.api.Issue::<init> (20 bytes)
Event: 4759.033 Thread 0x000001904c23c050 nmethod 40806 0x000001901c085290 code [0x000001901c085440, 0x000001901c0855a8]
Event: 4759.033 Thread 0x000001904c23c050 40807       3       com.android.tools.lint.detector.api.Issue::<init> (20 bytes)
Event: 4759.034 Thread 0x000001904c23c050 nmethod 40807 0x000001901c085690 code [0x000001901c085840, 0x000001901c0859a8]
Event: 4759.034 Thread 0x000001904c23c050 40808       3       com.android.tools.lint.detector.api.Issue::<init> (171 bytes)
Event: 4759.034 Thread 0x000001904c23c050 nmethod 40808 0x000001901c085a90 code [0x000001901c085cc0, 0x000001901c086618]
Event: 4759.044 Thread 0x000001904c230b50 nmethod 40804 0x0000019029e0ff90 code [0x0000019029e101a0, 0x0000019029e10c90]
Event: 4759.044 Thread 0x000001904c230b50 40805       4       org.gradle.cache.internal.AsyncCacheAccessDecoratedCache::get (17 bytes)
Event: 4759.060 Thread 0x000001904c230b50 nmethod 40805 0x0000019029e11310 code [0x0000019029e11520, 0x0000019029e11ff0]
Event: 4759.221 Thread 0x000001904c230b50 40809   !   4       com.google.common.cache.LocalCache$Segment::getAndRecordStats (134 bytes)
Event: 4759.325 Thread 0x000001904c23c050 40813       3       org.gradle.internal.execution.history.impl.DefaultPreviousExecutionStateSerializer::writeFingerprints (84 bytes)

GC Heap History (20 events):
Event: 2791.381 GC heap after
{Heap after GC invocations=83 (full 1):
 garbage-first heap   total 2211840K, used 277133K [0x0000000600000000, 0x0000000800000000)
  region size 4096K, 5 young (20480K), 5 survivors (20480K)
 Metaspace       used 178770K, committed 181632K, reserved 1245184K
  class space    used 22727K, committed 24192K, reserved 1048576K
}
Event: 2808.473 GC heap before
{Heap before GC invocations=84 (full 1):
 garbage-first heap   total 1187840K, used 694925K [0x0000000600000000, 0x0000000800000000)
  region size 4096K, 84 young (344064K), 5 survivors (20480K)
 Metaspace       used 179034K, committed 181888K, reserved 1245184K
  class space    used 22736K, committed 24192K, reserved 1048576K
}
Event: 2808.604 GC heap after
{Heap after GC invocations=85 (full 1):
 garbage-first heap   total 1187840K, used 303880K [0x0000000600000000, 0x0000000800000000)
  region size 4096K, 11 young (45056K), 11 survivors (45056K)
 Metaspace       used 179034K, committed 181888K, reserved 1245184K
  class space    used 22736K, committed 24192K, reserved 1048576K
}
Event: 2808.616 GC heap before
{Heap before GC invocations=85 (full 1):
 garbage-first heap   total 1187840K, used 312072K [0x0000000600000000, 0x0000000800000000)
  region size 4096K, 14 young (57344K), 11 survivors (45056K)
 Metaspace       used 179034K, committed 181888K, reserved 1245184K
  class space    used 22736K, committed 24192K, reserved 1048576K
}
Event: 2808.648 GC heap after
{Heap after GC invocations=86 (full 1):
 garbage-first heap   total 1187840K, used 309294K [0x0000000600000000, 0x0000000800000000)
  region size 4096K, 2 young (8192K), 2 survivors (8192K)
 Metaspace       used 179034K, committed 181888K, reserved 1245184K
  class space    used 22736K, committed 24192K, reserved 1048576K
}
Event: 4722.599 GC heap before
{Heap before GC invocations=86 (full 1):
 garbage-first heap   total 1187840K, used 911406K [0x0000000600000000, 0x0000000800000000)
  region size 4096K, 150 young (614400K), 2 survivors (8192K)
 Metaspace       used 183042K, committed 185920K, reserved 1245184K
  class space    used 23160K, committed 24640K, reserved 1048576K
}
Event: 4723.465 GC heap after
{Heap after GC invocations=87 (full 1):
 garbage-first heap   total 1187840K, used 354123K [0x0000000600000000, 0x0000000800000000)
  region size 4096K, 13 young (53248K), 13 survivors (53248K)
 Metaspace       used 183042K, committed 185920K, reserved 1245184K
  class space    used 23160K, committed 24640K, reserved 1048576K
}
Event: 4723.566 GC heap before
{Heap before GC invocations=87 (full 1):
 garbage-first heap   total 1187840K, used 358219K [0x0000000600000000, 0x0000000800000000)
  region size 4096K, 14 young (57344K), 13 survivors (53248K)
 Metaspace       used 183069K, committed 185984K, reserved 1245184K
  class space    used 23160K, committed 24640K, reserved 1048576K
}
Event: 4724.049 GC heap after
{Heap after GC invocations=88 (full 1):
 garbage-first heap   total 1187840K, used 359279K [0x0000000600000000, 0x0000000800000000)
  region size 4096K, 2 young (8192K), 2 survivors (8192K)
 Metaspace       used 183069K, committed 185984K, reserved 1245184K
  class space    used 23160K, committed 24640K, reserved 1048576K
}
Event: 4728.157 GC heap before
{Heap before GC invocations=88 (full 1):
 garbage-first heap   total 1187840K, used 358769K [0x0000000600000000, 0x0000000800000000)
  region size 4096K, 14 young (57344K), 2 survivors (8192K)
 Metaspace       used 183512K, committed 186496K, reserved 1245184K
  class space    used 23161K, committed 24704K, reserved 1048576K
}
Event: 4728.304 GC heap after
{Heap after GC invocations=89 (full 1):
 garbage-first heap   total 1187840K, used 317148K [0x0000000600000000, 0x0000000800000000)
  region size 4096K, 2 young (8192K), 2 survivors (8192K)
 Metaspace       used 183512K, committed 186496K, reserved 1245184K
  class space    used 23161K, committed 24704K, reserved 1048576K
}
Event: 4734.463 GC heap before
{Heap before GC invocations=90 (full 1):
 garbage-first heap   total 1187840K, used 366300K [0x0000000600000000, 0x0000000800000000)
  region size 4096K, 14 young (57344K), 2 survivors (8192K)
 Metaspace       used 184007K, committed 186880K, reserved 1245184K
  class space    used 23212K, committed 24704K, reserved 1048576K
}
Event: 4734.538 GC heap after
{Heap after GC invocations=91 (full 1):
 garbage-first heap   total 1187840K, used 322588K [0x0000000600000000, 0x0000000800000000)
  region size 4096K, 2 young (8192K), 2 survivors (8192K)
 Metaspace       used 184007K, committed 186880K, reserved 1245184K
  class space    used 23212K, committed 24704K, reserved 1048576K
}
Event: 4742.773 GC heap before
{Heap before GC invocations=91 (full 1):
 garbage-first heap   total 1187840K, used 367644K [0x0000000600000000, 0x0000000800000000)
  region size 4096K, 14 young (57344K), 2 survivors (8192K)
 Metaspace       used 184454K, committed 187392K, reserved 1245184K
  class space    used 23244K, committed 24768K, reserved 1048576K
}
Event: 4743.117 GC heap after
{Heap after GC invocations=92 (full 1):
 garbage-first heap   total 1187840K, used 315696K [0x0000000600000000, 0x0000000800000000)
  region size 4096K, 1 young (4096K), 1 survivors (4096K)
 Metaspace       used 184454K, committed 187392K, reserved 1245184K
  class space    used 23244K, committed 24768K, reserved 1048576K
}
Event: 4749.178 GC heap before
{Heap before GC invocations=92 (full 1):
 garbage-first heap   total 1187840K, used 344368K [0x0000000600000000, 0x0000000800000000)
  region size 4096K, 10 young (40960K), 1 survivors (4096K)
 Metaspace       used 184953K, committed 187840K, reserved 1245184K
  class space    used 23269K, committed 24768K, reserved 1048576K
}
Event: 4749.405 GC heap after
{Heap after GC invocations=93 (full 1):
 garbage-first heap   total 1187840K, used 318455K [0x0000000600000000, 0x0000000800000000)
  region size 4096K, 2 young (8192K), 2 survivors (8192K)
 Metaspace       used 184953K, committed 187840K, reserved 1245184K
  class space    used 23269K, committed 24768K, reserved 1048576K
}
Event: 4758.227 GC heap before
{Heap before GC invocations=94 (full 1):
 garbage-first heap   total 1187840K, used 416759K [0x0000000600000000, 0x0000000800000000)
  region size 4096K, 27 young (110592K), 2 survivors (8192K)
 Metaspace       used 190745K, committed 193728K, reserved 1245184K
  class space    used 23665K, committed 25216K, reserved 1048576K
}
Event: 4758.269 GC heap after
{Heap after GC invocations=95 (full 1):
 garbage-first heap   total 1187840K, used 321575K [0x0000000600000000, 0x0000000800000000)
  region size 4096K, 3 young (12288K), 3 survivors (12288K)
 Metaspace       used 190745K, committed 193728K, reserved 1245184K
  class space    used 23665K, committed 25216K, reserved 1048576K
}
Event: 4760.257 GC heap before
{Heap before GC invocations=95 (full 1):
 garbage-first heap   total 1187840K, used 366631K [0x0000000600000000, 0x0000000800000000)
  region size 4096K, 14 young (57344K), 3 survivors (12288K)
 Metaspace       used 195953K, committed 198912K, reserved 1245184K
  class space    used 24214K, committed 25728K, reserved 1048576K
}

Dll operation events (17 events):
Event: 0.016 Loaded shared library C:\Program Files\Java\jdk-19\bin\java.dll
Event: 0.027 Loaded shared library C:\Program Files\Java\jdk-19\bin\jsvml.dll
Event: 0.082 Loaded shared library C:\Program Files\Java\jdk-19\bin\zip.dll
Event: 0.087 Loaded shared library C:\Program Files\Java\jdk-19\bin\instrument.dll
Event: 0.092 Loaded shared library C:\Program Files\Java\jdk-19\bin\net.dll
Event: 0.094 Loaded shared library C:\Program Files\Java\jdk-19\bin\nio.dll
Event: 0.097 Loaded shared library C:\Program Files\Java\jdk-19\bin\zip.dll
Event: 0.341 Loaded shared library C:\Program Files\Java\jdk-19\bin\jimage.dll
Event: 0.466 Loaded shared library C:\Program Files\Java\jdk-19\bin\verify.dll
Event: 0.586 Loaded shared library C:\Users\RAHUL\.gradle\native\c067742578af261105cb4f569cf0c3c89f3d7b1fecec35dd04571415982c5e48\windows-amd64\native-platform.dll
Event: 0.598 Loaded shared library C:\Users\RAHUL\.gradle\native\100fb08df4bc3b14c8652ba06237920a3bd2aa13389f12d3474272988ae205f9\windows-amd64\native-platform-file-events.dll
Event: 1.832 Loaded shared library C:\Program Files\Java\jdk-19\bin\management.dll
Event: 1.835 Loaded shared library C:\Program Files\Java\jdk-19\bin\management_ext.dll
Event: 2.060 Loaded shared library C:\Program Files\Java\jdk-19\bin\extnet.dll
Event: 2.337 Loaded shared library C:\Program Files\Java\jdk-19\bin\sunmscapi.dll
Event: 12.088 Loaded shared library C:\Users\RAHUL\AppData\Local\Temp\native-platform11921975272953700758dir\native-platform.dll
Event: 12.649 Loaded shared library C:\Program Files\Java\jdk-19\bin\rmi.dll

Deoptimization events (20 events):
Event: 4757.175 Thread 0x000001905f493d70 Uncommon trap: trap_request=0xffffff76 fr.pc=0x0000019029deb8d0 relative=0x00000000000019d0
Event: 4757.175 Thread 0x000001905f493d70 Uncommon trap: reason=predicate action=maybe_recompile pc=0x0000019029deb8d0 method=java.util.ComparableTimSort.reverseRange([Ljava/lang/Object;II)V @ 5 c2
Event: 4757.175 Thread 0x000001905f493d70 DEOPT PACKING pc=0x0000019029deb8d0 sp=0x0000002eb81fc910
Event: 4757.179 Thread 0x000001905f493d70 DEOPT UNPACKING pc=0x0000019027eb6da3 sp=0x0000002eb81fc7c0 mode 2
Event: 4757.326 Thread 0x000001905f493d70 Uncommon trap: trap_request=0xffffffc6 fr.pc=0x0000019029366058 relative=0x0000000000000dd8
Event: 4757.327 Thread 0x000001905f493d70 Uncommon trap: reason=bimorphic_or_optimized_type_check action=maybe_recompile pc=0x0000019029366058 method=com.google.common.cache.LocalCache$Segment.getLiveValue(Lcom/google/common/cache/ReferenceEntry;J)Ljava/lang/Object; @ 21 c2
Event: 4757.328 Thread 0x000001905f493d70 DEOPT PACKING pc=0x0000019029366058 sp=0x0000002eb81fde90
Event: 4757.330 Thread 0x000001905f493d70 DEOPT UNPACKING pc=0x0000019027eb6da3 sp=0x0000002eb81fdb90 mode 2
Event: 4758.050 Thread 0x0000019061056c00 Uncommon trap: trap_request=0xffffff45 fr.pc=0x0000019029dfabdc relative=0x00000000000009bc
Event: 4758.050 Thread 0x0000019061056c00 Uncommon trap: reason=unstable_if action=reinterpret pc=0x0000019029dfabdc method=org.kxml2.io.KXmlParser.pushText(IZ)V @ 11 c2
Event: 4758.050 Thread 0x0000019058ff2340 Uncommon trap: trap_request=0xffffff45 fr.pc=0x0000019029dfabdc relative=0x00000000000009bc
Event: 4758.050 Thread 0x0000019058ff2340 Uncommon trap: reason=unstable_if action=reinterpret pc=0x0000019029dfabdc method=org.kxml2.io.KXmlParser.pushText(IZ)V @ 11 c2
Event: 4758.050 Thread 0x0000019061056c00 DEOPT PACKING pc=0x0000019029dfabdc sp=0x0000002ec1efd9d0
Event: 4758.050 Thread 0x0000019058ff2340 DEOPT PACKING pc=0x0000019029dfabdc sp=0x0000002ec08fdaf0
Event: 4758.050 Thread 0x0000019058ff2340 DEOPT UNPACKING pc=0x0000019027eb6da3 sp=0x0000002ec08fdab0 mode 2
Event: 4758.051 Thread 0x0000019061056c00 DEOPT UNPACKING pc=0x0000019027eb6da3 sp=0x0000002ec1efd990 mode 2
Event: 4758.271 Thread 0x000001905ff397c0 Uncommon trap: trap_request=0xfffffff4 fr.pc=0x000001902855e754 relative=0x0000000000004494
Event: 4758.271 Thread 0x000001905ff397c0 Uncommon trap: reason=null_check action=make_not_entrant pc=0x000001902855e754 method=java.lang.invoke.MethodType.equals(Ljava/lang/Object;)Z @ 39 c2
Event: 4758.271 Thread 0x000001905ff397c0 DEOPT PACKING pc=0x000001902855e754 sp=0x0000002ec06fc410
Event: 4758.271 Thread 0x000001905ff397c0 DEOPT UNPACKING pc=0x0000019027eb6da3 sp=0x0000002ec06fc2a0 mode 2

Classes loaded (20 events):
Event: 86.117 Loading class java/lang/StackStreamFactory$StackFrameTraverser$StackFrameBuffer
Event: 86.117 Loading class java/lang/StackStreamFactory$FrameBuffer
Event: 86.118 Loading class java/lang/StackStreamFactory$FrameBuffer done
Event: 86.118 Loading class java/lang/StackStreamFactory$StackFrameTraverser$StackFrameBuffer done
Event: 86.118 Loading class java/util/logging/LogRecord
Event: 86.119 Loading class java/util/logging/LogRecord done
Event: 665.745 Loading class jdk/internal/math/FormattedFloatingDecimal$Form
Event: 665.774 Loading class jdk/internal/math/FormattedFloatingDecimal$Form done
Event: 665.780 Loading class jdk/internal/math/FormattedFloatingDecimal
Event: 665.836 Loading class jdk/internal/math/FormattedFloatingDecimal done
Event: 665.839 Loading class jdk/internal/math/FormattedFloatingDecimal$1
Event: 665.856 Loading class jdk/internal/math/FormattedFloatingDecimal$1 done
Event: 665.874 Loading class jdk/internal/math/FormattedFloatingDecimal$2
Event: 665.875 Loading class jdk/internal/math/FormattedFloatingDecimal$2 done
Event: 796.874 Loading class java/rmi/server/Unreferenced
Event: 796.884 Loading class java/rmi/server/Unreferenced done
Event: 2783.629 Loading class jdk/internal/math/FDBigInteger
Event: 2783.895 Loading class jdk/internal/math/FDBigInteger done
Event: 4759.069 Loading class java/time/format/DateTimeParseException
Event: 4759.073 Loading class java/time/format/DateTimeParseException done

Classes unloaded (20 events):
Event: 4753.159 Thread 0x000001904c1ffc40 Unloading class 0x0000000802803b18 'jdk/internal/jimage/ImageHeader'
Event: 4753.160 Thread 0x000001904c1ffc40 Unloading class 0x00000008028038f8 'jdk/internal/jimage/BasicImageReader$2'
Event: 4753.160 Thread 0x000001904c1ffc40 Unloading class 0x00000008028036d8 'jdk/internal/jimage/BasicImageReader$1'
Event: 4753.160 Thread 0x000001904c1ffc40 Unloading class 0x0000000802803480 'jdk/internal/jimage/ImageReader$Resource'
Event: 4753.160 Thread 0x000001904c1ffc40 Unloading class 0x0000000802803228 'jdk/internal/jimage/ImageReader$LinkNode'
Event: 4753.160 Thread 0x000001904c1ffc40 Unloading class 0x0000000802802fd0 'jdk/internal/jimage/ImageReader$Directory'
Event: 4753.160 Thread 0x000001904c1ffc40 Unloading class 0x0000000802802d78 'jdk/internal/jimage/ImageReader$Node'
Event: 4753.160 Thread 0x000001904c1ffc40 Unloading class 0x0000000802802b90 'jdk/internal/jimage/ImageStrings'
Event: 4753.160 Thread 0x000001904c1ffc40 Unloading class 0x00000008028028e0 'jdk/internal/jimage/ImageReader$SharedImageReader'
Event: 4753.160 Thread 0x000001904c1ffc40 Unloading class 0x0000000802802630 'jdk/internal/jimage/BasicImageReader'
Event: 4753.161 Thread 0x000001904c1ffc40 Unloading class 0x0000000802802420 'jdk/internal/jimage/ImageReader'
Event: 4753.161 Thread 0x000001904c1ffc40 Unloading class 0x0000000802802208 'jdk/internal/jrtfs/SystemImage$2'
Event: 4753.161 Thread 0x000001904c1ffc40 Unloading class 0x0000000802802000 'jdk/internal/jrtfs/SystemImage$$Lambda$4448+0x0000000802802000'
Event: 4753.161 Thread 0x000001904c1ffc40 Unloading class 0x0000000802801cd0 'jdk/internal/jrtfs/ExplodedImage'
Event: 4753.161 Thread 0x000001904c1ffc40 Unloading class 0x0000000802801aa8 'jdk/internal/jrtfs/SystemImage$1'
Event: 4753.161 Thread 0x000001904c1ffc40 Unloading class 0x00000008028018a0 'jdk/internal/jrtfs/SystemImage'
Event: 4753.161 Thread 0x000001904c1ffc40 Unloading class 0x0000000802801650 'jdk/internal/jrtfs/JrtFileStore'
Event: 4753.161 Thread 0x000001904c1ffc40 Unloading class 0x00000008028012e8 'jdk/internal/jrtfs/JrtPath'
Event: 4753.162 Thread 0x000001904c1ffc40 Unloading class 0x0000000802801000 'jdk/internal/jrtfs/JrtFileSystem'
Event: 4753.162 Thread 0x000001904c1ffc40 Unloading class 0x0000000802800c00 'jdk/internal/jrtfs/JrtFileSystemProvider'

Classes redefined (0 events):
No events

Internal exceptions (20 events):
Event: 4756.658 Thread 0x0000019060d647c0 Exception <a 'sun/nio/fs/WindowsException'{0x000000068271cfc0}> (0x000000068271cfc0) 
thrown [s\open\src\hotspot\share\prims\jni.cpp, line 517]
Event: 4756.674 Thread 0x0000019060d647c0 Exception <a 'sun/nio/fs/WindowsException'{0x000000068271de78}> (0x000000068271de78) 
thrown [s\open\src\hotspot\share\prims\jni.cpp, line 517]
Event: 4756.674 Thread 0x0000019060d647c0 Exception <a 'sun/nio/fs/WindowsException'{0x000000068271df08}> (0x000000068271df08) 
thrown [s\open\src\hotspot\share\prims\jni.cpp, line 517]
Event: 4756.675 Thread 0x0000019060d647c0 Exception <a 'sun/nio/fs/WindowsException'{0x000000068271e118}> (0x000000068271e118) 
thrown [s\open\src\hotspot\share\prims\jni.cpp, line 517]
Event: 4756.675 Thread 0x0000019060d647c0 Exception <a 'sun/nio/fs/WindowsException'{0x000000068271fd80}> (0x000000068271fd80) 
thrown [s\open\src\hotspot\share\prims\jni.cpp, line 517]
Event: 4756.675 Thread 0x0000019060d647c0 Exception <a 'sun/nio/fs/WindowsException'{0x0000000682720ce0}> (0x0000000682720ce0) 
thrown [s\open\src\hotspot\share\prims\jni.cpp, line 517]
Event: 4756.675 Thread 0x0000019060d647c0 Exception <a 'sun/nio/fs/WindowsException'{0x0000000682720ea8}> (0x0000000682720ea8) 
thrown [s\open\src\hotspot\share\prims\jni.cpp, line 517]
Event: 4756.676 Thread 0x0000019060d647c0 Exception <a 'sun/nio/fs/WindowsException'{0x0000000682741d40}> (0x0000000682741d40) 
thrown [s\open\src\hotspot\share\prims\jni.cpp, line 517]
Event: 4756.825 Thread 0x000001905f493d70 Exception <a 'sun/nio/fs/WindowsException'{0x00000006820212d0}> (0x00000006820212d0) 
thrown [s\open\src\hotspot\share\prims\jni.cpp, line 517]
Event: 4756.825 Thread 0x000001905f493d70 Exception <a 'sun/nio/fs/WindowsException'{0x0000000682022178}> (0x0000000682022178) 
thrown [s\open\src\hotspot\share\prims\jni.cpp, line 517]
Event: 4756.825 Thread 0x000001905f493d70 Exception <a 'sun/nio/fs/WindowsException'{0x0000000682022550}> (0x0000000682022550) 
thrown [s\open\src\hotspot\share\prims\jni.cpp, line 517]
Event: 4756.825 Thread 0x000001905f493d70 Exception <a 'sun/nio/fs/WindowsException'{0x0000000682022790}> (0x0000000682022790) 
thrown [s\open\src\hotspot\share\prims\jni.cpp, line 517]
Event: 4756.830 Thread 0x000001905f493d70 Exception <a 'sun/nio/fs/WindowsException'{0x0000000682026228}> (0x0000000682026228) 
thrown [s\open\src\hotspot\share\prims\jni.cpp, line 517]
Event: 4756.830 Thread 0x000001905f493d70 Exception <a 'sun/nio/fs/WindowsException'{0x00000006820262e8}> (0x00000006820262e8) 
thrown [s\open\src\hotspot\share\prims\jni.cpp, line 517]
Event: 4756.831 Thread 0x000001905f493d70 Exception <a 'sun/nio/fs/WindowsException'{0x000000068202e6e8}> (0x000000068202e6e8) 
thrown [s\open\src\hotspot\share\prims\jni.cpp, line 517]
Event: 4757.187 Thread 0x0000019058ff2340 Exception <a 'sun/nio/fs/WindowsException'{0x0000000681f83170}> (0x0000000681f83170) 
thrown [s\open\src\hotspot\share\prims\jni.cpp, line 517]
Event: 4757.188 Thread 0x0000019061056c00 Exception <a 'sun/nio/fs/WindowsException'{0x000000068199e320}> (0x000000068199e320) 
thrown [s\open\src\hotspot\share\prims\jni.cpp, line 517]
Event: 4757.472 Thread 0x000001905f493820 Exception <a 'sun/nio/fs/WindowsException'{0x00000006812b88c0}> (0x00000006812b88c0) 
thrown [s\open\src\hotspot\share\prims\jni.cpp, line 517]
Event: 4758.095 Thread 0x000001905ff397c0 Exception <a 'sun/nio/fs/WindowsException'{0x00000006423b53c8}> (0x00000006423b53c8) 
thrown [s\open\src\hotspot\share\prims\jni.cpp, line 517]
Event: 4758.270 Thread 0x000001905ff397c0 Implicit null exception at 0x000001902855a4c9 to 0x000001902855e72c

VM Operations (20 events):
Event: 4748.797 Executing VM operation: Cleanup done
Event: 4749.123 Executing VM operation: G1TryInitiateConcMark
Event: 4749.405 Executing VM operation: G1TryInitiateConcMark done
Event: 4751.406 Executing VM operation: Cleanup
Event: 4751.437 Executing VM operation: Cleanup done
Event: 4752.437 Executing VM operation: Cleanup
Event: 4752.463 Executing VM operation: Cleanup done
Event: 4753.013 Executing VM operation: G1PauseRemark
Event: 4755.499 Executing VM operation: G1PauseRemark done
Event: 4756.500 Executing VM operation: Cleanup
Event: 4756.552 Executing VM operation: Cleanup done
Event: 4757.553 Executing VM operation: Cleanup
Event: 4757.794 Executing VM operation: Cleanup done
Event: 4758.024 Executing VM operation: G1PauseCleanup
Event: 4758.027 Executing VM operation: G1PauseCleanup done
Event: 4758.226 Executing VM operation: G1CollectForAllocation
Event: 4758.270 Executing VM operation: G1CollectForAllocation done
Event: 4759.010 Executing VM operation: HandshakeAllThreads
Event: 4759.011 Executing VM operation: HandshakeAllThreads done
Event: 4759.874 Executing VM operation: G1CollectForAllocation

Events (20 events):
Event: 4752.585 Thread 0x000001904c245190 flushing nmethod 0x0000019019a4ab90
Event: 4752.585 Thread 0x000001904c245190 flushing nmethod 0x0000019019a4bc90
Event: 4752.594 Thread 0x000001904c245190 flushing nmethod 0x0000019019a6f090
Event: 4752.605 Thread 0x000001904c245190 flushing nmethod 0x0000019019aa6510
Event: 4752.610 Thread 0x000001904c245190 flushing nmethod 0x0000019019aba810
Event: 4755.750 Thread 0x000001904c245190 flushing nmethod 0x000001901a49eb10
Event: 4756.063 Thread 0x000001904c245190 flushing nmethod 0x000001901acfbe90
Event: 4756.081 Thread 0x000001904c245190 flushing nmethod 0x000001901ae55590
Event: 4756.083 Thread 0x000001904c245190 flushing nmethod 0x000001901aeb6d90
Event: 4756.203 Thread 0x000001904c245190 flushing nmethod 0x000001901b913090
Event: 4759.275 Thread 0x000001904c245190 flushing nmethod 0x000001902891be90
Event: 4759.279 Thread 0x000001904c245190 flushing nmethod 0x0000019028938690
Event: 4759.280 Thread 0x000001904c245190 flushing nmethod 0x0000019028949b90
Event: 4759.618 Thread 0x000001904c245190 flushing nmethod 0x0000019028dbb710
Event: 4759.626 Thread 0x000001904c245190 flushing nmethod 0x0000019028dd6b10
Event: 4759.724 Thread 0x000001904c245190 flushing nmethod 0x0000019028fdb410
Event: 4759.727 Thread 0x000001904c245190 flushing nmethod 0x0000019028fe9810
Event: 4759.778 Thread 0x000001904c245190 flushing nmethod 0x0000019028ffdf90
Event: 4759.851 Thread 0x000001904c245190 flushing nmethod 0x0000019029096a10
Event: 4759.861 Thread 0x000001904c245190 flushing nmethod 0x00000190290bd010


Dynamic libraries:
0x00007ff7f7b80000 - 0x00007ff7f7b90000 	C:\Program Files\Java\jdk-19\bin\java.exe
0x00007ffcc0180000 - 0x00007ffcc03e9000 	C:\WINDOWS\SYSTEM32\ntdll.dll
0x00007ffcbe640000 - 0x00007ffcbe709000 	C:\WINDOWS\System32\KERNEL32.DLL
0x00007ffcbd670000 - 0x00007ffcbda63000 	C:\WINDOWS\System32\KERNELBASE.dll
0x00007ffcbdb10000 - 0x00007ffcbdc5b000 	C:\WINDOWS\System32\ucrtbase.dll
0x00007ffc90760000 - 0x00007ffc90778000 	C:\Program Files\Java\jdk-19\bin\jli.dll
0x00007ffc906e0000 - 0x00007ffc906fb000 	C:\Program Files\Java\jdk-19\bin\VCRUNTIME140.dll
0x00007ffcbf5d0000 - 0x00007ffcbf684000 	C:\WINDOWS\System32\ADVAPI32.dll
0x00007ffcbf050000 - 0x00007ffcbf0f9000 	C:\WINDOWS\System32\msvcrt.dll
0x00007ffcbf690000 - 0x00007ffcbf736000 	C:\WINDOWS\System32\sechost.dll
0x00007ffcbe730000 - 0x00007ffcbe848000 	C:\WINDOWS\System32\RPCRT4.dll
0x00007ffcbe9f0000 - 0x00007ffcbebb4000 	C:\WINDOWS\System32\USER32.dll
0x00007ffca3960000 - 0x00007ffca3bf3000 	C:\WINDOWS\WinSxS\amd64_microsoft.windows.common-controls_6595b64144ccf1df_6.0.26100.5074_none_3e0d6f78e32fd63f\COMCTL32.dll
0x00007ffcbdf20000 - 0x00007ffcbdf47000 	C:\WINDOWS\System32\win32u.dll
0x00007ffcbebc0000 - 0x00007ffcbebeb000 	C:\WINDOWS\System32\GDI32.dll
0x00007ffcbd540000 - 0x00007ffcbd66d000 	C:\WINDOWS\System32\gdi32full.dll
0x00007ffcbd490000 - 0x00007ffcbd533000 	C:\WINDOWS\System32\msvcp_win.dll
0x00007ffcb4990000 - 0x00007ffcb499b000 	C:\WINDOWS\SYSTEM32\VERSION.dll
0x00007ffcbf430000 - 0x00007ffcbf45f000 	C:\WINDOWS\System32\IMM32.DLL
0x00007ffcb8470000 - 0x00007ffcb847c000 	C:\Program Files\Java\jdk-19\bin\vcruntime140_1.dll
0x00007ffc90650000 - 0x00007ffc906de000 	C:\Program Files\Java\jdk-19\bin\msvcp140.dll
0x00007ffc33e40000 - 0x00007ffc34b00000 	C:\Program Files\Java\jdk-19\bin\server\jvm.dll
0x00007ffc97a50000 - 0x00007ffc97a5a000 	C:\WINDOWS\SYSTEM32\WSOCK32.dll
0x00007ffcb4950000 - 0x00007ffcb4985000 	C:\WINDOWS\SYSTEM32\WINMM.dll
0x00007ffcbf360000 - 0x00007ffcbf3d4000 	C:\WINDOWS\System32\WS2_32.dll
0x00007ffcbc0f0000 - 0x00007ffcbc10b000 	C:\WINDOWS\SYSTEM32\kernel.appcore.dll
0x00007ffcb5060000 - 0x00007ffcb506a000 	C:\Program Files\Java\jdk-19\bin\jimage.dll
0x00007ffcb1170000 - 0x00007ffcb13b2000 	C:\WINDOWS\SYSTEM32\DBGHELP.DLL
0x00007ffcbebf0000 - 0x00007ffcbef6b000 	C:\WINDOWS\System32\combase.dll
0x00007ffcbef70000 - 0x00007ffcbf047000 	C:\WINDOWS\System32\OLEAUT32.dll
0x00007ffc9e6b0000 - 0x00007ffc9e6ed000 	C:\WINDOWS\SYSTEM32\dbgcore.DLL
0x00007ffcbda70000 - 0x00007ffcbdb09000 	C:\WINDOWS\System32\bcryptPrimitives.dll
0x00007ffc998a0000 - 0x00007ffc998ae000 	C:\Program Files\Java\jdk-19\bin\instrument.dll
0x00007ffc8ee00000 - 0x00007ffc8ee26000 	C:\Program Files\Java\jdk-19\bin\java.dll
0x00007ffc73fb0000 - 0x00007ffc74087000 	C:\Program Files\Java\jdk-19\bin\jsvml.dll
0x00007ffcbf750000 - 0x00007ffcbfe9d000 	C:\WINDOWS\System32\SHELL32.dll
0x00007ffcbddb0000 - 0x00007ffcbdf1c000 	C:\WINDOWS\System32\wintypes.dll
0x00007ffcbafb0000 - 0x00007ffcbb809000 	C:\WINDOWS\SYSTEM32\windows.storage.dll
0x00007ffcc0040000 - 0x00007ffcc0130000 	C:\WINDOWS\System32\SHCORE.dll
0x00007ffcbdf60000 - 0x00007ffcbdfc2000 	C:\WINDOWS\System32\shlwapi.dll
0x00007ffcbd230000 - 0x00007ffcbd259000 	C:\WINDOWS\SYSTEM32\profapi.dll
0x00007ffc8eda0000 - 0x00007ffc8edb8000 	C:\Program Files\Java\jdk-19\bin\zip.dll
0x00007ffc8ede0000 - 0x00007ffc8edf3000 	C:\Program Files\Java\jdk-19\bin\net.dll
0x00007ffcb5800000 - 0x00007ffcb591f000 	C:\WINDOWS\SYSTEM32\WINHTTP.dll
0x00007ffcbc670000 - 0x00007ffcbc6db000 	C:\WINDOWS\system32\mswsock.dll
0x00007ffc8edc0000 - 0x00007ffc8edd6000 	C:\Program Files\Java\jdk-19\bin\nio.dll
0x00007ffca89a0000 - 0x00007ffca89b0000 	C:\Program Files\Java\jdk-19\bin\verify.dll
0x00007ffc5e820000 - 0x00007ffc5e847000 	C:\Users\RAHUL\.gradle\native\c067742578af261105cb4f569cf0c3c89f3d7b1fecec35dd04571415982c5e48\windows-amd64\native-platform.dll
0x00007ffc5e450000 - 0x00007ffc5e594000 	C:\Users\RAHUL\.gradle\native\100fb08df4bc3b14c8652ba06237920a3bd2aa13389f12d3474272988ae205f9\windows-amd64\native-platform-file-events.dll
0x00007ffc9fa40000 - 0x00007ffc9fa4a000 	C:\Program Files\Java\jdk-19\bin\management.dll
0x00007ffc9f950000 - 0x00007ffc9f95b000 	C:\Program Files\Java\jdk-19\bin\management_ext.dll
0x00007ffcbf740000 - 0x00007ffcbf748000 	C:\WINDOWS\System32\PSAPI.DLL
0x00007ffcbc910000 - 0x00007ffcbc92b000 	C:\WINDOWS\SYSTEM32\CRYPTSP.dll
0x00007ffcbc050000 - 0x00007ffcbc08b000 	C:\WINDOWS\system32\rsaenh.dll
0x00007ffcbc710000 - 0x00007ffcbc73b000 	C:\WINDOWS\SYSTEM32\USERENV.dll
0x00007ffcbd200000 - 0x00007ffcbd226000 	C:\WINDOWS\SYSTEM32\bcrypt.dll
0x00007ffcbc930000 - 0x00007ffcbc93c000 	C:\WINDOWS\SYSTEM32\CRYPTBASE.dll
0x00007ffcbbb10000 - 0x00007ffcbbb44000 	C:\WINDOWS\SYSTEM32\IPHLPAPI.DLL
0x00007ffcbffb0000 - 0x00007ffcbffba000 	C:\WINDOWS\System32\NSI.dll
0x00007ffcb6100000 - 0x00007ffcb611e000 	C:\WINDOWS\SYSTEM32\dhcpcsvc6.DLL
0x00007ffcb6080000 - 0x00007ffcb60a3000 	C:\WINDOWS\SYSTEM32\dhcpcsvc.DLL
0x00007ffcbbc00000 - 0x00007ffcbbd26000 	C:\WINDOWS\SYSTEM32\DNSAPI.dll
0x00007ffc98ec0000 - 0x00007ffc98ec8000 	C:\Program Files\Java\jdk-19\bin\extnet.dll
0x00007ffc9c350000 - 0x00007ffc9c35e000 	C:\Program Files\Java\jdk-19\bin\sunmscapi.dll
0x00007ffcbd310000 - 0x00007ffcbd487000 	C:\WINDOWS\System32\CRYPT32.dll
0x00007ffcbcb30000 - 0x00007ffcbcb60000 	C:\WINDOWS\SYSTEM32\ncrypt.dll
0x00007ffcbcae0000 - 0x00007ffcbcb1f000 	C:\WINDOWS\SYSTEM32\NTASN1.dll
0x00007ffc88460000 - 0x00007ffc88468000 	C:\WINDOWS\system32\wshunix.dll
0x00007ffc97f20000 - 0x00007ffc97f38000 	C:\WINDOWS\system32\napinsp.dll
0x00007ffc97d60000 - 0x00007ffc97d72000 	C:\WINDOWS\System32\winrnr.dll
0x00007ffc97ab0000 - 0x00007ffc97ad8000 	C:\WINDOWS\system32\nlansp_c.dll
0x00007ffcb4e20000 - 0x00007ffcb4e36000 	C:\WINDOWS\system32\wshbth.dll
0x000000006ef30000 - 0x000000006ef56000 	C:\Program Files\Bonjour\mdnsNSP.dll
0x00007ffcb64a0000 - 0x00007ffcb64ab000 	C:\Windows\System32\rasadhlp.dll
0x00007ffcb24c0000 - 0x00007ffcb2546000 	C:\WINDOWS\System32\fwpuclnt.dll
0x00007ffc8b5e0000 - 0x00007ffc8b5fe000 	C:\Users\RAHUL\AppData\Local\Temp\native-platform11921975272953700758dir\native-platform.dll
0x00007ffc98f00000 - 0x00007ffc98f07000 	C:\Program Files\Java\jdk-19\bin\rmi.dll
0x00007ffcbc210000 - 0x00007ffcbc246000 	C:\WINDOWS\SYSTEM32\ntmarta.dll

dbghelp: loaded successfully - version: 4.0.5 - missing functions: none
symbol engine: initialized successfully - sym options: 0x614 - pdb path: .;C:\Program Files\Java\jdk-19\bin;C:\WINDOWS\SYSTEM32;C:\WINDOWS\WinSxS\amd64_microsoft.windows.common-controls_6595b64144ccf1df_6.0.26100.5074_none_3e0d6f78e32fd63f;C:\Program Files\Java\jdk-19\bin\server;C:\Users\RAHUL\.gradle\native\c067742578af261105cb4f569cf0c3c89f3d7b1fecec35dd04571415982c5e48\windows-amd64;C:\Users\RAHUL\.gradle\native\100fb08df4bc3b14c8652ba06237920a3bd2aa13389f12d3474272988ae205f9\windows-amd64;C:\Program Files\Bonjour;C:\Users\RAHUL\AppData\Local\Temp\native-platform11921975272953700758dir

VM Arguments:
jvm_args: -XX:MaxMetaspaceSize=4G -XX:ReservedCodeCacheSize=512m -XX:+HeapDumpOnOutOfMemoryError --add-opens=java.base/java.util=ALL-UNNAMED --add-opens=java.base/java.lang=ALL-UNNAMED --add-opens=java.base/java.lang.invoke=ALL-UNNAMED --add-opens=java.prefs/java.util.prefs=ALL-UNNAMED --add-exports=jdk.compiler/com.sun.tools.javac.api=ALL-UNNAMED --add-exports=jdk.compiler/com.sun.tools.javac.util=ALL-UNNAMED --add-opens=java.base/java.nio.charset=ALL-UNNAMED --add-opens=java.base/java.net=ALL-UNNAMED --add-opens=java.base/java.util.concurrent.atomic=ALL-UNNAMED -Xmx8G -Dfile.encoding=UTF-8 -Duser.country=IN -Duser.language=en -Duser.variant -javaagent:C:\Users\RAHUL\.gradle\wrapper\dists\gradle-8.10.2-all\7iv73wktx1xtkvlq19urqw1wm\gradle-8.10.2\lib\agents\gradle-instrumentation-agent-8.10.2.jar 
java_command: org.gradle.launcher.daemon.bootstrap.GradleDaemon 8.10.2
java_class_path (initial): C:\Users\RAHUL\.gradle\wrapper\dists\gradle-8.10.2-all\7iv73wktx1xtkvlq19urqw1wm\gradle-8.10.2\lib\gradle-daemon-main-8.10.2.jar
Launcher Type: SUN_STANDARD

[Global flags]
     intx CICompilerCount                          = 4                                         {product} {ergonomic}
     uint ConcGCThreads                            = 3                                         {product} {ergonomic}
     uint G1ConcRefinementThreads                  = 10                                        {product} {ergonomic}
   size_t G1HeapRegionSize                         = 4194304                                   {product} {ergonomic}
    uintx GCDrainStackTargetSize                   = 64                                        {product} {ergonomic}
     bool HeapDumpOnOutOfMemoryError               = true                                   {manageable} {command line}
   size_t InitialHeapSize                          = 125829120                                 {product} {ergonomic}
   size_t MarkStackSize                            = 4194304                                   {product} {ergonomic}
   size_t MaxHeapSize                              = 8589934592                                {product} {command line}
   size_t MaxMetaspaceSize                         = 4294967296                                {product} {command line}
   size_t MaxNewSize                               = 5150605312                                {product} {ergonomic}
   size_t MinHeapDeltaBytes                        = 4194304                                   {product} {ergonomic}
   size_t MinHeapSize                              = 8388608                                   {product} {ergonomic}
    uintx NonNMethodCodeHeapSize                   = 5839372                                {pd product} {ergonomic}
    uintx NonProfiledCodeHeapSize                  = 265515770                              {pd product} {ergonomic}
    uintx ProfiledCodeHeapSize                     = 265515770                              {pd product} {ergonomic}
    uintx ReservedCodeCacheSize                    = 536870912                              {pd product} {command line}
     bool SegmentedCodeCache                       = true                                      {product} {ergonomic}
   size_t SoftMaxHeapSize                          = 8589934592                             {manageable} {ergonomic}
   double SweeperThreshold                         = 0.234375                                  {product} {ergonomic}
     bool UseCompressedClassPointers               = true                           {product lp64_product} {ergonomic}
     bool UseCompressedOops                        = true                           {product lp64_product} {ergonomic}
     bool UseG1GC                                  = true                                      {product} {ergonomic}
     bool UseLargePagesIndividualAllocation        = false                                  {pd product} {ergonomic}

Logging:
Log output configuration:
 #0: stdout all=warning uptime,level,tags foldmultilines=false
 #1: stderr all=off uptime,level,tags foldmultilines=false

Environment Variables:
JAVA_HOME=C:\Program Files\Java\jdk-19
CLASSPATH=L:\flutter Projects\moodmate\moodmate\android\\gradle\wrapper\gradle-wrapper.jar
PATH=C:\Program Files\Java\jdk-19\bin;C:\Program Files\Java\jdk-19\bin;C:\Program Files\Common Files\Oracle\Java\javapath;C:\windows\system32;C:\windows;C:\windows\System32\Wbem;C:\windows\System32\WindowsPowerShell\v1.0\;C:\windows\System32\OpenSSH\;C:\Program Files (x86)\NVIDIA Corporation\PhysX\Common;C:\Program Files\NVIDIA Corporation\NVIDIA NvDLISR;C:\MinGW\bin;C:\WINDOWS\system32;C:\WINDOWS;C:\WINDOWS\System32\Wbem;C:\WINDOWS\System32\WindowsPowerShell\v1.0\;C:\WINDOWS\System32\OpenSSH\;L:\android studio\flutter\bin;C:\Users\RAHUL\AppData\Local\Pub\Cache\bin;C:\Program Files\Git\cmd;C:\Program Files (x86)\Incredibuild;C:\Program Files (x86)\Windows Kits\10\Windows Performance Toolkit\;L:\Nodejs\;C:\Users\RAHUL\AppData\Local\Programs\Eclipse Adoptium\jdk-17.0.12.7-hotspot\bin;C:\Users\RAHUL\AppData\Local\Programs\Eclipse Adoptium\jdk-17.0.16.8-hotspot\bin;C:\Users\RAHUL\AppData\Local\Programs\Python\Launcher\;C:\Users\RAHUL\AppData\Local\Microsoft\WindowsApps;C:\Users\RAHUL\AppData\Local\Programs\Microsoft VS Code\bin;C:\Users\RAHUL\AppData\Local\Microsoft\WindowsApps;C:\Users\RAHUL\AppData\Local\GitHubDesktop\bin;L:\flutter apps\new\flutter\bin;L:\android studio\flutter\bin;C:\Users\RAHUL\AppData\Roaming\npm;L:\flutter sdk\flutter\bin\mingit\cmd;L:\flutter sdk\flutter\bin\mingit\cmd
USERNAME=RAHUL
OS=Windows_NT
PROCESSOR_IDENTIFIER=AMD64 Family 25 Model 80 Stepping 0, AuthenticAMD
TMP=C:\Users\RAHUL\AppData\Local\Temp
TEMP=C:\Users\RAHUL\AppData\Local\Temp



---------------  S Y S T E M  ---------------

OS:
 Windows 11 , 64 bit Build 26100 (10.0.26100.5074)
OS uptime: 0 days 2:12 hours

CPU: total 12 (initial active 12) (12 cores per cpu, 2 threads per core) family 25 model 80 stepping 0 microcode 0xa50000d, cx8, cmov, fxsr, ht, mmx, 3dnowpref, sse, sse2, sse3, ssse3, sse4a, sse4.1, sse4.2, popcnt, lzcnt, tsc, tscinvbit, avx, avx2, aes, erms, clmul, bmi1, bmi2, adx, sha, fma, vzeroupper, clflush, clflushopt, rdtscp, rdpid, fsrm

Memory: 4k page, system-wide physical 7521M (175M free)
TotalPageFile size 31073M (AvailPageFile size 0M)
current process WorkingSet (physical memory assigned to process): 37M, peak: 1415M
current process commit charge ("private bytes"): 3915M, peak: 3917M

vm_info: Java HotSpot(TM) 64-Bit Server VM (19.0.1+10-21) for windows-amd64 JRE (19.0.1+10-21), built on 2022-09-14T12:45:06Z by "mach5one" with MS VC++ 17.1 (VS2022)

END.
