#
# There is insufficient memory for the Java Runtime Environment to continue.
# Native memory allocation (mmap) failed to map 960495616 bytes for G1 virtual space
# Possible reasons:
#   The system is out of physical RAM or swap space
#   The process is running with CompressedOops enabled, and the Java Heap may be blocking the growth of the native heap
# Possible solutions:
#   Reduce memory load on the system
#   Increase physical memory or swap space
#   Check if swap backing store is full
#   Decrease Java heap size (-Xmx/-Xms)
#   Decrease number of Java threads
#   Decrease Java thread stack sizes (-Xss)
#   Set larger code cache with -XX:ReservedCodeCacheSize=
#   JVM is running with Zero Based Compressed Oops mode in which the Java heap is
#     placed in the first 32GB address space. The Java Heap base address is the
#     maximum limit for the native heap growth. Please use -XX:HeapBaseMinAddress
#     to set the Java Heap base and to place the Java Heap above 32GB virtual address.
# This output file may be truncated or incomplete.
#
#  Out of Memory Error (os_windows.cpp:3527), pid=25096, tid=2576
#
# JRE version: Java(TM) SE Runtime Environment (19.0.1+10) (build 19.0.1+10-21)
# Java VM: Java HotSpot(TM) 64-Bit Server VM (19.0.1+10-21, mixed mode, sharing, tiered, compressed oops, compressed class ptrs, g1 gc, windows-amd64)
# No core dump will be written. Minidumps are not enabled by default on client versions of Windows
#

---------------  S U M M A R Y ------------

Command Line: -XX:MaxMetaspaceSize=4G -XX:ReservedCodeCacheSize=512m -XX:+HeapDumpOnOutOfMemoryError --add-opens=java.base/java.util=ALL-UNNAMED --add-opens=java.base/java.lang=ALL-UNNAMED --add-opens=java.base/java.lang.invoke=ALL-UNNAMED --add-opens=java.prefs/java.util.prefs=ALL-UNNAMED --add-exports=jdk.compiler/com.sun.tools.javac.api=ALL-UNNAMED --add-exports=jdk.compiler/com.sun.tools.javac.util=ALL-UNNAMED --add-opens=java.base/java.nio.charset=ALL-UNNAMED --add-opens=java.base/java.net=ALL-UNNAMED --add-opens=java.base/java.util.concurrent.atomic=ALL-UNNAMED -Xmx8G -Dfile.encoding=UTF-8 -Duser.country=IN -Duser.language=en -Duser.variant -javaagent:C:\Users\RAHUL\.gradle\wrapper\dists\gradle-8.10.2-all\7iv73wktx1xtkvlq19urqw1wm\gradle-8.10.2\lib\agents\gradle-instrumentation-agent-8.10.2.jar org.gradle.launcher.daemon.bootstrap.GradleDaemon 8.10.2

Host: AMD Ryzen 5 5600H with Radeon Graphics         , 12 cores, 7G,  Windows 11 , 64 bit Build 26100 (10.0.26100.5074)
Time: Mon Sep 15 13:00:12 2025 India Standard Time elapsed time: 159.460257 seconds (0d 0h 2m 39s)

---------------  T H R E A D  ---------------

Current thread (0x000002807dee6d70):  VMThread "VM Thread" [stack: 0x000000bce2e00000,0x000000bce2f00000] [id=2576]

Stack: [0x000000bce2e00000,0x000000bce2f00000]
Native frames: (J=compiled Java code, j=interpreted, Vv=VM code, C=native code)
V  [jvm.dll+0x6ee8fa]
V  [jvm.dll+0x857a1e]
V  [jvm.dll+0x85940e]
V  [jvm.dll+0x859ac3]
V  [jvm.dll+0x28291f]
V  [jvm.dll+0x6eb6e9]
V  [jvm.dll+0x6e028a]
V  [jvm.dll+0x357136]
V  [jvm.dll+0x35eb96]
V  [jvm.dll+0x3b555e]
V  [jvm.dll+0x3b578f]
V  [jvm.dll+0x32c6ea]
V  [jvm.dll+0x32c797]
V  [jvm.dll+0x374b52]
V  [jvm.dll+0x37328f]
V  [jvm.dll+0x32bf10]
V  [jvm.dll+0x37282b]
V  [jvm.dll+0x85ef83]
V  [jvm.dll+0x85fd49]
V  [jvm.dll+0x86027d]
V  [jvm.dll+0x86070b]
V  [jvm.dll+0x8607c7]
V  [jvm.dll+0x8015fa]
V  [jvm.dll+0x6ed5eb]
C  [ucrtbase.dll+0x37b0]
C  [KERNEL32.DLL+0x2e8d7]
C  [ntdll.dll+0x8d9c]

VM_Operation (0x000000bcf38fe510): G1CollectForAllocation, mode: safepoint, requested by thread 0x00000280285a2530


---------------  P R O C E S S  ---------------

Threads class SMR info:
_java_thread_list=0x000002805d3fedb0, length=258, elements={
0x0000028062666ba0, 0x000002807df00950, 0x000002807df03630, 0x000002807df09690,
0x000002807df06c10, 0x000002807df09140, 0x000002807df086a0, 0x000002807df25830,
0x000002807df261a0, 0x000002807df07160, 0x000002807df066c0, 0x000002807df08bf0,
0x000002807df08150, 0x000002807df076b0, 0x000002807df07c00, 0x0000028026b6c9e0,
0x0000028026b6f9b0, 0x0000028026b6ff00, 0x0000028026b6df20, 0x0000028026b709a0,
0x0000028026b6ef10, 0x0000028026b6e9c0, 0x0000028026b6cf30, 0x0000028026b6f460,
0x0000028026b70450, 0x0000028026b6e470, 0x0000028026b6d480, 0x0000028026b71440,
0x0000028026b6d9d0, 0x0000028026b72980, 0x0000028026b71990, 0x0000028026b72430,
0x0000028026b71ee0, 0x0000028026b73420, 0x0000028026b73ec0, 0x000002807df09be0,
0x000002802af5c070, 0x000002802af5a5e0, 0x000002802af5cb10, 0x000002802af5ab30,
0x000002802af5d5b0, 0x000002802af5d060, 0x000002802af5b080, 0x000002802af5b5d0,
0x000002802af5bb20, 0x000002802af60030, 0x000002802af5f590, 0x000002802af5fae0,
0x000002802af5c5c0, 0x000002802af60580, 0x000002802af60ad0, 0x000002802af61020,
0x000002802af61570, 0x000002802af5db00, 0x000002802af61ac0, 0x000002802af5e050,
0x000002802af62010, 0x000002802af5e5a0, 0x000002802af5eaf0, 0x000002802af5f040,
0x00000280261aefe0, 0x00000280261b1fb0, 0x00000280261b2500, 0x00000280261b0520,
0x00000280261affd0, 0x00000280261af530, 0x00000280261b0a70, 0x00000280261b1a60,
0x00000280261b0fc0, 0x00000280261b34f0, 0x00000280261b3a40, 0x00000280261b4f80,
0x00000280261b3f90, 0x00000280261b4a30, 0x00000280261b64c0, 0x00000280261b5a20,
0x00000280261b5f70, 0x00000280261b2a50, 0x000002802935b520, 0x000002802935ba70,
0x000002802935ea40, 0x000002802935cfb0, 0x000002802935bfc0, 0x000002802935afd0,
0x000002802935e4f0, 0x000002802935fa30, 0x000002802935ef90, 0x000002802935f4e0,
0x000002802935d500, 0x000002802935ff80, 0x00000280293604d0, 0x000002802935dfa0,
0x000002802935ca60, 0x000002802935da50, 0x00000280293624b0, 0x0000028029361a10,
0x0000028029360a20, 0x00000280293614c0, 0x0000028029361f60, 0x0000028029360f70,
0x0000028029362a00, 0x000002802931e040, 0x000002802931f030, 0x000002802931d050,
0x000002802931f580, 0x000002802931d5a0, 0x000002802931c060, 0x000002802931fad0,
0x0000028029320020, 0x000002802931daf0, 0x000002802931eae0, 0x000002802931cb00,
0x000002802931c5b0, 0x0000028029320570, 0x0000028029321560, 0x0000028029321010,
0x0000028029320ac0, 0x0000028029321ab0, 0x0000028029322000, 0x000002802931e590,
0x0000028029322550, 0x0000028029322aa0, 0x0000028029322ff0, 0x0000028029323540,
0x0000028029323a90, 0x0000028025f6daf0, 0x0000028025f6a5d0, 0x0000028025f6ab20,
0x0000028025f6b070, 0x0000028025f6c5b0, 0x0000028025f6b5c0, 0x0000028025f6a080,
0x0000028025f6eae0, 0x0000028025f6f030, 0x0000028025f6e040, 0x0000028025f6f580,
0x0000028025f6e590, 0x0000028025f6fad0, 0x0000028025f6c060, 0x0000028025f70020,
0x0000028025f70570, 0x0000028025f6d5a0, 0x0000028025f6cb00, 0x0000028025f70ac0,
0x0000028025f6d050, 0x0000028025f71010, 0x0000028025f71560, 0x0000028025f71ab0,
0x0000028024cb12b0, 0x0000028024cb27f0, 0x0000028024cb57c0, 0x0000028024cb47d0,
0x0000028024cb5d10, 0x0000028024cb4d20, 0x0000028024cb5270, 0x0000028024cb6260,
0x0000028024cb6d00, 0x0000028024cb7250, 0x0000028024cb3d30, 0x0000028024cb4280,
0x000002802ad15520, 0x000002802ad15a70, 0x000002802ad14530, 0x000002802ad14a80,
0x000002802ad14fd0, 0x000002802ad12aa0, 0x000002802ad13540, 0x000002802ad15fc0,
0x000002802ad16510, 0x000002802ad16a60, 0x000002802ad13a90, 0x000002802ad12ff0,
0x000002802ad17a50, 0x000002802ad1a4d0, 0x000002802ad184f0, 0x000002802ad18a40,
0x00000280299340e0, 0x0000028029937b50, 0x0000028029934630, 0x0000028029936b60,
0x00000280299385f0, 0x0000028029934b80, 0x00000280299395e0, 0x0000028029939b30,
0x000002802993cb00, 0x000002802993c5b0, 0x00000280299360c0, 0x0000028029936610,
0x000002802993e040, 0x000002802993c060, 0x000002802993e590, 0x000002802993eae0,
0x000002802993f030, 0x000002802993bb10, 0x0000028029942aa0, 0x0000028029942550,
0x000002802993fad0, 0x0000028029942000, 0x0000028029941560, 0x0000028029942ff0,
0x0000028029941010, 0x0000028029941ab0, 0x0000028029943540, 0x0000028029940570,
0x0000028029943a90, 0x0000028030c26120, 0x0000028030c26bc0, 0x0000028030c24690,
0x0000028030c26670, 0x0000028030c23150, 0x0000028030c2b0d0, 0x0000028030c2a0e0,
0x0000028030c29640, 0x0000028030c28650, 0x0000028030c2a630, 0x0000028030c29b90,
0x0000028030c27660, 0x0000028030c2ab80, 0x0000028030c2b620, 0x0000028030c27bb0,
0x0000028030c290f0, 0x0000028030c2e0a0, 0x0000028030c2e5f0, 0x0000028030c2cb60,
0x000002802c1cb960, 0x000002802c1cb410, 0x000002802c1d4380, 0x000002802c1d5370,
0x000002802c1d78a0, 0x000002802993d050, 0x0000028030c25bd0, 0x0000028028599b10,
0x000002802859a5b0, 0x000002802859ab00, 0x000002802859b050, 0x000002802859d580,
0x000002802859a060, 0x000002802859f010, 0x000002802859b5a0, 0x000002802859cae0,
0x000002802859d030, 0x000002802859f560, 0x000002802859dad0, 0x000002802859e020,
0x000002802859e570, 0x000002802859eac0, 0x000002802859baf0, 0x000002802859fab0,
0x000002802859c040, 0x00000280285a0ff0, 0x00000280285a1a90, 0x00000280285a1fe0,
0x00000280285a2a80, 0x00000280285a2530, 0x00000280285a2fd0, 0x00000280285a3520,
0x000002805dbb3fa0, 0x00000280285a0aa0
}
_to_delete_list=0x000002805cff6b80, length=257, elements={
0x0000028062666ba0, 0x000002807df00950, 0x000002807df03630, 0x000002807df09690,
0x000002807df06c10, 0x000002807df09140, 0x000002807df086a0, 0x000002807df25830,
0x000002807df261a0, 0x000002807df07160, 0x000002807df066c0, 0x000002807df08bf0,
0x000002807df08150, 0x000002807df076b0, 0x000002807df07c00, 0x0000028026b6c9e0,
0x0000028026b6f9b0, 0x0000028026b6ff00, 0x0000028026b6df20, 0x0000028026b709a0,
0x0000028026b6ef10, 0x0000028026b6e9c0, 0x0000028026b6cf30, 0x0000028026b6f460,
0x0000028026b70450, 0x0000028026b6e470, 0x0000028026b6d480, 0x0000028026b71440,
0x0000028026b6d9d0, 0x0000028026b72980, 0x0000028026b71990, 0x0000028026b72430,
0x0000028026b71ee0, 0x0000028026b73420, 0x0000028026b73ec0, 0x000002807df09be0,
0x000002802af5c070, 0x000002802af5a5e0, 0x000002802af5cb10, 0x000002802af5ab30,
0x000002802af5d5b0, 0x000002802af5d060, 0x000002802af5b080, 0x000002802af5b5d0,
0x000002802af5bb20, 0x000002802af60030, 0x000002802af5f590, 0x000002802af5fae0,
0x000002802af5c5c0, 0x000002802af60580, 0x000002802af60ad0, 0x000002802af61020,
0x000002802af61570, 0x000002802af5db00, 0x000002802af61ac0, 0x000002802af5e050,
0x000002802af62010, 0x000002802af5e5a0, 0x000002802af5eaf0, 0x000002802af5f040,
0x00000280261aefe0, 0x00000280261b1fb0, 0x00000280261b2500, 0x00000280261b0520,
0x00000280261affd0, 0x00000280261af530, 0x00000280261b0a70, 0x00000280261b1a60,
0x00000280261b0fc0, 0x00000280261b34f0, 0x00000280261b3a40, 0x00000280261b4f80,
0x00000280261b3f90, 0x00000280261b4a30, 0x00000280261b64c0, 0x00000280261b5a20,
0x00000280261b5f70, 0x00000280261b2a50, 0x000002802935b520, 0x000002802935ba70,
0x000002802935ea40, 0x000002802935cfb0, 0x000002802935bfc0, 0x000002802935afd0,
0x000002802935e4f0, 0x000002802935fa30, 0x000002802935ef90, 0x000002802935f4e0,
0x000002802935d500, 0x000002802935ff80, 0x00000280293604d0, 0x000002802935dfa0,
0x000002802935ca60, 0x000002802935da50, 0x00000280293624b0, 0x0000028029361a10,
0x0000028029360a20, 0x00000280293614c0, 0x0000028029361f60, 0x0000028029360f70,
0x0000028029362a00, 0x000002802931e040, 0x000002802931f030, 0x000002802931d050,
0x000002802931f580, 0x000002802931d5a0, 0x000002802931c060, 0x000002802931fad0,
0x0000028029320020, 0x000002802931daf0, 0x000002802931eae0, 0x000002802931cb00,
0x000002802931c5b0, 0x0000028029320570, 0x0000028029321560, 0x0000028029321010,
0x0000028029320ac0, 0x0000028029321ab0, 0x0000028029322000, 0x000002802931e590,
0x0000028029322550, 0x0000028029322aa0, 0x0000028029322ff0, 0x0000028029323540,
0x0000028029323a90, 0x0000028025f6daf0, 0x0000028025f6a5d0, 0x0000028025f6ab20,
0x0000028025f6b070, 0x0000028025f6c5b0, 0x0000028025f6b5c0, 0x0000028025f6a080,
0x0000028025f6eae0, 0x0000028025f6f030, 0x0000028025f6e040, 0x0000028025f6f580,
0x0000028025f6e590, 0x0000028025f6fad0, 0x0000028025f6c060, 0x0000028025f70020,
0x0000028025f70570, 0x0000028025f6d5a0, 0x0000028025f6cb00, 0x0000028025f70ac0,
0x0000028025f6d050, 0x0000028025f71010, 0x0000028025f71560, 0x0000028025f71ab0,
0x0000028024cb12b0, 0x0000028024cb27f0, 0x0000028024cb57c0, 0x0000028024cb47d0,
0x0000028024cb5d10, 0x0000028024cb4d20, 0x0000028024cb5270, 0x0000028024cb6260,
0x0000028024cb6d00, 0x0000028024cb7250, 0x0000028024cb3d30, 0x0000028024cb4280,
0x000002802ad15520, 0x000002802ad15a70, 0x000002802ad14530, 0x000002802ad14a80,
0x000002802ad14fd0, 0x000002802ad12aa0, 0x000002802ad13540, 0x000002802ad15fc0,
0x000002802ad16510, 0x000002802ad16a60, 0x000002802ad13a90, 0x000002802ad12ff0,
0x000002802ad17a50, 0x000002802ad1a4d0, 0x000002802ad184f0, 0x000002802ad18a40,
0x00000280299340e0, 0x0000028029937b50, 0x0000028029934630, 0x0000028029936b60,
0x00000280299385f0, 0x0000028029934b80, 0x00000280299395e0, 0x0000028029939b30,
0x000002802993cb00, 0x000002802993c5b0, 0x00000280299360c0, 0x0000028029936610,
0x000002802993e040, 0x000002802993c060, 0x000002802993e590, 0x000002802993eae0,
0x000002802993f030, 0x000002802993bb10, 0x0000028029942aa0, 0x0000028029942550,
0x000002802993fad0, 0x0000028029942000, 0x0000028029941560, 0x0000028029942ff0,
0x0000028029941010, 0x0000028029941ab0, 0x0000028029943540, 0x0000028029940570,
0x0000028029943a90, 0x0000028030c26120, 0x0000028030c26bc0, 0x0000028030c24690,
0x0000028030c26670, 0x0000028030c23150, 0x0000028030c2b0d0, 0x0000028030c2a0e0,
0x0000028030c29640, 0x0000028030c28650, 0x0000028030c2a630, 0x0000028030c29b90,
0x0000028030c27660, 0x0000028030c2ab80, 0x0000028030c2b620, 0x0000028030c27bb0,
0x0000028030c290f0, 0x0000028030c2e0a0, 0x0000028030c2e5f0, 0x0000028030c2cb60,
0x000002802c1cb960, 0x000002802c1cb410, 0x000002802c1d4380, 0x000002802c1d5370,
0x000002802c1d78a0, 0x000002802993d050, 0x0000028030c25bd0, 0x0000028028599b10,
0x000002802859a5b0, 0x000002802859ab00, 0x000002802859b050, 0x000002802859d580,
0x000002802859a060, 0x000002802859f010, 0x000002802859b5a0, 0x000002802859cae0,
0x000002802859d030, 0x000002802859f560, 0x000002802859dad0, 0x000002802859e020,
0x000002802859e570, 0x000002802859eac0, 0x000002802859baf0, 0x000002802859fab0,
0x000002802859c040, 0x00000280285a0ff0, 0x00000280285a1a90, 0x00000280285a1fe0,
0x00000280285a2a80, 0x00000280285a2530, 0x00000280285a2fd0, 0x00000280285a3520,
0x000002805dbb3fa0
}

Java Threads: ( => current thread )
  0x0000028062666ba0 JavaThread "main" [_thread_blocked, id=17240, stack(0x000000bce2800000,0x000000bce2900000)]
  0x000002807df00950 JavaThread "Reference Handler" daemon [_thread_blocked, id=19340, stack(0x000000bce2f00000,0x000000bce3000000)]
  0x000002807df03630 JavaThread "Finalizer" daemon [_thread_blocked, id=15336, stack(0x000000bce3000000,0x000000bce3100000)]
  0x000002807df09690 JavaThread "Signal Dispatcher" daemon [_thread_blocked, id=9736, stack(0x000000bce3100000,0x000000bce3200000)]
  0x000002807df06c10 JavaThread "Attach Listener" daemon [_thread_blocked, id=1900, stack(0x000000bce3200000,0x000000bce3300000)]
  0x000002807df09140 JavaThread "Service Thread" daemon [_thread_blocked, id=2208, stack(0x000000bce3300000,0x000000bce3400000)]
  0x000002807df086a0 JavaThread "Monitor Deflation Thread" daemon [_thread_blocked, id=27232, stack(0x000000bce3400000,0x000000bce3500000)]
  0x000002807df25830 JavaThread "C2 CompilerThread0" daemon [_thread_blocked, id=22464, stack(0x000000bce3500000,0x000000bce3600000)]
  0x000002807df261a0 JavaThread "C1 CompilerThread0" daemon [_thread_blocked, id=8340, stack(0x000000bce3600000,0x000000bce3700000)]
  0x000002807df07160 JavaThread "Sweeper thread" daemon [_thread_blocked, id=1456, stack(0x000000bce3700000,0x000000bce3800000)]
  0x000002807df066c0 JavaThread "Common-Cleaner" daemon [_thread_blocked, id=3112, stack(0x000000bce3800000,0x000000bce3900000)]
  0x000002807df08bf0 JavaThread "Notification Thread" daemon [_thread_blocked, id=23132, stack(0x000000bce3900000,0x000000bce3a00000)]
  0x000002807df08150 JavaThread "Daemon health stats" [_thread_blocked, id=12588, stack(0x000000bce4300000,0x000000bce4400000)]
  0x000002807df076b0 JavaThread "Incoming local TCP Connector on port 57281" [_thread_in_native, id=25368, stack(0x000000bce4400000,0x000000bce4500000)]
  0x000002807df07c00 JavaThread "Daemon periodic checks" [_thread_blocked, id=4788, stack(0x000000bce4500000,0x000000bce4600000)]
  0x0000028026b6c9e0 JavaThread "Daemon" [_thread_blocked, id=19956, stack(0x000000bce4600000,0x000000bce4700000)]
  0x0000028026b6f9b0 JavaThread "Handler for socket connection from /127.0.0.1:57281 to /127.0.0.1:57282" [_thread_in_native, id=16432, stack(0x000000bce4700000,0x000000bce4800000)]
  0x0000028026b6ff00 JavaThread "Cancel handler" [_thread_blocked, id=9640, stack(0x000000bce4800000,0x000000bce4900000)]
  0x0000028026b6df20 JavaThread "Daemon worker" [_thread_blocked, id=17024, stack(0x000000bce4900000,0x000000bce4a00000)]
  0x0000028026b709a0 JavaThread "Asynchronous log dispatcher for DefaultDaemonConnection: socket connection from /127.0.0.1:57281 to /127.0.0.1:57282" [_thread_blocked, id=21660, stack(0x000000bce4a00000,0x000000bce4b00000)]
  0x0000028026b6ef10 JavaThread "Stdin handler" [_thread_blocked, id=23496, stack(0x000000bce4b00000,0x000000bce4c00000)]
  0x0000028026b6e9c0 JavaThread "Daemon client event forwarder" [_thread_blocked, id=24500, stack(0x000000bce4c00000,0x000000bce4d00000)]
  0x0000028026b6cf30 JavaThread "Cache worker for journal cache (C:\Users\RAHUL\.gradle\caches\journal-1)" [_thread_blocked, id=14480, stack(0x000000bce4d00000,0x000000bce4e00000)]
  0x0000028026b6f460 JavaThread "File lock request listener" [_thread_in_native, id=15988, stack(0x000000bce4e00000,0x000000bce4f00000)]
  0x0000028026b70450 JavaThread "Cache worker for file hash cache (C:\Users\RAHUL\.gradle\caches\8.10.2\fileHashes)" [_thread_blocked, id=2968, stack(0x000000bce4f00000,0x000000bce5000000)]
  0x0000028026b6e470 JavaThread "Cache worker for file hash cache (L:\flutter Projects\moodmate\moodmate\android\.gradle\8.10.2\fileHashes)" [_thread_blocked, id=24088, stack(0x000000bce5500000,0x000000bce5600000)]
  0x0000028026b6d480 JavaThread "Cache worker for Build Output Cleanup Cache (L:\flutter Projects\moodmate\moodmate\android\.gradle\buildOutputCleanup)" [_thread_blocked, id=18292, stack(0x000000bce5600000,0x000000bce5700000)]
  0x0000028026b71440 JavaThread "File watcher server" daemon [_thread_blocked, id=2596, stack(0x000000bce5700000,0x000000bce5800000)]
  0x0000028026b6d9d0 JavaThread "File watcher consumer" daemon [_thread_blocked, id=25996, stack(0x000000bce5800000,0x000000bce5900000)]
  0x0000028026b72980 JavaThread "Cache worker for checksums cache (L:\flutter Projects\moodmate\moodmate\android\.gradle\8.10.2\checksums)" [_thread_blocked, id=1404, stack(0x000000bce5900000,0x000000bce5a00000)]
  0x0000028026b71990 JavaThread "Cache worker for file content cache (C:\Users\RAHUL\.gradle\caches\8.10.2\fileContent)" [_thread_blocked, id=21668, stack(0x000000bce5a00000,0x000000bce5b00000)]
  0x0000028026b72430 JavaThread "Cache worker for cache directory md-rule (C:\Users\RAHUL\.gradle\caches\8.10.2\md-rule)" [_thread_blocked, id=6516, stack(0x000000bce5b00000,0x000000bce5c00000)]
  0x0000028026b71ee0 JavaThread "Cache worker for cache directory md-supplier (C:\Users\RAHUL\.gradle\caches\8.10.2\md-supplier)" [_thread_blocked, id=23812, stack(0x000000bce5c00000,0x000000bce5d00000)]
  0x0000028026b73420 JavaThread "Cache worker for Build Output Cleanup Cache (L:\flutter sdk\flutter\packages\flutter_tools\gradle\.gradle\buildOutputCleanup)" [_thread_blocked, id=21680, stack(0x000000bce5d00000,0x000000bce5e00000)]
  0x0000028026b73ec0 JavaThread "Unconstrained build operations" [_thread_blocked, id=20300, stack(0x000000bce5200000,0x000000bce5300000)]
  0x000002807df09be0 JavaThread "Unconstrained build operations Thread 2" [_thread_blocked, id=27620, stack(0x000000bce5e00000,0x000000bce5f00000)]
  0x000002802af5c070 JavaThread "Unconstrained build operations Thread 3" [_thread_blocked, id=12652, stack(0x000000bce5f00000,0x000000bce6000000)]
  0x000002802af5a5e0 JavaThread "Unconstrained build operations Thread 4" [_thread_blocked, id=5308, stack(0x000000bce6000000,0x000000bce6100000)]
  0x000002802af5cb10 JavaThread "Unconstrained build operations Thread 5" [_thread_blocked, id=22344, stack(0x000000bce6100000,0x000000bce6200000)]
  0x000002802af5ab30 JavaThread "Unconstrained build operations Thread 6" [_thread_blocked, id=19972, stack(0x000000bce6200000,0x000000bce6300000)]
  0x000002802af5d5b0 JavaThread "Unconstrained build operations Thread 7" [_thread_blocked, id=7808, stack(0x000000bce6300000,0x000000bce6400000)]
  0x000002802af5d060 JavaThread "Unconstrained build operations Thread 8" [_thread_blocked, id=21304, stack(0x000000bce6400000,0x000000bce6500000)]
  0x000002802af5b080 JavaThread "Unconstrained build operations Thread 9" [_thread_blocked, id=15192, stack(0x000000bce6500000,0x000000bce6600000)]
  0x000002802af5b5d0 JavaThread "Unconstrained build operations Thread 10" [_thread_blocked, id=11852, stack(0x000000bce6600000,0x000000bce6700000)]
  0x000002802af5bb20 JavaThread "Unconstrained build operations Thread 11" [_thread_blocked, id=15528, stack(0x000000bce6700000,0x000000bce6800000)]
  0x000002802af60030 JavaThread "Unconstrained build operations Thread 12" [_thread_blocked, id=10296, stack(0x000000bce6800000,0x000000bce6900000)]
  0x000002802af5f590 JavaThread "Unconstrained build operations Thread 13" [_thread_blocked, id=21536, stack(0x000000bce6900000,0x000000bce6a00000)]
  0x000002802af5fae0 JavaThread "Unconstrained build operations Thread 14" [_thread_blocked, id=4880, stack(0x000000bce6a00000,0x000000bce6b00000)]
  0x000002802af5c5c0 JavaThread "Unconstrained build operations Thread 15" [_thread_blocked, id=16044, stack(0x000000bce6b00000,0x000000bce6c00000)]
  0x000002802af60580 JavaThread "Unconstrained build operations Thread 16" [_thread_blocked, id=5464, stack(0x000000bce6c00000,0x000000bce6d00000)]
  0x000002802af60ad0 JavaThread "Unconstrained build operations Thread 17" [_thread_blocked, id=25308, stack(0x000000bce6d00000,0x000000bce6e00000)]
  0x000002802af61020 JavaThread "Unconstrained build operations Thread 18" [_thread_blocked, id=25788, stack(0x000000bce6e00000,0x000000bce6f00000)]
  0x000002802af61570 JavaThread "Unconstrained build operations Thread 19" [_thread_blocked, id=23252, stack(0x000000bce6f00000,0x000000bce7000000)]
  0x000002802af5db00 JavaThread "Unconstrained build operations Thread 20" [_thread_blocked, id=16772, stack(0x000000bce7000000,0x000000bce7100000)]
  0x000002802af61ac0 JavaThread "Unconstrained build operations Thread 21" [_thread_blocked, id=19196, stack(0x000000bce7100000,0x000000bce7200000)]
  0x000002802af5e050 JavaThread "Unconstrained build operations Thread 22" [_thread_blocked, id=17548, stack(0x000000bce7200000,0x000000bce7300000)]
  0x000002802af62010 JavaThread "Unconstrained build operations Thread 23" [_thread_blocked, id=16180, stack(0x000000bce7300000,0x000000bce7400000)]
  0x000002802af5e5a0 JavaThread "Unconstrained build operations Thread 24" [_thread_blocked, id=10064, stack(0x000000bce7400000,0x000000bce7500000)]
  0x000002802af5eaf0 JavaThread "Unconstrained build operations Thread 25" [_thread_blocked, id=19408, stack(0x000000bce7500000,0x000000bce7600000)]
  0x000002802af5f040 JavaThread "Unconstrained build operations Thread 26" [_thread_blocked, id=20172, stack(0x000000bce7600000,0x000000bce7700000)]
  0x00000280261aefe0 JavaThread "Unconstrained build operations Thread 27" [_thread_blocked, id=26576, stack(0x000000bce7700000,0x000000bce7800000)]
  0x00000280261b1fb0 JavaThread "Unconstrained build operations Thread 28" [_thread_blocked, id=4472, stack(0x000000bce7800000,0x000000bce7900000)]
  0x00000280261b2500 JavaThread "Unconstrained build operations Thread 29" [_thread_blocked, id=17480, stack(0x000000bce7900000,0x000000bce7a00000)]
  0x00000280261b0520 JavaThread "Unconstrained build operations Thread 30" [_thread_blocked, id=22192, stack(0x000000bce7a00000,0x000000bce7b00000)]
  0x00000280261affd0 JavaThread "Unconstrained build operations Thread 31" [_thread_blocked, id=13852, stack(0x000000bce7b00000,0x000000bce7c00000)]
  0x00000280261af530 JavaThread "Unconstrained build operations Thread 32" [_thread_blocked, id=12752, stack(0x000000bce7c00000,0x000000bce7d00000)]
  0x00000280261b0a70 JavaThread "Unconstrained build operations Thread 33" [_thread_blocked, id=20352, stack(0x000000bce7d00000,0x000000bce7e00000)]
  0x00000280261b1a60 JavaThread "Memory manager" [_thread_blocked, id=7848, stack(0x000000bce7e00000,0x000000bce7f00000)]
  0x00000280261b0fc0 JavaThread "build event listener" [_thread_blocked, id=25292, stack(0x000000bce7f00000,0x000000bce8000000)]
  0x00000280261b34f0 JavaThread "included builds" [_thread_blocked, id=11640, stack(0x000000bce8000000,0x000000bce8100000)]
  0x00000280261b3a40 JavaThread "Execution worker" [_thread_blocked, id=16580, stack(0x000000bce8100000,0x000000bce8200000)]
  0x00000280261b4f80 JavaThread "Execution worker Thread 2" [_thread_blocked, id=5912, stack(0x000000bce8200000,0x000000bce8300000)]
  0x00000280261b3f90 JavaThread "Execution worker Thread 3" [_thread_blocked, id=8876, stack(0x000000bce8300000,0x000000bce8400000)]
  0x00000280261b4a30 JavaThread "Execution worker Thread 4" [_thread_blocked, id=27452, stack(0x000000bce8400000,0x000000bce8500000)]
  0x00000280261b64c0 JavaThread "Execution worker Thread 5" [_thread_blocked, id=19088, stack(0x000000bce8500000,0x000000bce8600000)]
  0x00000280261b5a20 JavaThread "Execution worker Thread 6" [_thread_blocked, id=26224, stack(0x000000bce8600000,0x000000bce8700000)]
  0x00000280261b5f70 JavaThread "Execution worker Thread 7" [_thread_blocked, id=7620, stack(0x000000bce8700000,0x000000bce8800000)]
  0x00000280261b2a50 JavaThread "Execution worker Thread 8" [_thread_blocked, id=11164, stack(0x000000bce8800000,0x000000bce8900000)]
  0x000002802935b520 JavaThread "Execution worker Thread 9" [_thread_blocked, id=17456, stack(0x000000bce8900000,0x000000bce8a00000)]
  0x000002802935ba70 JavaThread "Execution worker Thread 10" [_thread_blocked, id=16100, stack(0x000000bce8a00000,0x000000bce8b00000)]
  0x000002802935ea40 JavaThread "Execution worker Thread 11" [_thread_blocked, id=6552, stack(0x000000bce8b00000,0x000000bce8c00000)]
  0x000002802935cfb0 JavaThread "Cache worker for execution history cache (L:\flutter sdk\flutter\packages\flutter_tools\gradle\.gradle\8.10.2\executionHistory)" [_thread_blocked, id=10464, stack(0x000000bce8c00000,0x000000bce8d00000)]
  0x000002802935bfc0 JavaThread "Unconstrained build operations Thread 34" [_thread_blocked, id=19920, stack(0x000000bce8d00000,0x000000bce8e00000)]
  0x000002802935afd0 JavaThread "Unconstrained build operations Thread 35" [_thread_blocked, id=24048, stack(0x000000bce8e00000,0x000000bce8f00000)]
  0x000002802935e4f0 JavaThread "Unconstrained build operations Thread 36" [_thread_blocked, id=10300, stack(0x000000bce8f00000,0x000000bce9000000)]
  0x000002802935fa30 JavaThread "Unconstrained build operations Thread 37" [_thread_blocked, id=1560, stack(0x000000bce9000000,0x000000bce9100000)]
  0x000002802935ef90 JavaThread "Unconstrained build operations Thread 38" [_thread_blocked, id=17784, stack(0x000000bce9100000,0x000000bce9200000)]
  0x000002802935f4e0 JavaThread "Unconstrained build operations Thread 39" [_thread_blocked, id=25124, stack(0x000000bce9200000,0x000000bce9300000)]
  0x000002802935d500 JavaThread "Unconstrained build operations Thread 40" [_thread_blocked, id=14548, stack(0x000000bce9300000,0x000000bce9400000)]
  0x000002802935ff80 JavaThread "Unconstrained build operations Thread 41" [_thread_blocked, id=17660, stack(0x000000bce9400000,0x000000bce9500000)]
  0x00000280293604d0 JavaThread "Unconstrained build operations Thread 42" [_thread_blocked, id=5336, stack(0x000000bce9500000,0x000000bce9600000)]
  0x000002802935dfa0 JavaThread "Unconstrained build operations Thread 43" [_thread_blocked, id=26896, stack(0x000000bce9600000,0x000000bce9700000)]
  0x000002802935ca60 JavaThread "Unconstrained build operations Thread 44" [_thread_blocked, id=8232, stack(0x000000bce9700000,0x000000bce9800000)]
  0x000002802935da50 JavaThread "Unconstrained build operations Thread 45" [_thread_blocked, id=12512, stack(0x000000bce9800000,0x000000bce9900000)]
  0x00000280293624b0 JavaThread "Unconstrained build operations Thread 46" [_thread_blocked, id=15756, stack(0x000000bce9900000,0x000000bce9a00000)]
  0x0000028029361a10 JavaThread "Unconstrained build operations Thread 47" [_thread_blocked, id=4440, stack(0x000000bce9a00000,0x000000bce9b00000)]
  0x0000028029360a20 JavaThread "Unconstrained build operations Thread 48" [_thread_blocked, id=16460, stack(0x000000bce9b00000,0x000000bce9c00000)]
  0x00000280293614c0 JavaThread "Unconstrained build operations Thread 49" [_thread_blocked, id=25380, stack(0x000000bce9c00000,0x000000bce9d00000)]
  0x0000028029361f60 JavaThread "Unconstrained build operations Thread 50" [_thread_blocked, id=16240, stack(0x000000bce9d00000,0x000000bce9e00000)]
  0x0000028029360f70 JavaThread "Unconstrained build operations Thread 51" [_thread_blocked, id=20932, stack(0x000000bce9e00000,0x000000bce9f00000)]
  0x0000028029362a00 JavaThread "Unconstrained build operations Thread 52" [_thread_blocked, id=12840, stack(0x000000bce9f00000,0x000000bcea000000)]
  0x000002802931e040 JavaThread "Unconstrained build operations Thread 53" [_thread_blocked, id=14800, stack(0x000000bcea000000,0x000000bcea100000)]
  0x000002802931f030 JavaThread "Unconstrained build operations Thread 54" [_thread_blocked, id=14348, stack(0x000000bcea100000,0x000000bcea200000)]
  0x000002802931d050 JavaThread "Unconstrained build operations Thread 55" [_thread_blocked, id=20708, stack(0x000000bcea200000,0x000000bcea300000)]
  0x000002802931f580 JavaThread "Unconstrained build operations Thread 56" [_thread_blocked, id=19128, stack(0x000000bcea300000,0x000000bcea400000)]
  0x000002802931d5a0 JavaThread "Unconstrained build operations Thread 57" [_thread_blocked, id=13936, stack(0x000000bcea400000,0x000000bcea500000)]
  0x000002802931c060 JavaThread "Unconstrained build operations Thread 58" [_thread_blocked, id=26372, stack(0x000000bcea500000,0x000000bcea600000)]
  0x000002802931fad0 JavaThread "Unconstrained build operations Thread 59" [_thread_blocked, id=16080, stack(0x000000bcea600000,0x000000bcea700000)]
  0x0000028029320020 JavaThread "Unconstrained build operations Thread 60" [_thread_blocked, id=1276, stack(0x000000bcea700000,0x000000bcea800000)]
  0x000002802931daf0 JavaThread "Unconstrained build operations Thread 61" [_thread_blocked, id=26604, stack(0x000000bcea800000,0x000000bcea900000)]
  0x000002802931eae0 JavaThread "Unconstrained build operations Thread 62" [_thread_blocked, id=24200, stack(0x000000bcea900000,0x000000bceaa00000)]
  0x000002802931cb00 JavaThread "Unconstrained build operations Thread 63" [_thread_blocked, id=19032, stack(0x000000bceaa00000,0x000000bceab00000)]
  0x000002802931c5b0 JavaThread "Unconstrained build operations Thread 64" [_thread_blocked, id=15120, stack(0x000000bceab00000,0x000000bceac00000)]
  0x0000028029320570 JavaThread "Unconstrained build operations Thread 65" [_thread_blocked, id=5436, stack(0x000000bceac00000,0x000000bcead00000)]
  0x0000028029321560 JavaThread "Unconstrained build operations Thread 66" [_thread_blocked, id=20116, stack(0x000000bcead00000,0x000000bceae00000)]
  0x0000028029321010 JavaThread "Unconstrained build operations Thread 67" [_thread_blocked, id=24312, stack(0x000000bceae00000,0x000000bceaf00000)]
  0x0000028029320ac0 JavaThread "Unconstrained build operations Thread 68" [_thread_blocked, id=13960, stack(0x000000bceaf00000,0x000000bceb000000)]
  0x0000028029321ab0 JavaThread "Unconstrained build operations Thread 69" [_thread_blocked, id=22512, stack(0x000000bceb000000,0x000000bceb100000)]
  0x0000028029322000 JavaThread "Unconstrained build operations Thread 70" [_thread_blocked, id=20576, stack(0x000000bceb100000,0x000000bceb200000)]
  0x000002802931e590 JavaThread "Unconstrained build operations Thread 71" [_thread_blocked, id=18516, stack(0x000000bceb200000,0x000000bceb300000)]
  0x0000028029322550 JavaThread "Unconstrained build operations Thread 72" [_thread_blocked, id=15792, stack(0x000000bceb300000,0x000000bceb400000)]
  0x0000028029322aa0 JavaThread "Unconstrained build operations Thread 73" [_thread_blocked, id=12300, stack(0x000000bceb400000,0x000000bceb500000)]
  0x0000028029322ff0 JavaThread "Unconstrained build operations Thread 74" [_thread_blocked, id=21356, stack(0x000000bceb500000,0x000000bceb600000)]
  0x0000028029323540 JavaThread "Unconstrained build operations Thread 75" [_thread_blocked, id=26848, stack(0x000000bceb600000,0x000000bceb700000)]
  0x0000028029323a90 JavaThread "Unconstrained build operations Thread 76" [_thread_blocked, id=24464, stack(0x000000bceb700000,0x000000bceb800000)]
  0x0000028025f6daf0 JavaThread "Unconstrained build operations Thread 77" [_thread_blocked, id=11064, stack(0x000000bceb800000,0x000000bceb900000)]
  0x0000028025f6a5d0 JavaThread "Unconstrained build operations Thread 78" [_thread_blocked, id=16468, stack(0x000000bceb900000,0x000000bceba00000)]
  0x0000028025f6ab20 JavaThread "Unconstrained build operations Thread 79" [_thread_blocked, id=11968, stack(0x000000bceba00000,0x000000bcebb00000)]
  0x0000028025f6b070 JavaThread "Unconstrained build operations Thread 80" [_thread_blocked, id=24324, stack(0x000000bcebb00000,0x000000bcebc00000)]
  0x0000028025f6c5b0 JavaThread "Unconstrained build operations Thread 81" [_thread_blocked, id=18272, stack(0x000000bcebc00000,0x000000bcebd00000)]
  0x0000028025f6b5c0 JavaThread "Unconstrained build operations Thread 82" [_thread_blocked, id=24524, stack(0x000000bcebd00000,0x000000bcebe00000)]
  0x0000028025f6a080 JavaThread "Unconstrained build operations Thread 83" [_thread_blocked, id=10560, stack(0x000000bcebe00000,0x000000bcebf00000)]
  0x0000028025f6eae0 JavaThread "Unconstrained build operations Thread 84" [_thread_blocked, id=22560, stack(0x000000bcebf00000,0x000000bcec000000)]
  0x0000028025f6f030 JavaThread "Unconstrained build operations Thread 85" [_thread_blocked, id=2052, stack(0x000000bcec000000,0x000000bcec100000)]
  0x0000028025f6e040 JavaThread "Unconstrained build operations Thread 86" [_thread_blocked, id=23080, stack(0x000000bcec100000,0x000000bcec200000)]
  0x0000028025f6f580 JavaThread "Unconstrained build operations Thread 87" [_thread_blocked, id=7304, stack(0x000000bcec200000,0x000000bcec300000)]
  0x0000028025f6e590 JavaThread "Unconstrained build operations Thread 88" [_thread_blocked, id=16840, stack(0x000000bcec300000,0x000000bcec400000)]
  0x0000028025f6fad0 JavaThread "Unconstrained build operations Thread 89" [_thread_blocked, id=8468, stack(0x000000bcec400000,0x000000bcec500000)]
  0x0000028025f6c060 JavaThread "Unconstrained build operations Thread 90" [_thread_blocked, id=14168, stack(0x000000bcec500000,0x000000bcec600000)]
  0x0000028025f70020 JavaThread "Unconstrained build operations Thread 91" [_thread_blocked, id=14604, stack(0x000000bcec600000,0x000000bcec700000)]
  0x0000028025f70570 JavaThread "Unconstrained build operations Thread 92" [_thread_blocked, id=22884, stack(0x000000bcec700000,0x000000bcec800000)]
  0x0000028025f6d5a0 JavaThread "Unconstrained build operations Thread 93" [_thread_blocked, id=20816, stack(0x000000bcec800000,0x000000bcec900000)]
  0x0000028025f6cb00 JavaThread "Unconstrained build operations Thread 94" [_thread_blocked, id=21576, stack(0x000000bcec900000,0x000000bceca00000)]
  0x0000028025f70ac0 JavaThread "Unconstrained build operations Thread 95" [_thread_blocked, id=3216, stack(0x000000bceca00000,0x000000bcecb00000)]
  0x0000028025f6d050 JavaThread "Unconstrained build operations Thread 96" [_thread_blocked, id=4912, stack(0x000000bcecb00000,0x000000bcecc00000)]
  0x0000028025f71010 JavaThread "Unconstrained build operations Thread 97" [_thread_blocked, id=13044, stack(0x000000bcecc00000,0x000000bcecd00000)]
  0x0000028025f71560 JavaThread "Unconstrained build operations Thread 98" [_thread_blocked, id=20544, stack(0x000000bcecd00000,0x000000bcece00000)]
  0x0000028025f71ab0 JavaThread "Unconstrained build operations Thread 99" [_thread_blocked, id=16872, stack(0x000000bcece00000,0x000000bcecf00000)]
  0x0000028024cb12b0 JavaThread "build event listener" [_thread_blocked, id=24352, stack(0x000000bcecf00000,0x000000bced000000)]
  0x0000028024cb27f0 JavaThread "jar transforms" [_thread_blocked, id=24520, stack(0x000000bce3b00000,0x000000bce3c00000)]
  0x0000028024cb57c0 JavaThread "Unconstrained build operations Thread 100" [_thread_blocked, id=26320, stack(0x000000bced100000,0x000000bced200000)]
  0x0000028024cb47d0 JavaThread "Unconstrained build operations Thread 101" [_thread_blocked, id=27488, stack(0x000000bced200000,0x000000bced300000)]
  0x0000028024cb5d10 JavaThread "Unconstrained build operations Thread 102" [_thread_blocked, id=23048, stack(0x000000bced300000,0x000000bced400000)]
  0x0000028024cb4d20 JavaThread "Unconstrained build operations Thread 103" [_thread_blocked, id=25436, stack(0x000000bced400000,0x000000bced500000)]
  0x0000028024cb5270 JavaThread "Unconstrained build operations Thread 104" [_thread_blocked, id=10616, stack(0x000000bced500000,0x000000bced600000)]
  0x0000028024cb6260 JavaThread "Unconstrained build operations Thread 105" [_thread_blocked, id=7492, stack(0x000000bced600000,0x000000bced700000)]
  0x0000028024cb6d00 JavaThread "Unconstrained build operations Thread 106" [_thread_blocked, id=8244, stack(0x000000bced700000,0x000000bced800000)]
  0x0000028024cb7250 JavaThread "Unconstrained build operations Thread 107" [_thread_blocked, id=7696, stack(0x000000bced800000,0x000000bced900000)]
  0x0000028024cb3d30 JavaThread "Unconstrained build operations Thread 108" [_thread_blocked, id=3372, stack(0x000000bced900000,0x000000bceda00000)]
  0x0000028024cb4280 JavaThread "Unconstrained build operations Thread 109" [_thread_blocked, id=1728, stack(0x000000bceda00000,0x000000bcedb00000)]
  0x000002802ad15520 JavaThread "Unconstrained build operations Thread 110" [_thread_blocked, id=17076, stack(0x000000bcedb00000,0x000000bcedc00000)]
  0x000002802ad15a70 JavaThread "Unconstrained build operations Thread 111" [_thread_blocked, id=17732, stack(0x000000bcedc00000,0x000000bcedd00000)]
  0x000002802ad14530 JavaThread "Unconstrained build operations Thread 112" [_thread_blocked, id=23656, stack(0x000000bcedd00000,0x000000bcede00000)]
  0x000002802ad14a80 JavaThread "Unconstrained build operations Thread 113" [_thread_blocked, id=10564, stack(0x000000bcede00000,0x000000bcedf00000)]
  0x000002802ad14fd0 JavaThread "Unconstrained build operations Thread 114" [_thread_blocked, id=10416, stack(0x000000bcedf00000,0x000000bcee000000)]
  0x000002802ad12aa0 JavaThread "Unconstrained build operations Thread 115" [_thread_blocked, id=24740, stack(0x000000bcee000000,0x000000bcee100000)]
  0x000002802ad13540 JavaThread "Unconstrained build operations Thread 116" [_thread_blocked, id=13376, stack(0x000000bcee100000,0x000000bcee200000)]
  0x000002802ad15fc0 JavaThread "Unconstrained build operations Thread 117" [_thread_blocked, id=8560, stack(0x000000bcee200000,0x000000bcee300000)]
  0x000002802ad16510 JavaThread "Unconstrained build operations Thread 118" [_thread_blocked, id=16276, stack(0x000000bcee300000,0x000000bcee400000)]
  0x000002802ad16a60 JavaThread "Unconstrained build operations Thread 119" [_thread_blocked, id=23692, stack(0x000000bcee400000,0x000000bcee500000)]
  0x000002802ad13a90 JavaThread "Unconstrained build operations Thread 120" [_thread_blocked, id=26060, stack(0x000000bcee500000,0x000000bcee600000)]
  0x000002802ad12ff0 JavaThread "jar transforms Thread 2" [_thread_blocked, id=9876, stack(0x000000bcee700000,0x000000bcee800000)]
  0x000002802ad17a50 JavaThread "jar transforms Thread 3" [_thread_blocked, id=26212, stack(0x000000bcee800000,0x000000bcee900000)]
  0x000002802ad1a4d0 JavaThread "jar transforms Thread 4" [_thread_blocked, id=16092, stack(0x000000bcee900000,0x000000bceea00000)]
  0x000002802ad184f0 JavaThread "jar transforms Thread 5" [_thread_blocked, id=27592, stack(0x000000bceea00000,0x000000bceeb00000)]
  0x000002802ad18a40 JavaThread "jar transforms Thread 6" [_thread_blocked, id=1956, stack(0x000000bceeb00000,0x000000bceec00000)]
  0x00000280299340e0 JavaThread "pool-3-thread-1" [_thread_blocked, id=2160, stack(0x000000bceec00000,0x000000bceed00000)]
  0x0000028029937b50 JavaThread "build event listener" [_thread_blocked, id=20308, stack(0x000000bceed00000,0x000000bceee00000)]
  0x0000028029934630 JavaThread "Cache worker for execution history cache (L:\flutter Projects\moodmate\moodmate\android\.gradle\8.10.2\executionHistory)" [_thread_blocked, id=9584, stack(0x000000bceee00000,0x000000bceef00000)]
  0x0000028029936b60 JavaThread "Exec process" [_thread_blocked, id=11608, stack(0x000000bced000000,0x000000bced100000)]
  0x00000280299385f0 JavaThread "Exec process Thread 2" [_thread_blocked, id=11508, stack(0x000000bcee600000,0x000000bcee700000)]
  0x0000028029934b80 JavaThread "Exec process Thread 3" [_thread_blocked, id=11688, stack(0x000000bceef00000,0x000000bcef000000)]
  0x00000280299395e0 JavaThread "WorkerExecutor Queue Thread 5" [_thread_blocked, id=8328, stack(0x000000bcef700000,0x000000bcef800000)]
  0x0000028029939b30 JavaThread "WorkerExecutor Queue Thread 6" [_thread_blocked, id=1568, stack(0x000000bcef800000,0x000000bcef900000)]
  0x000002802993cb00 JavaThread "WorkerExecutor Queue Thread 12" [_thread_blocked, id=18248, stack(0x000000bcefe00000,0x000000bceff00000)]
  0x000002802993c5b0 JavaThread "WorkerExecutor Queue Thread 13" [_thread_blocked, id=19780, stack(0x000000bceff00000,0x000000bcf0000000)]
  0x00000280299360c0 JavaThread "WorkerExecutor Queue Thread 14" [_thread_blocked, id=17940, stack(0x000000bcef600000,0x000000bcef700000)]
  0x0000028029936610 JavaThread "WorkerExecutor Queue Thread 15" [_thread_blocked, id=9188, stack(0x000000bcef900000,0x000000bcefa00000)]
  0x000002802993e040 JavaThread "pool-4-thread-1" [_thread_blocked, id=2768, stack(0x000000bce2500000,0x000000bce2600000)]
  0x000002802993c060 JavaThread "stderr" [_thread_in_native, id=14056, stack(0x000000bce2700000,0x000000bce2800000)]
  0x000002802993e590 JavaThread "stdout" [_thread_in_native, id=11576, stack(0x000000bcf0000000,0x000000bcf0100000)]
  0x000002802993eae0 JavaThread "stderr" [_thread_in_native, id=5460, stack(0x000000bcf0100000,0x000000bcf0200000)]
  0x000002802993f030 JavaThread "stdout" [_thread_in_native, id=24128, stack(0x000000bcf0200000,0x000000bcf0300000)]
  0x000002802993bb10 JavaThread "stderr" [_thread_in_native, id=13416, stack(0x000000bcf0300000,0x000000bcf0400000)]
  0x0000028029942aa0 JavaThread "stdout" [_thread_in_native, id=19252, stack(0x000000bcf0400000,0x000000bcf0500000)]
  0x0000028029942550 JavaThread "stderr" [_thread_in_native, id=17036, stack(0x000000bcf0500000,0x000000bcf0600000)]
  0x000002802993fad0 JavaThread "stdout" [_thread_in_native, id=5136, stack(0x000000bcf0600000,0x000000bcf0700000)]
  0x0000028029942000 JavaThread "stderr" [_thread_in_native, id=1844, stack(0x000000bcf0700000,0x000000bcf0800000)]
  0x0000028029941560 JavaThread "stdout" [_thread_in_native, id=2688, stack(0x000000bcf0800000,0x000000bcf0900000)]
  0x0000028029942ff0 JavaThread "stderr" [_thread_in_native, id=2636, stack(0x000000bcf0900000,0x000000bcf0a00000)]
  0x0000028029941010 JavaThread "stdout" [_thread_in_native, id=9652, stack(0x000000bcf0a00000,0x000000bcf0b00000)]
  0x0000028029941ab0 JavaThread "stderr" [_thread_in_native, id=3368, stack(0x000000bcf0b00000,0x000000bcf0c00000)]
  0x0000028029943540 JavaThread "stdout" [_thread_in_native, id=18788, stack(0x000000bcf0c00000,0x000000bcf0d00000)]
  0x0000028029940570 JavaThread "stderr" [_thread_in_native, id=20568, stack(0x000000bcf0d00000,0x000000bcf0e00000)]
  0x0000028029943a90 JavaThread "stdout" [_thread_in_native, id=22932, stack(0x000000bcf0e00000,0x000000bcf0f00000)]
  0x0000028030c26120 JavaThread "Cache worker for Java compile cache (C:\Users\RAHUL\.gradle\caches\8.10.2\javaCompile)" [_thread_blocked, id=15924, stack(0x000000bcefb00000,0x000000bcefc00000)]
  0x0000028030c26bc0 JavaThread "RMI Scheduler(0)" daemon [_thread_blocked, id=6648, stack(0x000000bcf0f00000,0x000000bcf1000000)]
  0x0000028030c24690 JavaThread "RMI GC Daemon" daemon [_thread_blocked, id=3440, stack(0x000000bcf1100000,0x000000bcf1200000)]
  0x0000028030c26670 JavaThread "RMI TCP Accept-0" daemon [_thread_in_native, id=9788, stack(0x000000bcf1200000,0x000000bcf1300000)]
  0x0000028030c23150 JavaThread "RMI Reaper" [_thread_blocked, id=8600, stack(0x000000bcf1300000,0x000000bcf1400000)]
  0x0000028030c2b0d0 JavaThread "Build operations" [_thread_blocked, id=6476, stack(0x000000bcf1500000,0x000000bcf1600000)]
  0x0000028030c2a0e0 JavaThread "Build operations Thread 2" [_thread_blocked, id=3376, stack(0x000000bcf1600000,0x000000bcf1700000)]
  0x0000028030c29640 JavaThread "Build operations Thread 3" [_thread_blocked, id=14556, stack(0x000000bcf1700000,0x000000bcf1800000)]
  0x0000028030c28650 JavaThread "Build operations Thread 4" [_thread_blocked, id=23684, stack(0x000000bcf1800000,0x000000bcf1900000)]
  0x0000028030c2a630 JavaThread "Build operations Thread 5" [_thread_blocked, id=10404, stack(0x000000bcf1900000,0x000000bcf1a00000)]
  0x0000028030c29b90 JavaThread "Build operations Thread 6" [_thread_blocked, id=7796, stack(0x000000bcf1a00000,0x000000bcf1b00000)]
  0x0000028030c27660 JavaThread "Build operations Thread 7" [_thread_blocked, id=7276, stack(0x000000bcf1b00000,0x000000bcf1c00000)]
  0x0000028030c2ab80 JavaThread "Build operations Thread 8" [_thread_blocked, id=4336, stack(0x000000bcf1c00000,0x000000bcf1d00000)]
  0x0000028030c2b620 JavaThread "Build operations Thread 9" [_thread_blocked, id=7560, stack(0x000000bcf1d00000,0x000000bcf1e00000)]
  0x0000028030c27bb0 JavaThread "Build operations Thread 10" [_thread_blocked, id=26980, stack(0x000000bcf1e00000,0x000000bcf1f00000)]
  0x0000028030c290f0 JavaThread "Build operations Thread 11" [_thread_blocked, id=17888, stack(0x000000bcf1f00000,0x000000bcf2000000)]
  0x0000028030c2e0a0 JavaThread "Build operations Thread 12" [_thread_blocked, id=15928, stack(0x000000bcf2000000,0x000000bcf2100000)]
  0x0000028030c2e5f0 JavaThread "WorkerExecutor Queue Thread 16" [_thread_blocked, id=22824, stack(0x000000bcef400000,0x000000bcef500000)]
  0x0000028030c2cb60 JavaThread "RMI TCP Connection(idle)" daemon [_thread_blocked, id=18080, stack(0x000000bcf2100000,0x000000bcf2200000)]
  0x000002802c1cb960 JavaThread "Java2D Disposer" daemon [_thread_blocked, id=14496, stack(0x000000bcf1000000,0x000000bcf1100000)]
  0x000002802c1cb410 JavaThread "AWT-Windows" daemon [_thread_in_native, id=25236, stack(0x000000bcf2300000,0x000000bcf2400000)]
  0x000002802c1d4380 JavaThread "Periodic tasks thread" daemon [_thread_blocked, id=13340, stack(0x000000bcf2700000,0x000000bcf2800000)]
  0x000002802c1d5370 JavaThread "ApplicationImpl pooled thread 1" [_thread_blocked, id=5128, stack(0x000000bcf2800000,0x000000bcf2900000)]
  0x000002802c1d78a0 JavaThread "WorkerExecutor Queue Thread 17" [_thread_blocked, id=20564, stack(0x000000bcf2900000,0x000000bcf2a00000)]
  0x000002802993d050 JavaThread "Periodic tasks thread" daemon [_thread_blocked, id=23224, stack(0x000000bcefc00000,0x000000bcefd00000)]
  0x0000028030c25bd0 JavaThread "ApplicationImpl pooled thread 1" [_thread_blocked, id=11300, stack(0x000000bcf2a00000,0x000000bcf2b00000)]
  0x0000028028599b10 JavaThread "WorkerExecutor Queue Thread 18" [_thread_blocked, id=23484, stack(0x000000bcef200000,0x000000bcef300000)]
  0x000002802859a5b0 JavaThread "WorkerExecutor Queue Thread 19" [_thread_blocked, id=27268, stack(0x000000bce2600000,0x000000bce2700000)]
  0x000002802859ab00 JavaThread "WorkerExecutor Queue Thread 20" [_thread_blocked, id=13928, stack(0x000000bcef500000,0x000000bcef600000)]
  0x000002802859b050 JavaThread "WorkerExecutor Queue Thread 21" [_thread_blocked, id=20144, stack(0x000000bcefa00000,0x000000bcefb00000)]
  0x000002802859d580 JavaThread "Exec process Thread 4" [_thread_blocked, id=24636, stack(0x000000bcefd00000,0x000000bcefe00000)]
  0x000002802859a060 JavaThread "Exec process Thread 5" [_thread_blocked, id=24084, stack(0x000000bcf2600000,0x000000bcf2700000)]
  0x000002802859f010 JavaThread "Exec process Thread 6" [_thread_blocked, id=11680, stack(0x000000bcf2b00000,0x000000bcf2c00000)]
  0x000002802859b5a0 JavaThread "Exec process Thread 7" [_thread_blocked, id=11904, stack(0x000000bcf2c00000,0x000000bcf2d00000)]
  0x000002802859cae0 JavaThread "Exec process Thread 8" [_thread_blocked, id=25628, stack(0x000000bcf2d00000,0x000000bcf2e00000)]
  0x000002802859d030 JavaThread "Exec process Thread 9" [_thread_blocked, id=16004, stack(0x000000bcf2e00000,0x000000bcf2f00000)]
  0x000002802859f560 JavaThread "Exec process Thread 10" [_thread_blocked, id=5800, stack(0x000000bcf2f00000,0x000000bcf3000000)]
  0x000002802859dad0 JavaThread "Exec process Thread 11" [_thread_blocked, id=3920, stack(0x000000bcf3000000,0x000000bcf3100000)]
  0x000002802859e020 JavaThread "Exec process Thread 12" [_thread_blocked, id=16484, stack(0x000000bcf3100000,0x000000bcf3200000)]
  0x000002802859e570 JavaThread "Exec process Thread 13" [_thread_blocked, id=7436, stack(0x000000bcf3200000,0x000000bcf3300000)]
  0x000002802859eac0 JavaThread "Exec process Thread 14" [_thread_blocked, id=10496, stack(0x000000bcf3300000,0x000000bcf3400000)]
  0x000002802859baf0 JavaThread "Exec process Thread 15" [_thread_blocked, id=13180, stack(0x000000bcf3400000,0x000000bcf3500000)]
  0x000002802859fab0 JavaThread "Exec process Thread 16" [_thread_blocked, id=23164, stack(0x000000bcf3500000,0x000000bcf3600000)]
  0x000002802859c040 JavaThread "Exec process Thread 17" [_thread_blocked, id=23124, stack(0x000000bcf3600000,0x000000bcf3700000)]
  0x00000280285a0ff0 JavaThread "Exec process Thread 18" [_thread_blocked, id=11324, stack(0x000000bcf3700000,0x000000bcf3800000)]
  0x00000280285a1a90 JavaThread "ForkJoinPool-1-worker-1" daemon [_thread_blocked, id=20304, stack(0x000000bcef000000,0x000000bcef100000)]
  0x00000280285a1fe0 JavaThread "ForkJoinPool-1-worker-2" daemon [_thread_blocked, id=15404, stack(0x000000bcef100000,0x000000bcef200000)]
  0x00000280285a2a80 JavaThread "ForkJoinPool-1-worker-3" daemon [_thread_blocked, id=22924, stack(0x000000bcef300000,0x000000bcef400000)]
  0x00000280285a2530 JavaThread "ForkJoinPool-1-worker-4" daemon [_thread_blocked, id=17128, stack(0x000000bcf3800000,0x000000bcf3900000)]
  0x00000280285a2fd0 JavaThread "ForkJoinPool-1-worker-5" daemon [_thread_blocked, id=25464, stack(0x000000bcf3900000,0x000000bcf3a00000)]
  0x00000280285a3520 JavaThread "ForkJoinPool-1-worker-6" daemon [_thread_blocked, id=12516, stack(0x000000bcf3a00000,0x000000bcf3b00000)]
  0x000002805dbb3fa0 JavaThread "C2 CompilerThread1" daemon [_thread_blocked, id=3496, stack(0x000000bcf1400000,0x000000bcf1500000)]
  0x00000280285a0aa0 JavaThread "WorkerExecutor Queue Thread 22" [_thread_blocked, id=26296, stack(0x000000bcf3d00000,0x000000bcf3e00000)]

Other Threads:
=>0x000002807dee6d70 VMThread "VM Thread" [stack: 0x000000bce2e00000,0x000000bce2f00000] [id=2576]
  0x0000028062667730 WatcherThread "VM Periodic Task Thread" [stack: 0x000000bce3a00000,0x000000bce3b00000] [id=21464]
  0x0000028062718d00 WorkerThread "GC Thread#0" [stack: 0x000000bce2900000,0x000000bce2a00000] [id=27440]
  0x0000028024ff8c30 WorkerThread "GC Thread#1" [stack: 0x000000bce3c00000,0x000000bce3d00000] [id=19548]
  0x000002802520b270 WorkerThread "GC Thread#2" [stack: 0x000000bce3d00000,0x000000bce3e00000] [id=3172]
  0x000002802520c8f0 WorkerThread "GC Thread#3" [stack: 0x000000bce3e00000,0x000000bce3f00000] [id=17656]
  0x000002802520b810 WorkerThread "GC Thread#4" [stack: 0x000000bce3f00000,0x000000bce4000000] [id=20896]
  0x000002802520afa0 WorkerThread "GC Thread#5" [stack: 0x000000bce4000000,0x000000bce4100000] [id=15604]
  0x00000280269855e0 WorkerThread "GC Thread#6" [stack: 0x000000bce4100000,0x000000bce4200000] [id=20004]
  0x0000028026985310 WorkerThread "GC Thread#7" [stack: 0x000000bce4200000,0x000000bce4300000] [id=18616]
  0x0000028026982340 WorkerThread "GC Thread#8" [stack: 0x000000bce5000000,0x000000bce5100000] [id=9104]
  0x0000028026983c90 WorkerThread "GC Thread#9" [stack: 0x000000bce5100000,0x000000bce5200000] [id=17244]
  0x000002806271e920 ConcurrentGCThread "G1 Main Marker" [stack: 0x000000bce2a00000,0x000000bce2b00000] [id=18104]
  0x000002807dd3ecf0 WorkerThread "G1 Conc#0" [stack: 0x000000bce2b00000,0x000000bce2c00000] [id=2164]
  0x0000028026983420 WorkerThread "G1 Conc#1" [stack: 0x000000bce5300000,0x000000bce5400000] [id=23520]
  0x00000280269836f0 WorkerThread "G1 Conc#2" [stack: 0x000000bce5400000,0x000000bce5500000] [id=5376]
  0x000002807dd9fdd0 ConcurrentGCThread "G1 Refine#0" [stack: 0x000000bce2c00000,0x000000bce2d00000] [id=15724]
  0x0000028031474dd0 ConcurrentGCThread "G1 Refine#1" [stack: 0x000000bcf3b00000,0x000000bcf3c00000] [id=7212]
  0x0000028031475790 ConcurrentGCThread "G1 Refine#2" [stack: 0x000000bcf3c00000,0x000000bcf3d00000] [id=25944]
  0x000002807dda06c0 ConcurrentGCThread "G1 Service" [stack: 0x000000bce2d00000,0x000000bce2e00000] [id=13436]

Threads with active compile tasks:
C2 CompilerThread0   159547 46066       4       com.android.tools.r8.internal.la::a (10 bytes)
C1 CompilerThread0   159548 46309       2       com.android.tools.r8.internal.Dd::a (253 bytes)
C2 CompilerThread1   159548 45931   !   4       java.util.concurrent.ForkJoinTask::doExec (37 bytes)

VM state: at safepoint (normal execution)

VM Mutex/Monitor currently owned by a thread:  ([mutex/lock_event])
[0x00000280626649c0] Threads_lock - owner thread: 0x000002807dee6d70
[0x0000028062663f10] Heap_lock - owner thread: 0x00000280285a2530

Heap address: 0x0000000600000000, size: 8192 MB, Compressed Oops mode: Zero based, Oop shift amount: 3

CDS archive(s) mapped at: [0x0000000800000000-0x0000000800c40000-0x0000000800c40000), size 12845056, SharedBaseAddress: 0x0000000800000000, ArchiveRelocationMode: 0.
Compressed class space mapped at: 0x0000000801000000-0x0000000841000000, reserved size: 1073741824
Narrow klass base: 0x0000000800000000, Narrow klass shift: 0, Narrow klass range: 0x100000000

GC Precious Log:
 CardTable entry size: 512
 Card Set container configuration: InlinePtr #cards 4 size 8 Array Of Cards #cards 32 size 80 Howl #buckets 8 coarsen threshold 7372 Howl Bitmap #cards 1024 size 144 coarsen threshold 921 Card regions per heap region 1 cards per card region 8192
 CPUs: 12 total, 12 available
 Memory: 7521M
 Large Page Support: Disabled
 NUMA Support: Disabled
 Compressed Oops: Enabled (Zero based)
 Heap Region Size: 4M
 Heap Min Capacity: 8M
 Heap Initial Capacity: 120M
 Heap Max Capacity: 8G
 Pre-touch: Disabled
 Parallel Workers: 10
 Concurrent Workers: 3
 Concurrent Refinement Workers: 10
 Periodic GC: Disabled

Heap:
 garbage-first heap   total 3858432K, used 766266K [0x0000000600000000, 0x0000000800000000)
  region size 4096K, 5 young (20480K), 5 survivors (20480K)
 Metaspace       used 337322K, committed 340800K, reserved 1376256K
  class space    used 41547K, committed 43328K, reserved 1048576K

Heap Regions: E=young(eden), S=young(survivor), O=old, HS=humongous(starts), HC=humongous(continues), CS=collection set, F=free, OA=open archive, CA=closed archive, TAMS=top-at-mark-start (previous, next)
|   0|0x0000000600000000, 0x0000000600400000, 0x0000000600400000|100%|HS|  |TAMS 0x0000000600400000, 0x0000000600000000| Complete 
|   1|0x0000000600400000, 0x0000000600800000, 0x0000000600800000|100%| O|  |TAMS 0x0000000600800000, 0x0000000600400000| Untracked 
|   2|0x0000000600800000, 0x0000000600c00000, 0x0000000600c00000|100%| O|  |TAMS 0x0000000600c00000, 0x0000000600800000| Untracked 
|   3|0x0000000600c00000, 0x0000000601000000, 0x0000000601000000|100%| O|  |TAMS 0x0000000601000000, 0x0000000600c00000| Untracked 
|   4|0x0000000601000000, 0x0000000601400000, 0x0000000601400000|100%| O|  |TAMS 0x0000000601400000, 0x0000000601000000| Untracked 
|   5|0x0000000601400000, 0x0000000601800000, 0x0000000601800000|100%| O|  |TAMS 0x0000000601800000, 0x0000000601400000| Untracked 
|   6|0x0000000601800000, 0x0000000601c00000, 0x0000000601c00000|100%| O|  |TAMS 0x0000000601c00000, 0x0000000601800000| Untracked 
|   7|0x0000000601c00000, 0x0000000602000000, 0x0000000602000000|100%|HS|  |TAMS 0x0000000602000000, 0x0000000601c00000| Complete 
|   8|0x0000000602000000, 0x0000000602400000, 0x0000000602400000|100%| O|  |TAMS 0x0000000602400000, 0x0000000602000000| Untracked 
|   9|0x0000000602400000, 0x0000000602800000, 0x0000000602800000|100%| O|  |TAMS 0x0000000602800000, 0x0000000602400000| Untracked 
|  10|0x0000000602800000, 0x0000000602c00000, 0x0000000602c00000|100%|HS|  |TAMS 0x0000000602c00000, 0x0000000602800000| Complete 
|  11|0x0000000602c00000, 0x0000000603000000, 0x0000000603000000|100%| O|  |TAMS 0x0000000602c00000, 0x0000000602c00000| Untracked 
|  12|0x0000000603000000, 0x0000000603400000, 0x0000000603400000|100%| O|  |TAMS 0x0000000603400000, 0x0000000603000000| Untracked 
|  13|0x0000000603400000, 0x0000000603800000, 0x0000000603800000|100%| O|  |TAMS 0x0000000603800000, 0x0000000603400000| Untracked 
|  14|0x0000000603800000, 0x0000000603c00000, 0x0000000603c00000|100%| O|  |TAMS 0x0000000603c00000, 0x0000000603800000| Untracked 
|  15|0x0000000603c00000, 0x0000000604000000, 0x0000000604000000|100%| O|  |TAMS 0x0000000604000000, 0x0000000603c00000| Untracked 
|  16|0x0000000604000000, 0x0000000604400000, 0x0000000604400000|100%| O|  |TAMS 0x0000000604400000, 0x0000000604000000| Untracked 
|  17|0x0000000604400000, 0x0000000604800000, 0x0000000604800000|100%| O|  |TAMS 0x0000000604800000, 0x0000000604400000| Untracked 
|  18|0x0000000604800000, 0x0000000604c00000, 0x0000000604c00000|100%| O|  |TAMS 0x0000000604c00000, 0x0000000604800000| Untracked 
|  19|0x0000000604c00000, 0x0000000605000000, 0x0000000605000000|100%| O|  |TAMS 0x0000000605000000, 0x0000000604c00000| Untracked 
|  20|0x0000000605000000, 0x0000000605400000, 0x0000000605400000|100%| O|  |TAMS 0x0000000605400000, 0x0000000605000000| Untracked 
|  21|0x0000000605400000, 0x0000000605800000, 0x0000000605800000|100%| O|  |TAMS 0x0000000605800000, 0x0000000605400000| Untracked 
|  22|0x0000000605800000, 0x0000000605c00000, 0x0000000605c00000|100%| O|  |TAMS 0x0000000605c00000, 0x0000000605800000| Untracked 
|  23|0x0000000605c00000, 0x0000000606000000, 0x0000000606000000|100%| O|  |TAMS 0x0000000606000000, 0x0000000605c00000| Untracked 
|  24|0x0000000606000000, 0x0000000606400000, 0x0000000606400000|100%| O|  |TAMS 0x0000000606400000, 0x0000000606000000| Untracked 
|  25|0x0000000606400000, 0x0000000606800000, 0x0000000606800000|100%|HS|  |TAMS 0x0000000606800000, 0x0000000606400000| Complete 
|  26|0x0000000606800000, 0x0000000606c00000, 0x0000000606c00000|100%| O|  |TAMS 0x0000000606c00000, 0x0000000606800000| Untracked 
|  27|0x0000000606c00000, 0x0000000607000000, 0x0000000607000000|100%| O|  |TAMS 0x0000000607000000, 0x0000000606c00000| Untracked 
|  28|0x0000000607000000, 0x0000000607400000, 0x0000000607400000|100%| O|  |TAMS 0x0000000607400000, 0x0000000607000000| Untracked 
|  29|0x0000000607400000, 0x0000000607800000, 0x0000000607800000|100%| O|  |TAMS 0x0000000607800000, 0x0000000607400000| Untracked 
|  30|0x0000000607800000, 0x0000000607c00000, 0x0000000607c00000|100%| O|  |TAMS 0x0000000607c00000, 0x0000000607800000| Untracked 
|  31|0x0000000607c00000, 0x0000000608000000, 0x0000000608000000|100%| O|  |TAMS 0x0000000608000000, 0x0000000607c00000| Untracked 
|  32|0x0000000608000000, 0x0000000608400000, 0x0000000608400000|100%| O|  |TAMS 0x0000000608400000, 0x0000000608000000| Untracked 
|  33|0x0000000608400000, 0x0000000608800000, 0x0000000608800000|100%| O|  |TAMS 0x0000000608800000, 0x0000000608400000| Untracked 
|  34|0x0000000608800000, 0x0000000608c00000, 0x0000000608c00000|100%| O|  |TAMS 0x0000000608c00000, 0x0000000608800000| Untracked 
|  35|0x0000000608c00000, 0x0000000609000000, 0x0000000609000000|100%| O|  |TAMS 0x0000000609000000, 0x0000000608c00000| Untracked 
|  36|0x0000000609000000, 0x0000000609400000, 0x0000000609400000|100%| O|  |TAMS 0x0000000609400000, 0x0000000609000000| Untracked 
|  37|0x0000000609400000, 0x0000000609800000, 0x0000000609800000|100%| O|  |TAMS 0x0000000609800000, 0x0000000609400000| Untracked 
|  38|0x0000000609800000, 0x0000000609c00000, 0x0000000609c00000|100%| O|  |TAMS 0x0000000609c00000, 0x0000000609800000| Untracked 
|  39|0x0000000609c00000, 0x000000060a000000, 0x000000060a000000|100%| O|  |TAMS 0x000000060a000000, 0x0000000609c00000| Untracked 
|  40|0x000000060a000000, 0x000000060a400000, 0x000000060a400000|100%| O|  |TAMS 0x000000060a000000, 0x000000060a000000| Untracked 
|  41|0x000000060a400000, 0x000000060a800000, 0x000000060a800000|100%| O|  |TAMS 0x000000060a800000, 0x000000060a400000| Untracked 
|  42|0x000000060a800000, 0x000000060ac00000, 0x000000060ac00000|100%| O|  |TAMS 0x000000060ac00000, 0x000000060a800000| Untracked 
|  43|0x000000060ac00000, 0x000000060b000000, 0x000000060b000000|100%| O|  |TAMS 0x000000060b000000, 0x000000060ac00000| Untracked 
|  44|0x000000060b000000, 0x000000060b400000, 0x000000060b400000|100%| O|  |TAMS 0x000000060b400000, 0x000000060b000000| Untracked 
|  45|0x000000060b400000, 0x000000060b800000, 0x000000060b800000|100%|HS|  |TAMS 0x000000060b800000, 0x000000060b400000| Complete 
|  46|0x000000060b800000, 0x000000060bc00000, 0x000000060bc00000|100%| O|  |TAMS 0x000000060bc00000, 0x000000060b800000| Untracked 
|  47|0x000000060bc00000, 0x000000060c000000, 0x000000060c000000|100%| O|  |TAMS 0x000000060c000000, 0x000000060bc00000| Untracked 
|  48|0x000000060c000000, 0x000000060c400000, 0x000000060c400000|100%| O|  |TAMS 0x000000060c400000, 0x000000060c000000| Untracked 
|  49|0x000000060c400000, 0x000000060c800000, 0x000000060c800000|100%|HS|  |TAMS 0x000000060c800000, 0x000000060c400000| Complete 
|  50|0x000000060c800000, 0x000000060cc00000, 0x000000060cc00000|100%|HS|  |TAMS 0x000000060cc00000, 0x000000060c800000| Complete 
|  51|0x000000060cc00000, 0x000000060d000000, 0x000000060d000000|100%| O|  |TAMS 0x000000060d000000, 0x000000060cc00000| Untracked 
|  52|0x000000060d000000, 0x000000060d400000, 0x000000060d400000|100%| O|  |TAMS 0x000000060d400000, 0x000000060d000000| Untracked 
|  53|0x000000060d400000, 0x000000060d800000, 0x000000060d800000|100%| O|  |TAMS 0x000000060d800000, 0x000000060d400000| Untracked 
|  54|0x000000060d800000, 0x000000060dc00000, 0x000000060dc00000|100%| O|  |TAMS 0x000000060dc00000, 0x000000060d800000| Untracked 
|  55|0x000000060dc00000, 0x000000060e000000, 0x000000060e000000|100%| O|  |TAMS 0x000000060e000000, 0x000000060dc00000| Untracked 
|  56|0x000000060e000000, 0x000000060e400000, 0x000000060e400000|100%| O|  |TAMS 0x000000060e400000, 0x000000060e000000| Untracked 
|  57|0x000000060e400000, 0x000000060e800000, 0x000000060e800000|100%| O|  |TAMS 0x000000060e800000, 0x000000060e400000| Untracked 
|  58|0x000000060e800000, 0x000000060ec00000, 0x000000060ec00000|100%| O|  |TAMS 0x000000060ec00000, 0x000000060e800000| Untracked 
|  59|0x000000060ec00000, 0x000000060f000000, 0x000000060f000000|100%| O|  |TAMS 0x000000060ec00000, 0x000000060ec00000| Untracked 
|  60|0x000000060f000000, 0x000000060f400000, 0x000000060f400000|100%| O|  |TAMS 0x000000060f000000, 0x000000060f000000| Untracked 
|  61|0x000000060f400000, 0x000000060f800000, 0x000000060f800000|100%| O|  |TAMS 0x000000060f800000, 0x000000060f400000| Untracked 
|  62|0x000000060f800000, 0x000000060fc00000, 0x000000060fc00000|100%| O|  |TAMS 0x000000060fc00000, 0x000000060f800000| Untracked 
|  63|0x000000060fc00000, 0x0000000610000000, 0x0000000610000000|100%| O|  |TAMS 0x0000000610000000, 0x000000060fc00000| Untracked 
|  64|0x0000000610000000, 0x0000000610400000, 0x0000000610400000|100%| O|  |TAMS 0x0000000610000000, 0x0000000610000000| Untracked 
|  65|0x0000000610400000, 0x0000000610800000, 0x0000000610800000|100%| O|  |TAMS 0x0000000610400000, 0x0000000610400000| Untracked 
|  66|0x0000000610800000, 0x0000000610c00000, 0x0000000610c00000|100%| O|  |TAMS 0x0000000610c00000, 0x0000000610800000| Untracked 
|  67|0x0000000610c00000, 0x0000000611000000, 0x0000000611000000|100%| O|  |TAMS 0x0000000611000000, 0x0000000610c00000| Untracked 
|  68|0x0000000611000000, 0x0000000611400000, 0x0000000611400000|100%| O|  |TAMS 0x0000000611400000, 0x0000000611000000| Untracked 
|  69|0x0000000611400000, 0x0000000611800000, 0x0000000611800000|100%| O|  |TAMS 0x0000000611800000, 0x0000000611400000| Untracked 
|  70|0x0000000611800000, 0x0000000611c00000, 0x0000000611c00000|100%| O|  |TAMS 0x0000000611c00000, 0x0000000611800000| Untracked 
|  71|0x0000000611c00000, 0x0000000612000000, 0x0000000612000000|100%| O|  |TAMS 0x0000000611c00000, 0x0000000611c00000| Untracked 
|  72|0x0000000612000000, 0x0000000612400000, 0x0000000612400000|100%| O|  |TAMS 0x0000000612000000, 0x0000000612000000| Untracked 
|  73|0x0000000612400000, 0x0000000612800000, 0x0000000612800000|100%| O|  |TAMS 0x0000000612800000, 0x0000000612400000| Untracked 
|  74|0x0000000612800000, 0x0000000612c00000, 0x0000000612c00000|100%| O|  |TAMS 0x0000000612c00000, 0x0000000612800000| Untracked 
|  75|0x0000000612c00000, 0x0000000613000000, 0x0000000613000000|100%| O|  |TAMS 0x0000000613000000, 0x0000000612c00000| Untracked 
|  76|0x0000000613000000, 0x0000000613400000, 0x0000000613400000|100%| O|  |TAMS 0x0000000613400000, 0x0000000613000000| Untracked 
|  77|0x0000000613400000, 0x0000000613800000, 0x0000000613800000|100%| O|  |TAMS 0x0000000613800000, 0x0000000613400000| Untracked 
|  78|0x0000000613800000, 0x0000000613c00000, 0x0000000613c00000|100%| O|  |TAMS 0x0000000613c00000, 0x0000000613800000| Untracked 
|  79|0x0000000613c00000, 0x0000000614000000, 0x0000000614000000|100%| O|  |TAMS 0x0000000614000000, 0x0000000613c00000| Untracked 
|  80|0x0000000614000000, 0x0000000614400000, 0x0000000614400000|100%| O|  |TAMS 0x0000000614400000, 0x0000000614000000| Untracked 
|  81|0x0000000614400000, 0x0000000614800000, 0x0000000614800000|100%| O|  |TAMS 0x0000000614800000, 0x0000000614400000| Untracked 
|  82|0x0000000614800000, 0x0000000614c00000, 0x0000000614c00000|100%| O|  |TAMS 0x0000000614c00000, 0x0000000614800000| Untracked 
|  83|0x0000000614c00000, 0x0000000615000000, 0x0000000615000000|100%| O|  |TAMS 0x0000000615000000, 0x0000000614c00000| Untracked 
|  84|0x0000000615000000, 0x0000000615400000, 0x0000000615400000|100%| O|  |TAMS 0x0000000615400000, 0x0000000615000000| Untracked 
|  85|0x0000000615400000, 0x0000000615800000, 0x0000000615800000|100%| O|  |TAMS 0x0000000615800000, 0x0000000615400000| Untracked 
|  86|0x0000000615800000, 0x0000000615c00000, 0x0000000615c00000|100%| O|  |TAMS 0x0000000615c00000, 0x0000000615800000| Untracked 
|  87|0x0000000615c00000, 0x0000000616000000, 0x0000000616000000|100%| O|  |TAMS 0x0000000616000000, 0x0000000615c00000| Untracked 
|  88|0x0000000616000000, 0x0000000616400000, 0x0000000616400000|100%| O|  |TAMS 0x0000000616086400, 0x0000000616000000| Untracked 
|  89|0x0000000616400000, 0x0000000616800000, 0x0000000616800000|100%| O|  |TAMS 0x0000000616400000, 0x0000000616400000| Untracked 
|  90|0x0000000616800000, 0x0000000616c00000, 0x0000000616c00000|100%| O|  |TAMS 0x0000000616800000, 0x0000000616800000| Untracked 
|  91|0x0000000616c00000, 0x0000000617000000, 0x0000000617000000|100%| O|  |TAMS 0x0000000616c00000, 0x0000000616c00000| Untracked 
|  92|0x0000000617000000, 0x0000000617400000, 0x0000000617400000|100%| O|  |TAMS 0x0000000617000000, 0x0000000617000000| Untracked 
|  93|0x0000000617400000, 0x0000000617800000, 0x0000000617800000|100%| O|  |TAMS 0x0000000617400000, 0x0000000617400000| Untracked 
|  94|0x0000000617800000, 0x0000000617c00000, 0x0000000617c00000|100%| O|  |TAMS 0x0000000617800000, 0x0000000617800000| Untracked 
|  95|0x0000000617c00000, 0x0000000618000000, 0x0000000618000000|100%| O|  |TAMS 0x0000000617c00000, 0x0000000617c00000| Untracked 
|  96|0x0000000618000000, 0x0000000618400000, 0x0000000618400000|100%| O|  |TAMS 0x0000000618000000, 0x0000000618000000| Untracked 
|  97|0x0000000618400000, 0x0000000618800000, 0x0000000618800000|100%| O|  |TAMS 0x0000000618400000, 0x0000000618400000| Untracked 
|  98|0x0000000618800000, 0x0000000618c00000, 0x0000000618c00000|100%| O|  |TAMS 0x0000000618800000, 0x0000000618800000| Untracked 
|  99|0x0000000618c00000, 0x0000000619000000, 0x0000000619000000|100%| O|  |TAMS 0x0000000618c00000, 0x0000000618c00000| Untracked 
| 100|0x0000000619000000, 0x0000000619400000, 0x0000000619400000|100%| O|  |TAMS 0x0000000619000000, 0x0000000619000000| Untracked 
| 101|0x0000000619400000, 0x0000000619800000, 0x0000000619800000|100%| O|  |TAMS 0x0000000619400000, 0x0000000619400000| Untracked 
| 102|0x0000000619800000, 0x0000000619c00000, 0x0000000619c00000|100%| O|  |TAMS 0x0000000619800000, 0x0000000619800000| Untracked 
| 103|0x0000000619c00000, 0x000000061a000000, 0x000000061a000000|100%| O|  |TAMS 0x0000000619c00000, 0x0000000619c00000| Untracked 
| 104|0x000000061a000000, 0x000000061a400000, 0x000000061a400000|100%| O|  |TAMS 0x000000061a000000, 0x000000061a000000| Untracked 
| 105|0x000000061a400000, 0x000000061a800000, 0x000000061a800000|100%| O|  |TAMS 0x000000061a400000, 0x000000061a400000| Untracked 
| 106|0x000000061a800000, 0x000000061ac00000, 0x000000061ac00000|100%| O|  |TAMS 0x000000061a800000, 0x000000061a800000| Untracked 
| 107|0x000000061ac00000, 0x000000061b000000, 0x000000061b000000|100%| O|  |TAMS 0x000000061ac00000, 0x000000061ac00000| Untracked 
| 108|0x000000061b000000, 0x000000061b400000, 0x000000061b400000|100%| O|  |TAMS 0x000000061b000000, 0x000000061b000000| Untracked 
| 109|0x000000061b400000, 0x000000061b800000, 0x000000061b800000|100%| O|  |TAMS 0x000000061b400000, 0x000000061b400000| Untracked 
| 110|0x000000061b800000, 0x000000061bc00000, 0x000000061bc00000|100%| O|  |TAMS 0x000000061b800000, 0x000000061b800000| Untracked 
| 111|0x000000061bc00000, 0x000000061c000000, 0x000000061c000000|100%| O|  |TAMS 0x000000061bc00000, 0x000000061bc00000| Untracked 
| 112|0x000000061c000000, 0x000000061c400000, 0x000000061c400000|100%| O|  |TAMS 0x000000061c000000, 0x000000061c000000| Untracked 
| 113|0x000000061c400000, 0x000000061c800000, 0x000000061c800000|100%| O|  |TAMS 0x000000061c400000, 0x000000061c400000| Untracked 
| 114|0x000000061c800000, 0x000000061cc00000, 0x000000061cc00000|100%| O|  |TAMS 0x000000061c800000, 0x000000061c800000| Untracked 
| 115|0x000000061cc00000, 0x000000061d000000, 0x000000061d000000|100%| O|  |TAMS 0x000000061cc00000, 0x000000061cc00000| Untracked 
| 116|0x000000061d000000, 0x000000061d400000, 0x000000061d400000|100%| O|  |TAMS 0x000000061d000000, 0x000000061d000000| Untracked 
| 117|0x000000061d400000, 0x000000061d800000, 0x000000061d800000|100%| O|  |TAMS 0x000000061d400000, 0x000000061d400000| Untracked 
| 118|0x000000061d800000, 0x000000061dc00000, 0x000000061dc00000|100%| O|  |TAMS 0x000000061d800000, 0x000000061d800000| Untracked 
| 119|0x000000061dc00000, 0x000000061e000000, 0x000000061e000000|100%| O|  |TAMS 0x000000061dc00000, 0x000000061dc00000| Untracked 
| 120|0x000000061e000000, 0x000000061e400000, 0x000000061e400000|100%| O|  |TAMS 0x000000061e000000, 0x000000061e000000| Untracked 
| 121|0x000000061e400000, 0x000000061e800000, 0x000000061e800000|100%| O|  |TAMS 0x000000061e400000, 0x000000061e400000| Untracked 
| 122|0x000000061e800000, 0x000000061ec00000, 0x000000061ec00000|100%| O|  |TAMS 0x000000061e800000, 0x000000061e800000| Untracked 
| 123|0x000000061ec00000, 0x000000061f000000, 0x000000061f000000|100%| O|  |TAMS 0x000000061ec00000, 0x000000061ec00000| Untracked 
| 124|0x000000061f000000, 0x000000061f400000, 0x000000061f400000|100%| O|  |TAMS 0x000000061f000000, 0x000000061f000000| Untracked 
| 125|0x000000061f400000, 0x000000061f800000, 0x000000061f800000|100%| O|  |TAMS 0x000000061f400000, 0x000000061f400000| Untracked 
| 126|0x000000061f800000, 0x000000061fc00000, 0x000000061fc00000|100%| O|  |TAMS 0x000000061f800000, 0x000000061f800000| Untracked 
| 127|0x000000061fc00000, 0x0000000620000000, 0x0000000620000000|100%| O|  |TAMS 0x000000061fc00000, 0x000000061fc00000| Untracked 
| 128|0x0000000620000000, 0x0000000620400000, 0x0000000620400000|100%| O|  |TAMS 0x0000000620000000, 0x0000000620000000| Untracked 
| 129|0x0000000620400000, 0x0000000620800000, 0x0000000620800000|100%| O|  |TAMS 0x0000000620400000, 0x0000000620400000| Untracked 
| 130|0x0000000620800000, 0x0000000620c00000, 0x0000000620c00000|100%| O|  |TAMS 0x0000000620800000, 0x0000000620800000| Untracked 
| 131|0x0000000620c00000, 0x0000000621000000, 0x0000000621000000|100%| O|  |TAMS 0x0000000620c00000, 0x0000000620c00000| Untracked 
| 132|0x0000000621000000, 0x0000000621400000, 0x0000000621400000|100%| O|  |TAMS 0x0000000621000000, 0x0000000621000000| Untracked 
| 133|0x0000000621400000, 0x0000000621800000, 0x0000000621800000|100%| O|  |TAMS 0x0000000621400000, 0x0000000621400000| Untracked 
| 134|0x0000000621800000, 0x0000000621c00000, 0x0000000621c00000|100%| O|  |TAMS 0x0000000621800000, 0x0000000621800000| Untracked 
| 135|0x0000000621c00000, 0x0000000622000000, 0x0000000622000000|100%| O|  |TAMS 0x0000000621c00000, 0x0000000621c00000| Untracked 
| 136|0x0000000622000000, 0x0000000622400000, 0x0000000622400000|100%| O|  |TAMS 0x0000000622000000, 0x0000000622000000| Untracked 
| 137|0x0000000622400000, 0x0000000622800000, 0x0000000622800000|100%| O|  |TAMS 0x0000000622400000, 0x0000000622400000| Untracked 
| 138|0x0000000622800000, 0x0000000622c00000, 0x0000000622c00000|100%| O|  |TAMS 0x0000000622800000, 0x0000000622800000| Untracked 
| 139|0x0000000622c00000, 0x0000000623000000, 0x0000000623000000|100%| O|  |TAMS 0x0000000622c00000, 0x0000000622c00000| Untracked 
| 140|0x0000000623000000, 0x0000000623400000, 0x0000000623400000|100%| O|  |TAMS 0x0000000623000000, 0x0000000623000000| Untracked 
| 141|0x0000000623400000, 0x0000000623800000, 0x0000000623800000|100%| O|  |TAMS 0x0000000623400000, 0x0000000623400000| Untracked 
| 142|0x0000000623800000, 0x0000000623c00000, 0x0000000623c00000|100%| O|  |TAMS 0x0000000623800000, 0x0000000623800000| Untracked 
| 143|0x0000000623c00000, 0x0000000624000000, 0x0000000624000000|100%| O|  |TAMS 0x0000000623c00000, 0x0000000623c00000| Untracked 
| 144|0x0000000624000000, 0x0000000624400000, 0x0000000624400000|100%| O|  |TAMS 0x0000000624000000, 0x0000000624000000| Untracked 
| 145|0x0000000624400000, 0x0000000624800000, 0x0000000624800000|100%| O|  |TAMS 0x0000000624400000, 0x0000000624400000| Untracked 
| 146|0x0000000624800000, 0x0000000624c00000, 0x0000000624c00000|100%| O|  |TAMS 0x0000000624800000, 0x0000000624800000| Untracked 
| 147|0x0000000624c00000, 0x0000000625000000, 0x0000000625000000|100%| O|  |TAMS 0x0000000624c00000, 0x0000000624c00000| Untracked 
| 148|0x0000000625000000, 0x0000000625400000, 0x0000000625400000|100%| O|  |TAMS 0x0000000625000000, 0x0000000625000000| Untracked 
| 149|0x0000000625400000, 0x0000000625800000, 0x0000000625800000|100%| O|  |TAMS 0x0000000625400000, 0x0000000625400000| Untracked 
| 150|0x0000000625800000, 0x0000000625c00000, 0x0000000625c00000|100%| O|  |TAMS 0x0000000625800000, 0x0000000625800000| Untracked 
| 151|0x0000000625c00000, 0x0000000626000000, 0x0000000626000000|100%| O|  |TAMS 0x0000000625c00000, 0x0000000625c00000| Untracked 
| 152|0x0000000626000000, 0x0000000626400000, 0x0000000626400000|100%| O|  |TAMS 0x0000000626000000, 0x0000000626000000| Untracked 
| 153|0x0000000626400000, 0x0000000626800000, 0x0000000626800000|100%| O|  |TAMS 0x0000000626400000, 0x0000000626400000| Untracked 
| 154|0x0000000626800000, 0x0000000626c00000, 0x0000000626c00000|100%|HS|  |TAMS 0x0000000626800000, 0x0000000626800000| Complete 
| 155|0x0000000626c00000, 0x0000000627000000, 0x0000000627000000|100%|HC|  |TAMS 0x0000000626c00000, 0x0000000626c00000| Complete 
| 156|0x0000000627000000, 0x0000000627400000, 0x0000000627400000|100%| O|  |TAMS 0x0000000627000000, 0x0000000627000000| Untracked 
| 157|0x0000000627400000, 0x0000000627800000, 0x0000000627800000|100%| O|  |TAMS 0x0000000627400000, 0x0000000627400000| Untracked 
| 158|0x0000000627800000, 0x0000000627c00000, 0x0000000627c00000|100%| O|  |TAMS 0x0000000627800000, 0x0000000627800000| Untracked 
| 159|0x0000000627c00000, 0x0000000628000000, 0x0000000628000000|100%| O|  |TAMS 0x0000000627c00000, 0x0000000627c00000| Untracked 
| 160|0x0000000628000000, 0x0000000628400000, 0x0000000628400000|100%| O|  |TAMS 0x0000000628000000, 0x0000000628000000| Untracked 
| 161|0x0000000628400000, 0x0000000628800000, 0x0000000628800000|100%| O|  |TAMS 0x0000000628400000, 0x0000000628400000| Untracked 
| 162|0x0000000628800000, 0x0000000628c00000, 0x0000000628c00000|100%| O|  |TAMS 0x0000000628800000, 0x0000000628800000| Untracked 
| 163|0x0000000628c00000, 0x0000000629000000, 0x0000000629000000|100%| O|  |TAMS 0x0000000628c00000, 0x0000000628c00000| Untracked 
| 164|0x0000000629000000, 0x0000000629400000, 0x0000000629400000|100%| O|  |TAMS 0x0000000629000000, 0x0000000629000000| Untracked 
| 165|0x0000000629400000, 0x0000000629800000, 0x0000000629800000|100%| O|  |TAMS 0x0000000629400000, 0x0000000629400000| Untracked 
| 166|0x0000000629800000, 0x0000000629c00000, 0x0000000629c00000|100%| O|  |TAMS 0x0000000629800000, 0x0000000629800000| Untracked 
| 167|0x0000000629c00000, 0x000000062a000000, 0x000000062a000000|100%| O|  |TAMS 0x0000000629c00000, 0x0000000629c00000| Untracked 
| 168|0x000000062a000000, 0x000000062a400000, 0x000000062a400000|100%| O|  |TAMS 0x000000062a000000, 0x000000062a000000| Untracked 
| 169|0x000000062a400000, 0x000000062a800000, 0x000000062a800000|100%| O|  |TAMS 0x000000062a400000, 0x000000062a400000| Untracked 
| 170|0x000000062a800000, 0x000000062ac00000, 0x000000062ac00000|100%| O|  |TAMS 0x000000062a800000, 0x000000062a800000| Untracked 
| 171|0x000000062ac00000, 0x000000062b000000, 0x000000062b000000|100%| O|  |TAMS 0x000000062ac00000, 0x000000062ac00000| Untracked 
| 172|0x000000062b000000, 0x000000062b400000, 0x000000062b400000|100%| O|  |TAMS 0x000000062b000000, 0x000000062b000000| Untracked 
| 173|0x000000062b400000, 0x000000062b800000, 0x000000062b800000|100%| O|  |TAMS 0x000000062b400000, 0x000000062b400000| Untracked 
| 174|0x000000062b800000, 0x000000062bc00000, 0x000000062bc00000|100%| O|  |TAMS 0x000000062b800000, 0x000000062b800000| Untracked 
| 175|0x000000062bc00000, 0x000000062c000000, 0x000000062c000000|100%| O|  |TAMS 0x000000062bc00000, 0x000000062bc00000| Untracked 
| 176|0x000000062c000000, 0x000000062c400000, 0x000000062c400000|100%| O|  |TAMS 0x000000062c000000, 0x000000062c000000| Untracked 
| 177|0x000000062c400000, 0x000000062c800000, 0x000000062c800000|100%| O|  |TAMS 0x000000062c400000, 0x000000062c400000| Untracked 
| 178|0x000000062c800000, 0x000000062cc00000, 0x000000062cc00000|100%| O|  |TAMS 0x000000062c800000, 0x000000062c800000| Untracked 
| 179|0x000000062cc00000, 0x000000062d000000, 0x000000062d000000|100%| O|  |TAMS 0x000000062cc00000, 0x000000062cc00000| Untracked 
| 180|0x000000062d000000, 0x000000062d400000, 0x000000062d400000|100%| O|  |TAMS 0x000000062d000000, 0x000000062d000000| Untracked 
| 181|0x000000062d400000, 0x000000062d800000, 0x000000062d800000|100%| O|  |TAMS 0x000000062d400000, 0x000000062d400000| Untracked 
| 182|0x000000062d800000, 0x000000062daff000, 0x000000062dc00000| 74%| O|  |TAMS 0x000000062d800000, 0x000000062d800000| Untracked 
| 183|0x000000062dc00000, 0x000000062dc00000, 0x000000062e000000|  0%| F|  |TAMS 0x000000062dc00000, 0x000000062dc00000| Untracked 
| 184|0x000000062e000000, 0x000000062e000000, 0x000000062e400000|  0%| F|  |TAMS 0x000000062e000000, 0x000000062e000000| Untracked 
| 185|0x000000062e400000, 0x000000062e400000, 0x000000062e800000|  0%| F|  |TAMS 0x000000062e400000, 0x000000062e400000| Untracked 
| 186|0x000000062e800000, 0x000000062e800000, 0x000000062ec00000|  0%| F|  |TAMS 0x000000062e800000, 0x000000062e800000| Untracked 
| 187|0x000000062ec00000, 0x000000062ec00000, 0x000000062f000000|  0%| F|  |TAMS 0x000000062ec00000, 0x000000062ec00000| Untracked 
| 188|0x000000062f000000, 0x000000062f000000, 0x000000062f400000|  0%| F|  |TAMS 0x000000062f000000, 0x000000062f000000| Untracked 
| 189|0x000000062f400000, 0x000000062f400000, 0x000000062f800000|  0%| F|  |TAMS 0x000000062f400000, 0x000000062f400000| Untracked 
| 190|0x000000062f800000, 0x000000062f800000, 0x000000062fc00000|  0%| F|  |TAMS 0x000000062f800000, 0x000000062f800000| Untracked 
| 191|0x000000062fc00000, 0x000000062fc00000, 0x0000000630000000|  0%| F|  |TAMS 0x000000062fc00000, 0x000000062fc00000| Untracked 
| 192|0x0000000630000000, 0x0000000630000000, 0x0000000630400000|  0%| F|  |TAMS 0x0000000630000000, 0x0000000630000000| Untracked 
| 193|0x0000000630400000, 0x0000000630400000, 0x0000000630800000|  0%| F|  |TAMS 0x0000000630400000, 0x0000000630400000| Untracked 
| 194|0x0000000630800000, 0x0000000630800000, 0x0000000630c00000|  0%| F|  |TAMS 0x0000000630800000, 0x0000000630800000| Untracked 
| 195|0x0000000630c00000, 0x0000000630c00000, 0x0000000631000000|  0%| F|  |TAMS 0x0000000630c00000, 0x0000000630c00000| Untracked 
| 196|0x0000000631000000, 0x0000000631000000, 0x0000000631400000|  0%| F|  |TAMS 0x0000000631000000, 0x0000000631000000| Untracked 
| 197|0x0000000631400000, 0x0000000631400000, 0x0000000631800000|  0%| F|  |TAMS 0x0000000631400000, 0x0000000631400000| Untracked 
| 198|0x0000000631800000, 0x0000000631800000, 0x0000000631c00000|  0%| F|  |TAMS 0x0000000631800000, 0x0000000631800000| Untracked 
| 199|0x0000000631c00000, 0x0000000631c00000, 0x0000000632000000|  0%| F|  |TAMS 0x0000000631c00000, 0x0000000631c00000| Untracked 
| 200|0x0000000632000000, 0x0000000632000000, 0x0000000632400000|  0%| F|  |TAMS 0x0000000632000000, 0x0000000632000000| Untracked 
| 201|0x0000000632400000, 0x0000000632400000, 0x0000000632800000|  0%| F|  |TAMS 0x0000000632400000, 0x0000000632400000| Untracked 
| 202|0x0000000632800000, 0x0000000632800000, 0x0000000632c00000|  0%| F|  |TAMS 0x0000000632800000, 0x0000000632800000| Untracked 
| 203|0x0000000632c00000, 0x0000000632c00000, 0x0000000633000000|  0%| F|  |TAMS 0x0000000632c00000, 0x0000000632c00000| Untracked 
| 204|0x0000000633000000, 0x0000000633000000, 0x0000000633400000|  0%| F|  |TAMS 0x0000000633000000, 0x0000000633000000| Untracked 
| 205|0x0000000633400000, 0x0000000633400000, 0x0000000633800000|  0%| F|  |TAMS 0x0000000633400000, 0x0000000633400000| Untracked 
| 206|0x0000000633800000, 0x0000000633800000, 0x0000000633c00000|  0%| F|  |TAMS 0x0000000633800000, 0x0000000633800000| Untracked 
| 207|0x0000000633c00000, 0x0000000633c00000, 0x0000000634000000|  0%| F|  |TAMS 0x0000000633c00000, 0x0000000633c00000| Untracked 
| 208|0x0000000634000000, 0x0000000634000000, 0x0000000634400000|  0%| F|  |TAMS 0x0000000634000000, 0x0000000634000000| Untracked 
| 209|0x0000000634400000, 0x0000000634400000, 0x0000000634800000|  0%| F|  |TAMS 0x0000000634400000, 0x0000000634400000| Untracked 
| 210|0x0000000634800000, 0x0000000634800000, 0x0000000634c00000|  0%| F|  |TAMS 0x0000000634800000, 0x0000000634800000| Untracked 
| 211|0x0000000634c00000, 0x0000000634c00000, 0x0000000635000000|  0%| F|  |TAMS 0x0000000634c00000, 0x0000000634c00000| Untracked 
| 212|0x0000000635000000, 0x0000000635000000, 0x0000000635400000|  0%| F|  |TAMS 0x0000000635000000, 0x0000000635000000| Untracked 
| 213|0x0000000635400000, 0x0000000635400000, 0x0000000635800000|  0%| F|  |TAMS 0x0000000635400000, 0x0000000635400000| Untracked 
| 214|0x0000000635800000, 0x0000000635800000, 0x0000000635c00000|  0%| F|  |TAMS 0x0000000635800000, 0x0000000635800000| Untracked 
| 215|0x0000000635c00000, 0x0000000635c00000, 0x0000000636000000|  0%| F|  |TAMS 0x0000000635c00000, 0x0000000635c00000| Untracked 
| 216|0x0000000636000000, 0x0000000636000000, 0x0000000636400000|  0%| F|  |TAMS 0x0000000636000000, 0x0000000636000000| Untracked 
| 217|0x0000000636400000, 0x0000000636400000, 0x0000000636800000|  0%| F|  |TAMS 0x0000000636400000, 0x0000000636400000| Untracked 
| 218|0x0000000636800000, 0x0000000636800000, 0x0000000636c00000|  0%| F|  |TAMS 0x0000000636800000, 0x0000000636800000| Untracked 
| 219|0x0000000636c00000, 0x0000000636c00000, 0x0000000637000000|  0%| F|  |TAMS 0x0000000636c00000, 0x0000000636c00000| Untracked 
| 220|0x0000000637000000, 0x0000000637000000, 0x0000000637400000|  0%| F|  |TAMS 0x0000000637000000, 0x0000000637000000| Untracked 
| 221|0x0000000637400000, 0x0000000637400000, 0x0000000637800000|  0%| F|  |TAMS 0x0000000637400000, 0x0000000637400000| Untracked 
| 222|0x0000000637800000, 0x0000000637800000, 0x0000000637c00000|  0%| F|  |TAMS 0x0000000637800000, 0x0000000637800000| Untracked 
| 223|0x0000000637c00000, 0x0000000637c00000, 0x0000000638000000|  0%| F|  |TAMS 0x0000000637c00000, 0x0000000637c00000| Untracked 
| 224|0x0000000638000000, 0x0000000638000000, 0x0000000638400000|  0%| F|  |TAMS 0x0000000638000000, 0x0000000638000000| Untracked 
| 225|0x0000000638400000, 0x0000000638400000, 0x0000000638800000|  0%| F|  |TAMS 0x0000000638400000, 0x0000000638400000| Untracked 
| 226|0x0000000638800000, 0x0000000638800000, 0x0000000638c00000|  0%| F|  |TAMS 0x0000000638800000, 0x0000000638800000| Untracked 
| 227|0x0000000638c00000, 0x0000000638c00000, 0x0000000639000000|  0%| F|  |TAMS 0x0000000638c00000, 0x0000000638c00000| Untracked 
| 228|0x0000000639000000, 0x0000000639000000, 0x0000000639400000|  0%| F|  |TAMS 0x0000000639000000, 0x0000000639000000| Untracked 
| 229|0x0000000639400000, 0x0000000639400000, 0x0000000639800000|  0%| F|  |TAMS 0x0000000639400000, 0x0000000639400000| Untracked 
| 230|0x0000000639800000, 0x0000000639800000, 0x0000000639c00000|  0%| F|  |TAMS 0x0000000639800000, 0x0000000639800000| Untracked 
| 231|0x0000000639c00000, 0x0000000639c00000, 0x000000063a000000|  0%| F|  |TAMS 0x0000000639c00000, 0x0000000639c00000| Untracked 
| 232|0x000000063a000000, 0x000000063a000000, 0x000000063a400000|  0%| F|  |TAMS 0x000000063a000000, 0x000000063a000000| Untracked 
| 233|0x000000063a400000, 0x000000063a400000, 0x000000063a800000|  0%| F|  |TAMS 0x000000063a400000, 0x000000063a400000| Untracked 
| 234|0x000000063a800000, 0x000000063a800000, 0x000000063ac00000|  0%| F|  |TAMS 0x000000063a800000, 0x000000063a800000| Untracked 
| 235|0x000000063ac00000, 0x000000063ac00000, 0x000000063b000000|  0%| F|  |TAMS 0x000000063ac00000, 0x000000063ac00000| Untracked 
| 236|0x000000063b000000, 0x000000063b000000, 0x000000063b400000|  0%| F|  |TAMS 0x000000063b000000, 0x000000063b000000| Untracked 
| 237|0x000000063b400000, 0x000000063b400000, 0x000000063b800000|  0%| F|  |TAMS 0x000000063b400000, 0x000000063b400000| Untracked 
| 238|0x000000063b800000, 0x000000063b800000, 0x000000063bc00000|  0%| F|  |TAMS 0x000000063b800000, 0x000000063b800000| Untracked 
| 239|0x000000063bc00000, 0x000000063bc00000, 0x000000063c000000|  0%| F|  |TAMS 0x000000063bc00000, 0x000000063bc00000| Untracked 
| 240|0x000000063c000000, 0x000000063c000000, 0x000000063c400000|  0%| F|  |TAMS 0x000000063c000000, 0x000000063c000000| Untracked 
| 241|0x000000063c400000, 0x000000063c400000, 0x000000063c800000|  0%| F|  |TAMS 0x000000063c400000, 0x000000063c400000| Untracked 
| 242|0x000000063c800000, 0x000000063c800000, 0x000000063cc00000|  0%| F|  |TAMS 0x000000063c800000, 0x000000063c800000| Untracked 
| 243|0x000000063cc00000, 0x000000063cc00000, 0x000000063d000000|  0%| F|  |TAMS 0x000000063cc00000, 0x000000063cc00000| Untracked 
| 244|0x000000063d000000, 0x000000063d000000, 0x000000063d400000|  0%| F|  |TAMS 0x000000063d000000, 0x000000063d000000| Untracked 
| 245|0x000000063d400000, 0x000000063d400000, 0x000000063d800000|  0%| F|  |TAMS 0x000000063d400000, 0x000000063d400000| Untracked 
| 246|0x000000063d800000, 0x000000063d800000, 0x000000063dc00000|  0%| F|  |TAMS 0x000000063d800000, 0x000000063d800000| Untracked 
| 247|0x000000063dc00000, 0x000000063dc00000, 0x000000063e000000|  0%| F|  |TAMS 0x000000063dc00000, 0x000000063dc00000| Untracked 
| 248|0x000000063e000000, 0x000000063e000000, 0x000000063e400000|  0%| F|  |TAMS 0x000000063e000000, 0x000000063e000000| Untracked 
| 249|0x000000063e400000, 0x000000063e400000, 0x000000063e800000|  0%| F|  |TAMS 0x000000063e400000, 0x000000063e400000| Untracked 
| 250|0x000000063e800000, 0x000000063e800000, 0x000000063ec00000|  0%| F|  |TAMS 0x000000063e800000, 0x000000063e800000| Untracked 
| 251|0x000000063ec00000, 0x000000063ec00000, 0x000000063f000000|  0%| F|  |TAMS 0x000000063ec00000, 0x000000063ec00000| Untracked 
| 252|0x000000063f000000, 0x000000063f000000, 0x000000063f400000|  0%| F|  |TAMS 0x000000063f000000, 0x000000063f000000| Untracked 
| 253|0x000000063f400000, 0x000000063f400000, 0x000000063f800000|  0%| F|  |TAMS 0x000000063f400000, 0x000000063f400000| Untracked 
| 254|0x000000063f800000, 0x000000063f800000, 0x000000063fc00000|  0%| F|  |TAMS 0x000000063f800000, 0x000000063f800000| Untracked 
| 255|0x000000063fc00000, 0x000000063fc00000, 0x0000000640000000|  0%| F|  |TAMS 0x000000063fc00000, 0x000000063fc00000| Untracked 
| 256|0x0000000640000000, 0x0000000640000000, 0x0000000640400000|  0%| F|  |TAMS 0x0000000640000000, 0x0000000640000000| Untracked 
| 257|0x0000000640400000, 0x0000000640400000, 0x0000000640800000|  0%| F|  |TAMS 0x0000000640400000, 0x0000000640400000| Untracked 
| 258|0x0000000640800000, 0x0000000640800000, 0x0000000640c00000|  0%| F|  |TAMS 0x0000000640800000, 0x0000000640800000| Untracked 
| 259|0x0000000640c00000, 0x0000000640c00000, 0x0000000641000000|  0%| F|  |TAMS 0x0000000640c00000, 0x0000000640c00000| Untracked 
| 260|0x0000000641000000, 0x0000000641000000, 0x0000000641400000|  0%| F|  |TAMS 0x0000000641000000, 0x0000000641000000| Untracked 
| 261|0x0000000641400000, 0x0000000641400000, 0x0000000641800000|  0%| F|  |TAMS 0x0000000641400000, 0x0000000641400000| Untracked 
| 262|0x0000000641800000, 0x0000000641800000, 0x0000000641c00000|  0%| F|  |TAMS 0x0000000641800000, 0x0000000641800000| Untracked 
| 263|0x0000000641c00000, 0x0000000641c00000, 0x0000000642000000|  0%| F|  |TAMS 0x0000000641c00000, 0x0000000641c00000| Untracked 
| 264|0x0000000642000000, 0x0000000642000000, 0x0000000642400000|  0%| F|  |TAMS 0x0000000642000000, 0x0000000642000000| Untracked 
| 265|0x0000000642400000, 0x0000000642400000, 0x0000000642800000|  0%| F|  |TAMS 0x0000000642400000, 0x0000000642400000| Untracked 
| 266|0x0000000642800000, 0x0000000642800000, 0x0000000642c00000|  0%| F|  |TAMS 0x0000000642800000, 0x0000000642800000| Untracked 
| 267|0x0000000642c00000, 0x0000000642c00000, 0x0000000643000000|  0%| F|  |TAMS 0x0000000642c00000, 0x0000000642c00000| Untracked 
| 268|0x0000000643000000, 0x0000000643000000, 0x0000000643400000|  0%| F|  |TAMS 0x0000000643000000, 0x0000000643000000| Untracked 
| 269|0x0000000643400000, 0x0000000643400000, 0x0000000643800000|  0%| F|  |TAMS 0x0000000643400000, 0x0000000643400000| Untracked 
| 270|0x0000000643800000, 0x0000000643800000, 0x0000000643c00000|  0%| F|  |TAMS 0x0000000643800000, 0x0000000643800000| Untracked 
| 271|0x0000000643c00000, 0x0000000643c00000, 0x0000000644000000|  0%| F|  |TAMS 0x0000000643c00000, 0x0000000643c00000| Untracked 
| 272|0x0000000644000000, 0x0000000644000000, 0x0000000644400000|  0%| F|  |TAMS 0x0000000644000000, 0x0000000644000000| Untracked 
| 273|0x0000000644400000, 0x0000000644400000, 0x0000000644800000|  0%| F|  |TAMS 0x0000000644400000, 0x0000000644400000| Untracked 
| 274|0x0000000644800000, 0x0000000644800000, 0x0000000644c00000|  0%| F|  |TAMS 0x0000000644800000, 0x0000000644800000| Untracked 
| 275|0x0000000644c00000, 0x0000000644c00000, 0x0000000645000000|  0%| F|  |TAMS 0x0000000644c00000, 0x0000000644c00000| Untracked 
| 276|0x0000000645000000, 0x0000000645000000, 0x0000000645400000|  0%| F|  |TAMS 0x0000000645000000, 0x0000000645000000| Untracked 
| 277|0x0000000645400000, 0x0000000645400000, 0x0000000645800000|  0%| F|  |TAMS 0x0000000645400000, 0x0000000645400000| Untracked 
| 278|0x0000000645800000, 0x0000000645800000, 0x0000000645c00000|  0%| F|  |TAMS 0x0000000645800000, 0x0000000645800000| Untracked 
| 279|0x0000000645c00000, 0x0000000645c00000, 0x0000000646000000|  0%| F|  |TAMS 0x0000000645c00000, 0x0000000645c00000| Untracked 
| 280|0x0000000646000000, 0x0000000646000000, 0x0000000646400000|  0%| F|  |TAMS 0x0000000646000000, 0x0000000646000000| Untracked 
| 281|0x0000000646400000, 0x0000000646400000, 0x0000000646800000|  0%| F|  |TAMS 0x0000000646400000, 0x0000000646400000| Untracked 
| 282|0x0000000646800000, 0x0000000646800000, 0x0000000646c00000|  0%| F|  |TAMS 0x0000000646800000, 0x0000000646800000| Untracked 
| 283|0x0000000646c00000, 0x0000000646c00000, 0x0000000647000000|  0%| F|  |TAMS 0x0000000646c00000, 0x0000000646c00000| Untracked 
| 284|0x0000000647000000, 0x0000000647000000, 0x0000000647400000|  0%| F|  |TAMS 0x0000000647000000, 0x0000000647000000| Untracked 
| 285|0x0000000647400000, 0x0000000647400000, 0x0000000647800000|  0%| F|  |TAMS 0x0000000647400000, 0x0000000647400000| Untracked 
| 286|0x0000000647800000, 0x0000000647800000, 0x0000000647c00000|  0%| F|  |TAMS 0x0000000647800000, 0x0000000647800000| Untracked 
| 287|0x0000000647c00000, 0x0000000647c00000, 0x0000000648000000|  0%| F|  |TAMS 0x0000000647c00000, 0x0000000647c00000| Untracked 
| 288|0x0000000648000000, 0x0000000648000000, 0x0000000648400000|  0%| F|  |TAMS 0x0000000648000000, 0x0000000648000000| Untracked 
| 289|0x0000000648400000, 0x0000000648400000, 0x0000000648800000|  0%| F|  |TAMS 0x0000000648400000, 0x0000000648400000| Untracked 
| 290|0x0000000648800000, 0x0000000648800000, 0x0000000648c00000|  0%| F|  |TAMS 0x0000000648800000, 0x0000000648800000| Untracked 
| 291|0x0000000648c00000, 0x0000000648c00000, 0x0000000649000000|  0%| F|  |TAMS 0x0000000648c00000, 0x0000000648c00000| Untracked 
| 292|0x0000000649000000, 0x0000000649000000, 0x0000000649400000|  0%| F|  |TAMS 0x0000000649000000, 0x0000000649000000| Untracked 
| 293|0x0000000649400000, 0x0000000649400000, 0x0000000649800000|  0%| F|  |TAMS 0x0000000649400000, 0x0000000649400000| Untracked 
| 294|0x0000000649800000, 0x0000000649800000, 0x0000000649c00000|  0%| F|  |TAMS 0x0000000649800000, 0x0000000649800000| Untracked 
| 295|0x0000000649c00000, 0x0000000649c00000, 0x000000064a000000|  0%| F|  |TAMS 0x0000000649c00000, 0x0000000649c00000| Untracked 
| 296|0x000000064a000000, 0x000000064a000000, 0x000000064a400000|  0%| F|  |TAMS 0x000000064a000000, 0x000000064a000000| Untracked 
| 297|0x000000064a400000, 0x000000064a400000, 0x000000064a800000|  0%| F|  |TAMS 0x000000064a400000, 0x000000064a400000| Untracked 
| 298|0x000000064a800000, 0x000000064a800000, 0x000000064ac00000|  0%| F|  |TAMS 0x000000064a800000, 0x000000064a800000| Untracked 
| 299|0x000000064ac00000, 0x000000064ac00000, 0x000000064b000000|  0%| F|  |TAMS 0x000000064ac00000, 0x000000064ac00000| Untracked 
| 300|0x000000064b000000, 0x000000064b000000, 0x000000064b400000|  0%| F|  |TAMS 0x000000064b000000, 0x000000064b000000| Untracked 
| 301|0x000000064b400000, 0x000000064b400000, 0x000000064b800000|  0%| F|  |TAMS 0x000000064b400000, 0x000000064b400000| Untracked 
| 302|0x000000064b800000, 0x000000064b800000, 0x000000064bc00000|  0%| F|  |TAMS 0x000000064b800000, 0x000000064b800000| Untracked 
| 303|0x000000064bc00000, 0x000000064bc00000, 0x000000064c000000|  0%| F|  |TAMS 0x000000064bc00000, 0x000000064bc00000| Untracked 
| 304|0x000000064c000000, 0x000000064c000000, 0x000000064c400000|  0%| F|  |TAMS 0x000000064c000000, 0x000000064c000000| Untracked 
| 305|0x000000064c400000, 0x000000064c400000, 0x000000064c800000|  0%| F|  |TAMS 0x000000064c400000, 0x000000064c400000| Untracked 
| 306|0x000000064c800000, 0x000000064c800000, 0x000000064cc00000|  0%| F|  |TAMS 0x000000064c800000, 0x000000064c800000| Untracked 
| 307|0x000000064cc00000, 0x000000064cc00000, 0x000000064d000000|  0%| F|  |TAMS 0x000000064cc00000, 0x000000064cc00000| Untracked 
| 308|0x000000064d000000, 0x000000064d000000, 0x000000064d400000|  0%| F|  |TAMS 0x000000064d000000, 0x000000064d000000| Untracked 
| 309|0x000000064d400000, 0x000000064d400000, 0x000000064d800000|  0%| F|  |TAMS 0x000000064d400000, 0x000000064d400000| Untracked 
| 310|0x000000064d800000, 0x000000064d800000, 0x000000064dc00000|  0%| F|  |TAMS 0x000000064d800000, 0x000000064d800000| Untracked 
| 311|0x000000064dc00000, 0x000000064dc00000, 0x000000064e000000|  0%| F|  |TAMS 0x000000064dc00000, 0x000000064dc00000| Untracked 
| 312|0x000000064e000000, 0x000000064e000000, 0x000000064e400000|  0%| F|  |TAMS 0x000000064e000000, 0x000000064e000000| Untracked 
| 313|0x000000064e400000, 0x000000064e400000, 0x000000064e800000|  0%| F|  |TAMS 0x000000064e400000, 0x000000064e400000| Untracked 
| 314|0x000000064e800000, 0x000000064e800000, 0x000000064ec00000|  0%| F|  |TAMS 0x000000064e800000, 0x000000064e800000| Untracked 
| 315|0x000000064ec00000, 0x000000064ec00000, 0x000000064f000000|  0%| F|  |TAMS 0x000000064ec00000, 0x000000064ec00000| Untracked 
| 316|0x000000064f000000, 0x000000064f000000, 0x000000064f400000|  0%| F|  |TAMS 0x000000064f000000, 0x000000064f000000| Untracked 
| 317|0x000000064f400000, 0x000000064f400000, 0x000000064f800000|  0%| F|  |TAMS 0x000000064f400000, 0x000000064f400000| Untracked 
| 318|0x000000064f800000, 0x000000064f800000, 0x000000064fc00000|  0%| F|  |TAMS 0x000000064f800000, 0x000000064f800000| Untracked 
| 319|0x000000064fc00000, 0x000000064fc00000, 0x0000000650000000|  0%| F|  |TAMS 0x000000064fc00000, 0x000000064fc00000| Untracked 
| 320|0x0000000650000000, 0x0000000650000000, 0x0000000650400000|  0%| F|  |TAMS 0x0000000650000000, 0x0000000650000000| Untracked 
| 321|0x0000000650400000, 0x0000000650400000, 0x0000000650800000|  0%| F|  |TAMS 0x0000000650400000, 0x0000000650400000| Untracked 
| 322|0x0000000650800000, 0x0000000650800000, 0x0000000650c00000|  0%| F|  |TAMS 0x0000000650800000, 0x0000000650800000| Untracked 
| 323|0x0000000650c00000, 0x0000000650c00000, 0x0000000651000000|  0%| F|  |TAMS 0x0000000650c00000, 0x0000000650c00000| Untracked 
| 324|0x0000000651000000, 0x0000000651000000, 0x0000000651400000|  0%| F|  |TAMS 0x0000000651000000, 0x0000000651000000| Untracked 
| 325|0x0000000651400000, 0x0000000651400000, 0x0000000651800000|  0%| F|  |TAMS 0x0000000651400000, 0x0000000651400000| Untracked 
| 326|0x0000000651800000, 0x0000000651800000, 0x0000000651c00000|  0%| F|  |TAMS 0x0000000651800000, 0x0000000651800000| Untracked 
| 327|0x0000000651c00000, 0x0000000651c00000, 0x0000000652000000|  0%| F|  |TAMS 0x0000000651c00000, 0x0000000651c00000| Untracked 
| 328|0x0000000652000000, 0x0000000652000000, 0x0000000652400000|  0%| F|  |TAMS 0x0000000652000000, 0x0000000652000000| Untracked 
| 329|0x0000000652400000, 0x0000000652400000, 0x0000000652800000|  0%| F|  |TAMS 0x0000000652400000, 0x0000000652400000| Untracked 
| 330|0x0000000652800000, 0x0000000652800000, 0x0000000652c00000|  0%| F|  |TAMS 0x0000000652800000, 0x0000000652800000| Untracked 
| 331|0x0000000652c00000, 0x0000000652c00000, 0x0000000653000000|  0%| F|  |TAMS 0x0000000652c00000, 0x0000000652c00000| Untracked 
| 332|0x0000000653000000, 0x0000000653000000, 0x0000000653400000|  0%| F|  |TAMS 0x0000000653000000, 0x0000000653000000| Untracked 
| 333|0x0000000653400000, 0x0000000653400000, 0x0000000653800000|  0%| F|  |TAMS 0x0000000653400000, 0x0000000653400000| Untracked 
| 334|0x0000000653800000, 0x0000000653800000, 0x0000000653c00000|  0%| F|  |TAMS 0x0000000653800000, 0x0000000653800000| Untracked 
| 335|0x0000000653c00000, 0x0000000653c00000, 0x0000000654000000|  0%| F|  |TAMS 0x0000000653c00000, 0x0000000653c00000| Untracked 
| 336|0x0000000654000000, 0x0000000654000000, 0x0000000654400000|  0%| F|  |TAMS 0x0000000654000000, 0x0000000654000000| Untracked 
| 337|0x0000000654400000, 0x0000000654400000, 0x0000000654800000|  0%| F|  |TAMS 0x0000000654400000, 0x0000000654400000| Untracked 
| 338|0x0000000654800000, 0x0000000654800000, 0x0000000654c00000|  0%| F|  |TAMS 0x0000000654800000, 0x0000000654800000| Untracked 
| 339|0x0000000654c00000, 0x0000000654c00000, 0x0000000655000000|  0%| F|  |TAMS 0x0000000654c00000, 0x0000000654c00000| Untracked 
| 340|0x0000000655000000, 0x0000000655000000, 0x0000000655400000|  0%| F|  |TAMS 0x0000000655000000, 0x0000000655000000| Untracked 
| 341|0x0000000655400000, 0x0000000655400000, 0x0000000655800000|  0%| F|  |TAMS 0x0000000655400000, 0x0000000655400000| Untracked 
| 342|0x0000000655800000, 0x0000000655800000, 0x0000000655c00000|  0%| F|  |TAMS 0x0000000655800000, 0x0000000655800000| Untracked 
| 343|0x0000000655c00000, 0x0000000655c00000, 0x0000000656000000|  0%| F|  |TAMS 0x0000000655c00000, 0x0000000655c00000| Untracked 
| 344|0x0000000656000000, 0x0000000656000000, 0x0000000656400000|  0%| F|  |TAMS 0x0000000656000000, 0x0000000656000000| Untracked 
| 345|0x0000000656400000, 0x0000000656400000, 0x0000000656800000|  0%| F|  |TAMS 0x0000000656400000, 0x0000000656400000| Untracked 
| 346|0x0000000656800000, 0x0000000656800000, 0x0000000656c00000|  0%| F|  |TAMS 0x0000000656800000, 0x0000000656800000| Untracked 
| 347|0x0000000656c00000, 0x0000000656c00000, 0x0000000657000000|  0%| F|  |TAMS 0x0000000656c00000, 0x0000000656c00000| Untracked 
| 348|0x0000000657000000, 0x0000000657000000, 0x0000000657400000|  0%| F|  |TAMS 0x0000000657000000, 0x0000000657000000| Untracked 
| 349|0x0000000657400000, 0x0000000657400000, 0x0000000657800000|  0%| F|  |TAMS 0x0000000657400000, 0x0000000657400000| Untracked 
| 350|0x0000000657800000, 0x0000000657800000, 0x0000000657c00000|  0%| F|  |TAMS 0x0000000657800000, 0x0000000657800000| Untracked 
| 351|0x0000000657c00000, 0x0000000657c00000, 0x0000000658000000|  0%| F|  |TAMS 0x0000000657c00000, 0x0000000657c00000| Untracked 
| 352|0x0000000658000000, 0x0000000658000000, 0x0000000658400000|  0%| F|  |TAMS 0x0000000658000000, 0x0000000658000000| Untracked 
| 353|0x0000000658400000, 0x0000000658400000, 0x0000000658800000|  0%| F|  |TAMS 0x0000000658400000, 0x0000000658400000| Untracked 
| 354|0x0000000658800000, 0x0000000658800000, 0x0000000658c00000|  0%| F|  |TAMS 0x0000000658800000, 0x0000000658800000| Untracked 
| 355|0x0000000658c00000, 0x0000000658c00000, 0x0000000659000000|  0%| F|  |TAMS 0x0000000658c00000, 0x0000000658c00000| Untracked 
| 356|0x0000000659000000, 0x0000000659000000, 0x0000000659400000|  0%| F|  |TAMS 0x0000000659000000, 0x0000000659000000| Untracked 
| 357|0x0000000659400000, 0x0000000659400000, 0x0000000659800000|  0%| F|  |TAMS 0x0000000659400000, 0x0000000659400000| Untracked 
| 358|0x0000000659800000, 0x0000000659800000, 0x0000000659c00000|  0%| F|  |TAMS 0x0000000659800000, 0x0000000659800000| Untracked 
| 359|0x0000000659c00000, 0x0000000659c00000, 0x000000065a000000|  0%| F|  |TAMS 0x0000000659c00000, 0x0000000659c00000| Untracked 
| 360|0x000000065a000000, 0x000000065a000000, 0x000000065a400000|  0%| F|  |TAMS 0x000000065a000000, 0x000000065a000000| Untracked 
| 361|0x000000065a400000, 0x000000065a400000, 0x000000065a800000|  0%| F|  |TAMS 0x000000065a400000, 0x000000065a400000| Untracked 
| 362|0x000000065a800000, 0x000000065a800000, 0x000000065ac00000|  0%| F|  |TAMS 0x000000065a800000, 0x000000065a800000| Untracked 
| 363|0x000000065ac00000, 0x000000065ac00000, 0x000000065b000000|  0%| F|  |TAMS 0x000000065ac00000, 0x000000065ac00000| Untracked 
| 364|0x000000065b000000, 0x000000065b000000, 0x000000065b400000|  0%| F|  |TAMS 0x000000065b000000, 0x000000065b000000| Untracked 
| 365|0x000000065b400000, 0x000000065b400000, 0x000000065b800000|  0%| F|  |TAMS 0x000000065b400000, 0x000000065b400000| Untracked 
| 366|0x000000065b800000, 0x000000065b800000, 0x000000065bc00000|  0%| F|  |TAMS 0x000000065b800000, 0x000000065b800000| Untracked 
| 367|0x000000065bc00000, 0x000000065bc00000, 0x000000065c000000|  0%| F|  |TAMS 0x000000065bc00000, 0x000000065bc00000| Untracked 
| 368|0x000000065c000000, 0x000000065c000000, 0x000000065c400000|  0%| F|  |TAMS 0x000000065c000000, 0x000000065c000000| Untracked 
| 369|0x000000065c400000, 0x000000065c400000, 0x000000065c800000|  0%| F|  |TAMS 0x000000065c400000, 0x000000065c400000| Untracked 
| 370|0x000000065c800000, 0x000000065c800000, 0x000000065cc00000|  0%| F|  |TAMS 0x000000065c800000, 0x000000065c800000| Untracked 
| 371|0x000000065cc00000, 0x000000065cc00000, 0x000000065d000000|  0%| F|  |TAMS 0x000000065cc00000, 0x000000065cc00000| Untracked 
| 372|0x000000065d000000, 0x000000065d000000, 0x000000065d400000|  0%| F|  |TAMS 0x000000065d000000, 0x000000065d000000| Untracked 
| 373|0x000000065d400000, 0x000000065d400000, 0x000000065d800000|  0%| F|  |TAMS 0x000000065d400000, 0x000000065d400000| Untracked 
| 374|0x000000065d800000, 0x000000065d800000, 0x000000065dc00000|  0%| F|  |TAMS 0x000000065d800000, 0x000000065d800000| Untracked 
| 375|0x000000065dc00000, 0x000000065dc00000, 0x000000065e000000|  0%| F|  |TAMS 0x000000065dc00000, 0x000000065dc00000| Untracked 
| 376|0x000000065e000000, 0x000000065e000000, 0x000000065e400000|  0%| F|  |TAMS 0x000000065e000000, 0x000000065e000000| Untracked 
| 377|0x000000065e400000, 0x000000065e400000, 0x000000065e800000|  0%| F|  |TAMS 0x000000065e400000, 0x000000065e400000| Untracked 
| 378|0x000000065e800000, 0x000000065e800000, 0x000000065ec00000|  0%| F|  |TAMS 0x000000065e800000, 0x000000065e800000| Untracked 
| 379|0x000000065ec00000, 0x000000065ec00000, 0x000000065f000000|  0%| F|  |TAMS 0x000000065ec00000, 0x000000065ec00000| Untracked 
| 380|0x000000065f000000, 0x000000065f000000, 0x000000065f400000|  0%| F|  |TAMS 0x000000065f000000, 0x000000065f000000| Untracked 
| 381|0x000000065f400000, 0x000000065f400000, 0x000000065f800000|  0%| F|  |TAMS 0x000000065f400000, 0x000000065f400000| Untracked 
| 382|0x000000065f800000, 0x000000065f800000, 0x000000065fc00000|  0%| F|  |TAMS 0x000000065f800000, 0x000000065f800000| Untracked 
| 383|0x000000065fc00000, 0x000000065fc00000, 0x0000000660000000|  0%| F|  |TAMS 0x000000065fc00000, 0x000000065fc00000| Untracked 
| 384|0x0000000660000000, 0x0000000660000000, 0x0000000660400000|  0%| F|  |TAMS 0x0000000660000000, 0x0000000660000000| Untracked 
| 385|0x0000000660400000, 0x0000000660400000, 0x0000000660800000|  0%| F|  |TAMS 0x0000000660400000, 0x0000000660400000| Untracked 
| 386|0x0000000660800000, 0x0000000660800000, 0x0000000660c00000|  0%| F|  |TAMS 0x0000000660800000, 0x0000000660800000| Untracked 
| 387|0x0000000660c00000, 0x0000000660c00000, 0x0000000661000000|  0%| F|  |TAMS 0x0000000660c00000, 0x0000000660c00000| Untracked 
| 388|0x0000000661000000, 0x0000000661000000, 0x0000000661400000|  0%| F|  |TAMS 0x0000000661000000, 0x0000000661000000| Untracked 
| 389|0x0000000661400000, 0x0000000661400000, 0x0000000661800000|  0%| F|  |TAMS 0x0000000661400000, 0x0000000661400000| Untracked 
| 390|0x0000000661800000, 0x0000000661800000, 0x0000000661c00000|  0%| F|  |TAMS 0x0000000661800000, 0x0000000661800000| Untracked 
| 391|0x0000000661c00000, 0x0000000661c00000, 0x0000000662000000|  0%| F|  |TAMS 0x0000000661c00000, 0x0000000661c00000| Untracked 
| 392|0x0000000662000000, 0x0000000662000000, 0x0000000662400000|  0%| F|  |TAMS 0x0000000662000000, 0x0000000662000000| Untracked 
| 393|0x0000000662400000, 0x0000000662400000, 0x0000000662800000|  0%| F|  |TAMS 0x0000000662400000, 0x0000000662400000| Untracked 
| 394|0x0000000662800000, 0x0000000662800000, 0x0000000662c00000|  0%| F|  |TAMS 0x0000000662800000, 0x0000000662800000| Untracked 
| 395|0x0000000662c00000, 0x0000000662c00000, 0x0000000663000000|  0%| F|  |TAMS 0x0000000662c00000, 0x0000000662c00000| Untracked 
| 396|0x0000000663000000, 0x0000000663000000, 0x0000000663400000|  0%| F|  |TAMS 0x0000000663000000, 0x0000000663000000| Untracked 
| 397|0x0000000663400000, 0x0000000663400000, 0x0000000663800000|  0%| F|  |TAMS 0x0000000663400000, 0x0000000663400000| Untracked 
| 398|0x0000000663800000, 0x0000000663800000, 0x0000000663c00000|  0%| F|  |TAMS 0x0000000663800000, 0x0000000663800000| Untracked 
| 399|0x0000000663c00000, 0x0000000663c00000, 0x0000000664000000|  0%| F|  |TAMS 0x0000000663c00000, 0x0000000663c00000| Untracked 
| 400|0x0000000664000000, 0x0000000664000000, 0x0000000664400000|  0%| F|  |TAMS 0x0000000664000000, 0x0000000664000000| Untracked 
| 401|0x0000000664400000, 0x0000000664400000, 0x0000000664800000|  0%| F|  |TAMS 0x0000000664400000, 0x0000000664400000| Untracked 
| 402|0x0000000664800000, 0x0000000664800000, 0x0000000664c00000|  0%| F|  |TAMS 0x0000000664800000, 0x0000000664800000| Untracked 
| 403|0x0000000664c00000, 0x0000000664c00000, 0x0000000665000000|  0%| F|  |TAMS 0x0000000664c00000, 0x0000000664c00000| Untracked 
| 404|0x0000000665000000, 0x0000000665000000, 0x0000000665400000|  0%| F|  |TAMS 0x0000000665000000, 0x0000000665000000| Untracked 
| 405|0x0000000665400000, 0x0000000665400000, 0x0000000665800000|  0%| F|  |TAMS 0x0000000665400000, 0x0000000665400000| Untracked 
| 406|0x0000000665800000, 0x0000000665800000, 0x0000000665c00000|  0%| F|  |TAMS 0x0000000665800000, 0x0000000665800000| Untracked 
| 407|0x0000000665c00000, 0x0000000665c00000, 0x0000000666000000|  0%| F|  |TAMS 0x0000000665c00000, 0x0000000665c00000| Untracked 
| 408|0x0000000666000000, 0x0000000666000000, 0x0000000666400000|  0%| F|  |TAMS 0x0000000666000000, 0x0000000666000000| Untracked 
| 409|0x0000000666400000, 0x0000000666400000, 0x0000000666800000|  0%| F|  |TAMS 0x0000000666400000, 0x0000000666400000| Untracked 
| 410|0x0000000666800000, 0x0000000666800000, 0x0000000666c00000|  0%| F|  |TAMS 0x0000000666800000, 0x0000000666800000| Untracked 
| 411|0x0000000666c00000, 0x0000000666c00000, 0x0000000667000000|  0%| F|  |TAMS 0x0000000666c00000, 0x0000000666c00000| Untracked 
| 412|0x0000000667000000, 0x0000000667000000, 0x0000000667400000|  0%| F|  |TAMS 0x0000000667000000, 0x0000000667000000| Untracked 
| 413|0x0000000667400000, 0x0000000667400000, 0x0000000667800000|  0%| F|  |TAMS 0x0000000667400000, 0x0000000667400000| Untracked 
| 414|0x0000000667800000, 0x0000000667800000, 0x0000000667c00000|  0%| F|  |TAMS 0x0000000667800000, 0x0000000667800000| Untracked 
| 415|0x0000000667c00000, 0x0000000667c00000, 0x0000000668000000|  0%| F|  |TAMS 0x0000000667c00000, 0x0000000667c00000| Untracked 
| 416|0x0000000668000000, 0x0000000668000000, 0x0000000668400000|  0%| F|  |TAMS 0x0000000668000000, 0x0000000668000000| Untracked 
| 417|0x0000000668400000, 0x0000000668400000, 0x0000000668800000|  0%| F|  |TAMS 0x0000000668400000, 0x0000000668400000| Untracked 
| 418|0x0000000668800000, 0x0000000668800000, 0x0000000668c00000|  0%| F|  |TAMS 0x0000000668800000, 0x0000000668800000| Untracked 
| 419|0x0000000668c00000, 0x0000000668c00000, 0x0000000669000000|  0%| F|  |TAMS 0x0000000668c00000, 0x0000000668c00000| Untracked 
| 420|0x0000000669000000, 0x0000000669000000, 0x0000000669400000|  0%| F|  |TAMS 0x0000000669000000, 0x0000000669000000| Untracked 
| 421|0x0000000669400000, 0x0000000669400000, 0x0000000669800000|  0%| F|  |TAMS 0x0000000669400000, 0x0000000669400000| Untracked 
| 422|0x0000000669800000, 0x0000000669800000, 0x0000000669c00000|  0%| F|  |TAMS 0x0000000669800000, 0x0000000669800000| Untracked 
| 423|0x0000000669c00000, 0x0000000669c00000, 0x000000066a000000|  0%| F|  |TAMS 0x0000000669c00000, 0x0000000669c00000| Untracked 
| 424|0x000000066a000000, 0x000000066a000000, 0x000000066a400000|  0%| F|  |TAMS 0x000000066a000000, 0x000000066a000000| Untracked 
| 425|0x000000066a400000, 0x000000066a400000, 0x000000066a800000|  0%| F|  |TAMS 0x000000066a400000, 0x000000066a400000| Untracked 
| 426|0x000000066a800000, 0x000000066a800000, 0x000000066ac00000|  0%| F|  |TAMS 0x000000066a800000, 0x000000066a800000| Untracked 
| 427|0x000000066ac00000, 0x000000066ac00000, 0x000000066b000000|  0%| F|  |TAMS 0x000000066ac00000, 0x000000066ac00000| Untracked 
| 428|0x000000066b000000, 0x000000066b000000, 0x000000066b400000|  0%| F|  |TAMS 0x000000066b000000, 0x000000066b000000| Untracked 
| 429|0x000000066b400000, 0x000000066b400000, 0x000000066b800000|  0%| F|  |TAMS 0x000000066b400000, 0x000000066b400000| Untracked 
| 430|0x000000066b800000, 0x000000066b800000, 0x000000066bc00000|  0%| F|  |TAMS 0x000000066b800000, 0x000000066b800000| Untracked 
| 431|0x000000066bc00000, 0x000000066bc00000, 0x000000066c000000|  0%| F|  |TAMS 0x000000066bc00000, 0x000000066bc00000| Untracked 
| 432|0x000000066c000000, 0x000000066c000000, 0x000000066c400000|  0%| F|  |TAMS 0x000000066c000000, 0x000000066c000000| Untracked 
| 433|0x000000066c400000, 0x000000066c400000, 0x000000066c800000|  0%| F|  |TAMS 0x000000066c400000, 0x000000066c400000| Untracked 
| 434|0x000000066c800000, 0x000000066c800000, 0x000000066cc00000|  0%| F|  |TAMS 0x000000066c800000, 0x000000066c800000| Untracked 
| 435|0x000000066cc00000, 0x000000066cc00000, 0x000000066d000000|  0%| F|  |TAMS 0x000000066cc00000, 0x000000066cc00000| Untracked 
| 436|0x000000066d000000, 0x000000066d000000, 0x000000066d400000|  0%| F|  |TAMS 0x000000066d000000, 0x000000066d000000| Untracked 
| 437|0x000000066d400000, 0x000000066d400000, 0x000000066d800000|  0%| F|  |TAMS 0x000000066d400000, 0x000000066d400000| Untracked 
| 438|0x000000066d800000, 0x000000066d800000, 0x000000066dc00000|  0%| F|  |TAMS 0x000000066d800000, 0x000000066d800000| Untracked 
| 439|0x000000066dc00000, 0x000000066dc00000, 0x000000066e000000|  0%| F|  |TAMS 0x000000066dc00000, 0x000000066dc00000| Untracked 
| 440|0x000000066e000000, 0x000000066e000000, 0x000000066e400000|  0%| F|  |TAMS 0x000000066e000000, 0x000000066e000000| Untracked 
| 441|0x000000066e400000, 0x000000066e400000, 0x000000066e800000|  0%| F|  |TAMS 0x000000066e400000, 0x000000066e400000| Untracked 
| 442|0x000000066e800000, 0x000000066e800000, 0x000000066ec00000|  0%| F|  |TAMS 0x000000066e800000, 0x000000066e800000| Untracked 
| 443|0x000000066ec00000, 0x000000066ec00000, 0x000000066f000000|  0%| F|  |TAMS 0x000000066ec00000, 0x000000066ec00000| Untracked 
| 444|0x000000066f000000, 0x000000066f000000, 0x000000066f400000|  0%| F|  |TAMS 0x000000066f000000, 0x000000066f000000| Untracked 
| 445|0x000000066f400000, 0x000000066f400000, 0x000000066f800000|  0%| F|  |TAMS 0x000000066f400000, 0x000000066f400000| Untracked 
| 446|0x000000066f800000, 0x000000066f800000, 0x000000066fc00000|  0%| F|  |TAMS 0x000000066f800000, 0x000000066f800000| Untracked 
| 447|0x000000066fc00000, 0x000000066fc00000, 0x0000000670000000|  0%| F|  |TAMS 0x000000066fc00000, 0x000000066fc00000| Untracked 
| 448|0x0000000670000000, 0x0000000670000000, 0x0000000670400000|  0%| F|  |TAMS 0x0000000670000000, 0x0000000670000000| Untracked 
| 449|0x0000000670400000, 0x0000000670400000, 0x0000000670800000|  0%| F|  |TAMS 0x0000000670400000, 0x0000000670400000| Untracked 
| 450|0x0000000670800000, 0x0000000670800000, 0x0000000670c00000|  0%| F|  |TAMS 0x0000000670800000, 0x0000000670800000| Untracked 
| 451|0x0000000670c00000, 0x0000000670c00000, 0x0000000671000000|  0%| F|  |TAMS 0x0000000670c00000, 0x0000000670c00000| Untracked 
| 452|0x0000000671000000, 0x0000000671000000, 0x0000000671400000|  0%| F|  |TAMS 0x0000000671000000, 0x0000000671000000| Untracked 
| 453|0x0000000671400000, 0x0000000671400000, 0x0000000671800000|  0%| F|  |TAMS 0x0000000671400000, 0x0000000671400000| Untracked 
| 454|0x0000000671800000, 0x0000000671800000, 0x0000000671c00000|  0%| F|  |TAMS 0x0000000671800000, 0x0000000671800000| Untracked 
| 455|0x0000000671c00000, 0x0000000671c00000, 0x0000000672000000|  0%| F|  |TAMS 0x0000000671c00000, 0x0000000671c00000| Untracked 
| 456|0x0000000672000000, 0x0000000672000000, 0x0000000672400000|  0%| F|  |TAMS 0x0000000672000000, 0x0000000672000000| Untracked 
| 457|0x0000000672400000, 0x0000000672400000, 0x0000000672800000|  0%| F|  |TAMS 0x0000000672400000, 0x0000000672400000| Untracked 
| 458|0x0000000672800000, 0x0000000672800000, 0x0000000672c00000|  0%| F|  |TAMS 0x0000000672800000, 0x0000000672800000| Untracked 
| 459|0x0000000672c00000, 0x0000000672c00000, 0x0000000673000000|  0%| F|  |TAMS 0x0000000672c00000, 0x0000000672c00000| Untracked 
| 460|0x0000000673000000, 0x0000000673000000, 0x0000000673400000|  0%| F|  |TAMS 0x0000000673000000, 0x0000000673000000| Untracked 
| 461|0x0000000673400000, 0x0000000673400000, 0x0000000673800000|  0%| F|  |TAMS 0x0000000673400000, 0x0000000673400000| Untracked 
| 462|0x0000000673800000, 0x0000000673800000, 0x0000000673c00000|  0%| F|  |TAMS 0x0000000673800000, 0x0000000673800000| Untracked 
| 463|0x0000000673c00000, 0x0000000673c00000, 0x0000000674000000|  0%| F|  |TAMS 0x0000000673c00000, 0x0000000673c00000| Untracked 
| 464|0x0000000674000000, 0x0000000674000000, 0x0000000674400000|  0%| F|  |TAMS 0x0000000674000000, 0x0000000674000000| Untracked 
| 465|0x0000000674400000, 0x0000000674400000, 0x0000000674800000|  0%| F|  |TAMS 0x0000000674400000, 0x0000000674400000| Untracked 
| 466|0x0000000674800000, 0x0000000674800000, 0x0000000674c00000|  0%| F|  |TAMS 0x0000000674800000, 0x0000000674800000| Untracked 
| 467|0x0000000674c00000, 0x0000000674c00000, 0x0000000675000000|  0%| F|  |TAMS 0x0000000674c00000, 0x0000000674c00000| Untracked 
| 468|0x0000000675000000, 0x0000000675000000, 0x0000000675400000|  0%| F|  |TAMS 0x0000000675000000, 0x0000000675000000| Untracked 
| 469|0x0000000675400000, 0x0000000675400000, 0x0000000675800000|  0%| F|  |TAMS 0x0000000675400000, 0x0000000675400000| Untracked 
| 470|0x0000000675800000, 0x0000000675800000, 0x0000000675c00000|  0%| F|  |TAMS 0x0000000675800000, 0x0000000675800000| Untracked 
| 471|0x0000000675c00000, 0x0000000675c00000, 0x0000000676000000|  0%| F|  |TAMS 0x0000000675c00000, 0x0000000675c00000| Untracked 
| 472|0x0000000676000000, 0x0000000676000000, 0x0000000676400000|  0%| F|  |TAMS 0x0000000676000000, 0x0000000676000000| Untracked 
| 473|0x0000000676400000, 0x0000000676400000, 0x0000000676800000|  0%| F|  |TAMS 0x0000000676400000, 0x0000000676400000| Untracked 
| 474|0x0000000676800000, 0x0000000676800000, 0x0000000676c00000|  0%| F|  |TAMS 0x0000000676800000, 0x0000000676800000| Untracked 
| 475|0x0000000676c00000, 0x0000000676c00000, 0x0000000677000000|  0%| F|  |TAMS 0x0000000676c00000, 0x0000000676c00000| Untracked 
| 476|0x0000000677000000, 0x0000000677000000, 0x0000000677400000|  0%| F|  |TAMS 0x0000000677000000, 0x0000000677000000| Untracked 
| 477|0x0000000677400000, 0x0000000677400000, 0x0000000677800000|  0%| F|  |TAMS 0x0000000677400000, 0x0000000677400000| Untracked 
| 478|0x0000000677800000, 0x0000000677800000, 0x0000000677c00000|  0%| F|  |TAMS 0x0000000677800000, 0x0000000677800000| Untracked 
| 479|0x0000000677c00000, 0x0000000677c00000, 0x0000000678000000|  0%| F|  |TAMS 0x0000000677c00000, 0x0000000677c00000| Untracked 
| 480|0x0000000678000000, 0x0000000678000000, 0x0000000678400000|  0%| F|  |TAMS 0x0000000678000000, 0x0000000678000000| Untracked 
| 481|0x0000000678400000, 0x0000000678400000, 0x0000000678800000|  0%| F|  |TAMS 0x0000000678400000, 0x0000000678400000| Untracked 
| 482|0x0000000678800000, 0x0000000678800000, 0x0000000678c00000|  0%| F|  |TAMS 0x0000000678800000, 0x0000000678800000| Untracked 
| 483|0x0000000678c00000, 0x0000000678c00000, 0x0000000679000000|  0%| F|  |TAMS 0x0000000678c00000, 0x0000000678c00000| Untracked 
| 484|0x0000000679000000, 0x0000000679000000, 0x0000000679400000|  0%| F|  |TAMS 0x0000000679000000, 0x0000000679000000| Untracked 
| 485|0x0000000679400000, 0x0000000679400000, 0x0000000679800000|  0%| F|  |TAMS 0x0000000679400000, 0x0000000679400000| Untracked 
| 486|0x0000000679800000, 0x0000000679800000, 0x0000000679c00000|  0%| F|  |TAMS 0x0000000679800000, 0x0000000679800000| Untracked 
| 487|0x0000000679c00000, 0x0000000679c00000, 0x000000067a000000|  0%| F|  |TAMS 0x0000000679c00000, 0x0000000679c00000| Untracked 
| 488|0x000000067a000000, 0x000000067a000000, 0x000000067a400000|  0%| F|  |TAMS 0x000000067a000000, 0x000000067a000000| Untracked 
| 489|0x000000067a400000, 0x000000067a400000, 0x000000067a800000|  0%| F|  |TAMS 0x000000067a400000, 0x000000067a400000| Untracked 
| 490|0x000000067a800000, 0x000000067a800000, 0x000000067ac00000|  0%| F|  |TAMS 0x000000067a800000, 0x000000067a800000| Untracked 
| 491|0x000000067ac00000, 0x000000067ac00000, 0x000000067b000000|  0%| F|  |TAMS 0x000000067ac00000, 0x000000067ac00000| Untracked 
| 492|0x000000067b000000, 0x000000067b000000, 0x000000067b400000|  0%| F|  |TAMS 0x000000067b000000, 0x000000067b000000| Untracked 
| 493|0x000000067b400000, 0x000000067b400000, 0x000000067b800000|  0%| F|  |TAMS 0x000000067b400000, 0x000000067b400000| Untracked 
| 494|0x000000067b800000, 0x000000067b800000, 0x000000067bc00000|  0%| F|  |TAMS 0x000000067b800000, 0x000000067b800000| Untracked 
| 495|0x000000067bc00000, 0x000000067bc00000, 0x000000067c000000|  0%| F|  |TAMS 0x000000067bc00000, 0x000000067bc00000| Untracked 
| 496|0x000000067c000000, 0x000000067c000000, 0x000000067c400000|  0%| F|  |TAMS 0x000000067c000000, 0x000000067c000000| Untracked 
| 497|0x000000067c400000, 0x000000067c400000, 0x000000067c800000|  0%| F|  |TAMS 0x000000067c400000, 0x000000067c400000| Untracked 
| 498|0x000000067c800000, 0x000000067c800000, 0x000000067cc00000|  0%| F|  |TAMS 0x000000067c800000, 0x000000067c800000| Untracked 
| 499|0x000000067cc00000, 0x000000067cc00000, 0x000000067d000000|  0%| F|  |TAMS 0x000000067cc00000, 0x000000067cc00000| Untracked 
| 500|0x000000067d000000, 0x000000067d000000, 0x000000067d400000|  0%| F|  |TAMS 0x000000067d000000, 0x000000067d000000| Untracked 
| 501|0x000000067d400000, 0x000000067d400000, 0x000000067d800000|  0%| F|  |TAMS 0x000000067d400000, 0x000000067d400000| Untracked 
| 502|0x000000067d800000, 0x000000067d800000, 0x000000067dc00000|  0%| F|  |TAMS 0x000000067d800000, 0x000000067d800000| Untracked 
| 503|0x000000067dc00000, 0x000000067dc00000, 0x000000067e000000|  0%| F|  |TAMS 0x000000067dc00000, 0x000000067dc00000| Untracked 
| 504|0x000000067e000000, 0x000000067e000000, 0x000000067e400000|  0%| F|  |TAMS 0x000000067e000000, 0x000000067e000000| Untracked 
| 505|0x000000067e400000, 0x000000067e400000, 0x000000067e800000|  0%| F|  |TAMS 0x000000067e400000, 0x000000067e400000| Untracked 
| 506|0x000000067e800000, 0x000000067e800000, 0x000000067ec00000|  0%| F|  |TAMS 0x000000067e800000, 0x000000067e800000| Untracked 
| 507|0x000000067ec00000, 0x000000067ec00000, 0x000000067f000000|  0%| F|  |TAMS 0x000000067ec00000, 0x000000067ec00000| Untracked 
| 508|0x000000067f000000, 0x000000067f000000, 0x000000067f400000|  0%| F|  |TAMS 0x000000067f000000, 0x000000067f000000| Untracked 
| 509|0x000000067f400000, 0x000000067f400000, 0x000000067f800000|  0%| F|  |TAMS 0x000000067f400000, 0x000000067f400000| Untracked 
| 510|0x000000067f800000, 0x000000067f800000, 0x000000067fc00000|  0%| F|  |TAMS 0x000000067f800000, 0x000000067f800000| Untracked 
| 511|0x000000067fc00000, 0x000000067fc00000, 0x0000000680000000|  0%| F|  |TAMS 0x000000067fc00000, 0x000000067fc00000| Untracked 
| 512|0x0000000680000000, 0x0000000680000000, 0x0000000680400000|  0%| F|  |TAMS 0x0000000680000000, 0x0000000680000000| Untracked 
| 513|0x0000000680400000, 0x0000000680400000, 0x0000000680800000|  0%| F|  |TAMS 0x0000000680400000, 0x0000000680400000| Untracked 
| 514|0x0000000680800000, 0x0000000680800000, 0x0000000680c00000|  0%| F|  |TAMS 0x0000000680800000, 0x0000000680800000| Untracked 
| 515|0x0000000680c00000, 0x0000000680c00000, 0x0000000681000000|  0%| F|  |TAMS 0x0000000680c00000, 0x0000000680c00000| Untracked 
| 516|0x0000000681000000, 0x0000000681000000, 0x0000000681400000|  0%| F|  |TAMS 0x0000000681000000, 0x0000000681000000| Untracked 
| 517|0x0000000681400000, 0x0000000681400000, 0x0000000681800000|  0%| F|  |TAMS 0x0000000681400000, 0x0000000681400000| Untracked 
| 518|0x0000000681800000, 0x0000000681800000, 0x0000000681c00000|  0%| F|  |TAMS 0x0000000681800000, 0x0000000681800000| Untracked 
| 519|0x0000000681c00000, 0x0000000681c00000, 0x0000000682000000|  0%| F|  |TAMS 0x0000000681c00000, 0x0000000681c00000| Untracked 
| 520|0x0000000682000000, 0x0000000682000000, 0x0000000682400000|  0%| F|  |TAMS 0x0000000682000000, 0x0000000682000000| Untracked 
| 521|0x0000000682400000, 0x0000000682400000, 0x0000000682800000|  0%| F|  |TAMS 0x0000000682400000, 0x0000000682400000| Untracked 
| 522|0x0000000682800000, 0x0000000682800000, 0x0000000682c00000|  0%| F|  |TAMS 0x0000000682800000, 0x0000000682800000| Untracked 
| 523|0x0000000682c00000, 0x0000000682c00000, 0x0000000683000000|  0%| F|  |TAMS 0x0000000682c00000, 0x0000000682c00000| Untracked 
| 524|0x0000000683000000, 0x0000000683000000, 0x0000000683400000|  0%| F|  |TAMS 0x0000000683000000, 0x0000000683000000| Untracked 
| 525|0x0000000683400000, 0x0000000683400000, 0x0000000683800000|  0%| F|  |TAMS 0x0000000683400000, 0x0000000683400000| Untracked 
| 526|0x0000000683800000, 0x0000000683800000, 0x0000000683c00000|  0%| F|  |TAMS 0x0000000683800000, 0x0000000683800000| Untracked 
| 527|0x0000000683c00000, 0x0000000683c00000, 0x0000000684000000|  0%| F|  |TAMS 0x0000000683c00000, 0x0000000683c00000| Untracked 
| 528|0x0000000684000000, 0x0000000684000000, 0x0000000684400000|  0%| F|  |TAMS 0x0000000684000000, 0x0000000684000000| Untracked 
| 529|0x0000000684400000, 0x0000000684400000, 0x0000000684800000|  0%| F|  |TAMS 0x0000000684400000, 0x0000000684400000| Untracked 
| 530|0x0000000684800000, 0x0000000684800000, 0x0000000684c00000|  0%| F|  |TAMS 0x0000000684800000, 0x0000000684800000| Untracked 
| 531|0x0000000684c00000, 0x0000000684c00000, 0x0000000685000000|  0%| F|  |TAMS 0x0000000684c00000, 0x0000000684c00000| Untracked 
| 532|0x0000000685000000, 0x0000000685000000, 0x0000000685400000|  0%| F|  |TAMS 0x0000000685000000, 0x0000000685000000| Untracked 
| 533|0x0000000685400000, 0x0000000685400000, 0x0000000685800000|  0%| F|  |TAMS 0x0000000685400000, 0x0000000685400000| Untracked 
| 534|0x0000000685800000, 0x0000000685800000, 0x0000000685c00000|  0%| F|  |TAMS 0x0000000685800000, 0x0000000685800000| Untracked 
| 535|0x0000000685c00000, 0x0000000685c00000, 0x0000000686000000|  0%| F|  |TAMS 0x0000000685c00000, 0x0000000685c00000| Untracked 
| 536|0x0000000686000000, 0x0000000686000000, 0x0000000686400000|  0%| F|  |TAMS 0x0000000686000000, 0x0000000686000000| Untracked 
| 537|0x0000000686400000, 0x0000000686400000, 0x0000000686800000|  0%| F|  |TAMS 0x0000000686400000, 0x0000000686400000| Untracked 
| 538|0x0000000686800000, 0x0000000686800000, 0x0000000686c00000|  0%| F|  |TAMS 0x0000000686800000, 0x0000000686800000| Untracked 
| 539|0x0000000686c00000, 0x0000000686c00000, 0x0000000687000000|  0%| F|  |TAMS 0x0000000686c00000, 0x0000000686c00000| Untracked 
| 540|0x0000000687000000, 0x0000000687000000, 0x0000000687400000|  0%| F|  |TAMS 0x0000000687000000, 0x0000000687000000| Untracked 
| 541|0x0000000687400000, 0x0000000687400000, 0x0000000687800000|  0%| F|  |TAMS 0x0000000687400000, 0x0000000687400000| Untracked 
| 542|0x0000000687800000, 0x0000000687800000, 0x0000000687c00000|  0%| F|  |TAMS 0x0000000687800000, 0x0000000687800000| Untracked 
| 543|0x0000000687c00000, 0x0000000687c00000, 0x0000000688000000|  0%| F|  |TAMS 0x0000000687c00000, 0x0000000687c00000| Untracked 
| 544|0x0000000688000000, 0x0000000688000000, 0x0000000688400000|  0%| F|  |TAMS 0x0000000688000000, 0x0000000688000000| Untracked 
| 545|0x0000000688400000, 0x0000000688400000, 0x0000000688800000|  0%| F|  |TAMS 0x0000000688400000, 0x0000000688400000| Untracked 
| 546|0x0000000688800000, 0x0000000688800000, 0x0000000688c00000|  0%| F|  |TAMS 0x0000000688800000, 0x0000000688800000| Untracked 
| 547|0x0000000688c00000, 0x0000000688c00000, 0x0000000689000000|  0%| F|  |TAMS 0x0000000688c00000, 0x0000000688c00000| Untracked 
| 548|0x0000000689000000, 0x0000000689000000, 0x0000000689400000|  0%| F|  |TAMS 0x0000000689000000, 0x0000000689000000| Untracked 
| 549|0x0000000689400000, 0x0000000689400000, 0x0000000689800000|  0%| F|  |TAMS 0x0000000689400000, 0x0000000689400000| Untracked 
| 550|0x0000000689800000, 0x0000000689800000, 0x0000000689c00000|  0%| F|  |TAMS 0x0000000689800000, 0x0000000689800000| Untracked 
| 551|0x0000000689c00000, 0x0000000689c00000, 0x000000068a000000|  0%| F|  |TAMS 0x0000000689c00000, 0x0000000689c00000| Untracked 
| 552|0x000000068a000000, 0x000000068a000000, 0x000000068a400000|  0%| F|  |TAMS 0x000000068a000000, 0x000000068a000000| Untracked 
| 553|0x000000068a400000, 0x000000068a400000, 0x000000068a800000|  0%| F|  |TAMS 0x000000068a400000, 0x000000068a400000| Untracked 
| 554|0x000000068a800000, 0x000000068a800000, 0x000000068ac00000|  0%| F|  |TAMS 0x000000068a800000, 0x000000068a800000| Untracked 
| 555|0x000000068ac00000, 0x000000068ac00000, 0x000000068b000000|  0%| F|  |TAMS 0x000000068ac00000, 0x000000068ac00000| Untracked 
| 556|0x000000068b000000, 0x000000068b000000, 0x000000068b400000|  0%| F|  |TAMS 0x000000068b000000, 0x000000068b000000| Untracked 
| 557|0x000000068b400000, 0x000000068b400000, 0x000000068b800000|  0%| F|  |TAMS 0x000000068b400000, 0x000000068b400000| Untracked 
| 558|0x000000068b800000, 0x000000068b800000, 0x000000068bc00000|  0%| F|  |TAMS 0x000000068b800000, 0x000000068b800000| Untracked 
| 559|0x000000068bc00000, 0x000000068bc00000, 0x000000068c000000|  0%| F|  |TAMS 0x000000068bc00000, 0x000000068bc00000| Untracked 
| 560|0x000000068c000000, 0x000000068c000000, 0x000000068c400000|  0%| F|  |TAMS 0x000000068c000000, 0x000000068c000000| Untracked 
| 561|0x000000068c400000, 0x000000068c400000, 0x000000068c800000|  0%| F|  |TAMS 0x000000068c400000, 0x000000068c400000| Untracked 
| 562|0x000000068c800000, 0x000000068c800000, 0x000000068cc00000|  0%| F|  |TAMS 0x000000068c800000, 0x000000068c800000| Untracked 
| 563|0x000000068cc00000, 0x000000068cc00000, 0x000000068d000000|  0%| F|  |TAMS 0x000000068cc00000, 0x000000068cc00000| Untracked 
| 564|0x000000068d000000, 0x000000068d000000, 0x000000068d400000|  0%| F|  |TAMS 0x000000068d000000, 0x000000068d000000| Untracked 
| 565|0x000000068d400000, 0x000000068d400000, 0x000000068d800000|  0%| F|  |TAMS 0x000000068d400000, 0x000000068d400000| Untracked 
| 566|0x000000068d800000, 0x000000068d800000, 0x000000068dc00000|  0%| F|  |TAMS 0x000000068d800000, 0x000000068d800000| Untracked 
| 567|0x000000068dc00000, 0x000000068dc00000, 0x000000068e000000|  0%| F|  |TAMS 0x000000068dc00000, 0x000000068dc00000| Untracked 
| 568|0x000000068e000000, 0x000000068e000000, 0x000000068e400000|  0%| F|  |TAMS 0x000000068e000000, 0x000000068e000000| Untracked 
| 569|0x000000068e400000, 0x000000068e400000, 0x000000068e800000|  0%| F|  |TAMS 0x000000068e400000, 0x000000068e400000| Untracked 
| 570|0x000000068e800000, 0x000000068e800000, 0x000000068ec00000|  0%| F|  |TAMS 0x000000068e800000, 0x000000068e800000| Untracked 
| 571|0x000000068ec00000, 0x000000068ec00000, 0x000000068f000000|  0%| F|  |TAMS 0x000000068ec00000, 0x000000068ec00000| Untracked 
| 572|0x000000068f000000, 0x000000068f000000, 0x000000068f400000|  0%| F|  |TAMS 0x000000068f000000, 0x000000068f000000| Untracked 
| 573|0x000000068f400000, 0x000000068f400000, 0x000000068f800000|  0%| F|  |TAMS 0x000000068f400000, 0x000000068f400000| Untracked 
| 574|0x000000068f800000, 0x000000068f800000, 0x000000068fc00000|  0%| F|  |TAMS 0x000000068f800000, 0x000000068f800000| Untracked 
| 575|0x000000068fc00000, 0x000000068fc00000, 0x0000000690000000|  0%| F|  |TAMS 0x000000068fc00000, 0x000000068fc00000| Untracked 
| 576|0x0000000690000000, 0x0000000690000000, 0x0000000690400000|  0%| F|  |TAMS 0x0000000690000000, 0x0000000690000000| Untracked 
| 577|0x0000000690400000, 0x0000000690400000, 0x0000000690800000|  0%| F|  |TAMS 0x0000000690400000, 0x0000000690400000| Untracked 
| 578|0x0000000690800000, 0x0000000690800000, 0x0000000690c00000|  0%| F|  |TAMS 0x0000000690800000, 0x0000000690800000| Untracked 
| 579|0x0000000690c00000, 0x0000000690c00000, 0x0000000691000000|  0%| F|  |TAMS 0x0000000690c00000, 0x0000000690c00000| Untracked 
| 580|0x0000000691000000, 0x0000000691000000, 0x0000000691400000|  0%| F|  |TAMS 0x0000000691000000, 0x0000000691000000| Untracked 
| 581|0x0000000691400000, 0x0000000691400000, 0x0000000691800000|  0%| F|  |TAMS 0x0000000691400000, 0x0000000691400000| Untracked 
| 582|0x0000000691800000, 0x0000000691800000, 0x0000000691c00000|  0%| F|  |TAMS 0x0000000691800000, 0x0000000691800000| Untracked 
| 583|0x0000000691c00000, 0x0000000691c00000, 0x0000000692000000|  0%| F|  |TAMS 0x0000000691c00000, 0x0000000691c00000| Untracked 
| 584|0x0000000692000000, 0x0000000692000000, 0x0000000692400000|  0%| F|  |TAMS 0x0000000692000000, 0x0000000692000000| Untracked 
| 585|0x0000000692400000, 0x0000000692400000, 0x0000000692800000|  0%| F|  |TAMS 0x0000000692400000, 0x0000000692400000| Untracked 
| 586|0x0000000692800000, 0x0000000692800000, 0x0000000692c00000|  0%| F|  |TAMS 0x0000000692800000, 0x0000000692800000| Untracked 
| 587|0x0000000692c00000, 0x0000000692c00000, 0x0000000693000000|  0%| F|  |TAMS 0x0000000692c00000, 0x0000000692c00000| Untracked 
| 588|0x0000000693000000, 0x0000000693000000, 0x0000000693400000|  0%| F|  |TAMS 0x0000000693000000, 0x0000000693000000| Untracked 
| 589|0x0000000693400000, 0x0000000693400000, 0x0000000693800000|  0%| F|  |TAMS 0x0000000693400000, 0x0000000693400000| Untracked 
| 590|0x0000000693800000, 0x0000000693800000, 0x0000000693c00000|  0%| F|  |TAMS 0x0000000693800000, 0x0000000693800000| Untracked 
| 591|0x0000000693c00000, 0x0000000693c00000, 0x0000000694000000|  0%| F|  |TAMS 0x0000000693c00000, 0x0000000693c00000| Untracked 
| 592|0x0000000694000000, 0x0000000694000000, 0x0000000694400000|  0%| F|  |TAMS 0x0000000694000000, 0x0000000694000000| Untracked 
| 593|0x0000000694400000, 0x0000000694400000, 0x0000000694800000|  0%| F|  |TAMS 0x0000000694400000, 0x0000000694400000| Untracked 
| 594|0x0000000694800000, 0x0000000694800000, 0x0000000694c00000|  0%| F|  |TAMS 0x0000000694800000, 0x0000000694800000| Untracked 
| 595|0x0000000694c00000, 0x0000000694c00000, 0x0000000695000000|  0%| F|  |TAMS 0x0000000694c00000, 0x0000000694c00000| Untracked 
| 596|0x0000000695000000, 0x0000000695000000, 0x0000000695400000|  0%| F|  |TAMS 0x0000000695000000, 0x0000000695000000| Untracked 
| 597|0x0000000695400000, 0x0000000695400000, 0x0000000695800000|  0%| F|  |TAMS 0x0000000695400000, 0x0000000695400000| Untracked 
| 598|0x0000000695800000, 0x0000000695800000, 0x0000000695c00000|  0%| F|  |TAMS 0x0000000695800000, 0x0000000695800000| Untracked 
| 599|0x0000000695c00000, 0x0000000695c00000, 0x0000000696000000|  0%| F|  |TAMS 0x0000000695c00000, 0x0000000695c00000| Untracked 
| 600|0x0000000696000000, 0x0000000696000000, 0x0000000696400000|  0%| F|  |TAMS 0x0000000696000000, 0x0000000696000000| Untracked 
| 601|0x0000000696400000, 0x0000000696400000, 0x0000000696800000|  0%| F|  |TAMS 0x0000000696400000, 0x0000000696400000| Untracked 
| 602|0x0000000696800000, 0x0000000696800000, 0x0000000696c00000|  0%| F|  |TAMS 0x0000000696800000, 0x0000000696800000| Untracked 
| 603|0x0000000696c00000, 0x0000000696c00000, 0x0000000697000000|  0%| F|  |TAMS 0x0000000696c00000, 0x0000000696c00000| Untracked 
| 604|0x0000000697000000, 0x0000000697000000, 0x0000000697400000|  0%| F|  |TAMS 0x0000000697000000, 0x0000000697000000| Untracked 
| 605|0x0000000697400000, 0x0000000697400000, 0x0000000697800000|  0%| F|  |TAMS 0x0000000697400000, 0x0000000697400000| Untracked 
| 606|0x0000000697800000, 0x0000000697800000, 0x0000000697c00000|  0%| F|  |TAMS 0x0000000697800000, 0x0000000697800000| Untracked 
| 607|0x0000000697c00000, 0x0000000697c00000, 0x0000000698000000|  0%| F|  |TAMS 0x0000000697c00000, 0x0000000697c00000| Untracked 
| 608|0x0000000698000000, 0x0000000698000000, 0x0000000698400000|  0%| F|  |TAMS 0x0000000698000000, 0x0000000698000000| Untracked 
| 609|0x0000000698400000, 0x0000000698400000, 0x0000000698800000|  0%| F|  |TAMS 0x0000000698400000, 0x0000000698400000| Untracked 
| 610|0x0000000698800000, 0x0000000698800000, 0x0000000698c00000|  0%| F|  |TAMS 0x0000000698800000, 0x0000000698800000| Untracked 
| 611|0x0000000698c00000, 0x0000000698c00000, 0x0000000699000000|  0%| F|  |TAMS 0x0000000698c00000, 0x0000000698c00000| Untracked 
| 612|0x0000000699000000, 0x0000000699000000, 0x0000000699400000|  0%| F|  |TAMS 0x0000000699000000, 0x0000000699000000| Untracked 
| 613|0x0000000699400000, 0x0000000699400000, 0x0000000699800000|  0%| F|  |TAMS 0x0000000699400000, 0x0000000699400000| Untracked 
| 614|0x0000000699800000, 0x0000000699800000, 0x0000000699c00000|  0%| F|  |TAMS 0x0000000699800000, 0x0000000699800000| Untracked 
| 615|0x0000000699c00000, 0x0000000699c00000, 0x000000069a000000|  0%| F|  |TAMS 0x0000000699c00000, 0x0000000699c00000| Untracked 
| 616|0x000000069a000000, 0x000000069a000000, 0x000000069a400000|  0%| F|  |TAMS 0x000000069a000000, 0x000000069a000000| Untracked 
| 617|0x000000069a400000, 0x000000069a400000, 0x000000069a800000|  0%| F|  |TAMS 0x000000069a400000, 0x000000069a400000| Untracked 
| 618|0x000000069a800000, 0x000000069a800000, 0x000000069ac00000|  0%| F|  |TAMS 0x000000069a800000, 0x000000069a800000| Untracked 
| 619|0x000000069ac00000, 0x000000069ac00000, 0x000000069b000000|  0%| F|  |TAMS 0x000000069ac00000, 0x000000069ac00000| Untracked 
| 620|0x000000069b000000, 0x000000069b000000, 0x000000069b400000|  0%| F|  |TAMS 0x000000069b000000, 0x000000069b000000| Untracked 
| 621|0x000000069b400000, 0x000000069b400000, 0x000000069b800000|  0%| F|  |TAMS 0x000000069b400000, 0x000000069b400000| Untracked 
| 622|0x000000069b800000, 0x000000069b800000, 0x000000069bc00000|  0%| F|  |TAMS 0x000000069b800000, 0x000000069b800000| Untracked 
| 623|0x000000069bc00000, 0x000000069bc00000, 0x000000069c000000|  0%| F|  |TAMS 0x000000069bc00000, 0x000000069bc00000| Untracked 
| 624|0x000000069c000000, 0x000000069c000000, 0x000000069c400000|  0%| F|  |TAMS 0x000000069c000000, 0x000000069c000000| Untracked 
| 625|0x000000069c400000, 0x000000069c400000, 0x000000069c800000|  0%| F|  |TAMS 0x000000069c400000, 0x000000069c400000| Untracked 
| 626|0x000000069c800000, 0x000000069c800000, 0x000000069cc00000|  0%| F|  |TAMS 0x000000069c800000, 0x000000069c800000| Untracked 
| 627|0x000000069cc00000, 0x000000069cc00000, 0x000000069d000000|  0%| F|  |TAMS 0x000000069cc00000, 0x000000069cc00000| Untracked 
| 628|0x000000069d000000, 0x000000069d000000, 0x000000069d400000|  0%| F|  |TAMS 0x000000069d000000, 0x000000069d000000| Untracked 
| 629|0x000000069d400000, 0x000000069d400000, 0x000000069d800000|  0%| F|  |TAMS 0x000000069d400000, 0x000000069d400000| Untracked 
| 630|0x000000069d800000, 0x000000069d800000, 0x000000069dc00000|  0%| F|  |TAMS 0x000000069d800000, 0x000000069d800000| Untracked 
| 631|0x000000069dc00000, 0x000000069dc00000, 0x000000069e000000|  0%| F|  |TAMS 0x000000069dc00000, 0x000000069dc00000| Untracked 
| 632|0x000000069e000000, 0x000000069e000000, 0x000000069e400000|  0%| F|  |TAMS 0x000000069e000000, 0x000000069e000000| Untracked 
| 633|0x000000069e400000, 0x000000069e400000, 0x000000069e800000|  0%| F|  |TAMS 0x000000069e400000, 0x000000069e400000| Untracked 
| 634|0x000000069e800000, 0x000000069e800000, 0x000000069ec00000|  0%| F|  |TAMS 0x000000069e800000, 0x000000069e800000| Untracked 
| 635|0x000000069ec00000, 0x000000069ec00000, 0x000000069f000000|  0%| F|  |TAMS 0x000000069ec00000, 0x000000069ec00000| Untracked 
| 636|0x000000069f000000, 0x000000069f000000, 0x000000069f400000|  0%| F|  |TAMS 0x000000069f000000, 0x000000069f000000| Untracked 
| 637|0x000000069f400000, 0x000000069f400000, 0x000000069f800000|  0%| F|  |TAMS 0x000000069f400000, 0x000000069f400000| Untracked 
| 638|0x000000069f800000, 0x000000069f800000, 0x000000069fc00000|  0%| F|  |TAMS 0x000000069f800000, 0x000000069f800000| Untracked 
| 639|0x000000069fc00000, 0x000000069fc00000, 0x00000006a0000000|  0%| F|  |TAMS 0x000000069fc00000, 0x000000069fc00000| Untracked 
| 640|0x00000006a0000000, 0x00000006a0000000, 0x00000006a0400000|  0%| F|  |TAMS 0x00000006a0000000, 0x00000006a0000000| Untracked 
| 641|0x00000006a0400000, 0x00000006a0400000, 0x00000006a0800000|  0%| F|  |TAMS 0x00000006a0400000, 0x00000006a0400000| Untracked 
| 642|0x00000006a0800000, 0x00000006a0800000, 0x00000006a0c00000|  0%| F|  |TAMS 0x00000006a0800000, 0x00000006a0800000| Untracked 
| 643|0x00000006a0c00000, 0x00000006a0c00000, 0x00000006a1000000|  0%| F|  |TAMS 0x00000006a0c00000, 0x00000006a0c00000| Untracked 
| 644|0x00000006a1000000, 0x00000006a1000000, 0x00000006a1400000|  0%| F|  |TAMS 0x00000006a1000000, 0x00000006a1000000| Untracked 
| 645|0x00000006a1400000, 0x00000006a1400000, 0x00000006a1800000|  0%| F|  |TAMS 0x00000006a1400000, 0x00000006a1400000| Untracked 
| 646|0x00000006a1800000, 0x00000006a1800000, 0x00000006a1c00000|  0%| F|  |TAMS 0x00000006a1800000, 0x00000006a1800000| Untracked 
| 647|0x00000006a1c00000, 0x00000006a1c00000, 0x00000006a2000000|  0%| F|  |TAMS 0x00000006a1c00000, 0x00000006a1c00000| Untracked 
| 648|0x00000006a2000000, 0x00000006a2000000, 0x00000006a2400000|  0%| F|  |TAMS 0x00000006a2000000, 0x00000006a2000000| Untracked 
| 649|0x00000006a2400000, 0x00000006a2400000, 0x00000006a2800000|  0%| F|  |TAMS 0x00000006a2400000, 0x00000006a2400000| Untracked 
| 650|0x00000006a2800000, 0x00000006a2800000, 0x00000006a2c00000|  0%| F|  |TAMS 0x00000006a2800000, 0x00000006a2800000| Untracked 
| 651|0x00000006a2c00000, 0x00000006a2c00000, 0x00000006a3000000|  0%| F|  |TAMS 0x00000006a2c00000, 0x00000006a2c00000| Untracked 
| 652|0x00000006a3000000, 0x00000006a3000000, 0x00000006a3400000|  0%| F|  |TAMS 0x00000006a3000000, 0x00000006a3000000| Untracked 
| 653|0x00000006a3400000, 0x00000006a3400000, 0x00000006a3800000|  0%| F|  |TAMS 0x00000006a3400000, 0x00000006a3400000| Untracked 
| 654|0x00000006a3800000, 0x00000006a3800000, 0x00000006a3c00000|  0%| F|  |TAMS 0x00000006a3800000, 0x00000006a3800000| Untracked 
| 655|0x00000006a3c00000, 0x00000006a3c00000, 0x00000006a4000000|  0%| F|  |TAMS 0x00000006a3c00000, 0x00000006a3c00000| Untracked 
| 656|0x00000006a4000000, 0x00000006a4000000, 0x00000006a4400000|  0%| F|  |TAMS 0x00000006a4000000, 0x00000006a4000000| Untracked 
| 657|0x00000006a4400000, 0x00000006a4400000, 0x00000006a4800000|  0%| F|  |TAMS 0x00000006a4400000, 0x00000006a4400000| Untracked 
| 658|0x00000006a4800000, 0x00000006a4800000, 0x00000006a4c00000|  0%| F|  |TAMS 0x00000006a4800000, 0x00000006a4800000| Untracked 
| 659|0x00000006a4c00000, 0x00000006a4c00000, 0x00000006a5000000|  0%| F|  |TAMS 0x00000006a4c00000, 0x00000006a4c00000| Untracked 
| 660|0x00000006a5000000, 0x00000006a5000000, 0x00000006a5400000|  0%| F|  |TAMS 0x00000006a5000000, 0x00000006a5000000| Untracked 
| 661|0x00000006a5400000, 0x00000006a5400000, 0x00000006a5800000|  0%| F|  |TAMS 0x00000006a5400000, 0x00000006a5400000| Untracked 
| 662|0x00000006a5800000, 0x00000006a5800000, 0x00000006a5c00000|  0%| F|  |TAMS 0x00000006a5800000, 0x00000006a5800000| Untracked 
| 663|0x00000006a5c00000, 0x00000006a5c00000, 0x00000006a6000000|  0%| F|  |TAMS 0x00000006a5c00000, 0x00000006a5c00000| Untracked 
| 664|0x00000006a6000000, 0x00000006a6000000, 0x00000006a6400000|  0%| F|  |TAMS 0x00000006a6000000, 0x00000006a6000000| Untracked 
| 665|0x00000006a6400000, 0x00000006a6400000, 0x00000006a6800000|  0%| F|  |TAMS 0x00000006a6400000, 0x00000006a6400000| Untracked 
| 666|0x00000006a6800000, 0x00000006a6800000, 0x00000006a6c00000|  0%| F|  |TAMS 0x00000006a6800000, 0x00000006a6800000| Untracked 
| 667|0x00000006a6c00000, 0x00000006a6c00000, 0x00000006a7000000|  0%| F|  |TAMS 0x00000006a6c00000, 0x00000006a6c00000| Untracked 
| 668|0x00000006a7000000, 0x00000006a7000000, 0x00000006a7400000|  0%| F|  |TAMS 0x00000006a7000000, 0x00000006a7000000| Untracked 
| 669|0x00000006a7400000, 0x00000006a7400000, 0x00000006a7800000|  0%| F|  |TAMS 0x00000006a7400000, 0x00000006a7400000| Untracked 
| 670|0x00000006a7800000, 0x00000006a7800000, 0x00000006a7c00000|  0%| F|  |TAMS 0x00000006a7800000, 0x00000006a7800000| Untracked 
| 671|0x00000006a7c00000, 0x00000006a7c00000, 0x00000006a8000000|  0%| F|  |TAMS 0x00000006a7c00000, 0x00000006a7c00000| Untracked 
| 672|0x00000006a8000000, 0x00000006a8000000, 0x00000006a8400000|  0%| F|  |TAMS 0x00000006a8000000, 0x00000006a8000000| Untracked 
| 673|0x00000006a8400000, 0x00000006a8400000, 0x00000006a8800000|  0%| F|  |TAMS 0x00000006a8400000, 0x00000006a8400000| Untracked 
| 674|0x00000006a8800000, 0x00000006a8800000, 0x00000006a8c00000|  0%| F|  |TAMS 0x00000006a8800000, 0x00000006a8800000| Untracked 
| 675|0x00000006a8c00000, 0x00000006a8c00000, 0x00000006a9000000|  0%| F|  |TAMS 0x00000006a8c00000, 0x00000006a8c00000| Untracked 
| 676|0x00000006a9000000, 0x00000006a9000000, 0x00000006a9400000|  0%| F|  |TAMS 0x00000006a9000000, 0x00000006a9000000| Untracked 
| 677|0x00000006a9400000, 0x00000006a9400000, 0x00000006a9800000|  0%| F|  |TAMS 0x00000006a9400000, 0x00000006a9400000| Untracked 
| 678|0x00000006a9800000, 0x00000006a9800000, 0x00000006a9c00000|  0%| F|  |TAMS 0x00000006a9800000, 0x00000006a9800000| Untracked 
| 679|0x00000006a9c00000, 0x00000006a9c00000, 0x00000006aa000000|  0%| F|  |TAMS 0x00000006a9c00000, 0x00000006a9c00000| Untracked 
| 680|0x00000006aa000000, 0x00000006aa000000, 0x00000006aa400000|  0%| F|  |TAMS 0x00000006aa000000, 0x00000006aa000000| Untracked 
| 681|0x00000006aa400000, 0x00000006aa400000, 0x00000006aa800000|  0%| F|  |TAMS 0x00000006aa400000, 0x00000006aa400000| Untracked 
| 682|0x00000006aa800000, 0x00000006aa800000, 0x00000006aac00000|  0%| F|  |TAMS 0x00000006aa800000, 0x00000006aa800000| Untracked 
| 683|0x00000006aac00000, 0x00000006aac00000, 0x00000006ab000000|  0%| F|  |TAMS 0x00000006aac00000, 0x00000006aac00000| Untracked 
| 684|0x00000006ab000000, 0x00000006ab000000, 0x00000006ab400000|  0%| F|  |TAMS 0x00000006ab000000, 0x00000006ab000000| Untracked 
| 685|0x00000006ab400000, 0x00000006ab400000, 0x00000006ab800000|  0%| F|  |TAMS 0x00000006ab400000, 0x00000006ab400000| Untracked 
| 686|0x00000006ab800000, 0x00000006ab800000, 0x00000006abc00000|  0%| F|  |TAMS 0x00000006ab800000, 0x00000006ab800000| Untracked 
| 687|0x00000006abc00000, 0x00000006abc00000, 0x00000006ac000000|  0%| F|  |TAMS 0x00000006abc00000, 0x00000006abc00000| Untracked 
| 688|0x00000006ac000000, 0x00000006ac000000, 0x00000006ac400000|  0%| F|  |TAMS 0x00000006ac000000, 0x00000006ac000000| Untracked 
| 689|0x00000006ac400000, 0x00000006ac400000, 0x00000006ac800000|  0%| F|  |TAMS 0x00000006ac400000, 0x00000006ac400000| Untracked 
| 690|0x00000006ac800000, 0x00000006ac800000, 0x00000006acc00000|  0%| F|  |TAMS 0x00000006ac800000, 0x00000006ac800000| Untracked 
| 691|0x00000006acc00000, 0x00000006acc00000, 0x00000006ad000000|  0%| F|  |TAMS 0x00000006acc00000, 0x00000006acc00000| Untracked 
| 692|0x00000006ad000000, 0x00000006ad000000, 0x00000006ad400000|  0%| F|  |TAMS 0x00000006ad000000, 0x00000006ad000000| Untracked 
| 693|0x00000006ad400000, 0x00000006ad400000, 0x00000006ad800000|  0%| F|  |TAMS 0x00000006ad400000, 0x00000006ad400000| Untracked 
| 694|0x00000006ad800000, 0x00000006ad800000, 0x00000006adc00000|  0%| F|  |TAMS 0x00000006ad800000, 0x00000006ad800000| Untracked 
| 695|0x00000006adc00000, 0x00000006adc00000, 0x00000006ae000000|  0%| F|  |TAMS 0x00000006adc00000, 0x00000006adc00000| Untracked 
| 696|0x00000006ae000000, 0x00000006ae000000, 0x00000006ae400000|  0%| F|  |TAMS 0x00000006ae000000, 0x00000006ae000000| Untracked 
| 697|0x00000006ae400000, 0x00000006ae400000, 0x00000006ae800000|  0%| F|  |TAMS 0x00000006ae400000, 0x00000006ae400000| Untracked 
| 698|0x00000006ae800000, 0x00000006ae800000, 0x00000006aec00000|  0%| F|  |TAMS 0x00000006ae800000, 0x00000006ae800000| Untracked 
| 699|0x00000006aec00000, 0x00000006aec00000, 0x00000006af000000|  0%| F|  |TAMS 0x00000006aec00000, 0x00000006aec00000| Untracked 
| 700|0x00000006af000000, 0x00000006af000000, 0x00000006af400000|  0%| F|  |TAMS 0x00000006af000000, 0x00000006af000000| Untracked 
| 701|0x00000006af400000, 0x00000006af400000, 0x00000006af800000|  0%| F|  |TAMS 0x00000006af400000, 0x00000006af400000| Untracked 
| 702|0x00000006af800000, 0x00000006af800000, 0x00000006afc00000|  0%| F|  |TAMS 0x00000006af800000, 0x00000006af800000| Untracked 
| 703|0x00000006afc00000, 0x00000006afc00000, 0x00000006b0000000|  0%| F|  |TAMS 0x00000006afc00000, 0x00000006afc00000| Untracked 
| 704|0x00000006b0000000, 0x00000006b0000000, 0x00000006b0400000|  0%| F|  |TAMS 0x00000006b0000000, 0x00000006b0000000| Untracked 
| 705|0x00000006b0400000, 0x00000006b0400000, 0x00000006b0800000|  0%| F|  |TAMS 0x00000006b0400000, 0x00000006b0400000| Untracked 
| 706|0x00000006b0800000, 0x00000006b0800000, 0x00000006b0c00000|  0%| F|  |TAMS 0x00000006b0800000, 0x00000006b0800000| Untracked 
| 707|0x00000006b0c00000, 0x00000006b0c00000, 0x00000006b1000000|  0%| F|  |TAMS 0x00000006b0c00000, 0x00000006b0c00000| Untracked 
| 708|0x00000006b1000000, 0x00000006b1000000, 0x00000006b1400000|  0%| F|  |TAMS 0x00000006b1000000, 0x00000006b1000000| Untracked 
| 709|0x00000006b1400000, 0x00000006b1400000, 0x00000006b1800000|  0%| F|  |TAMS 0x00000006b1400000, 0x00000006b1400000| Untracked 
| 710|0x00000006b1800000, 0x00000006b1800000, 0x00000006b1c00000|  0%| F|  |TAMS 0x00000006b1800000, 0x00000006b1800000| Untracked 
| 711|0x00000006b1c00000, 0x00000006b1c00000, 0x00000006b2000000|  0%| F|  |TAMS 0x00000006b1c00000, 0x00000006b1c00000| Untracked 
| 712|0x00000006b2000000, 0x00000006b2000000, 0x00000006b2400000|  0%| F|  |TAMS 0x00000006b2000000, 0x00000006b2000000| Untracked 
| 713|0x00000006b2400000, 0x00000006b2400000, 0x00000006b2800000|  0%| F|  |TAMS 0x00000006b2400000, 0x00000006b2400000| Untracked 
| 714|0x00000006b2800000, 0x00000006b2800000, 0x00000006b2c00000|  0%| F|  |TAMS 0x00000006b2800000, 0x00000006b2800000| Untracked 
| 715|0x00000006b2c00000, 0x00000006b2c00000, 0x00000006b3000000|  0%| F|  |TAMS 0x00000006b2c00000, 0x00000006b2c00000| Untracked 
| 716|0x00000006b3000000, 0x00000006b3000000, 0x00000006b3400000|  0%| F|  |TAMS 0x00000006b3000000, 0x00000006b3000000| Untracked 
| 717|0x00000006b3400000, 0x00000006b3400000, 0x00000006b3800000|  0%| F|  |TAMS 0x00000006b3400000, 0x00000006b3400000| Untracked 
| 718|0x00000006b3800000, 0x00000006b3800000, 0x00000006b3c00000|  0%| F|  |TAMS 0x00000006b3800000, 0x00000006b3800000| Untracked 
| 719|0x00000006b3c00000, 0x00000006b3c00000, 0x00000006b4000000|  0%| F|  |TAMS 0x00000006b3c00000, 0x00000006b3c00000| Untracked 
| 720|0x00000006b4000000, 0x00000006b4000000, 0x00000006b4400000|  0%| F|  |TAMS 0x00000006b4000000, 0x00000006b4000000| Untracked 
| 721|0x00000006b4400000, 0x00000006b4400000, 0x00000006b4800000|  0%| F|  |TAMS 0x00000006b4400000, 0x00000006b4400000| Untracked 
| 722|0x00000006b4800000, 0x00000006b4800000, 0x00000006b4c00000|  0%| F|  |TAMS 0x00000006b4800000, 0x00000006b4800000| Untracked 
| 723|0x00000006b4c00000, 0x00000006b4c00000, 0x00000006b5000000|  0%| F|  |TAMS 0x00000006b4c00000, 0x00000006b4c00000| Untracked 
| 724|0x00000006b5000000, 0x00000006b5000000, 0x00000006b5400000|  0%| F|  |TAMS 0x00000006b5000000, 0x00000006b5000000| Untracked 
| 725|0x00000006b5400000, 0x00000006b5400000, 0x00000006b5800000|  0%| F|  |TAMS 0x00000006b5400000, 0x00000006b5400000| Untracked 
| 726|0x00000006b5800000, 0x00000006b5800000, 0x00000006b5c00000|  0%| F|  |TAMS 0x00000006b5800000, 0x00000006b5800000| Untracked 
| 727|0x00000006b5c00000, 0x00000006b5c00000, 0x00000006b6000000|  0%| F|  |TAMS 0x00000006b5c00000, 0x00000006b5c00000| Untracked 
| 728|0x00000006b6000000, 0x00000006b6000000, 0x00000006b6400000|  0%| F|  |TAMS 0x00000006b6000000, 0x00000006b6000000| Untracked 
| 729|0x00000006b6400000, 0x00000006b6400000, 0x00000006b6800000|  0%| F|  |TAMS 0x00000006b6400000, 0x00000006b6400000| Untracked 
| 730|0x00000006b6800000, 0x00000006b6800000, 0x00000006b6c00000|  0%| F|  |TAMS 0x00000006b6800000, 0x00000006b6800000| Untracked 
| 731|0x00000006b6c00000, 0x00000006b6c00000, 0x00000006b7000000|  0%| F|  |TAMS 0x00000006b6c00000, 0x00000006b6c00000| Untracked 
| 732|0x00000006b7000000, 0x00000006b7000000, 0x00000006b7400000|  0%| F|  |TAMS 0x00000006b7000000, 0x00000006b7000000| Untracked 
| 733|0x00000006b7400000, 0x00000006b7400000, 0x00000006b7800000|  0%| F|  |TAMS 0x00000006b7400000, 0x00000006b7400000| Untracked 
| 734|0x00000006b7800000, 0x00000006b7800000, 0x00000006b7c00000|  0%| F|  |TAMS 0x00000006b7800000, 0x00000006b7800000| Untracked 
| 735|0x00000006b7c00000, 0x00000006b7c00000, 0x00000006b8000000|  0%| F|  |TAMS 0x00000006b7c00000, 0x00000006b7c00000| Untracked 
| 736|0x00000006b8000000, 0x00000006b8000000, 0x00000006b8400000|  0%| F|  |TAMS 0x00000006b8000000, 0x00000006b8000000| Untracked 
| 737|0x00000006b8400000, 0x00000006b8400000, 0x00000006b8800000|  0%| F|  |TAMS 0x00000006b8400000, 0x00000006b8400000| Untracked 
| 738|0x00000006b8800000, 0x00000006b8800000, 0x00000006b8c00000|  0%| F|  |TAMS 0x00000006b8800000, 0x00000006b8800000| Untracked 
| 739|0x00000006b8c00000, 0x00000006b8c00000, 0x00000006b9000000|  0%| F|  |TAMS 0x00000006b8c00000, 0x00000006b8c00000| Untracked 
| 740|0x00000006b9000000, 0x00000006b9000000, 0x00000006b9400000|  0%| F|  |TAMS 0x00000006b9000000, 0x00000006b9000000| Untracked 
| 741|0x00000006b9400000, 0x00000006b9400000, 0x00000006b9800000|  0%| F|  |TAMS 0x00000006b9400000, 0x00000006b9400000| Untracked 
| 742|0x00000006b9800000, 0x00000006b9800000, 0x00000006b9c00000|  0%| F|  |TAMS 0x00000006b9800000, 0x00000006b9800000| Untracked 
| 743|0x00000006b9c00000, 0x00000006b9c00000, 0x00000006ba000000|  0%| F|  |TAMS 0x00000006b9c00000, 0x00000006b9c00000| Untracked 
| 744|0x00000006ba000000, 0x00000006ba000000, 0x00000006ba400000|  0%| F|  |TAMS 0x00000006ba000000, 0x00000006ba000000| Untracked 
| 745|0x00000006ba400000, 0x00000006ba400000, 0x00000006ba800000|  0%| F|  |TAMS 0x00000006ba400000, 0x00000006ba400000| Untracked 
| 746|0x00000006ba800000, 0x00000006ba800000, 0x00000006bac00000|  0%| F|  |TAMS 0x00000006ba800000, 0x00000006ba800000| Untracked 
| 747|0x00000006bac00000, 0x00000006bac00000, 0x00000006bb000000|  0%| F|  |TAMS 0x00000006bac00000, 0x00000006bac00000| Untracked 
| 748|0x00000006bb000000, 0x00000006bb000000, 0x00000006bb400000|  0%| F|  |TAMS 0x00000006bb000000, 0x00000006bb000000| Untracked 
| 749|0x00000006bb400000, 0x00000006bb400000, 0x00000006bb800000|  0%| F|  |TAMS 0x00000006bb400000, 0x00000006bb400000| Untracked 
| 750|0x00000006bb800000, 0x00000006bb800000, 0x00000006bbc00000|  0%| F|  |TAMS 0x00000006bb800000, 0x00000006bb800000| Untracked 
| 751|0x00000006bbc00000, 0x00000006bbc00000, 0x00000006bc000000|  0%| F|  |TAMS 0x00000006bbc00000, 0x00000006bbc00000| Untracked 
| 752|0x00000006bc000000, 0x00000006bc000000, 0x00000006bc400000|  0%| F|  |TAMS 0x00000006bc000000, 0x00000006bc000000| Untracked 
| 753|0x00000006bc400000, 0x00000006bc400000, 0x00000006bc800000|  0%| F|  |TAMS 0x00000006bc400000, 0x00000006bc400000| Untracked 
| 754|0x00000006bc800000, 0x00000006bc800000, 0x00000006bcc00000|  0%| F|  |TAMS 0x00000006bc800000, 0x00000006bc800000| Untracked 
| 755|0x00000006bcc00000, 0x00000006bcc00000, 0x00000006bd000000|  0%| F|  |TAMS 0x00000006bcc00000, 0x00000006bcc00000| Untracked 
| 756|0x00000006bd000000, 0x00000006bd000000, 0x00000006bd400000|  0%| F|  |TAMS 0x00000006bd000000, 0x00000006bd000000| Untracked 
| 757|0x00000006bd400000, 0x00000006bd400000, 0x00000006bd800000|  0%| F|  |TAMS 0x00000006bd400000, 0x00000006bd400000| Untracked 
| 758|0x00000006bd800000, 0x00000006bd800000, 0x00000006bdc00000|  0%| F|  |TAMS 0x00000006bd800000, 0x00000006bd800000| Untracked 
| 759|0x00000006bdc00000, 0x00000006bdc00000, 0x00000006be000000|  0%| F|  |TAMS 0x00000006bdc00000, 0x00000006bdc00000| Untracked 
| 760|0x00000006be000000, 0x00000006be000000, 0x00000006be400000|  0%| F|  |TAMS 0x00000006be000000, 0x00000006be000000| Untracked 
| 761|0x00000006be400000, 0x00000006be400000, 0x00000006be800000|  0%| F|  |TAMS 0x00000006be400000, 0x00000006be400000| Untracked 
| 762|0x00000006be800000, 0x00000006be800000, 0x00000006bec00000|  0%| F|  |TAMS 0x00000006be800000, 0x00000006be800000| Untracked 
| 763|0x00000006bec00000, 0x00000006bec00000, 0x00000006bf000000|  0%| F|  |TAMS 0x00000006bec00000, 0x00000006bec00000| Untracked 
| 764|0x00000006bf000000, 0x00000006bf000000, 0x00000006bf400000|  0%| F|  |TAMS 0x00000006bf000000, 0x00000006bf000000| Untracked 
| 765|0x00000006bf400000, 0x00000006bf400000, 0x00000006bf800000|  0%| F|  |TAMS 0x00000006bf400000, 0x00000006bf400000| Untracked 
| 766|0x00000006bf800000, 0x00000006bf800000, 0x00000006bfc00000|  0%| F|  |TAMS 0x00000006bf800000, 0x00000006bf800000| Untracked 
| 767|0x00000006bfc00000, 0x00000006bfc00000, 0x00000006c0000000|  0%| F|  |TAMS 0x00000006bfc00000, 0x00000006bfc00000| Untracked 
| 768|0x00000006c0000000, 0x00000006c0000000, 0x00000006c0400000|  0%| F|  |TAMS 0x00000006c0000000, 0x00000006c0000000| Untracked 
| 769|0x00000006c0400000, 0x00000006c0400000, 0x00000006c0800000|  0%| F|  |TAMS 0x00000006c0400000, 0x00000006c0400000| Untracked 
| 770|0x00000006c0800000, 0x00000006c0800000, 0x00000006c0c00000|  0%| F|  |TAMS 0x00000006c0800000, 0x00000006c0800000| Untracked 
| 771|0x00000006c0c00000, 0x00000006c0c00000, 0x00000006c1000000|  0%| F|  |TAMS 0x00000006c0c00000, 0x00000006c0c00000| Untracked 
| 772|0x00000006c1000000, 0x00000006c1000000, 0x00000006c1400000|  0%| F|  |TAMS 0x00000006c1000000, 0x00000006c1000000| Untracked 
| 773|0x00000006c1400000, 0x00000006c1400000, 0x00000006c1800000|  0%| F|  |TAMS 0x00000006c1400000, 0x00000006c1400000| Untracked 
| 774|0x00000006c1800000, 0x00000006c1800000, 0x00000006c1c00000|  0%| F|  |TAMS 0x00000006c1800000, 0x00000006c1800000| Untracked 
| 775|0x00000006c1c00000, 0x00000006c1c00000, 0x00000006c2000000|  0%| F|  |TAMS 0x00000006c1c00000, 0x00000006c1c00000| Untracked 
| 776|0x00000006c2000000, 0x00000006c2000000, 0x00000006c2400000|  0%| F|  |TAMS 0x00000006c2000000, 0x00000006c2000000| Untracked 
| 777|0x00000006c2400000, 0x00000006c2400000, 0x00000006c2800000|  0%| F|  |TAMS 0x00000006c2400000, 0x00000006c2400000| Untracked 
| 778|0x00000006c2800000, 0x00000006c2800000, 0x00000006c2c00000|  0%| F|  |TAMS 0x00000006c2800000, 0x00000006c2800000| Untracked 
| 779|0x00000006c2c00000, 0x00000006c2c00000, 0x00000006c3000000|  0%| F|  |TAMS 0x00000006c2c00000, 0x00000006c2c00000| Untracked 
| 780|0x00000006c3000000, 0x00000006c3000000, 0x00000006c3400000|  0%| F|  |TAMS 0x00000006c3000000, 0x00000006c3000000| Untracked 
| 781|0x00000006c3400000, 0x00000006c3400000, 0x00000006c3800000|  0%| F|  |TAMS 0x00000006c3400000, 0x00000006c3400000| Untracked 
| 782|0x00000006c3800000, 0x00000006c3800000, 0x00000006c3c00000|  0%| F|  |TAMS 0x00000006c3800000, 0x00000006c3800000| Untracked 
| 783|0x00000006c3c00000, 0x00000006c3c00000, 0x00000006c4000000|  0%| F|  |TAMS 0x00000006c3c00000, 0x00000006c3c00000| Untracked 
| 784|0x00000006c4000000, 0x00000006c4000000, 0x00000006c4400000|  0%| F|  |TAMS 0x00000006c4000000, 0x00000006c4000000| Untracked 
| 785|0x00000006c4400000, 0x00000006c4400000, 0x00000006c4800000|  0%| F|  |TAMS 0x00000006c4400000, 0x00000006c4400000| Untracked 
| 786|0x00000006c4800000, 0x00000006c4800000, 0x00000006c4c00000|  0%| F|  |TAMS 0x00000006c4800000, 0x00000006c4800000| Untracked 
| 787|0x00000006c4c00000, 0x00000006c4c00000, 0x00000006c5000000|  0%| F|  |TAMS 0x00000006c4c00000, 0x00000006c4c00000| Untracked 
| 788|0x00000006c5000000, 0x00000006c5000000, 0x00000006c5400000|  0%| F|  |TAMS 0x00000006c5000000, 0x00000006c5000000| Untracked 
| 789|0x00000006c5400000, 0x00000006c5400000, 0x00000006c5800000|  0%| F|  |TAMS 0x00000006c5400000, 0x00000006c5400000| Untracked 
| 790|0x00000006c5800000, 0x00000006c5800000, 0x00000006c5c00000|  0%| F|  |TAMS 0x00000006c5800000, 0x00000006c5800000| Untracked 
| 791|0x00000006c5c00000, 0x00000006c5c00000, 0x00000006c6000000|  0%| F|  |TAMS 0x00000006c5c00000, 0x00000006c5c00000| Untracked 
| 792|0x00000006c6000000, 0x00000006c6000000, 0x00000006c6400000|  0%| F|  |TAMS 0x00000006c6000000, 0x00000006c6000000| Untracked 
| 793|0x00000006c6400000, 0x00000006c6400000, 0x00000006c6800000|  0%| F|  |TAMS 0x00000006c6400000, 0x00000006c6400000| Untracked 
| 794|0x00000006c6800000, 0x00000006c6800000, 0x00000006c6c00000|  0%| F|  |TAMS 0x00000006c6800000, 0x00000006c6800000| Untracked 
| 795|0x00000006c6c00000, 0x00000006c6c00000, 0x00000006c7000000|  0%| F|  |TAMS 0x00000006c6c00000, 0x00000006c6c00000| Untracked 
| 796|0x00000006c7000000, 0x00000006c7000000, 0x00000006c7400000|  0%| F|  |TAMS 0x00000006c7000000, 0x00000006c7000000| Untracked 
| 797|0x00000006c7400000, 0x00000006c7400000, 0x00000006c7800000|  0%| F|  |TAMS 0x00000006c7400000, 0x00000006c7400000| Untracked 
| 798|0x00000006c7800000, 0x00000006c7800000, 0x00000006c7c00000|  0%| F|  |TAMS 0x00000006c7800000, 0x00000006c7800000| Untracked 
| 799|0x00000006c7c00000, 0x00000006c7c00000, 0x00000006c8000000|  0%| F|  |TAMS 0x00000006c7c00000, 0x00000006c7c00000| Untracked 
| 800|0x00000006c8000000, 0x00000006c8000000, 0x00000006c8400000|  0%| F|  |TAMS 0x00000006c8000000, 0x00000006c8000000| Untracked 
| 801|0x00000006c8400000, 0x00000006c8400000, 0x00000006c8800000|  0%| F|  |TAMS 0x00000006c8400000, 0x00000006c8400000| Untracked 
| 802|0x00000006c8800000, 0x00000006c8800000, 0x00000006c8c00000|  0%| F|  |TAMS 0x00000006c8800000, 0x00000006c8800000| Untracked 
| 803|0x00000006c8c00000, 0x00000006c8c00000, 0x00000006c9000000|  0%| F|  |TAMS 0x00000006c8c00000, 0x00000006c8c00000| Untracked 
| 804|0x00000006c9000000, 0x00000006c9000000, 0x00000006c9400000|  0%| F|  |TAMS 0x00000006c9000000, 0x00000006c9000000| Untracked 
| 805|0x00000006c9400000, 0x00000006c9400000, 0x00000006c9800000|  0%| F|  |TAMS 0x00000006c9400000, 0x00000006c9400000| Untracked 
| 806|0x00000006c9800000, 0x00000006c9800000, 0x00000006c9c00000|  0%| F|  |TAMS 0x00000006c9800000, 0x00000006c9800000| Untracked 
| 807|0x00000006c9c00000, 0x00000006c9c00000, 0x00000006ca000000|  0%| F|  |TAMS 0x00000006c9c00000, 0x00000006c9c00000| Untracked 
| 808|0x00000006ca000000, 0x00000006ca000000, 0x00000006ca400000|  0%| F|  |TAMS 0x00000006ca000000, 0x00000006ca000000| Untracked 
| 809|0x00000006ca400000, 0x00000006ca400000, 0x00000006ca800000|  0%| F|  |TAMS 0x00000006ca400000, 0x00000006ca400000| Untracked 
| 810|0x00000006ca800000, 0x00000006ca800000, 0x00000006cac00000|  0%| F|  |TAMS 0x00000006ca800000, 0x00000006ca800000| Untracked 
| 811|0x00000006cac00000, 0x00000006cac00000, 0x00000006cb000000|  0%| F|  |TAMS 0x00000006cac00000, 0x00000006cac00000| Untracked 
| 812|0x00000006cb000000, 0x00000006cb000000, 0x00000006cb400000|  0%| F|  |TAMS 0x00000006cb000000, 0x00000006cb000000| Untracked 
| 813|0x00000006cb400000, 0x00000006cb400000, 0x00000006cb800000|  0%| F|  |TAMS 0x00000006cb400000, 0x00000006cb400000| Untracked 
| 814|0x00000006cb800000, 0x00000006cb800000, 0x00000006cbc00000|  0%| F|  |TAMS 0x00000006cb800000, 0x00000006cb800000| Untracked 
| 815|0x00000006cbc00000, 0x00000006cbc00000, 0x00000006cc000000|  0%| F|  |TAMS 0x00000006cbc00000, 0x00000006cbc00000| Untracked 
| 816|0x00000006cc000000, 0x00000006cc000000, 0x00000006cc400000|  0%| F|  |TAMS 0x00000006cc000000, 0x00000006cc000000| Untracked 
| 817|0x00000006cc400000, 0x00000006cc400000, 0x00000006cc800000|  0%| F|  |TAMS 0x00000006cc400000, 0x00000006cc400000| Untracked 
| 818|0x00000006cc800000, 0x00000006cc800000, 0x00000006ccc00000|  0%| F|  |TAMS 0x00000006cc800000, 0x00000006cc800000| Untracked 
| 819|0x00000006ccc00000, 0x00000006ccc00000, 0x00000006cd000000|  0%| F|  |TAMS 0x00000006ccc00000, 0x00000006ccc00000| Untracked 
| 820|0x00000006cd000000, 0x00000006cd000000, 0x00000006cd400000|  0%| F|  |TAMS 0x00000006cd000000, 0x00000006cd000000| Untracked 
| 821|0x00000006cd400000, 0x00000006cd400000, 0x00000006cd800000|  0%| F|  |TAMS 0x00000006cd400000, 0x00000006cd400000| Untracked 
| 822|0x00000006cd800000, 0x00000006cd800000, 0x00000006cdc00000|  0%| F|  |TAMS 0x00000006cd800000, 0x00000006cd800000| Untracked 
| 823|0x00000006cdc00000, 0x00000006cdc00000, 0x00000006ce000000|  0%| F|  |TAMS 0x00000006cdc00000, 0x00000006cdc00000| Untracked 
| 824|0x00000006ce000000, 0x00000006ce000000, 0x00000006ce400000|  0%| F|  |TAMS 0x00000006ce000000, 0x00000006ce000000| Untracked 
| 825|0x00000006ce400000, 0x00000006ce400000, 0x00000006ce800000|  0%| F|  |TAMS 0x00000006ce400000, 0x00000006ce400000| Untracked 
| 826|0x00000006ce800000, 0x00000006ce800000, 0x00000006cec00000|  0%| F|  |TAMS 0x00000006ce800000, 0x00000006ce800000| Untracked 
| 827|0x00000006cec00000, 0x00000006cec00000, 0x00000006cf000000|  0%| F|  |TAMS 0x00000006cec00000, 0x00000006cec00000| Untracked 
| 828|0x00000006cf000000, 0x00000006cf000000, 0x00000006cf400000|  0%| F|  |TAMS 0x00000006cf000000, 0x00000006cf000000| Untracked 
| 829|0x00000006cf400000, 0x00000006cf400000, 0x00000006cf800000|  0%| F|  |TAMS 0x00000006cf400000, 0x00000006cf400000| Untracked 
| 830|0x00000006cf800000, 0x00000006cf800000, 0x00000006cfc00000|  0%| F|  |TAMS 0x00000006cf800000, 0x00000006cf800000| Untracked 
| 831|0x00000006cfc00000, 0x00000006cfc00000, 0x00000006d0000000|  0%| F|  |TAMS 0x00000006cfc00000, 0x00000006cfc00000| Untracked 
| 832|0x00000006d0000000, 0x00000006d0000000, 0x00000006d0400000|  0%| F|  |TAMS 0x00000006d0000000, 0x00000006d0000000| Untracked 
| 833|0x00000006d0400000, 0x00000006d0400000, 0x00000006d0800000|  0%| F|  |TAMS 0x00000006d0400000, 0x00000006d0400000| Untracked 
| 834|0x00000006d0800000, 0x00000006d0800000, 0x00000006d0c00000|  0%| F|  |TAMS 0x00000006d0800000, 0x00000006d0800000| Untracked 
| 835|0x00000006d0c00000, 0x00000006d0c00000, 0x00000006d1000000|  0%| F|  |TAMS 0x00000006d0c00000, 0x00000006d0c00000| Untracked 
| 836|0x00000006d1000000, 0x00000006d1000000, 0x00000006d1400000|  0%| F|  |TAMS 0x00000006d1000000, 0x00000006d1000000| Untracked 
| 837|0x00000006d1400000, 0x00000006d1400000, 0x00000006d1800000|  0%| F|  |TAMS 0x00000006d1400000, 0x00000006d1400000| Untracked 
| 838|0x00000006d1800000, 0x00000006d1800000, 0x00000006d1c00000|  0%| F|  |TAMS 0x00000006d1800000, 0x00000006d1800000| Untracked 
| 839|0x00000006d1c00000, 0x00000006d1c00000, 0x00000006d2000000|  0%| F|  |TAMS 0x00000006d1c00000, 0x00000006d1c00000| Untracked 
| 840|0x00000006d2000000, 0x00000006d2000000, 0x00000006d2400000|  0%| F|  |TAMS 0x00000006d2000000, 0x00000006d2000000| Untracked 
| 841|0x00000006d2400000, 0x00000006d2400000, 0x00000006d2800000|  0%| F|  |TAMS 0x00000006d2400000, 0x00000006d2400000| Untracked 
| 842|0x00000006d2800000, 0x00000006d2800000, 0x00000006d2c00000|  0%| F|  |TAMS 0x00000006d2800000, 0x00000006d2800000| Untracked 
| 843|0x00000006d2c00000, 0x00000006d2c00000, 0x00000006d3000000|  0%| F|  |TAMS 0x00000006d2c00000, 0x00000006d2c00000| Untracked 
| 844|0x00000006d3000000, 0x00000006d3000000, 0x00000006d3400000|  0%| F|  |TAMS 0x00000006d3000000, 0x00000006d3000000| Untracked 
| 845|0x00000006d3400000, 0x00000006d3400000, 0x00000006d3800000|  0%| F|  |TAMS 0x00000006d3400000, 0x00000006d3400000| Untracked 
| 846|0x00000006d3800000, 0x00000006d3800000, 0x00000006d3c00000|  0%| F|  |TAMS 0x00000006d3800000, 0x00000006d3800000| Untracked 
| 847|0x00000006d3c00000, 0x00000006d3c00000, 0x00000006d4000000|  0%| F|  |TAMS 0x00000006d3c00000, 0x00000006d3c00000| Untracked 
| 848|0x00000006d4000000, 0x00000006d4000000, 0x00000006d4400000|  0%| F|  |TAMS 0x00000006d4000000, 0x00000006d4000000| Untracked 
| 849|0x00000006d4400000, 0x00000006d4400000, 0x00000006d4800000|  0%| F|  |TAMS 0x00000006d4400000, 0x00000006d4400000| Untracked 
| 850|0x00000006d4800000, 0x00000006d4800000, 0x00000006d4c00000|  0%| F|  |TAMS 0x00000006d4800000, 0x00000006d4800000| Untracked 
| 851|0x00000006d4c00000, 0x00000006d4c00000, 0x00000006d5000000|  0%| F|  |TAMS 0x00000006d4c00000, 0x00000006d4c00000| Untracked 
| 852|0x00000006d5000000, 0x00000006d5000000, 0x00000006d5400000|  0%| F|  |TAMS 0x00000006d5000000, 0x00000006d5000000| Untracked 
| 853|0x00000006d5400000, 0x00000006d5400000, 0x00000006d5800000|  0%| F|  |TAMS 0x00000006d5400000, 0x00000006d5400000| Untracked 
| 854|0x00000006d5800000, 0x00000006d5800000, 0x00000006d5c00000|  0%| F|  |TAMS 0x00000006d5800000, 0x00000006d5800000| Untracked 
| 855|0x00000006d5c00000, 0x00000006d5c00000, 0x00000006d6000000|  0%| F|  |TAMS 0x00000006d5c00000, 0x00000006d5c00000| Untracked 
| 856|0x00000006d6000000, 0x00000006d6000000, 0x00000006d6400000|  0%| F|  |TAMS 0x00000006d6000000, 0x00000006d6000000| Untracked 
| 857|0x00000006d6400000, 0x00000006d6400000, 0x00000006d6800000|  0%| F|  |TAMS 0x00000006d6400000, 0x00000006d6400000| Untracked 
| 858|0x00000006d6800000, 0x00000006d6800000, 0x00000006d6c00000|  0%| F|  |TAMS 0x00000006d6800000, 0x00000006d6800000| Untracked 
| 859|0x00000006d6c00000, 0x00000006d6c00000, 0x00000006d7000000|  0%| F|  |TAMS 0x00000006d6c00000, 0x00000006d6c00000| Untracked 
| 860|0x00000006d7000000, 0x00000006d7000000, 0x00000006d7400000|  0%| F|  |TAMS 0x00000006d7000000, 0x00000006d7000000| Untracked 
| 861|0x00000006d7400000, 0x00000006d7400000, 0x00000006d7800000|  0%| F|  |TAMS 0x00000006d7400000, 0x00000006d7400000| Untracked 
| 862|0x00000006d7800000, 0x00000006d7800000, 0x00000006d7c00000|  0%| F|  |TAMS 0x00000006d7800000, 0x00000006d7800000| Untracked 
| 863|0x00000006d7c00000, 0x00000006d7c00000, 0x00000006d8000000|  0%| F|  |TAMS 0x00000006d7c00000, 0x00000006d7c00000| Untracked 
| 864|0x00000006d8000000, 0x00000006d8000000, 0x00000006d8400000|  0%| F|  |TAMS 0x00000006d8000000, 0x00000006d8000000| Untracked 
| 865|0x00000006d8400000, 0x00000006d8400000, 0x00000006d8800000|  0%| F|  |TAMS 0x00000006d8400000, 0x00000006d8400000| Untracked 
| 866|0x00000006d8800000, 0x00000006d8800000, 0x00000006d8c00000|  0%| F|  |TAMS 0x00000006d8800000, 0x00000006d8800000| Untracked 
| 867|0x00000006d8c00000, 0x00000006d8c00000, 0x00000006d9000000|  0%| F|  |TAMS 0x00000006d8c00000, 0x00000006d8c00000| Untracked 
| 868|0x00000006d9000000, 0x00000006d9000000, 0x00000006d9400000|  0%| F|  |TAMS 0x00000006d9000000, 0x00000006d9000000| Untracked 
| 869|0x00000006d9400000, 0x00000006d9400000, 0x00000006d9800000|  0%| F|  |TAMS 0x00000006d9400000, 0x00000006d9400000| Untracked 
| 870|0x00000006d9800000, 0x00000006d9800000, 0x00000006d9c00000|  0%| F|  |TAMS 0x00000006d9800000, 0x00000006d9800000| Untracked 
| 871|0x00000006d9c00000, 0x00000006d9c00000, 0x00000006da000000|  0%| F|  |TAMS 0x00000006d9c00000, 0x00000006d9c00000| Untracked 
| 872|0x00000006da000000, 0x00000006da000000, 0x00000006da400000|  0%| F|  |TAMS 0x00000006da000000, 0x00000006da000000| Untracked 
| 873|0x00000006da400000, 0x00000006da400000, 0x00000006da800000|  0%| F|  |TAMS 0x00000006da400000, 0x00000006da400000| Untracked 
| 874|0x00000006da800000, 0x00000006da800000, 0x00000006dac00000|  0%| F|  |TAMS 0x00000006da800000, 0x00000006da800000| Untracked 
| 875|0x00000006dac00000, 0x00000006dac00000, 0x00000006db000000|  0%| F|  |TAMS 0x00000006dac00000, 0x00000006dac00000| Untracked 
| 876|0x00000006db000000, 0x00000006db000000, 0x00000006db400000|  0%| F|  |TAMS 0x00000006db000000, 0x00000006db000000| Untracked 
| 877|0x00000006db400000, 0x00000006db400000, 0x00000006db800000|  0%| F|  |TAMS 0x00000006db400000, 0x00000006db400000| Untracked 
| 878|0x00000006db800000, 0x00000006db800000, 0x00000006dbc00000|  0%| F|  |TAMS 0x00000006db800000, 0x00000006db800000| Untracked 
| 879|0x00000006dbc00000, 0x00000006dbc00000, 0x00000006dc000000|  0%| F|  |TAMS 0x00000006dbc00000, 0x00000006dbc00000| Untracked 
| 880|0x00000006dc000000, 0x00000006dc000000, 0x00000006dc400000|  0%| F|  |TAMS 0x00000006dc000000, 0x00000006dc000000| Untracked 
| 881|0x00000006dc400000, 0x00000006dc400000, 0x00000006dc800000|  0%| F|  |TAMS 0x00000006dc400000, 0x00000006dc400000| Untracked 
| 882|0x00000006dc800000, 0x00000006dc800000, 0x00000006dcc00000|  0%| F|  |TAMS 0x00000006dc800000, 0x00000006dc800000| Untracked 
| 883|0x00000006dcc00000, 0x00000006dcc00000, 0x00000006dd000000|  0%| F|  |TAMS 0x00000006dcc00000, 0x00000006dcc00000| Untracked 
| 884|0x00000006dd000000, 0x00000006dd000000, 0x00000006dd400000|  0%| F|  |TAMS 0x00000006dd000000, 0x00000006dd000000| Untracked 
| 885|0x00000006dd400000, 0x00000006dd400000, 0x00000006dd800000|  0%| F|  |TAMS 0x00000006dd400000, 0x00000006dd400000| Untracked 
| 886|0x00000006dd800000, 0x00000006dd800000, 0x00000006ddc00000|  0%| F|  |TAMS 0x00000006dd800000, 0x00000006dd800000| Untracked 
| 887|0x00000006ddc00000, 0x00000006ddc00000, 0x00000006de000000|  0%| F|  |TAMS 0x00000006ddc00000, 0x00000006ddc00000| Untracked 
| 888|0x00000006de000000, 0x00000006de000000, 0x00000006de400000|  0%| F|  |TAMS 0x00000006de000000, 0x00000006de000000| Untracked 
| 889|0x00000006de400000, 0x00000006de400000, 0x00000006de800000|  0%| F|  |TAMS 0x00000006de400000, 0x00000006de400000| Untracked 
| 890|0x00000006de800000, 0x00000006de800000, 0x00000006dec00000|  0%| F|  |TAMS 0x00000006de800000, 0x00000006de800000| Untracked 
| 891|0x00000006dec00000, 0x00000006dec00000, 0x00000006df000000|  0%| F|  |TAMS 0x00000006dec00000, 0x00000006dec00000| Untracked 
| 892|0x00000006df000000, 0x00000006df000000, 0x00000006df400000|  0%| F|  |TAMS 0x00000006df000000, 0x00000006df000000| Untracked 
| 893|0x00000006df400000, 0x00000006df400000, 0x00000006df800000|  0%| F|  |TAMS 0x00000006df400000, 0x00000006df400000| Untracked 
| 894|0x00000006df800000, 0x00000006df800000, 0x00000006dfc00000|  0%| F|  |TAMS 0x00000006df800000, 0x00000006df800000| Untracked 
| 895|0x00000006dfc00000, 0x00000006dfc00000, 0x00000006e0000000|  0%| F|  |TAMS 0x00000006dfc00000, 0x00000006dfc00000| Untracked 
| 896|0x00000006e0000000, 0x00000006e014f9e8, 0x00000006e0400000| 32%| S|CS|TAMS 0x00000006e0000000, 0x00000006e0000000| Complete 
| 897|0x00000006e0400000, 0x00000006e0800000, 0x00000006e0800000|100%| S|CS|TAMS 0x00000006e0400000, 0x00000006e0400000| Complete 
| 898|0x00000006e0800000, 0x00000006e0c00000, 0x00000006e0c00000|100%| S|CS|TAMS 0x00000006e0800000, 0x00000006e0800000| Complete 
| 899|0x00000006e0c00000, 0x00000006e1000000, 0x00000006e1000000|100%| S|CS|TAMS 0x00000006e0c00000, 0x00000006e0c00000| Complete 
| 900|0x00000006e1000000, 0x00000006e1400000, 0x00000006e1400000|100%| S|CS|TAMS 0x00000006e1000000, 0x00000006e1000000| Complete 
| 901|0x00000006e1400000, 0x00000006e1400000, 0x00000006e1800000|  0%| F|  |TAMS 0x00000006e1400000, 0x00000006e1400000| Untracked 
| 902|0x00000006e1800000, 0x00000006e1800000, 0x00000006e1c00000|  0%| F|  |TAMS 0x00000006e1800000, 0x00000006e1800000| Untracked 
| 903|0x00000006e1c00000, 0x00000006e1c00000, 0x00000006e2000000|  0%| F|  |TAMS 0x00000006e1c00000, 0x00000006e1c00000| Untracked 
| 904|0x00000006e2000000, 0x00000006e2000000, 0x00000006e2400000|  0%| F|  |TAMS 0x00000006e2000000, 0x00000006e2000000| Untracked 
| 905|0x00000006e2400000, 0x00000006e2400000, 0x00000006e2800000|  0%| F|  |TAMS 0x00000006e2400000, 0x00000006e2400000| Untracked 
| 906|0x00000006e2800000, 0x00000006e2800000, 0x00000006e2c00000|  0%| F|  |TAMS 0x00000006e2800000, 0x00000006e2800000| Untracked 
| 907|0x00000006e2c00000, 0x00000006e2c00000, 0x00000006e3000000|  0%| F|  |TAMS 0x00000006e2c00000, 0x00000006e2c00000| Untracked 
| 908|0x00000006e3000000, 0x00000006e3000000, 0x00000006e3400000|  0%| F|  |TAMS 0x00000006e3000000, 0x00000006e3000000| Untracked 
| 909|0x00000006e3400000, 0x00000006e3400000, 0x00000006e3800000|  0%| F|  |TAMS 0x00000006e3400000, 0x00000006e3400000| Untracked 
| 910|0x00000006e3800000, 0x00000006e3800000, 0x00000006e3c00000|  0%| F|  |TAMS 0x00000006e3800000, 0x00000006e3800000| Untracked 
| 911|0x00000006e3c00000, 0x00000006e3c00000, 0x00000006e4000000|  0%| F|  |TAMS 0x00000006e3c00000, 0x00000006e3c00000| Untracked 
| 912|0x00000006e4000000, 0x00000006e4000000, 0x00000006e4400000|  0%| F|  |TAMS 0x00000006e4000000, 0x00000006e4000000| Untracked 
| 913|0x00000006e4400000, 0x00000006e4400000, 0x00000006e4800000|  0%| F|  |TAMS 0x00000006e4400000, 0x00000006e4400000| Untracked 
| 914|0x00000006e4800000, 0x00000006e4800000, 0x00000006e4c00000|  0%| F|  |TAMS 0x00000006e4800000, 0x00000006e4800000| Untracked 
| 915|0x00000006e4c00000, 0x00000006e4c00000, 0x00000006e5000000|  0%| F|  |TAMS 0x00000006e4c00000, 0x00000006e4c00000| Untracked 
| 916|0x00000006e5000000, 0x00000006e5000000, 0x00000006e5400000|  0%| F|  |TAMS 0x00000006e5000000, 0x00000006e5000000| Untracked 
| 917|0x00000006e5400000, 0x00000006e5400000, 0x00000006e5800000|  0%| F|  |TAMS 0x00000006e5400000, 0x00000006e5400000| Untracked 
| 918|0x00000006e5800000, 0x00000006e5800000, 0x00000006e5c00000|  0%| F|  |TAMS 0x00000006e5800000, 0x00000006e5800000| Untracked 
| 919|0x00000006e5c00000, 0x00000006e5c00000, 0x00000006e6000000|  0%| F|  |TAMS 0x00000006e5c00000, 0x00000006e5c00000| Untracked 
| 920|0x00000006e6000000, 0x00000006e6000000, 0x00000006e6400000|  0%| F|  |TAMS 0x00000006e6000000, 0x00000006e6000000| Untracked 
| 921|0x00000006e6400000, 0x00000006e6400000, 0x00000006e6800000|  0%| F|  |TAMS 0x00000006e6400000, 0x00000006e6400000| Untracked 
| 922|0x00000006e6800000, 0x00000006e6800000, 0x00000006e6c00000|  0%| F|  |TAMS 0x00000006e6800000, 0x00000006e6800000| Untracked 
| 923|0x00000006e6c00000, 0x00000006e6c00000, 0x00000006e7000000|  0%| F|  |TAMS 0x00000006e6c00000, 0x00000006e6c00000| Untracked 
| 924|0x00000006e7000000, 0x00000006e7000000, 0x00000006e7400000|  0%| F|  |TAMS 0x00000006e7000000, 0x00000006e7000000| Untracked 
| 925|0x00000006e7400000, 0x00000006e7400000, 0x00000006e7800000|  0%| F|  |TAMS 0x00000006e7400000, 0x00000006e7400000| Untracked 
| 926|0x00000006e7800000, 0x00000006e7800000, 0x00000006e7c00000|  0%| F|  |TAMS 0x00000006e7800000, 0x00000006e7800000| Untracked 
| 927|0x00000006e7c00000, 0x00000006e7c00000, 0x00000006e8000000|  0%| F|  |TAMS 0x00000006e7c00000, 0x00000006e7c00000| Untracked 
| 928|0x00000006e8000000, 0x00000006e8000000, 0x00000006e8400000|  0%| F|  |TAMS 0x00000006e8000000, 0x00000006e8000000| Untracked 
| 929|0x00000006e8400000, 0x00000006e8400000, 0x00000006e8800000|  0%| F|  |TAMS 0x00000006e8400000, 0x00000006e8400000| Untracked 
| 930|0x00000006e8800000, 0x00000006e8800000, 0x00000006e8c00000|  0%| F|  |TAMS 0x00000006e8800000, 0x00000006e8800000| Untracked 
| 931|0x00000006e8c00000, 0x00000006e8c00000, 0x00000006e9000000|  0%| F|  |TAMS 0x00000006e8c00000, 0x00000006e8c00000| Untracked 
| 932|0x00000006e9000000, 0x00000006e9000000, 0x00000006e9400000|  0%| F|  |TAMS 0x00000006e9000000, 0x00000006e9000000| Untracked 
| 933|0x00000006e9400000, 0x00000006e9400000, 0x00000006e9800000|  0%| F|  |TAMS 0x00000006e9400000, 0x00000006e9400000| Untracked 
| 934|0x00000006e9800000, 0x00000006e9800000, 0x00000006e9c00000|  0%| F|  |TAMS 0x00000006e9800000, 0x00000006e9800000| Untracked 
| 935|0x00000006e9c00000, 0x00000006e9c00000, 0x00000006ea000000|  0%| F|  |TAMS 0x00000006e9c00000, 0x00000006e9c00000| Untracked 
| 936|0x00000006ea000000, 0x00000006ea000000, 0x00000006ea400000|  0%| F|  |TAMS 0x00000006ea000000, 0x00000006ea000000| Untracked 
| 937|0x00000006ea400000, 0x00000006ea400000, 0x00000006ea800000|  0%| F|  |TAMS 0x00000006ea400000, 0x00000006ea400000| Untracked 
| 938|0x00000006ea800000, 0x00000006ea800000, 0x00000006eac00000|  0%| F|  |TAMS 0x00000006ea800000, 0x00000006ea800000| Untracked 
| 939|0x00000006eac00000, 0x00000006eac00000, 0x00000006eb000000|  0%| F|  |TAMS 0x00000006eac00000, 0x00000006eac00000| Untracked 
| 940|0x00000006eb000000, 0x00000006eb000000, 0x00000006eb400000|  0%| F|  |TAMS 0x00000006eb000000, 0x00000006eb000000| Untracked 
| 941|0x00000006eb400000, 0x00000006eb400000, 0x00000006eb800000|  0%| F|  |TAMS 0x00000006eb400000, 0x00000006eb400000| Untracked 

Card table byte_map: [0x000002806bd30000,0x000002806cd30000] _byte_map_base: 0x0000028068d30000

Marking Bits (Prev, Next): (CMBitMap*) 0x000002806271a250, (CMBitMap*) 0x000002806271a290
 Prev Bits: [0x000002806dd30000, 0x0000028075d30000)
 Next Bits: [0x0000028075d30000, 0x000002807dd30000)

Polling page: 0x00000280609f0000

Metaspace:

Usage:
  Non-class:    288.84 MB used.
      Class:     40.57 MB used.
       Both:    329.42 MB used.

Virtual space:
  Non-class space:      320.00 MB reserved,     290.50 MB ( 91%) committed,  5 nodes.
      Class space:        1.00 GB reserved,      42.31 MB (  4%) committed,  1 nodes.
             Both:        1.31 GB reserved,     332.81 MB ( 25%) committed. 

Chunk freelists:
   Non-Class:  1.16 MB
       Class:  1.69 MB
        Both:  2.84 MB

MaxMetaspaceSize: 4.00 GB
CompressedClassSpaceSize: 1.00 GB
Initial GC threshold: 21.00 MB
Current GC threshold: 512.81 MB
CDS: on
MetaspaceReclaimPolicy: balanced
 - commit_granule_bytes: 65536.
 - commit_granule_words: 8192.
 - virtual_space_node_default_size: 8388608.
 - enlarge_chunks_in_place: 1.
 - new_chunks_are_fully_committed: 0.
 - uncommit_free_chunks: 1.
 - use_allocation_guard: 0.


Internal statistics:

num_allocs_failed_limit: 21.
num_arena_births: 6874.
num_arena_deaths: 666.
num_vsnodes_births: 6.
num_vsnodes_deaths: 0.
num_space_committed: 5317.
num_space_uncommitted: 3.
num_chunks_returned_to_freelist: 1002.
num_chunks_taken_from_freelist: 23251.
num_chunk_merges: 54.
num_chunk_splits: 14872.
num_chunks_enlarged: 9293.
num_inconsistent_stats: 0.

CodeHeap 'non-profiled nmethods': size=259264Kb used=23257Kb max_used=23257Kb free=236006Kb
 bounds [0x00000280102d0000, 0x0000028011990000, 0x0000028020000000]
CodeHeap 'profiled nmethods': size=259264Kb used=75094Kb max_used=75094Kb free=184170Kb
 bounds [0x0000028000000000, 0x0000028004960000, 0x000002800fd30000]
CodeHeap 'non-nmethods': size=5760Kb used=2892Kb max_used=2958Kb free=2867Kb
 bounds [0x000002800fd30000, 0x0000028010030000, 0x00000280102d0000]
 total_blobs=37494 nmethods=36087 adapters=1315
 compilation: enabled
              stopped_count=0, restarted_count=0
 full_count=0

Compilation events (20 events):
Event: 158.116 Thread 0x000002807df261a0 nmethod 46302 0x0000028004952d10 code [0x0000028004952ea0, 0x0000028004952fb8]
Event: 158.116 Thread 0x000002807df261a0 46293       2       com.android.tools.r8.internal.js0::<init> (43 bytes)
Event: 158.116 Thread 0x000002807df261a0 nmethod 46293 0x0000028004953090 code [0x0000028004953220, 0x00000280049533f8]
Event: 158.116 Thread 0x000002807df261a0 46308       3       com.android.tools.r8.internal.rZ::a (95 bytes)
Event: 158.116 Thread 0x000002807df261a0 nmethod 46308 0x0000028004953490 code [0x00000280049536a0, 0x0000028004953ec8]
Event: 158.116 Thread 0x000002807df261a0 46304       2       com.android.tools.r8.internal.qZ::a (29 bytes)
Event: 158.116 Thread 0x000002807df261a0 nmethod 46304 0x0000028004954110 code [0x00000280049542c0, 0x0000028004954478]
Event: 158.116 Thread 0x000002807df261a0 46289       2       com.android.tools.r8.internal.Dd$$Lambda$7194/0x00000008039ae470::apply (24 bytes)
Event: 158.116 Thread 0x000002807df261a0 nmethod 46289 0x0000028004954510 code [0x00000280049546c0, 0x0000028004954848]
Event: 158.116 Thread 0x000002807df261a0 46290       2       com.android.tools.r8.internal.Dd::a (14 bytes)
Event: 158.116 Thread 0x000002807df261a0 nmethod 46290 0x0000028004954910 code [0x0000028004954ac0, 0x0000028004954c48]
Event: 158.116 Thread 0x000002807df261a0 46108       1       com.android.tools.r8.internal.ha0::size (2 bytes)
Event: 158.116 Thread 0x000002807df261a0 nmethod 46108 0x0000028011986410 code [0x00000280119865a0, 0x0000028011986678]
Event: 158.116 Thread 0x000002807df261a0 46305       2       com.android.tools.r8.internal.js0::A (2 bytes)
Event: 158.116 Thread 0x000002807df261a0 nmethod 46305 0x0000028004954d10 code [0x0000028004954ea0, 0x0000028004954f98]
Event: 158.116 Thread 0x000002807df261a0 46294       2       com.android.tools.r8.graph.B1$$Lambda$6665/0x00000008038afb10::apply (28 bytes)
Event: 158.117 Thread 0x000002807df261a0 nmethod 46294 0x0000028004955010 code [0x00000280049551c0, 0x0000028004955368]
Event: 158.117 Thread 0x000002807df261a0 46301       2       com.android.tools.r8.internal.C5::isInitialized (5 bytes)
Event: 158.117 Thread 0x000002807df261a0 nmethod 46301 0x0000028004955490 code [0x0000028004955620, 0x0000028004955758]
Event: 158.117 Thread 0x000002807df261a0 46309       2       com.android.tools.r8.internal.Dd::a (253 bytes)

GC Heap History (20 events):
Event: 123.033 GC heap after
{Heap after GC invocations=63 (full 0):
 garbage-first heap   total 3858432K, used 468997K [0x0000000600000000, 0x0000000800000000)
  region size 4096K, 3 young (12288K), 3 survivors (12288K)
 Metaspace       used 318238K, committed 321664K, reserved 1376256K
  class space    used 38899K, committed 40640K, reserved 1048576K
}
Event: 136.248 GC heap before
{Heap before GC invocations=63 (full 0):
 garbage-first heap   total 3858432K, used 772101K [0x0000000600000000, 0x0000000800000000)
  region size 4096K, 78 young (319488K), 3 survivors (12288K)
 Metaspace       used 324102K, committed 327616K, reserved 1376256K
  class space    used 39688K, committed 41472K, reserved 1048576K
}
Event: 136.312 GC heap after
{Heap after GC invocations=64 (full 0):
 garbage-first heap   total 3858432K, used 519234K [0x0000000600000000, 0x0000000800000000)
  region size 4096K, 10 young (40960K), 10 survivors (40960K)
 Metaspace       used 324102K, committed 327616K, reserved 1376256K
  class space    used 39688K, committed 41472K, reserved 1048576K
}
Event: 136.481 GC heap before
{Heap before GC invocations=64 (full 0):
 garbage-first heap   total 3858432K, used 666690K [0x0000000600000000, 0x0000000800000000)
  region size 4096K, 47 young (192512K), 10 survivors (40960K)
 Metaspace       used 324145K, committed 327616K, reserved 1376256K
  class space    used 39690K, committed 41472K, reserved 1048576K
}
Event: 136.561 GC heap after
{Heap after GC invocations=65 (full 0):
 garbage-first heap   total 3858432K, used 554054K [0x0000000600000000, 0x0000000800000000)
  region size 4096K, 6 young (24576K), 6 survivors (24576K)
 Metaspace       used 324145K, committed 327616K, reserved 1376256K
  class space    used 39690K, committed 41472K, reserved 1048576K
}
Event: 137.694 GC heap before
{Heap before GC invocations=65 (full 0):
 garbage-first heap   total 3858432K, used 787526K [0x0000000600000000, 0x0000000800000000)
  region size 4096K, 63 young (258048K), 6 survivors (24576K)
 Metaspace       used 324213K, committed 327680K, reserved 1376256K
  class space    used 39696K, committed 41472K, reserved 1048576K
}
Event: 137.807 GC heap after
{Heap after GC invocations=66 (full 0):
 garbage-first heap   total 3858432K, used 614331K [0x0000000600000000, 0x0000000800000000)
  region size 4096K, 8 young (32768K), 8 survivors (32768K)
 Metaspace       used 324213K, committed 327680K, reserved 1376256K
  class space    used 39696K, committed 41472K, reserved 1048576K
}
Event: 139.569 GC heap before
{Heap before GC invocations=66 (full 0):
 garbage-first heap   total 3858432K, used 798651K [0x0000000600000000, 0x0000000800000000)
  region size 4096K, 53 young (217088K), 8 survivors (32768K)
 Metaspace       used 326988K, committed 330432K, reserved 1376256K
  class space    used 40066K, committed 41856K, reserved 1048576K
}
Event: 139.679 GC heap after
{Heap after GC invocations=67 (full 0):
 garbage-first heap   total 3858432K, used 646625K [0x0000000600000000, 0x0000000800000000)
  region size 4096K, 7 young (28672K), 7 survivors (28672K)
 Metaspace       used 326988K, committed 330432K, reserved 1376256K
  class space    used 40066K, committed 41856K, reserved 1048576K
}
Event: 143.107 GC heap before
{Heap before GC invocations=67 (full 0):
 garbage-first heap   total 3858432K, used 871905K [0x0000000600000000, 0x0000000800000000)
  region size 4096K, 58 young (237568K), 7 survivors (28672K)
 Metaspace       used 331182K, committed 334656K, reserved 1376256K
  class space    used 40591K, committed 42368K, reserved 1048576K
}
Event: 143.229 GC heap after
{Heap after GC invocations=68 (full 0):
 garbage-first heap   total 3858432K, used 667201K [0x0000000600000000, 0x0000000800000000)
  region size 4096K, 3 young (12288K), 3 survivors (12288K)
 Metaspace       used 331182K, committed 334656K, reserved 1376256K
  class space    used 40591K, committed 42368K, reserved 1048576K
}
Event: 147.125 GC heap before
{Heap before GC invocations=68 (full 0):
 garbage-first heap   total 3858432K, used 929345K [0x0000000600000000, 0x0000000800000000)
  region size 4096K, 67 young (274432K), 3 survivors (12288K)
 Metaspace       used 334482K, committed 338048K, reserved 1376256K
  class space    used 41144K, committed 42944K, reserved 1048576K
}
Event: 147.321 GC heap after
{Heap after GC invocations=69 (full 0):
 garbage-first heap   total 3858432K, used 699400K [0x0000000600000000, 0x0000000800000000)
  region size 4096K, 9 young (36864K), 9 survivors (36864K)
 Metaspace       used 334482K, committed 338048K, reserved 1376256K
  class space    used 41144K, committed 42944K, reserved 1048576K
}
Event: 148.599 GC heap before
{Heap before GC invocations=69 (full 0):
 garbage-first heap   total 3858432K, used 855048K [0x0000000600000000, 0x0000000800000000)
  region size 4096K, 47 young (192512K), 9 survivors (36864K)
 Metaspace       used 334611K, committed 338176K, reserved 1376256K
  class space    used 41145K, committed 42944K, reserved 1048576K
}
Event: 148.848 GC heap after
{Heap after GC invocations=70 (full 0):
 garbage-first heap   total 3858432K, used 709565K [0x0000000600000000, 0x0000000800000000)
  region size 4096K, 5 young (20480K), 5 survivors (20480K)
 Metaspace       used 334611K, committed 338176K, reserved 1376256K
  class space    used 41145K, committed 42944K, reserved 1048576K
}
Event: 150.764 GC heap before
{Heap before GC invocations=70 (full 0):
 garbage-first heap   total 3858432K, used 938941K [0x0000000600000000, 0x0000000800000000)
  region size 4096K, 61 young (249856K), 5 survivors (20480K)
 Metaspace       used 334686K, committed 338240K, reserved 1376256K
  class space    used 41147K, committed 42944K, reserved 1048576K
}
Event: 150.814 GC heap after
{Heap after GC invocations=71 (full 0):
 garbage-first heap   total 3858432K, used 730528K [0x0000000600000000, 0x0000000800000000)
  region size 4096K, 8 young (32768K), 8 survivors (32768K)
 Metaspace       used 334686K, committed 338240K, reserved 1376256K
  class space    used 41147K, committed 42944K, reserved 1048576K
}
Event: 152.164 GC heap before
{Heap before GC invocations=71 (full 0):
 garbage-first heap   total 3858432K, used 964000K [0x0000000600000000, 0x0000000800000000)
  region size 4096K, 65 young (266240K), 8 survivors (32768K)
 Metaspace       used 334793K, committed 338304K, reserved 1376256K
  class space    used 41152K, committed 42944K, reserved 1048576K
}
Event: 152.488 GC heap after
{Heap after GC invocations=72 (full 0):
 garbage-first heap   total 3858432K, used 751510K [0x0000000600000000, 0x0000000800000000)
  region size 4096K, 6 young (24576K), 6 survivors (24576K)
 Metaspace       used 334793K, committed 338304K, reserved 1376256K
  class space    used 41152K, committed 42944K, reserved 1048576K
}
Event: 158.118 GC heap before
{Heap before GC invocations=72 (full 0):
 garbage-first heap   total 3858432K, used 919446K [0x0000000600000000, 0x0000000800000000)
  region size 4096K, 47 young (192512K), 6 survivors (24576K)
 Metaspace       used 337322K, committed 340800K, reserved 1376256K
  class space    used 41547K, committed 43328K, reserved 1048576K
}

Dll operation events (17 events):
Event: 0.016 Loaded shared library C:\Program Files\Java\jdk-19\bin\java.dll
Event: 0.027 Loaded shared library C:\Program Files\Java\jdk-19\bin\jsvml.dll
Event: 0.086 Loaded shared library C:\Program Files\Java\jdk-19\bin\zip.dll
Event: 0.090 Loaded shared library C:\Program Files\Java\jdk-19\bin\instrument.dll
Event: 0.094 Loaded shared library C:\Program Files\Java\jdk-19\bin\net.dll
Event: 0.095 Loaded shared library C:\Program Files\Java\jdk-19\bin\nio.dll
Event: 0.097 Loaded shared library C:\Program Files\Java\jdk-19\bin\zip.dll
Event: 0.284 Loaded shared library C:\Program Files\Java\jdk-19\bin\jimage.dll
Event: 0.371 Loaded shared library C:\Program Files\Java\jdk-19\bin\verify.dll
Event: 0.453 Loaded shared library C:\Users\RAHUL\.gradle\native\c067742578af261105cb4f569cf0c3c89f3d7b1fecec35dd04571415982c5e48\windows-amd64\native-platform.dll
Event: 0.465 Loaded shared library C:\Users\RAHUL\.gradle\native\100fb08df4bc3b14c8652ba06237920a3bd2aa13389f12d3474272988ae205f9\windows-amd64\native-platform-file-events.dll
Event: 1.393 Loaded shared library C:\Program Files\Java\jdk-19\bin\management.dll
Event: 1.395 Loaded shared library C:\Program Files\Java\jdk-19\bin\management_ext.dll
Event: 1.555 Loaded shared library C:\Program Files\Java\jdk-19\bin\extnet.dll
Event: 1.748 Loaded shared library C:\Program Files\Java\jdk-19\bin\sunmscapi.dll
Event: 62.737 Loaded shared library C:\Program Files\Java\jdk-19\bin\rmi.dll
Event: 76.325 Loaded shared library C:\Program Files\Java\jdk-19\bin\awt.dll

Deoptimization events (20 events):
Event: 158.018 Thread 0x00000280285a2fd0 Uncommon trap: trap_request=0xffffff45 fr.pc=0x000002801197ee48 relative=0x0000000000000188
Event: 158.018 Thread 0x00000280285a2fd0 Uncommon trap: reason=unstable_if action=reinterpret pc=0x000002801197ee48 method=com.android.tools.r8.internal.hx.a(C)Lcom/android/tools/r8/internal/y50; @ 1 c2
Event: 158.018 Thread 0x00000280285a2fd0 DEOPT PACKING pc=0x000002801197ee48 sp=0x000000bcf39fe560
Event: 158.018 Thread 0x00000280285a2fd0 DEOPT UNPACKING pc=0x000002800fd96da3 sp=0x000000bcf39fe498 mode 2
Event: 158.050 Thread 0x00000280285a2a80 Uncommon trap: trap_request=0xffffffc6 fr.pc=0x0000028011982c4c relative=0x000000000000048c
Event: 158.050 Thread 0x00000280285a2a80 Uncommon trap: reason=bimorphic_or_optimized_type_check action=maybe_recompile pc=0x0000028011982c4c method=com.android.tools.r8.internal.N8.a(Lcom/android/tools/r8/internal/hx;Lcom/android/tools/r8/internal/hx;)Z @ 282 c2
Event: 158.050 Thread 0x00000280285a2a80 DEOPT PACKING pc=0x0000028011982c4c sp=0x000000bcef3fe880
Event: 158.050 Thread 0x00000280285a2a80 DEOPT UNPACKING pc=0x000002800fd96da3 sp=0x000000bcef3fe800 mode 2
Event: 158.051 Thread 0x00000280285a2a80 Uncommon trap: trap_request=0xffffffc6 fr.pc=0x0000028011982c4c relative=0x000000000000048c
Event: 158.051 Thread 0x00000280285a2a80 Uncommon trap: reason=bimorphic_or_optimized_type_check action=maybe_recompile pc=0x0000028011982c4c method=com.android.tools.r8.internal.N8.a(Lcom/android/tools/r8/internal/hx;Lcom/android/tools/r8/internal/hx;)Z @ 282 c2
Event: 158.051 Thread 0x00000280285a2a80 DEOPT PACKING pc=0x0000028011982c4c sp=0x000000bcef3fe880
Event: 158.051 Thread 0x00000280285a2a80 DEOPT UNPACKING pc=0x000002800fd96da3 sp=0x000000bcef3fe800 mode 2
Event: 158.051 Thread 0x00000280285a2fd0 Uncommon trap: trap_request=0xffffff45 fr.pc=0x000002801170ad1c relative=0x000000000000149c
Event: 158.052 Thread 0x00000280285a2fd0 Uncommon trap: reason=unstable_if action=reinterpret pc=0x000002801170ad1c method=com.android.tools.r8.internal.pE.a(ILjava/lang/Object;)Ljava/lang/Object; @ 475 c2
Event: 158.052 Thread 0x00000280285a2fd0 DEOPT PACKING pc=0x000002801170ad1c sp=0x000000bcf39fe180
Event: 158.052 Thread 0x00000280285a2fd0 DEOPT UNPACKING pc=0x000002800fd96da3 sp=0x000000bcf39fe138 mode 2
Event: 158.075 Thread 0x00000280285a2fd0 Uncommon trap: trap_request=0xffffff45 fr.pc=0x0000028010e4cdf8 relative=0x0000000000000218
Event: 158.075 Thread 0x00000280285a2fd0 Uncommon trap: reason=unstable_if action=reinterpret pc=0x0000028010e4cdf8 method=com.android.tools.r8.internal.s9.a(ILcom/android/tools/r8/internal/hx;Lcom/android/tools/r8/internal/pE;)V @ 168 c2
Event: 158.075 Thread 0x00000280285a2fd0 DEOPT PACKING pc=0x0000028010e4cdf8 sp=0x000000bcf39fe040
Event: 158.075 Thread 0x00000280285a2fd0 DEOPT UNPACKING pc=0x000002800fd96da3 sp=0x000000bcf39fdfd0 mode 2

Classes loaded (20 events):
Event: 105.263 Loading class java/nio/channels/Channels$WritableByteChannelImpl
Event: 105.266 Loading class java/nio/channels/Channels$WritableByteChannelImpl done
Event: 110.760 Loading class java/text/MessageFormat
Event: 110.766 Loading class java/text/MessageFormat done
Event: 111.136 Loading class java/text/ChoiceFormat
Event: 111.139 Loading class java/text/ChoiceFormat done
Event: 131.392 Loading class java/util/concurrent/atomic/Striped64$Cell
Event: 131.398 Loading class java/util/concurrent/atomic/Striped64$Cell done
Event: 131.816 Loading class java/util/zip/ZipOutputStream
Event: 131.827 Loading class java/util/zip/ZipOutputStream done
Event: 135.938 Loading class java/util/concurrent/ForkJoinTask$AdaptedCallable
Event: 135.940 Loading class java/util/concurrent/ForkJoinTask$AdaptedCallable done
Event: 138.087 Loading class java/util/IdentityHashMap$EntrySet
Event: 138.093 Loading class java/util/IdentityHashMap$EntrySet done
Event: 156.510 Loading class java/util/IdentityHashMap$EntryIterator
Event: 156.514 Loading class java/util/IdentityHashMap$EntryIterator done
Event: 156.515 Loading class java/util/IdentityHashMap$EntryIterator$Entry
Event: 156.516 Loading class java/util/IdentityHashMap$EntryIterator$Entry done
Event: 157.963 Loading class java/util/ArrayDeque$DescendingIterator
Event: 157.964 Loading class java/util/ArrayDeque$DescendingIterator done

Classes unloaded (20 events):
Event: 99.062 Thread 0x000002807dee6d70 Unloading class 0x0000000802342da0 'jdk/internal/jimage/ImageHeader'
Event: 99.062 Thread 0x000002807dee6d70 Unloading class 0x0000000802342b80 'jdk/internal/jimage/BasicImageReader$2'
Event: 99.062 Thread 0x000002807dee6d70 Unloading class 0x0000000802342960 'jdk/internal/jimage/BasicImageReader$1'
Event: 99.062 Thread 0x000002807dee6d70 Unloading class 0x0000000802342708 'jdk/internal/jimage/ImageReader$Resource'
Event: 99.062 Thread 0x000002807dee6d70 Unloading class 0x00000008023424b0 'jdk/internal/jimage/ImageReader$LinkNode'
Event: 99.062 Thread 0x000002807dee6d70 Unloading class 0x0000000802342258 'jdk/internal/jimage/ImageReader$Directory'
Event: 99.062 Thread 0x000002807dee6d70 Unloading class 0x0000000802342000 'jdk/internal/jimage/ImageReader$Node'
Event: 99.065 Thread 0x000002807dee6d70 Unloading class 0x0000000802341db0 'jdk/internal/jimage/ImageStrings'
Event: 99.067 Thread 0x000002807dee6d70 Unloading class 0x0000000802341b00 'jdk/internal/jimage/ImageReader$SharedImageReader'
Event: 99.067 Thread 0x000002807dee6d70 Unloading class 0x0000000802341850 'jdk/internal/jimage/BasicImageReader'
Event: 99.067 Thread 0x000002807dee6d70 Unloading class 0x0000000802341640 'jdk/internal/jimage/ImageReader'
Event: 99.067 Thread 0x000002807dee6d70 Unloading class 0x0000000802341428 'jdk/internal/jrtfs/SystemImage$2'
Event: 99.067 Thread 0x000002807dee6d70 Unloading class 0x0000000802341220 'jdk/internal/jrtfs/SystemImage$$Lambda$2641+0x0000000802341220'
Event: 99.068 Thread 0x000002807dee6d70 Unloading class 0x0000000802341000 'jdk/internal/jrtfs/ExplodedImage'
Event: 99.068 Thread 0x000002807dee6d70 Unloading class 0x0000000802340d78 'jdk/internal/jrtfs/SystemImage$1'
Event: 99.068 Thread 0x000002807dee6d70 Unloading class 0x0000000802340b70 'jdk/internal/jrtfs/SystemImage'
Event: 99.068 Thread 0x000002807dee6d70 Unloading class 0x0000000802340920 'jdk/internal/jrtfs/JrtFileStore'
Event: 99.069 Thread 0x000002807dee6d70 Unloading class 0x00000008023405b8 'jdk/internal/jrtfs/JrtPath'
Event: 99.069 Thread 0x000002807dee6d70 Unloading class 0x00000008023402d0 'jdk/internal/jrtfs/JrtFileSystem'
Event: 99.074 Thread 0x000002807dee6d70 Unloading class 0x0000000802340000 'jdk/internal/jrtfs/JrtFileSystemProvider'

Classes redefined (0 events):
No events

Internal exceptions (20 events):
Event: 145.906 Thread 0x000002802859a5b0 Implicit null exception at 0x0000028011759f28 to 0x0000028011759fc4
Event: 146.642 Thread 0x000002802859a5b0 Implicit null exception at 0x00000280116e94c8 to 0x00000280116eab24
Event: 156.302 Thread 0x000002802859a5b0 Exception <a 'java/lang/ClassCastException'{0x00000006e8d45dc0}: class kotlin.reflect.jvm.internal.ReflectionFactoryImpl cannot be cast to class com.android.tools.r8.internal.Vb0 (kotlin.reflect.jvm.internal.ReflectionFactoryImpl is in unnamed module of loader org.gradle.internal.classloader.VisitableURLClassLoader @6842775d; com.android.tools.r8.internal.Vb0 is in unnamed module of loader org.gradle.internal.classloader.VisitableURLClassLoader$InstrumentingVisitableURLClassLoader @523ee462)> (0x00000006e8
Event: 156.756 Thread 0x000002802859a5b0 Exception <a 'java/lang/IncompatibleClassChangeError'{0x00000006e8757410}: Found class java.lang.Object, but interface was expected> (0x00000006e8757410) 
thrown [s\open\src\hotspot\share\interpreter\linkResolver.cpp, line 841]
Event: 156.834 Thread 0x000002802859a5b0 Exception <a 'java/lang/IncompatibleClassChangeError'{0x00000006e80c8cc0}: Found class java.lang.Object, but interface was expected> (0x00000006e80c8cc0) 
thrown [s\open\src\hotspot\share\interpreter\linkResolver.cpp, line 841]
Event: 157.673 Thread 0x0000028029939b30 Exception <a 'java/lang/NoSuchMethodError'{0x00000006e4a40b50}: static Lcom/android/build/gradle/internal/tasks/ExtractNativeDebugMetadataRunnable$SingleRequest;.<clinit>()V> (0x00000006e4a40b50) 
thrown [s\open\src\hotspot\share\prims\jni.cpp, line 1107]
Event: 157.681 Thread 0x00000280285a2530 Exception <a 'java/lang/IncompatibleClassChangeError'{0x00000006ea8870d0}: Found class java.lang.Object, but interface was expected> (0x00000006ea8870d0) 
thrown [s\open\src\hotspot\share\interpreter\linkResolver.cpp, line 841]
Event: 157.681 Thread 0x00000280285a1a90 Exception <a 'java/lang/IncompatibleClassChangeError'{0x00000006ea89bb60}: Found class java.lang.Object, but interface was expected> (0x00000006ea89bb60) 
thrown [s\open\src\hotspot\share\interpreter\linkResolver.cpp, line 841]
Event: 157.681 Thread 0x00000280285a1fe0 Exception <a 'java/lang/IncompatibleClassChangeError'{0x00000006ea88cad0}: Found class java.lang.Object, but interface was expected> (0x00000006ea88cad0) 
thrown [s\open\src\hotspot\share\interpreter\linkResolver.cpp, line 841]
Event: 157.681 Thread 0x00000280285a3520 Exception <a 'java/lang/IncompatibleClassChangeError'{0x00000006ea870050}: Found class java.lang.Object, but interface was expected> (0x00000006ea870050) 
thrown [s\open\src\hotspot\share\interpreter\linkResolver.cpp, line 841]
Event: 157.681 Thread 0x00000280285a2a80 Exception <a 'java/lang/IncompatibleClassChangeError'{0x00000006ea843288}: Found class java.lang.Object, but interface was expected> (0x00000006ea843288) 
thrown [s\open\src\hotspot\share\interpreter\linkResolver.cpp, line 841]
Event: 157.681 Thread 0x00000280285a2fd0 Exception <a 'java/lang/IncompatibleClassChangeError'{0x00000006ea8580d8}: Found class java.lang.Object, but interface was expected> (0x00000006ea8580d8) 
thrown [s\open\src\hotspot\share\interpreter\linkResolver.cpp, line 841]
Event: 157.685 Thread 0x00000280285a3520 Exception <a 'java/lang/IncompatibleClassChangeError'{0x00000006e4548530}: Found class java.lang.Object, but interface was expected> (0x00000006e4548530) 
thrown [s\open\src\hotspot\share\interpreter\linkResolver.cpp, line 841]
Event: 157.685 Thread 0x00000280285a2530 Exception <a 'java/lang/IncompatibleClassChangeError'{0x00000006e457d630}: Found class java.lang.Object, but interface was expected> (0x00000006e457d630) 
thrown [s\open\src\hotspot\share\interpreter\linkResolver.cpp, line 841]
Event: 157.685 Thread 0x00000280285a2fd0 Exception <a 'java/lang/IncompatibleClassChangeError'{0x00000006e456a9b8}: Found class java.lang.Object, but interface was expected> (0x00000006e456a9b8) 
thrown [s\open\src\hotspot\share\interpreter\linkResolver.cpp, line 841]
Event: 157.685 Thread 0x00000280285a1a90 Exception <a 'java/lang/IncompatibleClassChangeError'{0x00000006e4588968}: Found class java.lang.Object, but interface was expected> (0x00000006e4588968) 
thrown [s\open\src\hotspot\share\interpreter\linkResolver.cpp, line 841]
Event: 157.685 Thread 0x00000280285a2a80 Exception <a 'java/lang/IncompatibleClassChangeError'{0x00000006e446ed58}: Found class java.lang.Object, but interface was expected> (0x00000006e446ed58) 
thrown [s\open\src\hotspot\share\interpreter\linkResolver.cpp, line 841]
Event: 157.685 Thread 0x00000280285a1fe0 Exception <a 'java/lang/IncompatibleClassChangeError'{0x00000006e45976b0}: Found class java.lang.Object, but interface was expected> (0x00000006e45976b0) 
thrown [s\open\src\hotspot\share\interpreter\linkResolver.cpp, line 841]
Event: 157.686 Thread 0x00000280285a2fd0 Exception <a 'java/lang/IncompatibleClassChangeError'{0x00000006e456f180}: Found class java.lang.Object, but interface was expected> (0x00000006e456f180) 
thrown [s\open\src\hotspot\share\interpreter\linkResolver.cpp, line 841]
Event: 157.686 Thread 0x00000280285a2530 Exception <a 'java/lang/IncompatibleClassChangeError'{0x00000006e4581d38}: Found class java.lang.Object, but interface was expected> (0x00000006e4581d38) 
thrown [s\open\src\hotspot\share\interpreter\linkResolver.cpp, line 841]

VM Operations (20 events):
Event: 157.888 Executing VM operation: HandshakeAllThreads done
Event: 157.933 Executing VM operation: HandshakeAllThreads
Event: 157.934 Executing VM operation: HandshakeAllThreads done
Event: 157.944 Executing VM operation: HandshakeAllThreads
Event: 157.944 Executing VM operation: HandshakeAllThreads done
Event: 157.959 Executing VM operation: HandshakeAllThreads
Event: 157.960 Executing VM operation: HandshakeAllThreads done
Event: 157.969 Executing VM operation: HandshakeAllThreads
Event: 157.969 Executing VM operation: HandshakeAllThreads done
Event: 157.976 Executing VM operation: HandshakeAllThreads
Event: 157.977 Executing VM operation: HandshakeAllThreads done
Event: 157.988 Executing VM operation: HandshakeAllThreads
Event: 157.989 Executing VM operation: HandshakeAllThreads done
Event: 158.013 Executing VM operation: ICBufferFull
Event: 158.014 Executing VM operation: ICBufferFull done
Event: 158.079 Executing VM operation: ICBufferFull
Event: 158.082 Executing VM operation: ICBufferFull done
Event: 158.116 Executing VM operation: HandshakeAllThreads
Event: 158.117 Executing VM operation: HandshakeAllThreads done
Event: 158.117 Executing VM operation: G1CollectForAllocation

Events (20 events):
Event: 157.639 Thread 0x000002807df07160 flushing nmethod 0x0000028004659290
Event: 157.639 Thread 0x000002807df07160 flushing nmethod 0x0000028004659690
Event: 157.639 Thread 0x000002807df07160 flushing nmethod 0x000002800465a490
Event: 157.639 Thread 0x000002807df07160 flushing nmethod 0x000002800465e610
Event: 157.640 Thread 0x000002807df07160 flushing nmethod 0x00000280046c6c90
Event: 157.640 Thread 0x000002807df07160 flushing nmethod 0x0000028004702f10
Event: 157.640 Thread 0x000002807df07160 flushing nmethod 0x0000028004705f10
Event: 157.640 Thread 0x000002807df07160 flushing nmethod 0x0000028004707090
Event: 157.640 Thread 0x000002807df07160 flushing nmethod 0x0000028004709790
Event: 157.640 Thread 0x000002807df07160 flushing nmethod 0x000002800470f510
Event: 157.640 Thread 0x000002807df07160 flushing nmethod 0x0000028004716190
Event: 157.640 Thread 0x000002807df07160 flushing nmethod 0x0000028004720910
Event: 157.641 Thread 0x000002807df07160 flushing nmethod 0x0000028004770710
Event: 157.641 Thread 0x000002807df07160 flushing nmethod 0x00000280047a2b10
Event: 157.641 Thread 0x000002807df07160 flushing nmethod 0x00000280047ac390
Event: 157.642 Thread 0x000002807df07160 flushing nmethod 0x00000280047b5f90
Event: 157.642 Thread 0x000002807df07160 flushing nmethod 0x0000028004800d90
Event: 157.643 Thread 0x000002807df07160 flushing nmethod 0x000002800484c790
Event: 157.643 Thread 0x000002807df07160 flushing nmethod 0x000002800484dd10
Event: 157.687 Thread 0x00000280285a0aa0 Thread added: 0x00000280285a0aa0


Dynamic libraries:
0x00007ff71a230000 - 0x00007ff71a240000 	C:\Program Files\Java\jdk-19\bin\java.exe
0x00007ff957260000 - 0x00007ff9574c9000 	C:\WINDOWS\SYSTEM32\ntdll.dll
0x00007ff9570a0000 - 0x00007ff957169000 	C:\WINDOWS\System32\KERNEL32.DLL
0x00007ff9543f0000 - 0x00007ff9547e3000 	C:\WINDOWS\System32\KERNELBASE.dll
0x00007ff9548a0000 - 0x00007ff9549eb000 	C:\WINDOWS\System32\ucrtbase.dll
0x00007ff8e49c0000 - 0x00007ff8e49db000 	C:\Program Files\Java\jdk-19\bin\VCRUNTIME140.dll
0x00007ff8e49e0000 - 0x00007ff8e49f8000 	C:\Program Files\Java\jdk-19\bin\jli.dll
0x00007ff956aa0000 - 0x00007ff956b54000 	C:\WINDOWS\System32\ADVAPI32.dll
0x00007ff957170000 - 0x00007ff957219000 	C:\WINDOWS\System32\msvcrt.dll
0x00007ff9554a0000 - 0x00007ff955546000 	C:\WINDOWS\System32\sechost.dll
0x00007ff956db0000 - 0x00007ff956ec8000 	C:\WINDOWS\System32\RPCRT4.dll
0x00007ff956ed0000 - 0x00007ff957094000 	C:\WINDOWS\System32\USER32.dll
0x00007ff93b290000 - 0x00007ff93b523000 	C:\WINDOWS\WinSxS\amd64_microsoft.windows.common-controls_6595b64144ccf1df_6.0.26100.5074_none_3e0d6f78e32fd63f\COMCTL32.dll
0x00007ff954e90000 - 0x00007ff954eb7000 	C:\WINDOWS\System32\win32u.dll
0x00007ff9569b0000 - 0x00007ff9569db000 	C:\WINDOWS\System32\GDI32.dll
0x00007ff954be0000 - 0x00007ff954d0d000 	C:\WINDOWS\System32\gdi32full.dll
0x00007ff9547f0000 - 0x00007ff954893000 	C:\WINDOWS\System32\msvcp_win.dll
0x00007ff94cc90000 - 0x00007ff94cc9b000 	C:\WINDOWS\SYSTEM32\VERSION.dll
0x00007ff956c40000 - 0x00007ff956c6f000 	C:\WINDOWS\System32\IMM32.DLL
0x00007ff935c20000 - 0x00007ff935c2c000 	C:\Program Files\Java\jdk-19\bin\vcruntime140_1.dll
0x00007ff8e4930000 - 0x00007ff8e49be000 	C:\Program Files\Java\jdk-19\bin\msvcp140.dll
0x00007ff8d0370000 - 0x00007ff8d1030000 	C:\Program Files\Java\jdk-19\bin\server\jvm.dll
0x00007ff94bf70000 - 0x00007ff94bfa5000 	C:\WINDOWS\SYSTEM32\WINMM.dll
0x00007ff93e0f0000 - 0x00007ff93e0fa000 	C:\WINDOWS\SYSTEM32\WSOCK32.dll
0x00007ff955550000 - 0x00007ff9555c4000 	C:\WINDOWS\System32\WS2_32.dll
0x00007ff9531d0000 - 0x00007ff9531eb000 	C:\WINDOWS\SYSTEM32\kernel.appcore.dll
0x00007ff8f98d0000 - 0x00007ff8f98da000 	C:\Program Files\Java\jdk-19\bin\jimage.dll
0x00007ff948a70000 - 0x00007ff948cb2000 	C:\WINDOWS\SYSTEM32\DBGHELP.DLL
0x00007ff9563c0000 - 0x00007ff95673b000 	C:\WINDOWS\System32\combase.dll
0x00007ff955190000 - 0x00007ff955267000 	C:\WINDOWS\System32\OLEAUT32.dll
0x00007ff936860000 - 0x00007ff93689d000 	C:\WINDOWS\SYSTEM32\dbgcore.DLL
0x00007ff954b40000 - 0x00007ff954bd9000 	C:\WINDOWS\System32\bcryptPrimitives.dll
0x00007ff951460000 - 0x00007ff95146e000 	C:\Program Files\Java\jdk-19\bin\instrument.dll
0x00007ff8e4900000 - 0x00007ff8e4926000 	C:\Program Files\Java\jdk-19\bin\java.dll
0x00007ff8e4820000 - 0x00007ff8e48f7000 	C:\Program Files\Java\jdk-19\bin\jsvml.dll
0x00007ff955c60000 - 0x00007ff9563ad000 	C:\WINDOWS\System32\SHELL32.dll
0x00007ff954ec0000 - 0x00007ff95502c000 	C:\WINDOWS\System32\wintypes.dll
0x00007ff952090000 - 0x00007ff9528e9000 	C:\WINDOWS\SYSTEM32\windows.storage.dll
0x00007ff9552f0000 - 0x00007ff9553e0000 	C:\WINDOWS\System32\SHCORE.dll
0x00007ff956920000 - 0x00007ff956982000 	C:\WINDOWS\System32\shlwapi.dll
0x00007ff954310000 - 0x00007ff954339000 	C:\WINDOWS\SYSTEM32\profapi.dll
0x00007ff8e4590000 - 0x00007ff8e45a8000 	C:\Program Files\Java\jdk-19\bin\zip.dll
0x00007ff951480000 - 0x00007ff951493000 	C:\Program Files\Java\jdk-19\bin\net.dll
0x00007ff94c820000 - 0x00007ff94c93f000 	C:\WINDOWS\SYSTEM32\WINHTTP.dll
0x00007ff953750000 - 0x00007ff9537bb000 	C:\WINDOWS\system32\mswsock.dll
0x00007ff94d1d0000 - 0x00007ff94d1e6000 	C:\Program Files\Java\jdk-19\bin\nio.dll
0x00007ff93e6d0000 - 0x00007ff93e6e0000 	C:\Program Files\Java\jdk-19\bin\verify.dll
0x00007ff940060000 - 0x00007ff940087000 	C:\Users\RAHUL\.gradle\native\c067742578af261105cb4f569cf0c3c89f3d7b1fecec35dd04571415982c5e48\windows-amd64\native-platform.dll
0x00007ff8fd060000 - 0x00007ff8fd1a4000 	C:\Users\RAHUL\.gradle\native\100fb08df4bc3b14c8652ba06237920a3bd2aa13389f12d3474272988ae205f9\windows-amd64\native-platform-file-events.dll
0x00007ff951470000 - 0x00007ff95147a000 	C:\Program Files\Java\jdk-19\bin\management.dll
0x00007ff94d1c0000 - 0x00007ff94d1cb000 	C:\Program Files\Java\jdk-19\bin\management_ext.dll
0x00007ff955c50000 - 0x00007ff955c58000 	C:\WINDOWS\System32\PSAPI.DLL
0x00007ff9539f0000 - 0x00007ff953a0b000 	C:\WINDOWS\SYSTEM32\CRYPTSP.dll
0x00007ff953130000 - 0x00007ff95316b000 	C:\WINDOWS\system32\rsaenh.dll
0x00007ff9537f0000 - 0x00007ff95381b000 	C:\WINDOWS\SYSTEM32\USERENV.dll
0x00007ff9542e0000 - 0x00007ff954306000 	C:\WINDOWS\SYSTEM32\bcrypt.dll
0x00007ff953a10000 - 0x00007ff953a1c000 	C:\WINDOWS\SYSTEM32\CRYPTBASE.dll
0x00007ff952bf0000 - 0x00007ff952c24000 	C:\WINDOWS\SYSTEM32\IPHLPAPI.DLL
0x00007ff9569a0000 - 0x00007ff9569aa000 	C:\WINDOWS\System32\NSI.dll
0x00007ff94cca0000 - 0x00007ff94ccbe000 	C:\WINDOWS\SYSTEM32\dhcpcsvc6.DLL
0x00007ff94c680000 - 0x00007ff94c6a3000 	C:\WINDOWS\SYSTEM32\dhcpcsvc.DLL
0x00007ff952ce0000 - 0x00007ff952e06000 	C:\WINDOWS\SYSTEM32\DNSAPI.dll
0x00007ff8f5340000 - 0x00007ff8f5348000 	C:\Program Files\Java\jdk-19\bin\extnet.dll
0x00007ff93aab0000 - 0x00007ff93aabe000 	C:\Program Files\Java\jdk-19\bin\sunmscapi.dll
0x00007ff954d10000 - 0x00007ff954e87000 	C:\WINDOWS\System32\CRYPT32.dll
0x00007ff953c10000 - 0x00007ff953c40000 	C:\WINDOWS\SYSTEM32\ncrypt.dll
0x00007ff953bc0000 - 0x00007ff953bff000 	C:\WINDOWS\SYSTEM32\NTASN1.dll
0x00007ff93be80000 - 0x00007ff93be88000 	C:\WINDOWS\system32\wshunix.dll
0x00007ff92fd00000 - 0x00007ff92fd18000 	C:\WINDOWS\system32\napinsp.dll
0x00007ff92dc10000 - 0x00007ff92dc22000 	C:\WINDOWS\System32\winrnr.dll
0x00007ff92dbe0000 - 0x00007ff92dc08000 	C:\WINDOWS\system32\nlansp_c.dll
0x00007ff94c1f0000 - 0x00007ff94c206000 	C:\WINDOWS\system32\wshbth.dll
0x000000006c930000 - 0x000000006c956000 	C:\Program Files\Bonjour\mdnsNSP.dll
0x00007ff94ccd0000 - 0x00007ff94ccdb000 	C:\Windows\System32\rasadhlp.dll
0x00007ff949ad0000 - 0x00007ff949b56000 	C:\WINDOWS\System32\fwpuclnt.dll
0x00007ff9532f0000 - 0x00007ff953326000 	C:\WINDOWS\SYSTEM32\ntmarta.dll
0x00007ff951440000 - 0x00007ff951447000 	C:\Program Files\Java\jdk-19\bin\rmi.dll
0x00007ff8f45f0000 - 0x00007ff8f4781000 	C:\Program Files\Java\jdk-19\bin\awt.dll
0x00007ff951500000 - 0x00007ff95159e000 	C:\WINDOWS\SYSTEM32\apphelp.dll
0x00007ff951760000 - 0x00007ff951808000 	C:\WINDOWS\system32\uxtheme.dll
0x00007ff955030000 - 0x00007ff955188000 	C:\WINDOWS\System32\MSCTF.dll
0x00007ff9555d0000 - 0x00007ff955768000 	C:\WINDOWS\System32\ole32.dll

dbghelp: loaded successfully - version: 4.0.5 - missing functions: none
symbol engine: initialized successfully - sym options: 0x614 - pdb path: .;C:\Program Files\Java\jdk-19\bin;C:\WINDOWS\SYSTEM32;C:\WINDOWS\WinSxS\amd64_microsoft.windows.common-controls_6595b64144ccf1df_6.0.26100.5074_none_3e0d6f78e32fd63f;C:\Program Files\Java\jdk-19\bin\server;C:\Users\RAHUL\.gradle\native\c067742578af261105cb4f569cf0c3c89f3d7b1fecec35dd04571415982c5e48\windows-amd64;C:\Users\RAHUL\.gradle\native\100fb08df4bc3b14c8652ba06237920a3bd2aa13389f12d3474272988ae205f9\windows-amd64;C:\Program Files\Bonjour

VM Arguments:
jvm_args: -XX:MaxMetaspaceSize=4G -XX:ReservedCodeCacheSize=512m -XX:+HeapDumpOnOutOfMemoryError --add-opens=java.base/java.util=ALL-UNNAMED --add-opens=java.base/java.lang=ALL-UNNAMED --add-opens=java.base/java.lang.invoke=ALL-UNNAMED --add-opens=java.prefs/java.util.prefs=ALL-UNNAMED --add-exports=jdk.compiler/com.sun.tools.javac.api=ALL-UNNAMED --add-exports=jdk.compiler/com.sun.tools.javac.util=ALL-UNNAMED --add-opens=java.base/java.nio.charset=ALL-UNNAMED --add-opens=java.base/java.net=ALL-UNNAMED --add-opens=java.base/java.util.concurrent.atomic=ALL-UNNAMED -Xmx8G -Dfile.encoding=UTF-8 -Duser.country=IN -Duser.language=en -Duser.variant -javaagent:C:\Users\RAHUL\.gradle\wrapper\dists\gradle-8.10.2-all\7iv73wktx1xtkvlq19urqw1wm\gradle-8.10.2\lib\agents\gradle-instrumentation-agent-8.10.2.jar 
java_command: org.gradle.launcher.daemon.bootstrap.GradleDaemon 8.10.2
java_class_path (initial): C:\Users\RAHUL\.gradle\wrapper\dists\gradle-8.10.2-all\7iv73wktx1xtkvlq19urqw1wm\gradle-8.10.2\lib\gradle-daemon-main-8.10.2.jar
Launcher Type: SUN_STANDARD

[Global flags]
     intx CICompilerCount                          = 4                                         {product} {ergonomic}
     uint ConcGCThreads                            = 3                                         {product} {ergonomic}
     uint G1ConcRefinementThreads                  = 10                                        {product} {ergonomic}
   size_t G1HeapRegionSize                         = 4194304                                   {product} {ergonomic}
    uintx GCDrainStackTargetSize                   = 64                                        {product} {ergonomic}
     bool HeapDumpOnOutOfMemoryError               = true                                   {manageable} {command line}
   size_t InitialHeapSize                          = 125829120                                 {product} {ergonomic}
   size_t MarkStackSize                            = 4194304                                   {product} {ergonomic}
   size_t MaxHeapSize                              = 8589934592                                {product} {command line}
   size_t MaxMetaspaceSize                         = 4294967296                                {product} {command line}
   size_t MaxNewSize                               = 5150605312                                {product} {ergonomic}
   size_t MinHeapDeltaBytes                        = 4194304                                   {product} {ergonomic}
   size_t MinHeapSize                              = 8388608                                   {product} {ergonomic}
    uintx NonNMethodCodeHeapSize                   = 5839372                                {pd product} {ergonomic}
    uintx NonProfiledCodeHeapSize                  = 265515770                              {pd product} {ergonomic}
    uintx ProfiledCodeHeapSize                     = 265515770                              {pd product} {ergonomic}
    uintx ReservedCodeCacheSize                    = 536870912                              {pd product} {command line}
     bool SegmentedCodeCache                       = true                                      {product} {ergonomic}
   size_t SoftMaxHeapSize                          = 8589934592                             {manageable} {ergonomic}
   double SweeperThreshold                         = 0.234375                                  {product} {ergonomic}
     bool UseCompressedClassPointers               = true                           {product lp64_product} {ergonomic}
     bool UseCompressedOops                        = true                           {product lp64_product} {ergonomic}
     bool UseG1GC                                  = true                                      {product} {ergonomic}
     bool UseLargePagesIndividualAllocation        = false                                  {pd product} {ergonomic}

Logging:
Log output configuration:
 #0: stdout all=warning uptime,level,tags foldmultilines=false
 #1: stderr all=off uptime,level,tags foldmultilines=false

Environment Variables:
JAVA_HOME=C:\Program Files\Java\jdk-19
CLASSPATH=L:\flutter Projects\moodmate\moodmate\android\\gradle\wrapper\gradle-wrapper.jar
PATH=C:\Program Files\Java\jdk-19\bin;L:\flutter sdk\flutter\bin\;C:\Program Files\Java\jdk-19\bin;C:\Program Files\Common Files\Oracle\Java\javapath;C:\windows\system32;C:\windows;C:\windows\System32\Wbem;C:\windows\System32\WindowsPowerShell\v1.0\;C:\windows\System32\OpenSSH\;C:\Program Files (x86)\NVIDIA Corporation\PhysX\Common;C:\Program Files\NVIDIA Corporation\NVIDIA NvDLISR;C:\MinGW\bin;C:\WINDOWS\system32;C:\WINDOWS;C:\WINDOWS\System32\Wbem;C:\WINDOWS\System32\WindowsPowerShell\v1.0\;C:\WINDOWS\System32\OpenSSH\;L:\android studio\flutter\bin;C:\Users\RAHUL\AppData\Local\Pub\Cache\bin;C:\Program Files\Git\cmd;C:\Program Files (x86)\Incredibuild;C:\Program Files (x86)\Windows Kits\10\Windows Performance Toolkit\;L:\Nodejs\;C:\Users\RAHUL\AppData\Local\Programs\Eclipse Adoptium\jdk-17.0.12.7-hotspot\bin;C:\Users\RAHUL\AppData\Local\Programs\Eclipse Adoptium\jdk-17.0.16.8-hotspot\bin;C:\Users\RAHUL\AppData\Local\Programs\Python\Launcher\;C:\Users\RAHUL\AppData\Local\Microsoft\WindowsApps;C:\Users\RAHUL\AppData\Local\Programs\Microsoft VS Code\bin;C:\Users\RAHUL\AppData\Local\Microsoft\WindowsApps;C:\Users\RAHUL\AppData\Local\GitHubDesktop\bin;L:\flutter apps\new\flutter\bin;L:\android studio\flutter\bin;C:\Users\RAHUL\AppData\Roaming\npm;c:\Users\RAHUL\AppData\Roaming\Code\User\globalStorage\github.copilot-chat\debugCommand;L:\flutter sdk\flutter\bin\mingit\cmd
USERNAME=RAHUL
LANG=en_US.UTF-8
OS=Windows_NT
PROCESSOR_IDENTIFIER=AMD64 Family 25 Model 80 Stepping 0, AuthenticAMD
TMP=C:\Users\RAHUL\AppData\Local\Temp
TEMP=C:\Users\RAHUL\AppData\Local\Temp



---------------  S Y S T E M  ---------------

OS:
 Windows 11 , 64 bit Build 26100 (10.0.26100.5074)
OS uptime: 3 days 3:34 hours

CPU: total 12 (initial active 12) (12 cores per cpu, 2 threads per core) family 25 model 80 stepping 0 microcode 0xa50000d, cx8, cmov, fxsr, ht, mmx, 3dnowpref, sse, sse2, sse3, ssse3, sse4a, sse4.1, sse4.2, popcnt, lzcnt, tsc, tscinvbit, avx, avx2, aes, erms, clmul, bmi1, bmi2, adx, sha, fma, vzeroupper, clflush, clflushopt, rdtscp, rdpid, fsrm

Memory: 4k page, system-wide physical 7521M (297M free)
TotalPageFile size 31073M (AvailPageFile size 522M)
current process WorkingSet (physical memory assigned to process): 782M, peak: 1037M
current process commit charge ("private bytes"): 4744M, peak: 5660M

vm_info: Java HotSpot(TM) 64-Bit Server VM (19.0.1+10-21) for windows-amd64 JRE (19.0.1+10-21), built on 2022-09-14T12:45:06Z by "mach5one" with MS VC++ 17.1 (VS2022)

END.
