#
# There is insufficient memory for the Java Runtime Environment to continue.
# Native memory allocation (malloc) failed to allocate 609776 bytes for Chunk::new
# Possible reasons:
#   The system is out of physical RAM or swap space
#   The process is running with CompressedOops enabled, and the Java Heap may be blocking the growth of the native heap
# Possible solutions:
#   Reduce memory load on the system
#   Increase physical memory or swap space
#   Check if swap backing store is full
#   Decrease Java heap size (-Xmx/-Xms)
#   Decrease number of Java threads
#   Decrease Java thread stack sizes (-Xss)
#   Set larger code cache with -XX:ReservedCodeCacheSize=
#   JVM is running with Zero Based Compressed Oops mode in which the Java heap is
#     placed in the first 32GB address space. The Java Heap base address is the
#     maximum limit for the native heap growth. Please use -XX:HeapBaseMinAddress
#     to set the Java Heap base and to place the Java Heap above 32GB virtual address.
# This output file may be truncated or incomplete.
#
#  Out of Memory Error (arena.cpp:184), pid=1860, tid=19240
#
# JRE version: Java(TM) SE Runtime Environment (19.0.1+10) (build 19.0.1+10-21)
# Java VM: Java HotSpot(TM) 64-Bit Server VM (19.0.1+10-21, mixed mode, sharing, tiered, compressed oops, compressed class ptrs, g1 gc, windows-amd64)
# No core dump will be written. Minidumps are not enabled by default on client versions of Windows
#

---------------  S U M M A R Y ------------

Command Line: -XX:MaxMetaspaceSize=4G -XX:ReservedCodeCacheSize=512m -XX:+HeapDumpOnOutOfMemoryError --add-opens=java.base/java.util=ALL-UNNAMED --add-opens=java.base/java.lang=ALL-UNNAMED --add-opens=java.base/java.lang.invoke=ALL-UNNAMED --add-opens=java.prefs/java.util.prefs=ALL-UNNAMED --add-exports=jdk.compiler/com.sun.tools.javac.api=ALL-UNNAMED --add-exports=jdk.compiler/com.sun.tools.javac.util=ALL-UNNAMED --add-opens=java.base/java.nio.charset=ALL-UNNAMED --add-opens=java.base/java.net=ALL-UNNAMED --add-opens=java.base/java.util.concurrent.atomic=ALL-UNNAMED -Xmx8G -Dfile.encoding=UTF-8 -Duser.country=IN -Duser.language=en -Duser.variant -javaagent:C:\Users\RAHUL\.gradle\wrapper\dists\gradle-8.10.2-all\7iv73wktx1xtkvlq19urqw1wm\gradle-8.10.2\lib\agents\gradle-instrumentation-agent-8.10.2.jar org.gradle.launcher.daemon.bootstrap.GradleDaemon 8.10.2

Host: AMD Ryzen 5 5600H with Radeon Graphics         , 12 cores, 7G,  Windows 11 , 64 bit Build 26100 (10.0.26100.5074)
Time: Tue Sep 23 10:38:50 2025 India Standard Time elapsed time: 400.312751 seconds (0d 0h 6m 40s)

---------------  T H R E A D  ---------------

Current thread (0x000001d2dbfdb010):  JavaThread "C2 CompilerThread1" daemon [_thread_in_native, id=19240, stack(0x0000003150e00000,0x0000003150f00000)]


Current CompileTask:
C2: 400313 43455       4       java.util.zip.ZipFile$Source::initCEN (612 bytes)

Stack: [0x0000003150e00000,0x0000003150f00000]
Native frames: (J=compiled Java code, j=interpreted, Vv=VM code, C=native code)
V  [jvm.dll+0x6ee8fa]
V  [jvm.dll+0x857a1e]
V  [jvm.dll+0x85940e]
V  [jvm.dll+0x859ac3]
V  [jvm.dll+0x28291f]
V  [jvm.dll+0xc9b5f]
V  [jvm.dll+0xc9ee5]
V  [jvm.dll+0x2f7c6f]
V  [jvm.dll+0x5f0c5b]
V  [jvm.dll+0x2551fc]
V  [jvm.dll+0x24e097]
V  [jvm.dll+0x24b563]
V  [jvm.dll+0x1d6d61]
V  [jvm.dll+0x25b0fa]
V  [jvm.dll+0x259588]
V  [jvm.dll+0x807928]
V  [jvm.dll+0x8015fa]
V  [jvm.dll+0x6ed5eb]
C  [ucrtbase.dll+0x37b0]
C  [KERNEL32.DLL+0x2e8d7]
C  [ntdll.dll+0x8d9c]


---------------  P R O C E S S  ---------------

Threads class SMR info:
_java_thread_list=0x000001d2c924dc80, length=237, elements={
0x000001d2fc464d00, 0x000001d2ffe8b4b0, 0x000001d2ffe8bee0, 0x000001d2ffe8ea20,
0x000001d2ffe91360, 0x000001d2ffe91c90, 0x000001d2ffe925c0, 0x000001d2ffe93220,
0x000001d2ffe98bc0, 0x000001d2ffe99cd0, 0x000001d2bed14ec0, 0x000001d2bee97790,
0x000001d2c0b21ea0, 0x000001d2c0b9ebb0, 0x000001d2c0bbb040, 0x000001d2c0e69d40,
0x000001d2c0e6b7d0, 0x000001d2c0e68d50, 0x000001d2c0e6a7e0, 0x000001d2c0e697f0,
0x000001d2c260f9b0, 0x000001d2c2b61540, 0x000001d2c028ca50, 0x000001d2c3075140,
0x000001d2c3075690, 0x000001d2c3076680, 0x000001d2c3076bd0, 0x000001d2c3077670,
0x000001d2c9b97030, 0x000001d2c9b95050, 0x000001d2c9b955a0, 0x000001d2c9b9e510,
0x000001d2c9b9ca80, 0x000001d2c9b9cfd0, 0x000001d2c9ba24d0, 0x000001d2c9ba2a20,
0x000001d2ca8b81c0, 0x000001d2ca8bac40, 0x000001d2ca8ba1a0, 0x000001d2ca8bc180,
0x000001d2ca8ba6f0, 0x000001d2ca8bc6d0, 0x000001d2ca8bd6c0, 0x000001d2c2b5c590,
0x000001d2c2b5a5b0, 0x000001d2c2b5b050, 0x000001d2c2b5dad0, 0x000001d2c2b5b5a0,
0x000001d2c2b5baf0, 0x000001d2c2b5c040, 0x000001d2c2b5cae0, 0x000001d2c2b5ab00,
0x000001d2c2b5e020, 0x000001d2c2b60550, 0x000001d2c2b5e570, 0x000001d2c2b60aa0,
0x000001d2c2b60ff0, 0x000001d2c2b5d580, 0x000001d2c2b61a90, 0x000001d2c2b5fab0,
0x000001d2c2b5f010, 0x000001d2c2b60000, 0x000001d2c9b97ad0, 0x000001d2c9b99560,
0x000001d2c9b98ac0, 0x000001d2c9b95af0, 0x000001d2c9b9b540, 0x000001d2c9b9aaa0,
0x000001d2c9b99ab0, 0x000001d2c9b9ba90, 0x000001d2c9b9a000, 0x000001d2c9ba0f90,
0x000001d2c9ba04f0, 0x000001d2c9ba14e0, 0x000001d2c9ba1a30, 0x000001d2c9b9dfc0,
0x000001d2c9ba1f80, 0x000001d2c9b9f500, 0x000001d2c9ba3a10, 0x000001d2c9ba3f60,
0x000001d2c9ba44b0, 0x000001d2c9ba4a00, 0x000001d2ca8b1780, 0x000001d2ca8b2220,
0x000001d2ca8afcf0, 0x000001d2ca8b0240, 0x000001d2ca8b0ce0, 0x000001d2ca8b1cd0,
0x000001d2ca8ae7b0, 0x000001d2ca8b4ca0, 0x000001d2ca8b2770, 0x000001d2ca8b3210,
0x000001d2ca8b2cc0, 0x000001d2ca8b6c80, 0x000001d2ca8bb190, 0x000001d2ca8bb6e0,
0x000001d2ca8b8710, 0x000001d2ca8b8c60, 0x000001d2ca8bcc20, 0x000001d2ca8b91b0,
0x000001d2ca8bd170, 0x000001d2ca8b9700, 0x000001d2ca8b9c50, 0x000001d2c031e230,
0x000001d2c031f770, 0x000001d2c0320760, 0x000001d2c031e780, 0x000001d2c0320cb0,
0x000001d2c031d790, 0x000001d2c0321750, 0x000001d2c0321ca0, 0x000001d2c0322740,
0x000001d2c031ecd0, 0x000001d2c03221f0, 0x000001d2c0322c90, 0x000001d2c031f220,
0x000001d2c0324c70, 0x000001d2c03231e0, 0x000001d2c0323730, 0x000001d2c0323c80,
0x000001d2c03241d0, 0x000001d2c0324720, 0x000001d2c03251c0, 0x000001d2c260d480,
0x000001d2c2611990, 0x000001d2c2610450, 0x000001d2c260ff00, 0x000001d2c2611ee0,
0x000001d2c26109a0, 0x000001d2c260e470, 0x000001d2c2612430, 0x000001d2c260ef10,
0x000001d2c2612980, 0x000001d2c2614410, 0x000001d2c2612ed0, 0x000001d2c2613420,
0x000001d2c2613970, 0x000001d2c2613ec0, 0x000001d2c2614960, 0x000001d2c2614eb0,
0x000001d2c3070c30, 0x000001d2c3071c20, 0x000001d2c3070190, 0x000001d2c3072c10,
0x000001d2c3073160, 0x000001d2c30706e0, 0x000001d2c306fc40, 0x000001d2c30736b0,
0x000001d2c3073c00, 0x000001d2c3074bf0, 0x000001d2c3071180, 0x000001d2c3074150,
0x000001d2c30746a0, 0x000001d2c2e3d2c0, 0x000001d2c2e3f2a0, 0x000001d2c2e40290,
0x000001d2c2e41280, 0x000001d2c2e3d810, 0x000001d2c2e407e0, 0x000001d2c2e40d30,
0x000001d2c2a9e060, 0x000001d2c2aa0ae0, 0x000001d2c2aa1580, 0x000001d2c2a9e5b0,
0x000001d2c2a9faf0, 0x000001d2c2a9eb00, 0x000001d2c2aa1030, 0x000001d2c2aa0040,
0x000001d2c0289a80, 0x000001d2c0286010, 0x000001d2c0286560, 0x000001d2c0287ff0,
0x000001d2c0287000, 0x000001d2c0e6b280, 0x000001d2c0e68800, 0x000001d2c0e692a0,
0x000001d2c0e682b0, 0x000001d2c0e6ad30, 0x000001d2c2e42d10, 0x000001d2cc9326b0,
0x000001d2cc932160, 0x000001d2cc931c10, 0x000001d2cc932c00, 0x000001d2cc92fc30,
0x000001d2cc933150, 0x000001d2cc92f6e0, 0x000001d2cc931170, 0x000001d2cc9336a0,
0x000001d2cc933bf0, 0x000001d2cc930180, 0x000001d2cc934140, 0x000001d2cc930c20,
0x000001d2cc936670, 0x000001d2cc935680, 0x000001d2cc936bc0, 0x000001d2cc938100,
0x000001d2cc938650, 0x000001d2cc937660, 0x000001d2cc937bb0, 0x000001d2cc935130,
0x000001d2cc939640, 0x000001d2cc939b90, 0x000001d2cc93bb70, 0x000001d2cc93a0e0,
0x000001d2cc93d600, 0x000001d2cc93c0c0, 0x000001d2cc93ab80, 0x000001d2cc93b0d0,
0x000001d2cc93d0b0, 0x000001d2cc93db50, 0x000001d2cc93e0a0, 0x000001d2cc93e5f0,
0x000001d2cc93eb40, 0x000001d2cc93f090, 0x000001d2c9b9d520, 0x000001d2ca8af250,
0x000001d2c2e3dd60, 0x000001d2cb7f2080, 0x000001d2cb7f4060, 0x000001d2cb7f35c0,
0x000001d2cb7f2b20, 0x000001d2cb7f45b0, 0x000001d2cb7f4b00, 0x000001d2cb7f5050,
0x000001d2cb7f15e0, 0x000001d2cb7f55a0, 0x000001d2cb7f1b30, 0x000001d2cb7f5af0,
0x000001d2cb7f8020, 0x000001d2cb7f7030, 0x000001d2cb7f8ac0, 0x000001d2cb7f7ad0,
0x000001d2cb7f8570, 0x000001d2cb7fa550, 0x000001d2cb7fdfc0, 0x000001d2cb7fcfd0,
0x000001d2dbfdb010
}

Java Threads: ( => current thread )
  0x000001d2fc464d00 JavaThread "main" [_thread_blocked, id=26732, stack(0x0000003145200000,0x0000003145300000)]
  0x000001d2ffe8b4b0 JavaThread "Reference Handler" daemon [_thread_blocked, id=10360, stack(0x0000003145900000,0x0000003145a00000)]
  0x000001d2ffe8bee0 JavaThread "Finalizer" daemon [_thread_blocked, id=22912, stack(0x0000003145a00000,0x0000003145b00000)]
  0x000001d2ffe8ea20 JavaThread "Signal Dispatcher" daemon [_thread_blocked, id=27520, stack(0x0000003145b00000,0x0000003145c00000)]
  0x000001d2ffe91360 JavaThread "Attach Listener" daemon [_thread_blocked, id=7828, stack(0x0000003145c00000,0x0000003145d00000)]
  0x000001d2ffe91c90 JavaThread "Service Thread" daemon [_thread_blocked, id=1628, stack(0x0000003145d00000,0x0000003145e00000)]
  0x000001d2ffe925c0 JavaThread "Monitor Deflation Thread" daemon [_thread_blocked, id=19312, stack(0x0000003145e00000,0x0000003145f00000)]
  0x000001d2ffe93220 JavaThread "C2 CompilerThread0" daemon [_thread_in_native, id=19292, stack(0x0000003145f00000,0x0000003146000000)]
  0x000001d2ffe98bc0 JavaThread "C1 CompilerThread0" daemon [_thread_in_native, id=2828, stack(0x0000003146000000,0x0000003146100000)]
  0x000001d2ffe99cd0 JavaThread "Sweeper thread" daemon [_thread_blocked, id=17636, stack(0x0000003146100000,0x0000003146200000)]
  0x000001d2bed14ec0 JavaThread "Common-Cleaner" daemon [_thread_blocked, id=9604, stack(0x0000003146200000,0x0000003146300000)]
  0x000001d2bee97790 JavaThread "Notification Thread" daemon [_thread_blocked, id=26064, stack(0x0000003146300000,0x0000003146400000)]
  0x000001d2c0b21ea0 JavaThread "Daemon health stats" [_thread_blocked, id=24908, stack(0x0000003146500000,0x0000003146600000)]
  0x000001d2c0b9ebb0 JavaThread "Incoming local TCP Connector on port 50470" [_thread_in_native, id=2264, stack(0x0000003146a00000,0x0000003146b00000)]
  0x000001d2c0bbb040 JavaThread "Daemon periodic checks" [_thread_blocked, id=21420, stack(0x0000003146b00000,0x0000003146c00000)]
  0x000001d2c0e69d40 JavaThread "Cache worker for journal cache (C:\Users\RAHUL\.gradle\caches\journal-1)" [_thread_blocked, id=5896, stack(0x0000003147300000,0x0000003147400000)]
  0x000001d2c0e6b7d0 JavaThread "File lock request listener" [_thread_in_native, id=27452, stack(0x0000003147400000,0x0000003147500000)]
  0x000001d2c0e68d50 JavaThread "Cache worker for file hash cache (C:\Users\RAHUL\.gradle\caches\8.10.2\fileHashes)" [_thread_blocked, id=19488, stack(0x0000003147500000,0x0000003147600000)]
  0x000001d2c0e6a7e0 JavaThread "File watcher server" daemon [_thread_in_native, id=10004, stack(0x0000003147f00000,0x0000003148000000)]
  0x000001d2c0e697f0 JavaThread "File watcher consumer" daemon [_thread_blocked, id=22816, stack(0x0000003148000000,0x0000003148100000)]
  0x000001d2c260f9b0 JavaThread "Cache worker for file content cache (C:\Users\RAHUL\.gradle\caches\8.10.2\fileContent)" [_thread_blocked, id=2592, stack(0x0000003148200000,0x0000003148300000)]
  0x000001d2c2b61540 JavaThread "Memory manager" [_thread_blocked, id=6376, stack(0x000000314a800000,0x000000314a900000)]
  0x000001d2c028ca50 JavaThread "jar transforms" [_thread_blocked, id=19300, stack(0x000000314cc00000,0x000000314cd00000)]
  0x000001d2c3075140 JavaThread "jar transforms Thread 2" [_thread_blocked, id=13352, stack(0x0000003150f00000,0x0000003151000000)]
  0x000001d2c3075690 JavaThread "jar transforms Thread 3" [_thread_blocked, id=19844, stack(0x0000003151000000,0x0000003151100000)]
  0x000001d2c3076680 JavaThread "jar transforms Thread 4" [_thread_blocked, id=23560, stack(0x0000003151100000,0x0000003151200000)]
  0x000001d2c3076bd0 JavaThread "jar transforms Thread 5" [_thread_blocked, id=16060, stack(0x0000003151200000,0x0000003151300000)]
  0x000001d2c3077670 JavaThread "jar transforms Thread 6" [_thread_blocked, id=23872, stack(0x0000003151300000,0x0000003151400000)]
  0x000001d2c9b97030 JavaThread "jar transforms Thread 7" [_thread_blocked, id=27496, stack(0x0000003151400000,0x0000003151500000)]
  0x000001d2c9b95050 JavaThread "jar transforms Thread 8" [_thread_blocked, id=27040, stack(0x0000003151500000,0x0000003151600000)]
  0x000001d2c9b955a0 JavaThread "pool-3-thread-1" [_thread_blocked, id=28092, stack(0x0000003151600000,0x0000003151700000)]
  0x000001d2c9b9e510 JavaThread "Cache worker for Java compile cache (C:\Users\RAHUL\.gradle\caches\8.10.2\javaCompile)" [_thread_blocked, id=30288, stack(0x0000003152900000,0x0000003152a00000)]
  0x000001d2c9b9ca80 JavaThread "RMI Scheduler(0)" daemon [_thread_blocked, id=29496, stack(0x0000003152100000,0x0000003152200000)]
  0x000001d2c9b9cfd0 JavaThread "RMI GC Daemon" daemon [_thread_blocked, id=13504, stack(0x0000003152b00000,0x0000003152c00000)]
  0x000001d2c9ba24d0 JavaThread "RMI TCP Accept-0" daemon [_thread_in_native, id=12448, stack(0x0000003152d00000,0x0000003152e00000)]
  0x000001d2c9ba2a20 JavaThread "RMI Reaper" [_thread_blocked, id=27948, stack(0x0000003152e00000,0x0000003152f00000)]
  0x000001d2ca8b81c0 JavaThread "ForkJoinPool.commonPool-worker-1" daemon [_thread_blocked, id=15576, stack(0x0000003154600000,0x0000003154700000)]
  0x000001d2ca8bac40 JavaThread "ForkJoinPool.commonPool-worker-2" daemon [_thread_blocked, id=24084, stack(0x0000003154700000,0x0000003154800000)]
  0x000001d2ca8ba1a0 JavaThread "ForkJoinPool.commonPool-worker-4" daemon [_thread_blocked, id=24188, stack(0x0000003154900000,0x0000003154a00000)]
  0x000001d2ca8bc180 JavaThread "ForkJoinPool.commonPool-worker-6" daemon [_thread_blocked, id=5464, stack(0x0000003154b00000,0x0000003154c00000)]
  0x000001d2ca8ba6f0 JavaThread "ForkJoinPool.commonPool-worker-8" daemon [_thread_blocked, id=23152, stack(0x0000003154d00000,0x0000003154e00000)]
  0x000001d2ca8bc6d0 JavaThread "ForkJoinPool.commonPool-worker-9" daemon [_thread_blocked, id=5864, stack(0x0000003155000000,0x0000003155100000)]
  0x000001d2ca8bd6c0 JavaThread "ForkJoinPool.commonPool-worker-11" daemon [_thread_blocked, id=29676, stack(0x0000003155200000,0x0000003155300000)]
  0x000001d2c2b5c590 JavaThread "Daemon Thread 2" [_thread_blocked, id=26088, stack(0x0000003145100000,0x0000003145200000)]
  0x000001d2c2b5a5b0 JavaThread "Handler for socket connection from /127.0.0.1:50470 to /127.0.0.1:63248" [_thread_in_native, id=9884, stack(0x0000003146c00000,0x0000003146d00000)]
  0x000001d2c2b5b050 JavaThread "Cancel handler" [_thread_blocked, id=14188, stack(0x0000003146d00000,0x0000003146e00000)]
  0x000001d2c2b5dad0 JavaThread "Daemon worker Thread 2" [_thread_blocked, id=22616, stack(0x0000003146e00000,0x0000003146f00000)]
  0x000001d2c2b5b5a0 JavaThread "Asynchronous log dispatcher for DefaultDaemonConnection: socket connection from /127.0.0.1:50470 to /127.0.0.1:63248" [_thread_blocked, id=13588, stack(0x0000003146f00000,0x0000003147000000)]
  0x000001d2c2b5baf0 JavaThread "Stdin handler" [_thread_blocked, id=11356, stack(0x0000003147000000,0x0000003147100000)]
  0x000001d2c2b5c040 JavaThread "Daemon client event forwarder" [_thread_blocked, id=25740, stack(0x0000003147100000,0x0000003147200000)]
  0x000001d2c2b5cae0 JavaThread "Cache worker for file hash cache (L:\flutter Projects\moodmate\moodmate\android\.gradle\8.10.2\fileHashes)" [_thread_blocked, id=29332, stack(0x0000003147200000,0x0000003147300000)]
  0x000001d2c2b5ab00 JavaThread "Cache worker for Build Output Cleanup Cache (L:\flutter Projects\moodmate\moodmate\android\.gradle\buildOutputCleanup)" [_thread_blocked, id=13024, stack(0x0000003147d00000,0x0000003147e00000)]
  0x000001d2c2b5e020 JavaThread "Cache worker for checksums cache (L:\flutter Projects\moodmate\moodmate\android\.gradle\8.10.2\checksums)" [_thread_blocked, id=18328, stack(0x0000003147e00000,0x0000003147f00000)]
  0x000001d2c2b60550 JavaThread "Cache worker for cache directory md-rule (C:\Users\RAHUL\.gradle\caches\8.10.2\md-rule)" [_thread_blocked, id=22812, stack(0x0000003148100000,0x0000003148200000)]
  0x000001d2c2b5e570 JavaThread "Cache worker for cache directory md-supplier (C:\Users\RAHUL\.gradle\caches\8.10.2\md-supplier)" [_thread_blocked, id=11852, stack(0x0000003148300000,0x0000003148400000)]
  0x000001d2c2b60aa0 JavaThread "Cache worker for Build Output Cleanup Cache (L:\flutter sdk\flutter\packages\flutter_tools\gradle\.gradle\buildOutputCleanup)" [_thread_blocked, id=11428, stack(0x0000003148400000,0x0000003148500000)]
  0x000001d2c2b60ff0 JavaThread "Unconstrained build operations" [_thread_blocked, id=20936, stack(0x0000003148500000,0x0000003148600000)]
  0x000001d2c2b5d580 JavaThread "Unconstrained build operations Thread 2" [_thread_blocked, id=5116, stack(0x0000003148600000,0x0000003148700000)]
  0x000001d2c2b61a90 JavaThread "Unconstrained build operations Thread 3" [_thread_blocked, id=25760, stack(0x0000003148700000,0x0000003148800000)]
  0x000001d2c2b5fab0 JavaThread "Unconstrained build operations Thread 4" [_thread_blocked, id=26200, stack(0x0000003148800000,0x0000003148900000)]
  0x000001d2c2b5f010 JavaThread "Unconstrained build operations Thread 5" [_thread_blocked, id=22720, stack(0x0000003148900000,0x0000003148a00000)]
  0x000001d2c2b60000 JavaThread "Unconstrained build operations Thread 6" [_thread_blocked, id=17812, stack(0x0000003148a00000,0x0000003148b00000)]
  0x000001d2c9b97ad0 JavaThread "Unconstrained build operations Thread 7" [_thread_blocked, id=30244, stack(0x0000003148b00000,0x0000003148c00000)]
  0x000001d2c9b99560 JavaThread "Unconstrained build operations Thread 8" [_thread_blocked, id=24132, stack(0x0000003148c00000,0x0000003148d00000)]
  0x000001d2c9b98ac0 JavaThread "Unconstrained build operations Thread 9" [_thread_blocked, id=7160, stack(0x0000003148d00000,0x0000003148e00000)]
  0x000001d2c9b95af0 JavaThread "Unconstrained build operations Thread 10" [_thread_blocked, id=23332, stack(0x0000003148e00000,0x0000003148f00000)]
  0x000001d2c9b9b540 JavaThread "Unconstrained build operations Thread 11" [_thread_blocked, id=21464, stack(0x0000003148f00000,0x0000003149000000)]
  0x000001d2c9b9aaa0 JavaThread "Unconstrained build operations Thread 12" [_thread_blocked, id=14208, stack(0x0000003149000000,0x0000003149100000)]
  0x000001d2c9b99ab0 JavaThread "Unconstrained build operations Thread 13" [_thread_blocked, id=28856, stack(0x0000003149100000,0x0000003149200000)]
  0x000001d2c9b9ba90 JavaThread "Unconstrained build operations Thread 14" [_thread_blocked, id=24960, stack(0x0000003149200000,0x0000003149300000)]
  0x000001d2c9b9a000 JavaThread "Unconstrained build operations Thread 15" [_thread_blocked, id=26772, stack(0x0000003149300000,0x0000003149400000)]
  0x000001d2c9ba0f90 JavaThread "Unconstrained build operations Thread 16" [_thread_blocked, id=25308, stack(0x0000003149400000,0x0000003149500000)]
  0x000001d2c9ba04f0 JavaThread "Unconstrained build operations Thread 17" [_thread_blocked, id=9412, stack(0x0000003149500000,0x0000003149600000)]
  0x000001d2c9ba14e0 JavaThread "Unconstrained build operations Thread 18" [_thread_blocked, id=1504, stack(0x0000003149600000,0x0000003149700000)]
  0x000001d2c9ba1a30 JavaThread "Unconstrained build operations Thread 19" [_thread_blocked, id=14908, stack(0x0000003149700000,0x0000003149800000)]
  0x000001d2c9b9dfc0 JavaThread "Unconstrained build operations Thread 20" [_thread_blocked, id=29320, stack(0x0000003149800000,0x0000003149900000)]
  0x000001d2c9ba1f80 JavaThread "Unconstrained build operations Thread 21" [_thread_blocked, id=4124, stack(0x0000003149900000,0x0000003149a00000)]
  0x000001d2c9b9f500 JavaThread "Unconstrained build operations Thread 22" [_thread_blocked, id=30608, stack(0x0000003149a00000,0x0000003149b00000)]
  0x000001d2c9ba3a10 JavaThread "build event listener" [_thread_blocked, id=21416, stack(0x0000003149b00000,0x0000003149c00000)]
  0x000001d2c9ba3f60 JavaThread "included builds" [_thread_blocked, id=17876, stack(0x0000003149c00000,0x0000003149d00000)]
  0x000001d2c9ba44b0 JavaThread "Execution worker" [_thread_blocked, id=13656, stack(0x0000003149d00000,0x0000003149e00000)]
  0x000001d2c9ba4a00 JavaThread "Execution worker Thread 2" [_thread_blocked, id=5952, stack(0x0000003149e00000,0x0000003149f00000)]
  0x000001d2ca8b1780 JavaThread "Execution worker Thread 3" [_thread_blocked, id=16840, stack(0x0000003149f00000,0x000000314a000000)]
  0x000001d2ca8b2220 JavaThread "Execution worker Thread 4" [_thread_blocked, id=29552, stack(0x000000314a000000,0x000000314a100000)]
  0x000001d2ca8afcf0 JavaThread "Execution worker Thread 5" [_thread_blocked, id=1636, stack(0x000000314a100000,0x000000314a200000)]
  0x000001d2ca8b0240 JavaThread "Execution worker Thread 6" [_thread_blocked, id=1780, stack(0x000000314a200000,0x000000314a300000)]
  0x000001d2ca8b0ce0 JavaThread "Execution worker Thread 7" [_thread_blocked, id=14740, stack(0x000000314a300000,0x000000314a400000)]
  0x000001d2ca8b1cd0 JavaThread "Execution worker Thread 8" [_thread_blocked, id=9544, stack(0x000000314a400000,0x000000314a500000)]
  0x000001d2ca8ae7b0 JavaThread "Execution worker Thread 9" [_thread_blocked, id=19868, stack(0x000000314a500000,0x000000314a600000)]
  0x000001d2ca8b4ca0 JavaThread "Execution worker Thread 10" [_thread_blocked, id=16768, stack(0x000000314a600000,0x000000314a700000)]
  0x000001d2ca8b2770 JavaThread "Execution worker Thread 11" [_thread_blocked, id=20048, stack(0x000000314a700000,0x000000314a800000)]
  0x000001d2ca8b3210 JavaThread "Cache worker for execution history cache (L:\flutter sdk\flutter\packages\flutter_tools\gradle\.gradle\8.10.2\executionHistory)" [_thread_blocked, id=18816, stack(0x000000314a900000,0x000000314aa00000)]
  0x000001d2ca8b2cc0 JavaThread "Unconstrained build operations Thread 23" [_thread_blocked, id=16416, stack(0x000000314aa00000,0x000000314ab00000)]
  0x000001d2ca8b6c80 JavaThread "Unconstrained build operations Thread 24" [_thread_blocked, id=29356, stack(0x000000314ab00000,0x000000314ac00000)]
  0x000001d2ca8bb190 JavaThread "Unconstrained build operations Thread 25" [_thread_blocked, id=16804, stack(0x000000314ac00000,0x000000314ad00000)]
  0x000001d2ca8bb6e0 JavaThread "Unconstrained build operations Thread 26" [_thread_blocked, id=12860, stack(0x000000314ad00000,0x000000314ae00000)]
  0x000001d2ca8b8710 JavaThread "Unconstrained build operations Thread 27" [_thread_blocked, id=10036, stack(0x000000314ae00000,0x000000314af00000)]
  0x000001d2ca8b8c60 JavaThread "Unconstrained build operations Thread 28" [_thread_blocked, id=4676, stack(0x000000314af00000,0x000000314b000000)]
  0x000001d2ca8bcc20 JavaThread "Unconstrained build operations Thread 29" [_thread_blocked, id=29500, stack(0x000000314b000000,0x000000314b100000)]
  0x000001d2ca8b91b0 JavaThread "Unconstrained build operations Thread 30" [_thread_blocked, id=3416, stack(0x000000314b100000,0x000000314b200000)]
  0x000001d2ca8bd170 JavaThread "Unconstrained build operations Thread 31" [_thread_blocked, id=1848, stack(0x000000314b200000,0x000000314b300000)]
  0x000001d2ca8b9700 JavaThread "Unconstrained build operations Thread 32" [_thread_blocked, id=26240, stack(0x000000314b300000,0x000000314b400000)]
  0x000001d2ca8b9c50 JavaThread "Unconstrained build operations Thread 33" [_thread_blocked, id=19916, stack(0x000000314b400000,0x000000314b500000)]
  0x000001d2c031e230 JavaThread "Unconstrained build operations Thread 34" [_thread_blocked, id=5292, stack(0x000000314b500000,0x000000314b600000)]
  0x000001d2c031f770 JavaThread "Unconstrained build operations Thread 35" [_thread_blocked, id=23676, stack(0x000000314b600000,0x000000314b700000)]
  0x000001d2c0320760 JavaThread "Unconstrained build operations Thread 36" [_thread_blocked, id=9116, stack(0x000000314b700000,0x000000314b800000)]
  0x000001d2c031e780 JavaThread "Unconstrained build operations Thread 37" [_thread_blocked, id=8420, stack(0x000000314b800000,0x000000314b900000)]
  0x000001d2c0320cb0 JavaThread "Unconstrained build operations Thread 38" [_thread_blocked, id=26276, stack(0x000000314b900000,0x000000314ba00000)]
  0x000001d2c031d790 JavaThread "Unconstrained build operations Thread 39" [_thread_blocked, id=10524, stack(0x000000314ba00000,0x000000314bb00000)]
  0x000001d2c0321750 JavaThread "Unconstrained build operations Thread 40" [_thread_blocked, id=25428, stack(0x000000314bb00000,0x000000314bc00000)]
  0x000001d2c0321ca0 JavaThread "Unconstrained build operations Thread 41" [_thread_blocked, id=13196, stack(0x000000314bc00000,0x000000314bd00000)]
  0x000001d2c0322740 JavaThread "Unconstrained build operations Thread 42" [_thread_blocked, id=25332, stack(0x000000314bd00000,0x000000314be00000)]
  0x000001d2c031ecd0 JavaThread "Unconstrained build operations Thread 43" [_thread_blocked, id=4212, stack(0x000000314be00000,0x000000314bf00000)]
  0x000001d2c03221f0 JavaThread "Unconstrained build operations Thread 44" [_thread_blocked, id=19608, stack(0x000000314bf00000,0x000000314c000000)]
  0x000001d2c0322c90 JavaThread "Unconstrained build operations Thread 45" [_thread_blocked, id=27028, stack(0x000000314c000000,0x000000314c100000)]
  0x000001d2c031f220 JavaThread "Unconstrained build operations Thread 46" [_thread_blocked, id=9940, stack(0x000000314c100000,0x000000314c200000)]
  0x000001d2c0324c70 JavaThread "Unconstrained build operations Thread 47" [_thread_blocked, id=27396, stack(0x000000314c200000,0x000000314c300000)]
  0x000001d2c03231e0 JavaThread "Unconstrained build operations Thread 48" [_thread_blocked, id=9360, stack(0x000000314c300000,0x000000314c400000)]
  0x000001d2c0323730 JavaThread "Unconstrained build operations Thread 49" [_thread_blocked, id=18952, stack(0x000000314c400000,0x000000314c500000)]
  0x000001d2c0323c80 JavaThread "Unconstrained build operations Thread 50" [_thread_blocked, id=20908, stack(0x000000314c500000,0x000000314c600000)]
  0x000001d2c03241d0 JavaThread "Unconstrained build operations Thread 51" [_thread_blocked, id=26256, stack(0x000000314c600000,0x000000314c700000)]
  0x000001d2c0324720 JavaThread "Unconstrained build operations Thread 52" [_thread_blocked, id=2968, stack(0x000000314c700000,0x000000314c800000)]
  0x000001d2c03251c0 JavaThread "Unconstrained build operations Thread 53" [_thread_blocked, id=10204, stack(0x000000314c800000,0x000000314c900000)]
  0x000001d2c260d480 JavaThread "Unconstrained build operations Thread 54" [_thread_blocked, id=27508, stack(0x000000314c900000,0x000000314ca00000)]
  0x000001d2c2611990 JavaThread "Unconstrained build operations Thread 55" [_thread_blocked, id=14568, stack(0x000000314ca00000,0x000000314cb00000)]
  0x000001d2c2610450 JavaThread "Unconstrained build operations Thread 56" [_thread_blocked, id=1524, stack(0x000000314cb00000,0x000000314cc00000)]
  0x000001d2c260ff00 JavaThread "Unconstrained build operations Thread 57" [_thread_blocked, id=29820, stack(0x000000314cd00000,0x000000314ce00000)]
  0x000001d2c2611ee0 JavaThread "Unconstrained build operations Thread 58" [_thread_blocked, id=7480, stack(0x000000314ce00000,0x000000314cf00000)]
  0x000001d2c26109a0 JavaThread "Unconstrained build operations Thread 59" [_thread_blocked, id=27056, stack(0x000000314cf00000,0x000000314d000000)]
  0x000001d2c260e470 JavaThread "Unconstrained build operations Thread 60" [_thread_blocked, id=5048, stack(0x000000314d000000,0x000000314d100000)]
  0x000001d2c2612430 JavaThread "Unconstrained build operations Thread 61" [_thread_blocked, id=14440, stack(0x000000314d100000,0x000000314d200000)]
  0x000001d2c260ef10 JavaThread "Unconstrained build operations Thread 62" [_thread_blocked, id=29652, stack(0x000000314d200000,0x000000314d300000)]
  0x000001d2c2612980 JavaThread "Unconstrained build operations Thread 63" [_thread_blocked, id=4488, stack(0x000000314d300000,0x000000314d400000)]
  0x000001d2c2614410 JavaThread "Unconstrained build operations Thread 64" [_thread_blocked, id=17628, stack(0x000000314d400000,0x000000314d500000)]
  0x000001d2c2612ed0 JavaThread "Unconstrained build operations Thread 65" [_thread_blocked, id=24640, stack(0x000000314d500000,0x000000314d600000)]
  0x000001d2c2613420 JavaThread "Unconstrained build operations Thread 66" [_thread_blocked, id=14688, stack(0x000000314d600000,0x000000314d700000)]
  0x000001d2c2613970 JavaThread "build event listener" [_thread_blocked, id=16892, stack(0x000000314d700000,0x000000314d800000)]
  0x000001d2c2613ec0 JavaThread "Unconstrained build operations Thread 67" [_thread_blocked, id=27120, stack(0x000000314d800000,0x000000314d900000)]
  0x000001d2c2614960 JavaThread "Unconstrained build operations Thread 68" [_thread_blocked, id=25888, stack(0x000000314d900000,0x000000314da00000)]
  0x000001d2c2614eb0 JavaThread "Unconstrained build operations Thread 69" [_thread_blocked, id=14512, stack(0x000000314da00000,0x000000314db00000)]
  0x000001d2c3070c30 JavaThread "Unconstrained build operations Thread 70" [_thread_blocked, id=11984, stack(0x000000314db00000,0x000000314dc00000)]
  0x000001d2c3071c20 JavaThread "Unconstrained build operations Thread 71" [_thread_blocked, id=17060, stack(0x000000314dc00000,0x000000314dd00000)]
  0x000001d2c3070190 JavaThread "Unconstrained build operations Thread 72" [_thread_blocked, id=22368, stack(0x000000314dd00000,0x000000314de00000)]
  0x000001d2c3072c10 JavaThread "Unconstrained build operations Thread 73" [_thread_blocked, id=11412, stack(0x000000314de00000,0x000000314df00000)]
  0x000001d2c3073160 JavaThread "Unconstrained build operations Thread 74" [_thread_blocked, id=15892, stack(0x000000314df00000,0x000000314e000000)]
  0x000001d2c30706e0 JavaThread "Unconstrained build operations Thread 75" [_thread_blocked, id=28300, stack(0x000000314e000000,0x000000314e100000)]
  0x000001d2c306fc40 JavaThread "Unconstrained build operations Thread 76" [_thread_blocked, id=23824, stack(0x000000314e100000,0x000000314e200000)]
  0x000001d2c30736b0 JavaThread "Unconstrained build operations Thread 77" [_thread_blocked, id=9024, stack(0x000000314e200000,0x000000314e300000)]
  0x000001d2c3073c00 JavaThread "Unconstrained build operations Thread 78" [_thread_blocked, id=22252, stack(0x000000314e300000,0x000000314e400000)]
  0x000001d2c3074bf0 JavaThread "Unconstrained build operations Thread 79" [_thread_blocked, id=2860, stack(0x000000314e400000,0x000000314e500000)]
  0x000001d2c3071180 JavaThread "Unconstrained build operations Thread 80" [_thread_blocked, id=25028, stack(0x000000314e500000,0x000000314e600000)]
  0x000001d2c3074150 JavaThread "Unconstrained build operations Thread 81" [_thread_blocked, id=25816, stack(0x000000314e600000,0x000000314e700000)]
  0x000001d2c30746a0 JavaThread "Unconstrained build operations Thread 82" [_thread_blocked, id=7648, stack(0x000000314e700000,0x000000314e800000)]
  0x000001d2c2e3d2c0 JavaThread "Unconstrained build operations Thread 83" [_thread_blocked, id=21304, stack(0x000000314e800000,0x000000314e900000)]
  0x000001d2c2e3f2a0 JavaThread "Unconstrained build operations Thread 84" [_thread_blocked, id=4584, stack(0x000000314e900000,0x000000314ea00000)]
  0x000001d2c2e40290 JavaThread "Unconstrained build operations Thread 85" [_thread_blocked, id=20248, stack(0x000000314ea00000,0x000000314eb00000)]
  0x000001d2c2e41280 JavaThread "Unconstrained build operations Thread 86" [_thread_blocked, id=19752, stack(0x000000314eb00000,0x000000314ec00000)]
  0x000001d2c2e3d810 JavaThread "Unconstrained build operations Thread 87" [_thread_blocked, id=17564, stack(0x000000314ec00000,0x000000314ed00000)]
  0x000001d2c2e407e0 JavaThread "Unconstrained build operations Thread 88" [_thread_blocked, id=23140, stack(0x000000314ed00000,0x000000314ee00000)]
  0x000001d2c2e40d30 JavaThread "Unconstrained build operations Thread 89" [_thread_blocked, id=20692, stack(0x000000314ee00000,0x000000314ef00000)]
  0x000001d2c2a9e060 JavaThread "Unconstrained build operations Thread 90" [_thread_blocked, id=7952, stack(0x000000314ef00000,0x000000314f000000)]
  0x000001d2c2aa0ae0 JavaThread "Unconstrained build operations Thread 91" [_thread_blocked, id=10440, stack(0x000000314f000000,0x000000314f100000)]
  0x000001d2c2aa1580 JavaThread "Unconstrained build operations Thread 92" [_thread_blocked, id=30684, stack(0x000000314f100000,0x000000314f200000)]
  0x000001d2c2a9e5b0 JavaThread "Unconstrained build operations Thread 93" [_thread_blocked, id=29132, stack(0x000000314f200000,0x000000314f300000)]
  0x000001d2c2a9faf0 JavaThread "Unconstrained build operations Thread 94" [_thread_blocked, id=2576, stack(0x000000314f300000,0x000000314f400000)]
  0x000001d2c2a9eb00 JavaThread "Unconstrained build operations Thread 95" [_thread_blocked, id=9060, stack(0x000000314f400000,0x000000314f500000)]
  0x000001d2c2aa1030 JavaThread "Unconstrained build operations Thread 96" [_thread_blocked, id=1912, stack(0x000000314f500000,0x000000314f600000)]
  0x000001d2c2aa0040 JavaThread "Unconstrained build operations Thread 97" [_thread_blocked, id=20688, stack(0x000000314f600000,0x000000314f700000)]
  0x000001d2c0289a80 JavaThread "Unconstrained build operations Thread 98" [_thread_blocked, id=2644, stack(0x000000314f700000,0x000000314f800000)]
  0x000001d2c0286010 JavaThread "Unconstrained build operations Thread 99" [_thread_blocked, id=20736, stack(0x000000314f800000,0x000000314f900000)]
  0x000001d2c0286560 JavaThread "Unconstrained build operations Thread 100" [_thread_blocked, id=29084, stack(0x000000314f900000,0x000000314fa00000)]
  0x000001d2c0287ff0 JavaThread "Unconstrained build operations Thread 101" [_thread_blocked, id=24012, stack(0x000000314fa00000,0x000000314fb00000)]
  0x000001d2c0287000 JavaThread "Unconstrained build operations Thread 102" [_thread_blocked, id=23028, stack(0x000000314fb00000,0x000000314fc00000)]
  0x000001d2c0e6b280 JavaThread "Unconstrained build operations Thread 103" [_thread_blocked, id=23244, stack(0x000000314fc00000,0x000000314fd00000)]
  0x000001d2c0e68800 JavaThread "Unconstrained build operations Thread 104" [_thread_blocked, id=2976, stack(0x000000314fd00000,0x000000314fe00000)]
  0x000001d2c0e692a0 JavaThread "Unconstrained build operations Thread 105" [_thread_blocked, id=10832, stack(0x000000314fe00000,0x000000314ff00000)]
  0x000001d2c0e682b0 JavaThread "Unconstrained build operations Thread 106" [_thread_blocked, id=26436, stack(0x000000314ff00000,0x0000003150000000)]
  0x000001d2c0e6ad30 JavaThread "Unconstrained build operations Thread 107" [_thread_blocked, id=26308, stack(0x0000003150000000,0x0000003150100000)]
  0x000001d2c2e42d10 JavaThread "Unconstrained build operations Thread 108" [_thread_blocked, id=29832, stack(0x0000003150100000,0x0000003150200000)]
  0x000001d2cc9326b0 JavaThread "Unconstrained build operations Thread 109" [_thread_blocked, id=18128, stack(0x0000003150200000,0x0000003150300000)]
  0x000001d2cc932160 JavaThread "Unconstrained build operations Thread 110" [_thread_blocked, id=25960, stack(0x0000003150300000,0x0000003150400000)]
  0x000001d2cc931c10 JavaThread "Unconstrained build operations Thread 111" [_thread_blocked, id=18404, stack(0x0000003150400000,0x0000003150500000)]
  0x000001d2cc932c00 JavaThread "Unconstrained build operations Thread 112" [_thread_blocked, id=18160, stack(0x0000003150500000,0x0000003150600000)]
  0x000001d2cc92fc30 JavaThread "Unconstrained build operations Thread 113" [_thread_blocked, id=26604, stack(0x0000003150600000,0x0000003150700000)]
  0x000001d2cc933150 JavaThread "Unconstrained build operations Thread 114" [_thread_blocked, id=16604, stack(0x0000003150700000,0x0000003150800000)]
  0x000001d2cc92f6e0 JavaThread "Unconstrained build operations Thread 115" [_thread_blocked, id=21256, stack(0x0000003150800000,0x0000003150900000)]
  0x000001d2cc931170 JavaThread "Unconstrained build operations Thread 116" [_thread_blocked, id=15468, stack(0x0000003150900000,0x0000003150a00000)]
  0x000001d2cc9336a0 JavaThread "Unconstrained build operations Thread 117" [_thread_blocked, id=18240, stack(0x0000003150a00000,0x0000003150b00000)]
  0x000001d2cc933bf0 JavaThread "Unconstrained build operations Thread 118" [_thread_blocked, id=15392, stack(0x0000003150b00000,0x0000003150c00000)]
  0x000001d2cc930180 JavaThread "Unconstrained build operations Thread 119" [_thread_blocked, id=19960, stack(0x0000003150c00000,0x0000003150d00000)]
  0x000001d2cc934140 JavaThread "Unconstrained build operations Thread 120" [_thread_blocked, id=16968, stack(0x0000003150d00000,0x0000003150e00000)]
  0x000001d2cc930c20 JavaThread "pool-8-thread-1" [_thread_blocked, id=20568, stack(0x0000003151700000,0x0000003151800000)]
  0x000001d2cc936670 JavaThread "build event listener" [_thread_blocked, id=23904, stack(0x0000003151800000,0x0000003151900000)]
  0x000001d2cc935680 JavaThread "Cache worker for execution history cache (L:\flutter Projects\moodmate\moodmate\android\.gradle\8.10.2\executionHistory)" [_thread_blocked, id=13520, stack(0x0000003151900000,0x0000003151a00000)]
  0x000001d2cc936bc0 JavaThread "WorkerExecutor Queue" [_thread_blocked, id=14384, stack(0x0000003151a00000,0x0000003151b00000)]
  0x000001d2cc938100 JavaThread "WorkerExecutor Queue Thread 3" [_thread_in_vm, id=3792, stack(0x0000003151c00000,0x0000003151d00000)]
  0x000001d2cc938650 JavaThread "WorkerExecutor Queue Thread 4" [_thread_in_vm, id=1056, stack(0x0000003151d00000,0x0000003151e00000)]
  0x000001d2cc937660 JavaThread "WorkerExecutor Queue Thread 5" [_thread_blocked, id=17744, stack(0x0000003151e00000,0x0000003151f00000)]
  0x000001d2cc937bb0 JavaThread "WorkerExecutor Queue Thread 6" [_thread_blocked, id=21936, stack(0x0000003151f00000,0x0000003152000000)]
  0x000001d2cc935130 JavaThread "WorkerExecutor Queue Thread 9" [_thread_blocked, id=8796, stack(0x0000003152300000,0x0000003152400000)]
  0x000001d2cc939640 JavaThread "WorkerExecutor Queue Thread 11" [_thread_blocked, id=24240, stack(0x0000003152500000,0x0000003152600000)]
  0x000001d2cc939b90 JavaThread "WorkerExecutor Queue Thread 12" [_thread_in_vm, id=5184, stack(0x0000003152600000,0x0000003152700000)]
  0x000001d2cc93bb70 JavaThread "WorkerExecutor Queue Thread 14" [_thread_blocked, id=24656, stack(0x0000003152800000,0x0000003152900000)]
  0x000001d2cc93a0e0 JavaThread "Exec process Thread 16" [_thread_in_native, id=23176, stack(0x0000003152a00000,0x0000003152b00000)]
  0x000001d2cc93d600 JavaThread "Exec process Thread 17" [_thread_in_native, id=15808, stack(0x0000003152c00000,0x0000003152d00000)]
  0x000001d2cc93c0c0 JavaThread "Exec process Thread 18" [_thread_in_native, id=30124, stack(0x0000003152f00000,0x0000003153000000)]
  0x000001d2cc93ab80 JavaThread "RMI RenewClean-[127.0.0.1:17568,org.jetbrains.kotlin.daemon.common.LoopbackNetworkInterface$ClientLoopbackSocketFactory@1844d0c6]" daemon [_thread_blocked, id=19836, stack(0x0000003153000000,0x0000003153100000)]
  0x000001d2cc93b0d0 JavaThread "RMI RenewClean-[127.0.0.1:17568,org.jetbrains.kotlin.daemon.common.LoopbackNetworkInterface$ClientLoopbackSocketFactory@5ed87d6c]" daemon [_thread_blocked, id=28828, stack(0x0000003152200000,0x0000003152300000)]
  0x000001d2cc93d0b0 JavaThread "Build operations" [_thread_blocked, id=29800, stack(0x0000003152700000,0x0000003152800000)]
  0x000001d2cc93db50 JavaThread "Build operations Thread 2" [_thread_blocked, id=23400, stack(0x0000003153500000,0x0000003153600000)]
  0x000001d2cc93e0a0 JavaThread "Build operations Thread 3" [_thread_blocked, id=28104, stack(0x0000003153600000,0x0000003153700000)]
  0x000001d2cc93e5f0 JavaThread "Build operations Thread 4" [_thread_blocked, id=21300, stack(0x0000003153700000,0x0000003153800000)]
  0x000001d2cc93eb40 JavaThread "Build operations Thread 5" [_thread_blocked, id=20508, stack(0x0000003153800000,0x0000003153900000)]
  0x000001d2cc93f090 JavaThread "Build operations Thread 6" [_thread_blocked, id=23324, stack(0x0000003153900000,0x0000003153a00000)]
  0x000001d2c9b9d520 JavaThread "Build operations Thread 7" [_thread_blocked, id=3368, stack(0x0000003153a00000,0x0000003153b00000)]
  0x000001d2ca8af250 JavaThread "Build operations Thread 8" [_thread_blocked, id=28968, stack(0x0000003153b00000,0x0000003153c00000)]
  0x000001d2c2e3dd60 JavaThread "Build operations Thread 9" [_thread_blocked, id=1336, stack(0x0000003153c00000,0x0000003153d00000)]
  0x000001d2cb7f2080 JavaThread "Build operations Thread 10" [_thread_blocked, id=27996, stack(0x0000003153d00000,0x0000003153e00000)]
  0x000001d2cb7f4060 JavaThread "Build operations Thread 11" [_thread_blocked, id=23704, stack(0x0000003153e00000,0x0000003153f00000)]
  0x000001d2cb7f35c0 JavaThread "Build operations Thread 12" [_thread_blocked, id=13332, stack(0x0000003153f00000,0x0000003154000000)]
  0x000001d2cb7f2b20 JavaThread "pool-9-thread-1" [_thread_blocked, id=6080, stack(0x0000003154200000,0x0000003154300000)]
  0x000001d2cb7f45b0 JavaThread "stderr" [_thread_in_native, id=15916, stack(0x0000003154300000,0x0000003154400000)]
  0x000001d2cb7f4b00 JavaThread "stdout" [_thread_in_native, id=1632, stack(0x0000003154400000,0x0000003154500000)]
  0x000001d2cb7f5050 JavaThread "stderr" [_thread_in_native, id=6900, stack(0x0000003154500000,0x0000003154600000)]
  0x000001d2cb7f15e0 JavaThread "stdout" [_thread_in_native, id=18440, stack(0x0000003154c00000,0x0000003154d00000)]
  0x000001d2cb7f55a0 JavaThread "stderr" [_thread_in_native, id=22452, stack(0x0000003155100000,0x0000003155200000)]
  0x000001d2cb7f1b30 JavaThread "stdout" [_thread_in_native, id=7656, stack(0x0000003155300000,0x0000003155400000)]
  0x000001d2cb7f5af0 JavaThread "stderr" [_thread_in_native, id=18272, stack(0x0000003155400000,0x0000003155500000)]
  0x000001d2cb7f8020 JavaThread "stdout" [_thread_in_native, id=20872, stack(0x0000003155500000,0x0000003155600000)]
  0x000001d2cb7f7030 JavaThread "stderr" [_thread_in_native, id=25388, stack(0x0000003155600000,0x0000003155700000)]
  0x000001d2cb7f8ac0 JavaThread "stdout" [_thread_in_native, id=25276, stack(0x0000003155700000,0x0000003155800000)]
  0x000001d2cb7f7ad0 JavaThread "stderr" [_thread_in_native, id=11088, stack(0x0000003154a00000,0x0000003154b00000)]
  0x000001d2cb7f8570 JavaThread "stdout" [_thread_in_native, id=25924, stack(0x0000003155800000,0x0000003155900000)]
  0x000001d2cb7fa550 JavaThread "WorkerExecutor Queue Thread 16" [_thread_blocked, id=3164, stack(0x0000003152400000,0x0000003152500000)]
  0x000001d2cb7fdfc0 JavaThread "WorkerExecutor Queue Thread 17" [_thread_blocked, id=13084, stack(0x0000003154100000,0x0000003154200000)]
  0x000001d2cb7fcfd0 JavaThread "WorkerExecutor Queue Thread 18" [_thread_blocked, id=28728, stack(0x0000003155900000,0x0000003155a00000)]
=>0x000001d2dbfdb010 JavaThread "C2 CompilerThread1" daemon [_thread_in_native, id=19240, stack(0x0000003150e00000,0x0000003150f00000)]

Other Threads:
  0x000001d2ffe74260 VMThread "VM Thread" [stack: 0x0000003145800000,0x0000003145900000] [id=20676]
  0x000001d2bee9a4f0 WatcherThread "VM Periodic Task Thread" [stack: 0x0000003146400000,0x0000003146500000] [id=20456]
  0x000001d2fc5190f0 WorkerThread "GC Thread#0" [stack: 0x0000003145300000,0x0000003145400000] [id=28108]
  0x000001d2beecf050 WorkerThread "GC Thread#1" [stack: 0x0000003146600000,0x0000003146700000] [id=14928]
  0x000001d2beece240 WorkerThread "GC Thread#2" [stack: 0x0000003146700000,0x0000003146800000] [id=18768]
  0x000001d2beecdf70 WorkerThread "GC Thread#3" [stack: 0x0000003146800000,0x0000003146900000] [id=22892]
  0x000001d2beecf8c0 WorkerThread "GC Thread#4" [stack: 0x0000003146900000,0x0000003146a00000] [id=27204]
  0x000001d2c0aa0110 WorkerThread "GC Thread#5" [stack: 0x0000003147600000,0x0000003147700000] [id=28448]
  0x000001d2c0a9f8a0 WorkerThread "GC Thread#6" [stack: 0x0000003147700000,0x0000003147800000] [id=21096]
  0x000001d2c0a9e4f0 WorkerThread "GC Thread#7" [stack: 0x0000003147800000,0x0000003147900000] [id=14184]
  0x000001d2c0a9f030 WorkerThread "GC Thread#8" [stack: 0x0000003147900000,0x0000003147a00000] [id=19800]
  0x000001d2c0aa11f0 WorkerThread "GC Thread#9" [stack: 0x0000003147a00000,0x0000003147b00000] [id=15100]
  0x000001d2fc51dd00 ConcurrentGCThread "G1 Main Marker" [stack: 0x0000003145400000,0x0000003145500000] [id=17732]
  0x000001d2fc51e640 WorkerThread "G1 Conc#0" [stack: 0x0000003145500000,0x0000003145600000] [id=15484]
  0x000001d2c0aa2000 WorkerThread "G1 Conc#1" [stack: 0x0000003147b00000,0x0000003147c00000] [id=26868]
  0x000001d2c0a9fb70 WorkerThread "G1 Conc#2" [stack: 0x0000003147c00000,0x0000003147d00000] [id=5128]
  0x000001d2ffd25040 ConcurrentGCThread "G1 Refine#0" [stack: 0x0000003145600000,0x0000003145700000] [id=21296]
  0x000001d2ffd25930 ConcurrentGCThread "G1 Service" [stack: 0x0000003145700000,0x0000003145800000] [id=14428]

Threads with active compile tasks:
C2 CompilerThread0   400370 43520       4       org.jetbrains.kotlin.cli.jvm.modules.CoreJrtVirtualFile::getChildren (5 bytes)
C2 CompilerThread1   400370 43455       4       java.util.zip.ZipFile$Source::initCEN (612 bytes)

VM state: not at safepoint (normal execution)

VM Mutex/Monitor currently owned by a thread: None

Heap address: 0x0000000600000000, size: 8192 MB, Compressed Oops mode: Zero based, Oop shift amount: 3

CDS archive(s) mapped at: [0x0000000800000000-0x0000000800c40000-0x0000000800c40000), size 12845056, SharedBaseAddress: 0x0000000800000000, ArchiveRelocationMode: 0.
Compressed class space mapped at: 0x0000000801000000-0x0000000841000000, reserved size: 1073741824
Narrow klass base: 0x0000000800000000, Narrow klass shift: 0, Narrow klass range: 0x100000000

GC Precious Log:
 CardTable entry size: 512
 Card Set container configuration: InlinePtr #cards 4 size 8 Array Of Cards #cards 32 size 80 Howl #buckets 8 coarsen threshold 7372 Howl Bitmap #cards 1024 size 144 coarsen threshold 921 Card regions per heap region 1 cards per card region 8192
 CPUs: 12 total, 12 available
 Memory: 7521M
 Large Page Support: Disabled
 NUMA Support: Disabled
 Compressed Oops: Enabled (Zero based)
 Heap Region Size: 4M
 Heap Min Capacity: 8M
 Heap Initial Capacity: 120M
 Heap Max Capacity: 8G
 Pre-touch: Disabled
 Parallel Workers: 10
 Concurrent Workers: 3
 Concurrent Refinement Workers: 10
 Periodic GC: Disabled

Heap:
 garbage-first heap   total 4268032K, used 814975K [0x0000000600000000, 0x0000000800000000)
  region size 4096K, 52 young (212992K), 7 survivors (28672K)
 Metaspace       used 261159K, committed 264448K, reserved 1310720K
  class space    used 32292K, committed 33984K, reserved 1048576K

Heap Regions: E=young(eden), S=young(survivor), O=old, HS=humongous(starts), HC=humongous(continues), CS=collection set, F=free, OA=open archive, CA=closed archive, TAMS=top-at-mark-start (previous, next)
|   0|0x0000000600000000, 0x0000000600400000, 0x0000000600400000|100%|HS|  |TAMS 0x0000000600400000, 0x0000000600000000| Complete 
|   1|0x0000000600400000, 0x0000000600800000, 0x0000000600800000|100%| O|  |TAMS 0x0000000600800000, 0x0000000600400000| Untracked 
|   2|0x0000000600800000, 0x0000000600c00000, 0x0000000600c00000|100%| O|  |TAMS 0x0000000600c00000, 0x0000000600800000| Untracked 
|   3|0x0000000600c00000, 0x0000000601000000, 0x0000000601000000|100%| O|  |TAMS 0x0000000601000000, 0x0000000600c00000| Untracked 
|   4|0x0000000601000000, 0x0000000601400000, 0x0000000601400000|100%| O|  |TAMS 0x0000000601400000, 0x0000000601000000| Untracked 
|   5|0x0000000601400000, 0x0000000601800000, 0x0000000601800000|100%| O|  |TAMS 0x0000000601800000, 0x0000000601400000| Untracked 
|   6|0x0000000601800000, 0x0000000601c00000, 0x0000000601c00000|100%| O|  |TAMS 0x0000000601c00000, 0x0000000601800000| Untracked 
|   7|0x0000000601c00000, 0x0000000602000000, 0x0000000602000000|100%|HS|  |TAMS 0x0000000602000000, 0x0000000601c00000| Complete 
|   8|0x0000000602000000, 0x0000000602400000, 0x0000000602400000|100%| O|  |TAMS 0x0000000602400000, 0x0000000602000000| Untracked 
|   9|0x0000000602400000, 0x0000000602800000, 0x0000000602800000|100%| O|  |TAMS 0x0000000602800000, 0x0000000602400000| Untracked 
|  10|0x0000000602800000, 0x0000000602c00000, 0x0000000602c00000|100%|HS|  |TAMS 0x0000000602c00000, 0x0000000602800000| Complete 
|  11|0x0000000602c00000, 0x0000000603000000, 0x0000000603000000|100%| O|  |TAMS 0x0000000603000000, 0x0000000602c00000| Untracked 
|  12|0x0000000603000000, 0x0000000603400000, 0x0000000603400000|100%| O|  |TAMS 0x0000000603400000, 0x0000000603000000| Untracked 
|  13|0x0000000603400000, 0x0000000603800000, 0x0000000603800000|100%| O|  |TAMS 0x0000000603800000, 0x0000000603400000| Untracked 
|  14|0x0000000603800000, 0x0000000603c00000, 0x0000000603c00000|100%| O|  |TAMS 0x0000000603c00000, 0x0000000603800000| Untracked 
|  15|0x0000000603c00000, 0x0000000604000000, 0x0000000604000000|100%| O|  |TAMS 0x0000000604000000, 0x0000000603c00000| Untracked 
|  16|0x0000000604000000, 0x0000000604400000, 0x0000000604400000|100%| O|  |TAMS 0x0000000604400000, 0x0000000604000000| Untracked 
|  17|0x0000000604400000, 0x0000000604800000, 0x0000000604800000|100%| O|  |TAMS 0x0000000604800000, 0x0000000604400000| Untracked 
|  18|0x0000000604800000, 0x0000000604c00000, 0x0000000604c00000|100%| O|  |TAMS 0x0000000604a7fc00, 0x0000000604800000| Untracked 
|  19|0x0000000604c00000, 0x0000000605000000, 0x0000000605000000|100%| O|  |TAMS 0x0000000605000000, 0x0000000604c00000| Untracked 
|  20|0x0000000605000000, 0x0000000605400000, 0x0000000605400000|100%| O|  |TAMS 0x0000000605400000, 0x0000000605000000| Untracked 
|  21|0x0000000605400000, 0x0000000605800000, 0x0000000605800000|100%| O|  |TAMS 0x0000000605800000, 0x0000000605400000| Untracked 
|  22|0x0000000605800000, 0x0000000605c00000, 0x0000000605c00000|100%| O|  |TAMS 0x0000000605c00000, 0x0000000605800000| Untracked 
|  23|0x0000000605c00000, 0x0000000606000000, 0x0000000606000000|100%| O|  |TAMS 0x0000000606000000, 0x0000000605c00000| Untracked 
|  24|0x0000000606000000, 0x0000000606400000, 0x0000000606400000|100%| O|  |TAMS 0x0000000606400000, 0x0000000606000000| Untracked 
|  25|0x0000000606400000, 0x0000000606800000, 0x0000000606800000|100%| O|  |TAMS 0x0000000606800000, 0x0000000606400000| Untracked 
|  26|0x0000000606800000, 0x0000000606c00000, 0x0000000606c00000|100%| O|  |TAMS 0x0000000606c00000, 0x0000000606800000| Untracked 
|  27|0x0000000606c00000, 0x0000000607000000, 0x0000000607000000|100%|HS|  |TAMS 0x0000000607000000, 0x0000000606c00000| Complete 
|  28|0x0000000607000000, 0x0000000607400000, 0x0000000607400000|100%| O|  |TAMS 0x0000000607400000, 0x0000000607000000| Untracked 
|  29|0x0000000607400000, 0x0000000607800000, 0x0000000607800000|100%| O|  |TAMS 0x0000000607800000, 0x0000000607400000| Untracked 
|  30|0x0000000607800000, 0x0000000607c00000, 0x0000000607c00000|100%| O|  |TAMS 0x0000000607c00000, 0x0000000607800000| Untracked 
|  31|0x0000000607c00000, 0x0000000608000000, 0x0000000608000000|100%| O|  |TAMS 0x0000000608000000, 0x0000000607c00000| Untracked 
|  32|0x0000000608000000, 0x0000000608400000, 0x0000000608400000|100%| O|  |TAMS 0x0000000608400000, 0x0000000608000000| Untracked 
|  33|0x0000000608400000, 0x0000000608800000, 0x0000000608800000|100%| O|  |TAMS 0x0000000608800000, 0x0000000608400000| Untracked 
|  34|0x0000000608800000, 0x0000000608c00000, 0x0000000608c00000|100%| O|  |TAMS 0x0000000608c00000, 0x0000000608800000| Untracked 
|  35|0x0000000608c00000, 0x0000000609000000, 0x0000000609000000|100%| O|  |TAMS 0x0000000609000000, 0x0000000608c00000| Untracked 
|  36|0x0000000609000000, 0x0000000609400000, 0x0000000609400000|100%| O|  |TAMS 0x0000000609400000, 0x0000000609000000| Untracked 
|  37|0x0000000609400000, 0x0000000609800000, 0x0000000609800000|100%| O|  |TAMS 0x0000000609800000, 0x0000000609400000| Untracked 
|  38|0x0000000609800000, 0x0000000609c00000, 0x0000000609c00000|100%| O|  |TAMS 0x0000000609c00000, 0x0000000609800000| Untracked 
|  39|0x0000000609c00000, 0x000000060a000000, 0x000000060a000000|100%| O|  |TAMS 0x000000060a000000, 0x0000000609c00000| Untracked 
|  40|0x000000060a000000, 0x000000060a400000, 0x000000060a400000|100%| O|  |TAMS 0x000000060a400000, 0x000000060a000000| Untracked 
|  41|0x000000060a400000, 0x000000060a800000, 0x000000060a800000|100%| O|  |TAMS 0x000000060a800000, 0x000000060a400000| Untracked 
|  42|0x000000060a800000, 0x000000060ac00000, 0x000000060ac00000|100%| O|  |TAMS 0x000000060ac00000, 0x000000060a800000| Untracked 
|  43|0x000000060ac00000, 0x000000060b000000, 0x000000060b000000|100%| O|  |TAMS 0x000000060b000000, 0x000000060ac00000| Untracked 
|  44|0x000000060b000000, 0x000000060b400000, 0x000000060b400000|100%| O|  |TAMS 0x000000060b400000, 0x000000060b000000| Untracked 
|  45|0x000000060b400000, 0x000000060b800000, 0x000000060b800000|100%| O|  |TAMS 0x000000060b800000, 0x000000060b400000| Untracked 
|  46|0x000000060b800000, 0x000000060bc00000, 0x000000060bc00000|100%| O|  |TAMS 0x000000060bc00000, 0x000000060b800000| Untracked 
|  47|0x000000060bc00000, 0x000000060c000000, 0x000000060c000000|100%| O|  |TAMS 0x000000060c000000, 0x000000060bc00000| Untracked 
|  48|0x000000060c000000, 0x000000060c400000, 0x000000060c400000|100%| O|  |TAMS 0x000000060c400000, 0x000000060c000000| Untracked 
|  49|0x000000060c400000, 0x000000060c800000, 0x000000060c800000|100%| O|  |TAMS 0x000000060c800000, 0x000000060c400000| Untracked 
|  50|0x000000060c800000, 0x000000060cc00000, 0x000000060cc00000|100%| O|  |TAMS 0x000000060cc00000, 0x000000060c800000| Untracked 
|  51|0x000000060cc00000, 0x000000060d000000, 0x000000060d000000|100%| O|  |TAMS 0x000000060d000000, 0x000000060cc00000| Untracked 
|  52|0x000000060d000000, 0x000000060d400000, 0x000000060d400000|100%|HS|  |TAMS 0x000000060d000000, 0x000000060d000000| Complete 
|  53|0x000000060d400000, 0x000000060d800000, 0x000000060d800000|100%| O|  |TAMS 0x000000060d400000, 0x000000060d400000| Untracked 
|  54|0x000000060d800000, 0x000000060dc00000, 0x000000060dc00000|100%| O|  |TAMS 0x000000060dc00000, 0x000000060d800000| Untracked 
|  55|0x000000060dc00000, 0x000000060e000000, 0x000000060e000000|100%| O|  |TAMS 0x000000060e000000, 0x000000060dc00000| Untracked 
|  56|0x000000060e000000, 0x000000060e400000, 0x000000060e400000|100%| O|  |TAMS 0x000000060e000000, 0x000000060e000000| Untracked 
|  57|0x000000060e400000, 0x000000060e800000, 0x000000060e800000|100%| O|  |TAMS 0x000000060e400000, 0x000000060e400000| Untracked 
|  58|0x000000060e800000, 0x000000060ec00000, 0x000000060ec00000|100%|HS|  |TAMS 0x000000060e800000, 0x000000060e800000| Complete 
|  59|0x000000060ec00000, 0x000000060f000000, 0x000000060f000000|100%| O|  |TAMS 0x000000060ec00000, 0x000000060ec00000| Untracked 
|  60|0x000000060f000000, 0x000000060f400000, 0x000000060f400000|100%|HS|  |TAMS 0x000000060f000000, 0x000000060f000000| Complete 
|  61|0x000000060f400000, 0x000000060f800000, 0x000000060f800000|100%| O|  |TAMS 0x000000060f400000, 0x000000060f400000| Untracked 
|  62|0x000000060f800000, 0x000000060fc00000, 0x000000060fc00000|100%|HS|  |TAMS 0x000000060f800000, 0x000000060f800000| Complete 
|  63|0x000000060fc00000, 0x0000000610000000, 0x0000000610000000|100%| O|  |TAMS 0x000000060fc00000, 0x000000060fc00000| Untracked 
|  64|0x0000000610000000, 0x0000000610400000, 0x0000000610400000|100%| O|  |TAMS 0x0000000610000000, 0x0000000610000000| Untracked 
|  65|0x0000000610400000, 0x0000000610800000, 0x0000000610800000|100%| O|  |TAMS 0x0000000610400000, 0x0000000610400000| Untracked 
|  66|0x0000000610800000, 0x0000000610c00000, 0x0000000610c00000|100%| O|  |TAMS 0x0000000610800000, 0x0000000610800000| Untracked 
|  67|0x0000000610c00000, 0x0000000611000000, 0x0000000611000000|100%| O|  |TAMS 0x0000000610c00000, 0x0000000610c00000| Untracked 
|  68|0x0000000611000000, 0x0000000611400000, 0x0000000611400000|100%| O|  |TAMS 0x0000000611000000, 0x0000000611000000| Untracked 
|  69|0x0000000611400000, 0x0000000611800000, 0x0000000611800000|100%| O|  |TAMS 0x0000000611400000, 0x0000000611400000| Untracked 
|  70|0x0000000611800000, 0x0000000611c00000, 0x0000000611c00000|100%| O|  |TAMS 0x0000000611800000, 0x0000000611800000| Untracked 
|  71|0x0000000611c00000, 0x0000000612000000, 0x0000000612000000|100%| O|  |TAMS 0x0000000611c00000, 0x0000000611c00000| Untracked 
|  72|0x0000000612000000, 0x0000000612400000, 0x0000000612400000|100%| O|  |TAMS 0x0000000612000000, 0x0000000612000000| Untracked 
|  73|0x0000000612400000, 0x0000000612800000, 0x0000000612800000|100%| O|  |TAMS 0x0000000612400000, 0x0000000612400000| Untracked 
|  74|0x0000000612800000, 0x0000000612c00000, 0x0000000612c00000|100%| O|  |TAMS 0x0000000612800000, 0x0000000612800000| Untracked 
|  75|0x0000000612c00000, 0x0000000613000000, 0x0000000613000000|100%| O|  |TAMS 0x0000000612c00000, 0x0000000612c00000| Untracked 
|  76|0x0000000613000000, 0x0000000613400000, 0x0000000613400000|100%| O|  |TAMS 0x0000000613000000, 0x0000000613000000| Untracked 
|  77|0x0000000613400000, 0x0000000613800000, 0x0000000613800000|100%| O|  |TAMS 0x0000000613400000, 0x0000000613400000| Untracked 
|  78|0x0000000613800000, 0x0000000613c00000, 0x0000000613c00000|100%| O|  |TAMS 0x0000000613800000, 0x0000000613800000| Untracked 
|  79|0x0000000613c00000, 0x0000000614000000, 0x0000000614000000|100%| O|  |TAMS 0x0000000613c00000, 0x0000000613c00000| Untracked 
|  80|0x0000000614000000, 0x0000000614400000, 0x0000000614400000|100%| O|  |TAMS 0x0000000614000000, 0x0000000614000000| Untracked 
|  81|0x0000000614400000, 0x0000000614800000, 0x0000000614800000|100%| O|  |TAMS 0x0000000614400000, 0x0000000614400000| Untracked 
|  82|0x0000000614800000, 0x0000000614c00000, 0x0000000614c00000|100%| O|  |TAMS 0x0000000614800000, 0x0000000614800000| Untracked 
|  83|0x0000000614c00000, 0x0000000615000000, 0x0000000615000000|100%| O|  |TAMS 0x0000000614c00000, 0x0000000614c00000| Untracked 
|  84|0x0000000615000000, 0x0000000615400000, 0x0000000615400000|100%| O|  |TAMS 0x0000000615000000, 0x0000000615000000| Untracked 
|  85|0x0000000615400000, 0x0000000615800000, 0x0000000615800000|100%| O|  |TAMS 0x0000000615400000, 0x0000000615400000| Untracked 
|  86|0x0000000615800000, 0x0000000615c00000, 0x0000000615c00000|100%| O|  |TAMS 0x0000000615800000, 0x0000000615800000| Untracked 
|  87|0x0000000615c00000, 0x0000000616000000, 0x0000000616000000|100%| O|  |TAMS 0x0000000615c00000, 0x0000000615c00000| Untracked 
|  88|0x0000000616000000, 0x0000000616400000, 0x0000000616400000|100%| O|  |TAMS 0x0000000616000000, 0x0000000616000000| Untracked 
|  89|0x0000000616400000, 0x0000000616800000, 0x0000000616800000|100%| O|  |TAMS 0x0000000616400000, 0x0000000616400000| Untracked 
|  90|0x0000000616800000, 0x0000000616c00000, 0x0000000616c00000|100%| O|  |TAMS 0x0000000616800000, 0x0000000616800000| Untracked 
|  91|0x0000000616c00000, 0x0000000617000000, 0x0000000617000000|100%| O|  |TAMS 0x0000000616c00000, 0x0000000616c00000| Untracked 
|  92|0x0000000617000000, 0x0000000617400000, 0x0000000617400000|100%| O|  |TAMS 0x0000000617000000, 0x0000000617000000| Untracked 
|  93|0x0000000617400000, 0x0000000617800000, 0x0000000617800000|100%| O|  |TAMS 0x0000000617400000, 0x0000000617400000| Untracked 
|  94|0x0000000617800000, 0x0000000617c00000, 0x0000000617c00000|100%| O|  |TAMS 0x0000000617800000, 0x0000000617800000| Untracked 
|  95|0x0000000617c00000, 0x0000000618000000, 0x0000000618000000|100%| O|  |TAMS 0x0000000617c00000, 0x0000000617c00000| Untracked 
|  96|0x0000000618000000, 0x0000000618400000, 0x0000000618400000|100%| O|  |TAMS 0x0000000618000000, 0x0000000618000000| Untracked 
|  97|0x0000000618400000, 0x0000000618800000, 0x0000000618800000|100%| O|  |TAMS 0x0000000618400000, 0x0000000618400000| Untracked 
|  98|0x0000000618800000, 0x0000000618c00000, 0x0000000618c00000|100%| O|  |TAMS 0x0000000618800000, 0x0000000618800000| Untracked 
|  99|0x0000000618c00000, 0x0000000619000000, 0x0000000619000000|100%| O|  |TAMS 0x0000000618c00000, 0x0000000618c00000| Untracked 
| 100|0x0000000619000000, 0x0000000619400000, 0x0000000619400000|100%| O|  |TAMS 0x0000000619000000, 0x0000000619000000| Untracked 
| 101|0x0000000619400000, 0x0000000619800000, 0x0000000619800000|100%| O|  |TAMS 0x0000000619400000, 0x0000000619400000| Untracked 
| 102|0x0000000619800000, 0x0000000619c00000, 0x0000000619c00000|100%| O|  |TAMS 0x0000000619800000, 0x0000000619800000| Untracked 
| 103|0x0000000619c00000, 0x000000061a000000, 0x000000061a000000|100%| O|  |TAMS 0x0000000619c00000, 0x0000000619c00000| Untracked 
| 104|0x000000061a000000, 0x000000061a400000, 0x000000061a400000|100%| O|  |TAMS 0x000000061a000000, 0x000000061a000000| Untracked 
| 105|0x000000061a400000, 0x000000061a800000, 0x000000061a800000|100%| O|  |TAMS 0x000000061a400000, 0x000000061a400000| Untracked 
| 106|0x000000061a800000, 0x000000061ac00000, 0x000000061ac00000|100%| O|  |TAMS 0x000000061a800000, 0x000000061a800000| Untracked 
| 107|0x000000061ac00000, 0x000000061b000000, 0x000000061b000000|100%| O|  |TAMS 0x000000061ac00000, 0x000000061ac00000| Untracked 
| 108|0x000000061b000000, 0x000000061b400000, 0x000000061b400000|100%| O|  |TAMS 0x000000061b000000, 0x000000061b000000| Untracked 
| 109|0x000000061b400000, 0x000000061b800000, 0x000000061b800000|100%| O|  |TAMS 0x000000061b400000, 0x000000061b400000| Untracked 
| 110|0x000000061b800000, 0x000000061bc00000, 0x000000061bc00000|100%| O|  |TAMS 0x000000061b800000, 0x000000061b800000| Untracked 
| 111|0x000000061bc00000, 0x000000061c000000, 0x000000061c000000|100%| O|  |TAMS 0x000000061bc00000, 0x000000061bc00000| Untracked 
| 112|0x000000061c000000, 0x000000061c400000, 0x000000061c400000|100%| O|  |TAMS 0x000000061c000000, 0x000000061c000000| Untracked 
| 113|0x000000061c400000, 0x000000061c800000, 0x000000061c800000|100%|HS|  |TAMS 0x000000061c400000, 0x000000061c400000| Complete 
| 114|0x000000061c800000, 0x000000061cc00000, 0x000000061cc00000|100%| O|  |TAMS 0x000000061c800000, 0x000000061c800000| Untracked 
| 115|0x000000061cc00000, 0x000000061d000000, 0x000000061d000000|100%| O|  |TAMS 0x000000061cc00000, 0x000000061cc00000| Untracked 
| 116|0x000000061d000000, 0x000000061d400000, 0x000000061d400000|100%| O|  |TAMS 0x000000061d000000, 0x000000061d000000| Untracked 
| 117|0x000000061d400000, 0x000000061d800000, 0x000000061d800000|100%| O|  |TAMS 0x000000061d400000, 0x000000061d400000| Untracked 
| 118|0x000000061d800000, 0x000000061dc00000, 0x000000061dc00000|100%| O|  |TAMS 0x000000061d800000, 0x000000061d800000| Untracked 
| 119|0x000000061dc00000, 0x000000061e000000, 0x000000061e000000|100%|HS|  |TAMS 0x000000061dc00000, 0x000000061dc00000| Complete 
| 120|0x000000061e000000, 0x000000061e400000, 0x000000061e400000|100%| O|  |TAMS 0x000000061e000000, 0x000000061e000000| Untracked 
| 121|0x000000061e400000, 0x000000061e800000, 0x000000061e800000|100%| O|  |TAMS 0x000000061e400000, 0x000000061e400000| Untracked 
| 122|0x000000061e800000, 0x000000061ec00000, 0x000000061ec00000|100%| O|  |TAMS 0x000000061e800000, 0x000000061e800000| Untracked 
| 123|0x000000061ec00000, 0x000000061f000000, 0x000000061f000000|100%| O|  |TAMS 0x000000061ec00000, 0x000000061ec00000| Untracked 
| 124|0x000000061f000000, 0x000000061f400000, 0x000000061f400000|100%| O|  |TAMS 0x000000061f000000, 0x000000061f000000| Untracked 
| 125|0x000000061f400000, 0x000000061f800000, 0x000000061f800000|100%| O|  |TAMS 0x000000061f400000, 0x000000061f400000| Untracked 
| 126|0x000000061f800000, 0x000000061fc00000, 0x000000061fc00000|100%| O|  |TAMS 0x000000061f800000, 0x000000061f800000| Untracked 
| 127|0x000000061fc00000, 0x0000000620000000, 0x0000000620000000|100%| O|  |TAMS 0x000000061fc00000, 0x000000061fc00000| Untracked 
| 128|0x0000000620000000, 0x0000000620400000, 0x0000000620400000|100%| O|  |TAMS 0x0000000620000000, 0x0000000620000000| Untracked 
| 129|0x0000000620400000, 0x0000000620800000, 0x0000000620800000|100%| O|  |TAMS 0x0000000620400000, 0x0000000620400000| Untracked 
| 130|0x0000000620800000, 0x0000000620c00000, 0x0000000620c00000|100%| O|  |TAMS 0x0000000620800000, 0x0000000620800000| Untracked 
| 131|0x0000000620c00000, 0x0000000621000000, 0x0000000621000000|100%| O|  |TAMS 0x0000000620c00000, 0x0000000620c00000| Untracked 
| 132|0x0000000621000000, 0x0000000621400000, 0x0000000621400000|100%|HS|  |TAMS 0x0000000621000000, 0x0000000621000000| Complete 
| 133|0x0000000621400000, 0x0000000621800000, 0x0000000621800000|100%| O|  |TAMS 0x0000000621400000, 0x0000000621400000| Untracked 
| 134|0x0000000621800000, 0x0000000621c00000, 0x0000000621c00000|100%| O|  |TAMS 0x0000000621800000, 0x0000000621800000| Untracked 
| 135|0x0000000621c00000, 0x0000000622000000, 0x0000000622000000|100%| O|  |TAMS 0x0000000621c00000, 0x0000000621c00000| Untracked 
| 136|0x0000000622000000, 0x0000000622400000, 0x0000000622400000|100%| O|  |TAMS 0x0000000622000000, 0x0000000622000000| Untracked 
| 137|0x0000000622400000, 0x0000000622800000, 0x0000000622800000|100%| O|  |TAMS 0x0000000622400000, 0x0000000622400000| Untracked 
| 138|0x0000000622800000, 0x0000000622c00000, 0x0000000622c00000|100%| O|  |TAMS 0x0000000622800000, 0x0000000622800000| Untracked 
| 139|0x0000000622c00000, 0x0000000623000000, 0x0000000623000000|100%| O|  |TAMS 0x0000000622c00000, 0x0000000622c00000| Untracked 
| 140|0x0000000623000000, 0x0000000623400000, 0x0000000623400000|100%| O|  |TAMS 0x0000000623000000, 0x0000000623000000| Untracked 
| 141|0x0000000623400000, 0x0000000623800000, 0x0000000623800000|100%| O|  |TAMS 0x0000000623400000, 0x0000000623400000| Untracked 
| 142|0x0000000623800000, 0x0000000623c00000, 0x0000000623c00000|100%| O|  |TAMS 0x0000000623800000, 0x0000000623800000| Untracked 
| 143|0x0000000623c00000, 0x0000000624000000, 0x0000000624000000|100%| O|  |TAMS 0x0000000623c00000, 0x0000000623c00000| Untracked 
| 144|0x0000000624000000, 0x0000000624400000, 0x0000000624400000|100%| O|  |TAMS 0x0000000624000000, 0x0000000624000000| Untracked 
| 145|0x0000000624400000, 0x0000000624800000, 0x0000000624800000|100%| O|  |TAMS 0x0000000624400000, 0x0000000624400000| Untracked 
| 146|0x0000000624800000, 0x0000000624c00000, 0x0000000624c00000|100%| O|  |TAMS 0x0000000624800000, 0x0000000624800000| Untracked 
| 147|0x0000000624c00000, 0x0000000625000000, 0x0000000625000000|100%| O|  |TAMS 0x0000000624c00000, 0x0000000624c00000| Untracked 
| 148|0x0000000625000000, 0x0000000625400000, 0x0000000625400000|100%| O|  |TAMS 0x0000000625000000, 0x0000000625000000| Untracked 
| 149|0x0000000625400000, 0x0000000625465000, 0x0000000625800000|  9%| O|  |TAMS 0x0000000625400000, 0x0000000625400000| Untracked 
| 150|0x0000000625800000, 0x0000000625800000, 0x0000000625c00000|  0%| F|  |TAMS 0x0000000625800000, 0x0000000625800000| Untracked 
| 151|0x0000000625c00000, 0x0000000625c00000, 0x0000000626000000|  0%| F|  |TAMS 0x0000000625c00000, 0x0000000625c00000| Untracked 
| 152|0x0000000626000000, 0x0000000626000000, 0x0000000626400000|  0%| F|  |TAMS 0x0000000626000000, 0x0000000626000000| Untracked 
| 153|0x0000000626400000, 0x0000000626400000, 0x0000000626800000|  0%| F|  |TAMS 0x0000000626400000, 0x0000000626400000| Untracked 
| 154|0x0000000626800000, 0x0000000626800000, 0x0000000626c00000|  0%| F|  |TAMS 0x0000000626800000, 0x0000000626800000| Untracked 
| 155|0x0000000626c00000, 0x0000000626c00000, 0x0000000627000000|  0%| F|  |TAMS 0x0000000626c00000, 0x0000000626c00000| Untracked 
| 156|0x0000000627000000, 0x0000000627000000, 0x0000000627400000|  0%| F|  |TAMS 0x0000000627000000, 0x0000000627000000| Untracked 
| 157|0x0000000627400000, 0x0000000627400000, 0x0000000627800000|  0%| F|  |TAMS 0x0000000627400000, 0x0000000627400000| Untracked 
| 158|0x0000000627800000, 0x0000000627800000, 0x0000000627c00000|  0%| F|  |TAMS 0x0000000627800000, 0x0000000627800000| Untracked 
| 159|0x0000000627c00000, 0x0000000627c00000, 0x0000000628000000|  0%| F|  |TAMS 0x0000000627c00000, 0x0000000627c00000| Untracked 
| 160|0x0000000628000000, 0x0000000628000000, 0x0000000628400000|  0%| F|  |TAMS 0x0000000628000000, 0x0000000628000000| Untracked 
| 161|0x0000000628400000, 0x0000000628400000, 0x0000000628800000|  0%| F|  |TAMS 0x0000000628400000, 0x0000000628400000| Untracked 
| 162|0x0000000628800000, 0x0000000628800000, 0x0000000628c00000|  0%| F|  |TAMS 0x0000000628800000, 0x0000000628800000| Untracked 
| 163|0x0000000628c00000, 0x0000000628c00000, 0x0000000629000000|  0%| F|  |TAMS 0x0000000628c00000, 0x0000000628c00000| Untracked 
| 164|0x0000000629000000, 0x0000000629000000, 0x0000000629400000|  0%| F|  |TAMS 0x0000000629000000, 0x0000000629000000| Untracked 
| 165|0x0000000629400000, 0x0000000629400000, 0x0000000629800000|  0%| F|  |TAMS 0x0000000629400000, 0x0000000629400000| Untracked 
| 166|0x0000000629800000, 0x0000000629800000, 0x0000000629c00000|  0%| F|  |TAMS 0x0000000629800000, 0x0000000629800000| Untracked 
| 167|0x0000000629c00000, 0x0000000629c00000, 0x000000062a000000|  0%| F|  |TAMS 0x0000000629c00000, 0x0000000629c00000| Untracked 
| 168|0x000000062a000000, 0x000000062a000000, 0x000000062a400000|  0%| F|  |TAMS 0x000000062a000000, 0x000000062a000000| Untracked 
| 169|0x000000062a400000, 0x000000062a400000, 0x000000062a800000|  0%| F|  |TAMS 0x000000062a400000, 0x000000062a400000| Untracked 
| 170|0x000000062a800000, 0x000000062a800000, 0x000000062ac00000|  0%| F|  |TAMS 0x000000062a800000, 0x000000062a800000| Untracked 
| 171|0x000000062ac00000, 0x000000062ac00000, 0x000000062b000000|  0%| F|  |TAMS 0x000000062ac00000, 0x000000062ac00000| Untracked 
| 172|0x000000062b000000, 0x000000062b000000, 0x000000062b400000|  0%| F|  |TAMS 0x000000062b000000, 0x000000062b000000| Untracked 
| 173|0x000000062b400000, 0x000000062b400000, 0x000000062b800000|  0%| F|  |TAMS 0x000000062b400000, 0x000000062b400000| Untracked 
| 174|0x000000062b800000, 0x000000062b800000, 0x000000062bc00000|  0%| F|  |TAMS 0x000000062b800000, 0x000000062b800000| Untracked 
| 175|0x000000062bc00000, 0x000000062bc00000, 0x000000062c000000|  0%| F|  |TAMS 0x000000062bc00000, 0x000000062bc00000| Untracked 
| 176|0x000000062c000000, 0x000000062c000000, 0x000000062c400000|  0%| F|  |TAMS 0x000000062c000000, 0x000000062c000000| Untracked 
| 177|0x000000062c400000, 0x000000062c400000, 0x000000062c800000|  0%| F|  |TAMS 0x000000062c400000, 0x000000062c400000| Untracked 
| 178|0x000000062c800000, 0x000000062c800000, 0x000000062cc00000|  0%| F|  |TAMS 0x000000062c800000, 0x000000062c800000| Untracked 
| 179|0x000000062cc00000, 0x000000062cc00000, 0x000000062d000000|  0%| F|  |TAMS 0x000000062cc00000, 0x000000062cc00000| Untracked 
| 180|0x000000062d000000, 0x000000062d000000, 0x000000062d400000|  0%| F|  |TAMS 0x000000062d000000, 0x000000062d000000| Untracked 
| 181|0x000000062d400000, 0x000000062d400000, 0x000000062d800000|  0%| F|  |TAMS 0x000000062d400000, 0x000000062d400000| Untracked 
| 182|0x000000062d800000, 0x000000062d800000, 0x000000062dc00000|  0%| F|  |TAMS 0x000000062d800000, 0x000000062d800000| Untracked 
| 183|0x000000062dc00000, 0x000000062dc00000, 0x000000062e000000|  0%| F|  |TAMS 0x000000062dc00000, 0x000000062dc00000| Untracked 
| 184|0x000000062e000000, 0x000000062e000000, 0x000000062e400000|  0%| F|  |TAMS 0x000000062e000000, 0x000000062e000000| Untracked 
| 185|0x000000062e400000, 0x000000062e400000, 0x000000062e800000|  0%| F|  |TAMS 0x000000062e400000, 0x000000062e400000| Untracked 
| 186|0x000000062e800000, 0x000000062e800000, 0x000000062ec00000|  0%| F|  |TAMS 0x000000062e800000, 0x000000062e800000| Untracked 
| 187|0x000000062ec00000, 0x000000062ec00000, 0x000000062f000000|  0%| F|  |TAMS 0x000000062ec00000, 0x000000062ec00000| Untracked 
| 188|0x000000062f000000, 0x000000062f000000, 0x000000062f400000|  0%| F|  |TAMS 0x000000062f000000, 0x000000062f000000| Untracked 
| 189|0x000000062f400000, 0x000000062f400000, 0x000000062f800000|  0%| F|  |TAMS 0x000000062f400000, 0x000000062f400000| Untracked 
| 190|0x000000062f800000, 0x000000062f800000, 0x000000062fc00000|  0%| F|  |TAMS 0x000000062f800000, 0x000000062f800000| Untracked 
| 191|0x000000062fc00000, 0x000000062fc00000, 0x0000000630000000|  0%| F|  |TAMS 0x000000062fc00000, 0x000000062fc00000| Untracked 
| 192|0x0000000630000000, 0x0000000630000000, 0x0000000630400000|  0%| F|  |TAMS 0x0000000630000000, 0x0000000630000000| Untracked 
| 193|0x0000000630400000, 0x0000000630400000, 0x0000000630800000|  0%| F|  |TAMS 0x0000000630400000, 0x0000000630400000| Untracked 
| 194|0x0000000630800000, 0x0000000630800000, 0x0000000630c00000|  0%| F|  |TAMS 0x0000000630800000, 0x0000000630800000| Untracked 
| 195|0x0000000630c00000, 0x0000000630c00000, 0x0000000631000000|  0%| F|  |TAMS 0x0000000630c00000, 0x0000000630c00000| Untracked 
| 196|0x0000000631000000, 0x0000000631000000, 0x0000000631400000|  0%| F|  |TAMS 0x0000000631000000, 0x0000000631000000| Untracked 
| 197|0x0000000631400000, 0x0000000631400000, 0x0000000631800000|  0%| F|  |TAMS 0x0000000631400000, 0x0000000631400000| Untracked 
| 198|0x0000000631800000, 0x0000000631800000, 0x0000000631c00000|  0%| F|  |TAMS 0x0000000631800000, 0x0000000631800000| Untracked 
| 199|0x0000000631c00000, 0x0000000631c00000, 0x0000000632000000|  0%| F|  |TAMS 0x0000000631c00000, 0x0000000631c00000| Untracked 
| 200|0x0000000632000000, 0x0000000632000000, 0x0000000632400000|  0%| F|  |TAMS 0x0000000632000000, 0x0000000632000000| Untracked 
| 201|0x0000000632400000, 0x0000000632400000, 0x0000000632800000|  0%| F|  |TAMS 0x0000000632400000, 0x0000000632400000| Untracked 
| 202|0x0000000632800000, 0x0000000632800000, 0x0000000632c00000|  0%| F|  |TAMS 0x0000000632800000, 0x0000000632800000| Untracked 
| 203|0x0000000632c00000, 0x0000000632c00000, 0x0000000633000000|  0%| F|  |TAMS 0x0000000632c00000, 0x0000000632c00000| Untracked 
| 204|0x0000000633000000, 0x0000000633000000, 0x0000000633400000|  0%| F|  |TAMS 0x0000000633000000, 0x0000000633000000| Untracked 
| 205|0x0000000633400000, 0x0000000633400000, 0x0000000633800000|  0%| F|  |TAMS 0x0000000633400000, 0x0000000633400000| Untracked 
| 206|0x0000000633800000, 0x0000000633800000, 0x0000000633c00000|  0%| F|  |TAMS 0x0000000633800000, 0x0000000633800000| Untracked 
| 207|0x0000000633c00000, 0x0000000633c00000, 0x0000000634000000|  0%| F|  |TAMS 0x0000000633c00000, 0x0000000633c00000| Untracked 
| 208|0x0000000634000000, 0x0000000634000000, 0x0000000634400000|  0%| F|  |TAMS 0x0000000634000000, 0x0000000634000000| Untracked 
| 209|0x0000000634400000, 0x0000000634400000, 0x0000000634800000|  0%| F|  |TAMS 0x0000000634400000, 0x0000000634400000| Untracked 
| 210|0x0000000634800000, 0x0000000634800000, 0x0000000634c00000|  0%| F|  |TAMS 0x0000000634800000, 0x0000000634800000| Untracked 
| 211|0x0000000634c00000, 0x0000000634c00000, 0x0000000635000000|  0%| F|  |TAMS 0x0000000634c00000, 0x0000000634c00000| Untracked 
| 212|0x0000000635000000, 0x0000000635000000, 0x0000000635400000|  0%| F|  |TAMS 0x0000000635000000, 0x0000000635000000| Untracked 
| 213|0x0000000635400000, 0x0000000635400000, 0x0000000635800000|  0%| F|  |TAMS 0x0000000635400000, 0x0000000635400000| Untracked 
| 214|0x0000000635800000, 0x0000000635800000, 0x0000000635c00000|  0%| F|  |TAMS 0x0000000635800000, 0x0000000635800000| Untracked 
| 215|0x0000000635c00000, 0x0000000635c00000, 0x0000000636000000|  0%| F|  |TAMS 0x0000000635c00000, 0x0000000635c00000| Untracked 
| 216|0x0000000636000000, 0x0000000636000000, 0x0000000636400000|  0%| F|  |TAMS 0x0000000636000000, 0x0000000636000000| Untracked 
| 217|0x0000000636400000, 0x0000000636400000, 0x0000000636800000|  0%| F|  |TAMS 0x0000000636400000, 0x0000000636400000| Untracked 
| 218|0x0000000636800000, 0x0000000636800000, 0x0000000636c00000|  0%| F|  |TAMS 0x0000000636800000, 0x0000000636800000| Untracked 
| 219|0x0000000636c00000, 0x0000000636c00000, 0x0000000637000000|  0%| F|  |TAMS 0x0000000636c00000, 0x0000000636c00000| Untracked 
| 220|0x0000000637000000, 0x0000000637000000, 0x0000000637400000|  0%| F|  |TAMS 0x0000000637000000, 0x0000000637000000| Untracked 
| 221|0x0000000637400000, 0x0000000637400000, 0x0000000637800000|  0%| F|  |TAMS 0x0000000637400000, 0x0000000637400000| Untracked 
| 222|0x0000000637800000, 0x0000000637800000, 0x0000000637c00000|  0%| F|  |TAMS 0x0000000637800000, 0x0000000637800000| Untracked 
| 223|0x0000000637c00000, 0x0000000637c00000, 0x0000000638000000|  0%| F|  |TAMS 0x0000000637c00000, 0x0000000637c00000| Untracked 
| 224|0x0000000638000000, 0x0000000638000000, 0x0000000638400000|  0%| F|  |TAMS 0x0000000638000000, 0x0000000638000000| Untracked 
| 225|0x0000000638400000, 0x0000000638400000, 0x0000000638800000|  0%| F|  |TAMS 0x0000000638400000, 0x0000000638400000| Untracked 
| 226|0x0000000638800000, 0x0000000638800000, 0x0000000638c00000|  0%| F|  |TAMS 0x0000000638800000, 0x0000000638800000| Untracked 
| 227|0x0000000638c00000, 0x0000000638c00000, 0x0000000639000000|  0%| F|  |TAMS 0x0000000638c00000, 0x0000000638c00000| Untracked 
| 228|0x0000000639000000, 0x0000000639000000, 0x0000000639400000|  0%| F|  |TAMS 0x0000000639000000, 0x0000000639000000| Untracked 
| 229|0x0000000639400000, 0x0000000639400000, 0x0000000639800000|  0%| F|  |TAMS 0x0000000639400000, 0x0000000639400000| Untracked 
| 230|0x0000000639800000, 0x0000000639800000, 0x0000000639c00000|  0%| F|  |TAMS 0x0000000639800000, 0x0000000639800000| Untracked 
| 231|0x0000000639c00000, 0x0000000639c00000, 0x000000063a000000|  0%| F|  |TAMS 0x0000000639c00000, 0x0000000639c00000| Untracked 
| 232|0x000000063a000000, 0x000000063a000000, 0x000000063a400000|  0%| F|  |TAMS 0x000000063a000000, 0x000000063a000000| Untracked 
| 233|0x000000063a400000, 0x000000063a400000, 0x000000063a800000|  0%| F|  |TAMS 0x000000063a400000, 0x000000063a400000| Untracked 
| 234|0x000000063a800000, 0x000000063a800000, 0x000000063ac00000|  0%| F|  |TAMS 0x000000063a800000, 0x000000063a800000| Untracked 
| 235|0x000000063ac00000, 0x000000063ac00000, 0x000000063b000000|  0%| F|  |TAMS 0x000000063ac00000, 0x000000063ac00000| Untracked 
| 236|0x000000063b000000, 0x000000063b000000, 0x000000063b400000|  0%| F|  |TAMS 0x000000063b000000, 0x000000063b000000| Untracked 
| 237|0x000000063b400000, 0x000000063b400000, 0x000000063b800000|  0%| F|  |TAMS 0x000000063b400000, 0x000000063b400000| Untracked 
| 238|0x000000063b800000, 0x000000063b800000, 0x000000063bc00000|  0%| F|  |TAMS 0x000000063b800000, 0x000000063b800000| Untracked 
| 239|0x000000063bc00000, 0x000000063bc00000, 0x000000063c000000|  0%| F|  |TAMS 0x000000063bc00000, 0x000000063bc00000| Untracked 
| 240|0x000000063c000000, 0x000000063c000000, 0x000000063c400000|  0%| F|  |TAMS 0x000000063c000000, 0x000000063c000000| Untracked 
| 241|0x000000063c400000, 0x000000063c400000, 0x000000063c800000|  0%| F|  |TAMS 0x000000063c400000, 0x000000063c400000| Untracked 
| 242|0x000000063c800000, 0x000000063c800000, 0x000000063cc00000|  0%| F|  |TAMS 0x000000063c800000, 0x000000063c800000| Untracked 
| 243|0x000000063cc00000, 0x000000063cc00000, 0x000000063d000000|  0%| F|  |TAMS 0x000000063cc00000, 0x000000063cc00000| Untracked 
| 244|0x000000063d000000, 0x000000063d000000, 0x000000063d400000|  0%| F|  |TAMS 0x000000063d000000, 0x000000063d000000| Untracked 
| 245|0x000000063d400000, 0x000000063d400000, 0x000000063d800000|  0%| F|  |TAMS 0x000000063d400000, 0x000000063d400000| Untracked 
| 246|0x000000063d800000, 0x000000063d800000, 0x000000063dc00000|  0%| F|  |TAMS 0x000000063d800000, 0x000000063d800000| Untracked 
| 247|0x000000063dc00000, 0x000000063dc00000, 0x000000063e000000|  0%| F|  |TAMS 0x000000063dc00000, 0x000000063dc00000| Untracked 
| 248|0x000000063e000000, 0x000000063e000000, 0x000000063e400000|  0%| F|  |TAMS 0x000000063e000000, 0x000000063e000000| Untracked 
| 249|0x000000063e400000, 0x000000063e400000, 0x000000063e800000|  0%| F|  |TAMS 0x000000063e400000, 0x000000063e400000| Untracked 
| 250|0x000000063e800000, 0x000000063e800000, 0x000000063ec00000|  0%| F|  |TAMS 0x000000063e800000, 0x000000063e800000| Untracked 
| 251|0x000000063ec00000, 0x000000063ec00000, 0x000000063f000000|  0%| F|  |TAMS 0x000000063ec00000, 0x000000063ec00000| Untracked 
| 252|0x000000063f000000, 0x000000063f000000, 0x000000063f400000|  0%| F|  |TAMS 0x000000063f000000, 0x000000063f000000| Untracked 
| 253|0x000000063f400000, 0x000000063f400000, 0x000000063f800000|  0%| F|  |TAMS 0x000000063f400000, 0x000000063f400000| Untracked 
| 254|0x000000063f800000, 0x000000063f800000, 0x000000063fc00000|  0%| F|  |TAMS 0x000000063f800000, 0x000000063f800000| Untracked 
| 255|0x000000063fc00000, 0x000000063fc00000, 0x0000000640000000|  0%| F|  |TAMS 0x000000063fc00000, 0x000000063fc00000| Untracked 
| 256|0x0000000640000000, 0x0000000640000000, 0x0000000640400000|  0%| F|  |TAMS 0x0000000640000000, 0x0000000640000000| Untracked 
| 257|0x0000000640400000, 0x0000000640400000, 0x0000000640800000|  0%| F|  |TAMS 0x0000000640400000, 0x0000000640400000| Untracked 
| 258|0x0000000640800000, 0x0000000640800000, 0x0000000640c00000|  0%| F|  |TAMS 0x0000000640800000, 0x0000000640800000| Untracked 
| 259|0x0000000640c00000, 0x0000000640c00000, 0x0000000641000000|  0%| F|  |TAMS 0x0000000640c00000, 0x0000000640c00000| Untracked 
| 260|0x0000000641000000, 0x0000000641000000, 0x0000000641400000|  0%| F|  |TAMS 0x0000000641000000, 0x0000000641000000| Untracked 
| 261|0x0000000641400000, 0x0000000641400000, 0x0000000641800000|  0%| F|  |TAMS 0x0000000641400000, 0x0000000641400000| Untracked 
| 262|0x0000000641800000, 0x0000000641800000, 0x0000000641c00000|  0%| F|  |TAMS 0x0000000641800000, 0x0000000641800000| Untracked 
| 263|0x0000000641c00000, 0x0000000641c00000, 0x0000000642000000|  0%| F|  |TAMS 0x0000000641c00000, 0x0000000641c00000| Untracked 
| 264|0x0000000642000000, 0x0000000642000000, 0x0000000642400000|  0%| F|  |TAMS 0x0000000642000000, 0x0000000642000000| Untracked 
| 265|0x0000000642400000, 0x0000000642400000, 0x0000000642800000|  0%| F|  |TAMS 0x0000000642400000, 0x0000000642400000| Untracked 
| 266|0x0000000642800000, 0x0000000642800000, 0x0000000642c00000|  0%| F|  |TAMS 0x0000000642800000, 0x0000000642800000| Untracked 
| 267|0x0000000642c00000, 0x0000000642c00000, 0x0000000643000000|  0%| F|  |TAMS 0x0000000642c00000, 0x0000000642c00000| Untracked 
| 268|0x0000000643000000, 0x0000000643000000, 0x0000000643400000|  0%| F|  |TAMS 0x0000000643000000, 0x0000000643000000| Untracked 
| 269|0x0000000643400000, 0x0000000643400000, 0x0000000643800000|  0%| F|  |TAMS 0x0000000643400000, 0x0000000643400000| Untracked 
| 270|0x0000000643800000, 0x0000000643800000, 0x0000000643c00000|  0%| F|  |TAMS 0x0000000643800000, 0x0000000643800000| Untracked 
| 271|0x0000000643c00000, 0x0000000643c00000, 0x0000000644000000|  0%| F|  |TAMS 0x0000000643c00000, 0x0000000643c00000| Untracked 
| 272|0x0000000644000000, 0x0000000644000000, 0x0000000644400000|  0%| F|  |TAMS 0x0000000644000000, 0x0000000644000000| Untracked 
| 273|0x0000000644400000, 0x0000000644400000, 0x0000000644800000|  0%| F|  |TAMS 0x0000000644400000, 0x0000000644400000| Untracked 
| 274|0x0000000644800000, 0x0000000644800000, 0x0000000644c00000|  0%| F|  |TAMS 0x0000000644800000, 0x0000000644800000| Untracked 
| 275|0x0000000644c00000, 0x0000000644c00000, 0x0000000645000000|  0%| F|  |TAMS 0x0000000644c00000, 0x0000000644c00000| Untracked 
| 276|0x0000000645000000, 0x0000000645000000, 0x0000000645400000|  0%| F|  |TAMS 0x0000000645000000, 0x0000000645000000| Untracked 
| 277|0x0000000645400000, 0x0000000645400000, 0x0000000645800000|  0%| F|  |TAMS 0x0000000645400000, 0x0000000645400000| Untracked 
| 278|0x0000000645800000, 0x0000000645800000, 0x0000000645c00000|  0%| F|  |TAMS 0x0000000645800000, 0x0000000645800000| Untracked 
| 279|0x0000000645c00000, 0x0000000645c00000, 0x0000000646000000|  0%| F|  |TAMS 0x0000000645c00000, 0x0000000645c00000| Untracked 
| 280|0x0000000646000000, 0x0000000646000000, 0x0000000646400000|  0%| F|  |TAMS 0x0000000646000000, 0x0000000646000000| Untracked 
| 281|0x0000000646400000, 0x0000000646400000, 0x0000000646800000|  0%| F|  |TAMS 0x0000000646400000, 0x0000000646400000| Untracked 
| 282|0x0000000646800000, 0x0000000646800000, 0x0000000646c00000|  0%| F|  |TAMS 0x0000000646800000, 0x0000000646800000| Untracked 
| 283|0x0000000646c00000, 0x0000000646c00000, 0x0000000647000000|  0%| F|  |TAMS 0x0000000646c00000, 0x0000000646c00000| Untracked 
| 284|0x0000000647000000, 0x0000000647000000, 0x0000000647400000|  0%| F|  |TAMS 0x0000000647000000, 0x0000000647000000| Untracked 
| 285|0x0000000647400000, 0x0000000647400000, 0x0000000647800000|  0%| F|  |TAMS 0x0000000647400000, 0x0000000647400000| Untracked 
| 286|0x0000000647800000, 0x0000000647800000, 0x0000000647c00000|  0%| F|  |TAMS 0x0000000647800000, 0x0000000647800000| Untracked 
| 287|0x0000000647c00000, 0x0000000647c00000, 0x0000000648000000|  0%| F|  |TAMS 0x0000000647c00000, 0x0000000647c00000| Untracked 
| 288|0x0000000648000000, 0x0000000648000000, 0x0000000648400000|  0%| F|  |TAMS 0x0000000648000000, 0x0000000648000000| Untracked 
| 289|0x0000000648400000, 0x0000000648400000, 0x0000000648800000|  0%| F|  |TAMS 0x0000000648400000, 0x0000000648400000| Untracked 
| 290|0x0000000648800000, 0x0000000648800000, 0x0000000648c00000|  0%| F|  |TAMS 0x0000000648800000, 0x0000000648800000| Untracked 
| 291|0x0000000648c00000, 0x0000000648c00000, 0x0000000649000000|  0%| F|  |TAMS 0x0000000648c00000, 0x0000000648c00000| Untracked 
| 292|0x0000000649000000, 0x0000000649000000, 0x0000000649400000|  0%| F|  |TAMS 0x0000000649000000, 0x0000000649000000| Untracked 
| 293|0x0000000649400000, 0x0000000649400000, 0x0000000649800000|  0%| F|  |TAMS 0x0000000649400000, 0x0000000649400000| Untracked 
| 294|0x0000000649800000, 0x0000000649800000, 0x0000000649c00000|  0%| F|  |TAMS 0x0000000649800000, 0x0000000649800000| Untracked 
| 295|0x0000000649c00000, 0x0000000649c00000, 0x000000064a000000|  0%| F|  |TAMS 0x0000000649c00000, 0x0000000649c00000| Untracked 
| 296|0x000000064a000000, 0x000000064a000000, 0x000000064a400000|  0%| F|  |TAMS 0x000000064a000000, 0x000000064a000000| Untracked 
| 297|0x000000064a400000, 0x000000064a400000, 0x000000064a800000|  0%| F|  |TAMS 0x000000064a400000, 0x000000064a400000| Untracked 
| 298|0x000000064a800000, 0x000000064a800000, 0x000000064ac00000|  0%| F|  |TAMS 0x000000064a800000, 0x000000064a800000| Untracked 
| 299|0x000000064ac00000, 0x000000064ac00000, 0x000000064b000000|  0%| F|  |TAMS 0x000000064ac00000, 0x000000064ac00000| Untracked 
| 300|0x000000064b000000, 0x000000064b000000, 0x000000064b400000|  0%| F|  |TAMS 0x000000064b000000, 0x000000064b000000| Untracked 
| 301|0x000000064b400000, 0x000000064b400000, 0x000000064b800000|  0%| F|  |TAMS 0x000000064b400000, 0x000000064b400000| Untracked 
| 302|0x000000064b800000, 0x000000064b800000, 0x000000064bc00000|  0%| F|  |TAMS 0x000000064b800000, 0x000000064b800000| Untracked 
| 303|0x000000064bc00000, 0x000000064bc00000, 0x000000064c000000|  0%| F|  |TAMS 0x000000064bc00000, 0x000000064bc00000| Untracked 
| 304|0x000000064c000000, 0x000000064c000000, 0x000000064c400000|  0%| F|  |TAMS 0x000000064c000000, 0x000000064c000000| Untracked 
| 305|0x000000064c400000, 0x000000064c400000, 0x000000064c800000|  0%| F|  |TAMS 0x000000064c400000, 0x000000064c400000| Untracked 
| 306|0x000000064c800000, 0x000000064c800000, 0x000000064cc00000|  0%| F|  |TAMS 0x000000064c800000, 0x000000064c800000| Untracked 
| 307|0x000000064cc00000, 0x000000064cc00000, 0x000000064d000000|  0%| F|  |TAMS 0x000000064cc00000, 0x000000064cc00000| Untracked 
| 308|0x000000064d000000, 0x000000064d000000, 0x000000064d400000|  0%| F|  |TAMS 0x000000064d000000, 0x000000064d000000| Untracked 
| 309|0x000000064d400000, 0x000000064d400000, 0x000000064d800000|  0%| F|  |TAMS 0x000000064d400000, 0x000000064d400000| Untracked 
| 310|0x000000064d800000, 0x000000064d800000, 0x000000064dc00000|  0%| F|  |TAMS 0x000000064d800000, 0x000000064d800000| Untracked 
| 311|0x000000064dc00000, 0x000000064dc00000, 0x000000064e000000|  0%| F|  |TAMS 0x000000064dc00000, 0x000000064dc00000| Untracked 
| 312|0x000000064e000000, 0x000000064e000000, 0x000000064e400000|  0%| F|  |TAMS 0x000000064e000000, 0x000000064e000000| Untracked 
| 313|0x000000064e400000, 0x000000064e400000, 0x000000064e800000|  0%| F|  |TAMS 0x000000064e400000, 0x000000064e400000| Untracked 
| 314|0x000000064e800000, 0x000000064e800000, 0x000000064ec00000|  0%| F|  |TAMS 0x000000064e800000, 0x000000064e800000| Untracked 
| 315|0x000000064ec00000, 0x000000064ec00000, 0x000000064f000000|  0%| F|  |TAMS 0x000000064ec00000, 0x000000064ec00000| Untracked 
| 316|0x000000064f000000, 0x000000064f000000, 0x000000064f400000|  0%| F|  |TAMS 0x000000064f000000, 0x000000064f000000| Untracked 
| 317|0x000000064f400000, 0x000000064f400000, 0x000000064f800000|  0%| F|  |TAMS 0x000000064f400000, 0x000000064f400000| Untracked 
| 318|0x000000064f800000, 0x000000064f800000, 0x000000064fc00000|  0%| F|  |TAMS 0x000000064f800000, 0x000000064f800000| Untracked 
| 319|0x000000064fc00000, 0x000000064fc00000, 0x0000000650000000|  0%| F|  |TAMS 0x000000064fc00000, 0x000000064fc00000| Untracked 
| 320|0x0000000650000000, 0x0000000650000000, 0x0000000650400000|  0%| F|  |TAMS 0x0000000650000000, 0x0000000650000000| Untracked 
| 321|0x0000000650400000, 0x0000000650400000, 0x0000000650800000|  0%| F|  |TAMS 0x0000000650400000, 0x0000000650400000| Untracked 
| 322|0x0000000650800000, 0x0000000650800000, 0x0000000650c00000|  0%| F|  |TAMS 0x0000000650800000, 0x0000000650800000| Untracked 
| 323|0x0000000650c00000, 0x0000000650c00000, 0x0000000651000000|  0%| F|  |TAMS 0x0000000650c00000, 0x0000000650c00000| Untracked 
| 324|0x0000000651000000, 0x0000000651000000, 0x0000000651400000|  0%| F|  |TAMS 0x0000000651000000, 0x0000000651000000| Untracked 
| 325|0x0000000651400000, 0x0000000651400000, 0x0000000651800000|  0%| F|  |TAMS 0x0000000651400000, 0x0000000651400000| Untracked 
| 326|0x0000000651800000, 0x0000000651800000, 0x0000000651c00000|  0%| F|  |TAMS 0x0000000651800000, 0x0000000651800000| Untracked 
| 327|0x0000000651c00000, 0x0000000651c00000, 0x0000000652000000|  0%| F|  |TAMS 0x0000000651c00000, 0x0000000651c00000| Untracked 
| 328|0x0000000652000000, 0x0000000652000000, 0x0000000652400000|  0%| F|  |TAMS 0x0000000652000000, 0x0000000652000000| Untracked 
| 329|0x0000000652400000, 0x0000000652400000, 0x0000000652800000|  0%| F|  |TAMS 0x0000000652400000, 0x0000000652400000| Untracked 
| 330|0x0000000652800000, 0x0000000652800000, 0x0000000652c00000|  0%| F|  |TAMS 0x0000000652800000, 0x0000000652800000| Untracked 
| 331|0x0000000652c00000, 0x0000000652c00000, 0x0000000653000000|  0%| F|  |TAMS 0x0000000652c00000, 0x0000000652c00000| Untracked 
| 332|0x0000000653000000, 0x0000000653000000, 0x0000000653400000|  0%| F|  |TAMS 0x0000000653000000, 0x0000000653000000| Untracked 
| 333|0x0000000653400000, 0x0000000653400000, 0x0000000653800000|  0%| F|  |TAMS 0x0000000653400000, 0x0000000653400000| Untracked 
| 334|0x0000000653800000, 0x0000000653800000, 0x0000000653c00000|  0%| F|  |TAMS 0x0000000653800000, 0x0000000653800000| Untracked 
| 335|0x0000000653c00000, 0x0000000653c00000, 0x0000000654000000|  0%| F|  |TAMS 0x0000000653c00000, 0x0000000653c00000| Untracked 
| 336|0x0000000654000000, 0x0000000654000000, 0x0000000654400000|  0%| F|  |TAMS 0x0000000654000000, 0x0000000654000000| Untracked 
| 337|0x0000000654400000, 0x0000000654400000, 0x0000000654800000|  0%| F|  |TAMS 0x0000000654400000, 0x0000000654400000| Untracked 
| 338|0x0000000654800000, 0x0000000654800000, 0x0000000654c00000|  0%| F|  |TAMS 0x0000000654800000, 0x0000000654800000| Untracked 
| 339|0x0000000654c00000, 0x0000000654c00000, 0x0000000655000000|  0%| F|  |TAMS 0x0000000654c00000, 0x0000000654c00000| Untracked 
| 340|0x0000000655000000, 0x0000000655000000, 0x0000000655400000|  0%| F|  |TAMS 0x0000000655000000, 0x0000000655000000| Untracked 
| 341|0x0000000655400000, 0x0000000655400000, 0x0000000655800000|  0%| F|  |TAMS 0x0000000655400000, 0x0000000655400000| Untracked 
| 342|0x0000000655800000, 0x0000000655800000, 0x0000000655c00000|  0%| F|  |TAMS 0x0000000655800000, 0x0000000655800000| Untracked 
| 343|0x0000000655c00000, 0x0000000655c00000, 0x0000000656000000|  0%| F|  |TAMS 0x0000000655c00000, 0x0000000655c00000| Untracked 
| 344|0x0000000656000000, 0x0000000656000000, 0x0000000656400000|  0%| F|  |TAMS 0x0000000656000000, 0x0000000656000000| Untracked 
| 345|0x0000000656400000, 0x0000000656400000, 0x0000000656800000|  0%| F|  |TAMS 0x0000000656400000, 0x0000000656400000| Untracked 
| 346|0x0000000656800000, 0x0000000656800000, 0x0000000656c00000|  0%| F|  |TAMS 0x0000000656800000, 0x0000000656800000| Untracked 
| 347|0x0000000656c00000, 0x0000000656c00000, 0x0000000657000000|  0%| F|  |TAMS 0x0000000656c00000, 0x0000000656c00000| Untracked 
| 348|0x0000000657000000, 0x0000000657000000, 0x0000000657400000|  0%| F|  |TAMS 0x0000000657000000, 0x0000000657000000| Untracked 
| 349|0x0000000657400000, 0x0000000657400000, 0x0000000657800000|  0%| F|  |TAMS 0x0000000657400000, 0x0000000657400000| Untracked 
| 350|0x0000000657800000, 0x0000000657800000, 0x0000000657c00000|  0%| F|  |TAMS 0x0000000657800000, 0x0000000657800000| Untracked 
| 351|0x0000000657c00000, 0x0000000657c00000, 0x0000000658000000|  0%| F|  |TAMS 0x0000000657c00000, 0x0000000657c00000| Untracked 
| 352|0x0000000658000000, 0x0000000658000000, 0x0000000658400000|  0%| F|  |TAMS 0x0000000658000000, 0x0000000658000000| Untracked 
| 353|0x0000000658400000, 0x0000000658400000, 0x0000000658800000|  0%| F|  |TAMS 0x0000000658400000, 0x0000000658400000| Untracked 
| 354|0x0000000658800000, 0x0000000658800000, 0x0000000658c00000|  0%| F|  |TAMS 0x0000000658800000, 0x0000000658800000| Untracked 
| 355|0x0000000658c00000, 0x0000000658c00000, 0x0000000659000000|  0%| F|  |TAMS 0x0000000658c00000, 0x0000000658c00000| Untracked 
| 356|0x0000000659000000, 0x0000000659000000, 0x0000000659400000|  0%| F|  |TAMS 0x0000000659000000, 0x0000000659000000| Untracked 
| 357|0x0000000659400000, 0x0000000659400000, 0x0000000659800000|  0%| F|  |TAMS 0x0000000659400000, 0x0000000659400000| Untracked 
| 358|0x0000000659800000, 0x0000000659800000, 0x0000000659c00000|  0%| F|  |TAMS 0x0000000659800000, 0x0000000659800000| Untracked 
| 359|0x0000000659c00000, 0x0000000659c00000, 0x000000065a000000|  0%| F|  |TAMS 0x0000000659c00000, 0x0000000659c00000| Untracked 
| 360|0x000000065a000000, 0x000000065a000000, 0x000000065a400000|  0%| F|  |TAMS 0x000000065a000000, 0x000000065a000000| Untracked 
| 361|0x000000065a400000, 0x000000065a400000, 0x000000065a800000|  0%| F|  |TAMS 0x000000065a400000, 0x000000065a400000| Untracked 
| 362|0x000000065a800000, 0x000000065a800000, 0x000000065ac00000|  0%| F|  |TAMS 0x000000065a800000, 0x000000065a800000| Untracked 
| 363|0x000000065ac00000, 0x000000065ac00000, 0x000000065b000000|  0%| F|  |TAMS 0x000000065ac00000, 0x000000065ac00000| Untracked 
| 364|0x000000065b000000, 0x000000065b000000, 0x000000065b400000|  0%| F|  |TAMS 0x000000065b000000, 0x000000065b000000| Untracked 
| 365|0x000000065b400000, 0x000000065b400000, 0x000000065b800000|  0%| F|  |TAMS 0x000000065b400000, 0x000000065b400000| Untracked 
| 366|0x000000065b800000, 0x000000065b800000, 0x000000065bc00000|  0%| F|  |TAMS 0x000000065b800000, 0x000000065b800000| Untracked 
| 367|0x000000065bc00000, 0x000000065bc00000, 0x000000065c000000|  0%| F|  |TAMS 0x000000065bc00000, 0x000000065bc00000| Untracked 
| 368|0x000000065c000000, 0x000000065c000000, 0x000000065c400000|  0%| F|  |TAMS 0x000000065c000000, 0x000000065c000000| Untracked 
| 369|0x000000065c400000, 0x000000065c400000, 0x000000065c800000|  0%| F|  |TAMS 0x000000065c400000, 0x000000065c400000| Untracked 
| 370|0x000000065c800000, 0x000000065c800000, 0x000000065cc00000|  0%| F|  |TAMS 0x000000065c800000, 0x000000065c800000| Untracked 
| 371|0x000000065cc00000, 0x000000065cc00000, 0x000000065d000000|  0%| F|  |TAMS 0x000000065cc00000, 0x000000065cc00000| Untracked 
| 372|0x000000065d000000, 0x000000065d000000, 0x000000065d400000|  0%| F|  |TAMS 0x000000065d000000, 0x000000065d000000| Untracked 
| 373|0x000000065d400000, 0x000000065d400000, 0x000000065d800000|  0%| F|  |TAMS 0x000000065d400000, 0x000000065d400000| Untracked 
| 374|0x000000065d800000, 0x000000065d800000, 0x000000065dc00000|  0%| F|  |TAMS 0x000000065d800000, 0x000000065d800000| Untracked 
| 375|0x000000065dc00000, 0x000000065dc00000, 0x000000065e000000|  0%| F|  |TAMS 0x000000065dc00000, 0x000000065dc00000| Untracked 
| 376|0x000000065e000000, 0x000000065e000000, 0x000000065e400000|  0%| F|  |TAMS 0x000000065e000000, 0x000000065e000000| Untracked 
| 377|0x000000065e400000, 0x000000065e400000, 0x000000065e800000|  0%| F|  |TAMS 0x000000065e400000, 0x000000065e400000| Untracked 
| 378|0x000000065e800000, 0x000000065e800000, 0x000000065ec00000|  0%| F|  |TAMS 0x000000065e800000, 0x000000065e800000| Untracked 
| 379|0x000000065ec00000, 0x000000065ec00000, 0x000000065f000000|  0%| F|  |TAMS 0x000000065ec00000, 0x000000065ec00000| Untracked 
| 380|0x000000065f000000, 0x000000065f000000, 0x000000065f400000|  0%| F|  |TAMS 0x000000065f000000, 0x000000065f000000| Untracked 
| 381|0x000000065f400000, 0x000000065f400000, 0x000000065f800000|  0%| F|  |TAMS 0x000000065f400000, 0x000000065f400000| Untracked 
| 382|0x000000065f800000, 0x000000065f800000, 0x000000065fc00000|  0%| F|  |TAMS 0x000000065f800000, 0x000000065f800000| Untracked 
| 383|0x000000065fc00000, 0x000000065fc00000, 0x0000000660000000|  0%| F|  |TAMS 0x000000065fc00000, 0x000000065fc00000| Untracked 
| 384|0x0000000660000000, 0x0000000660000000, 0x0000000660400000|  0%| F|  |TAMS 0x0000000660000000, 0x0000000660000000| Untracked 
| 385|0x0000000660400000, 0x0000000660400000, 0x0000000660800000|  0%| F|  |TAMS 0x0000000660400000, 0x0000000660400000| Untracked 
| 386|0x0000000660800000, 0x0000000660800000, 0x0000000660c00000|  0%| F|  |TAMS 0x0000000660800000, 0x0000000660800000| Untracked 
| 387|0x0000000660c00000, 0x0000000660c00000, 0x0000000661000000|  0%| F|  |TAMS 0x0000000660c00000, 0x0000000660c00000| Untracked 
| 388|0x0000000661000000, 0x0000000661000000, 0x0000000661400000|  0%| F|  |TAMS 0x0000000661000000, 0x0000000661000000| Untracked 
| 389|0x0000000661400000, 0x0000000661400000, 0x0000000661800000|  0%| F|  |TAMS 0x0000000661400000, 0x0000000661400000| Untracked 
| 390|0x0000000661800000, 0x0000000661800000, 0x0000000661c00000|  0%| F|  |TAMS 0x0000000661800000, 0x0000000661800000| Untracked 
| 391|0x0000000661c00000, 0x0000000661c00000, 0x0000000662000000|  0%| F|  |TAMS 0x0000000661c00000, 0x0000000661c00000| Untracked 
| 392|0x0000000662000000, 0x0000000662000000, 0x0000000662400000|  0%| F|  |TAMS 0x0000000662000000, 0x0000000662000000| Untracked 
| 393|0x0000000662400000, 0x0000000662400000, 0x0000000662800000|  0%| F|  |TAMS 0x0000000662400000, 0x0000000662400000| Untracked 
| 394|0x0000000662800000, 0x0000000662800000, 0x0000000662c00000|  0%| F|  |TAMS 0x0000000662800000, 0x0000000662800000| Untracked 
| 395|0x0000000662c00000, 0x0000000662c00000, 0x0000000663000000|  0%| F|  |TAMS 0x0000000662c00000, 0x0000000662c00000| Untracked 
| 396|0x0000000663000000, 0x0000000663000000, 0x0000000663400000|  0%| F|  |TAMS 0x0000000663000000, 0x0000000663000000| Untracked 
| 397|0x0000000663400000, 0x0000000663400000, 0x0000000663800000|  0%| F|  |TAMS 0x0000000663400000, 0x0000000663400000| Untracked 
| 398|0x0000000663800000, 0x0000000663800000, 0x0000000663c00000|  0%| F|  |TAMS 0x0000000663800000, 0x0000000663800000| Untracked 
| 399|0x0000000663c00000, 0x0000000663c00000, 0x0000000664000000|  0%| F|  |TAMS 0x0000000663c00000, 0x0000000663c00000| Untracked 
| 400|0x0000000664000000, 0x0000000664000000, 0x0000000664400000|  0%| F|  |TAMS 0x0000000664000000, 0x0000000664000000| Untracked 
| 401|0x0000000664400000, 0x0000000664400000, 0x0000000664800000|  0%| F|  |TAMS 0x0000000664400000, 0x0000000664400000| Untracked 
| 402|0x0000000664800000, 0x0000000664800000, 0x0000000664c00000|  0%| F|  |TAMS 0x0000000664800000, 0x0000000664800000| Untracked 
| 403|0x0000000664c00000, 0x0000000664c00000, 0x0000000665000000|  0%| F|  |TAMS 0x0000000664c00000, 0x0000000664c00000| Untracked 
| 404|0x0000000665000000, 0x0000000665000000, 0x0000000665400000|  0%| F|  |TAMS 0x0000000665000000, 0x0000000665000000| Untracked 
| 405|0x0000000665400000, 0x0000000665400000, 0x0000000665800000|  0%| F|  |TAMS 0x0000000665400000, 0x0000000665400000| Untracked 
| 406|0x0000000665800000, 0x0000000665800000, 0x0000000665c00000|  0%| F|  |TAMS 0x0000000665800000, 0x0000000665800000| Untracked 
| 407|0x0000000665c00000, 0x0000000665c00000, 0x0000000666000000|  0%| F|  |TAMS 0x0000000665c00000, 0x0000000665c00000| Untracked 
| 408|0x0000000666000000, 0x0000000666000000, 0x0000000666400000|  0%| F|  |TAMS 0x0000000666000000, 0x0000000666000000| Untracked 
| 409|0x0000000666400000, 0x0000000666400000, 0x0000000666800000|  0%| F|  |TAMS 0x0000000666400000, 0x0000000666400000| Untracked 
| 410|0x0000000666800000, 0x0000000666800000, 0x0000000666c00000|  0%| F|  |TAMS 0x0000000666800000, 0x0000000666800000| Untracked 
| 411|0x0000000666c00000, 0x0000000666c00000, 0x0000000667000000|  0%| F|  |TAMS 0x0000000666c00000, 0x0000000666c00000| Untracked 
| 412|0x0000000667000000, 0x0000000667000000, 0x0000000667400000|  0%| F|  |TAMS 0x0000000667000000, 0x0000000667000000| Untracked 
| 413|0x0000000667400000, 0x0000000667400000, 0x0000000667800000|  0%| F|  |TAMS 0x0000000667400000, 0x0000000667400000| Untracked 
| 414|0x0000000667800000, 0x0000000667800000, 0x0000000667c00000|  0%| F|  |TAMS 0x0000000667800000, 0x0000000667800000| Untracked 
| 415|0x0000000667c00000, 0x0000000667c00000, 0x0000000668000000|  0%| F|  |TAMS 0x0000000667c00000, 0x0000000667c00000| Untracked 
| 416|0x0000000668000000, 0x0000000668000000, 0x0000000668400000|  0%| F|  |TAMS 0x0000000668000000, 0x0000000668000000| Untracked 
| 417|0x0000000668400000, 0x0000000668400000, 0x0000000668800000|  0%| F|  |TAMS 0x0000000668400000, 0x0000000668400000| Untracked 
| 418|0x0000000668800000, 0x0000000668800000, 0x0000000668c00000|  0%| F|  |TAMS 0x0000000668800000, 0x0000000668800000| Untracked 
| 419|0x0000000668c00000, 0x0000000668c00000, 0x0000000669000000|  0%| F|  |TAMS 0x0000000668c00000, 0x0000000668c00000| Untracked 
| 420|0x0000000669000000, 0x0000000669000000, 0x0000000669400000|  0%| F|  |TAMS 0x0000000669000000, 0x0000000669000000| Untracked 
| 421|0x0000000669400000, 0x0000000669400000, 0x0000000669800000|  0%| F|  |TAMS 0x0000000669400000, 0x0000000669400000| Untracked 
| 422|0x0000000669800000, 0x0000000669800000, 0x0000000669c00000|  0%| F|  |TAMS 0x0000000669800000, 0x0000000669800000| Untracked 
| 423|0x0000000669c00000, 0x0000000669c00000, 0x000000066a000000|  0%| F|  |TAMS 0x0000000669c00000, 0x0000000669c00000| Untracked 
| 424|0x000000066a000000, 0x000000066a000000, 0x000000066a400000|  0%| F|  |TAMS 0x000000066a000000, 0x000000066a000000| Untracked 
| 425|0x000000066a400000, 0x000000066a400000, 0x000000066a800000|  0%| F|  |TAMS 0x000000066a400000, 0x000000066a400000| Untracked 
| 426|0x000000066a800000, 0x000000066a800000, 0x000000066ac00000|  0%| F|  |TAMS 0x000000066a800000, 0x000000066a800000| Untracked 
| 427|0x000000066ac00000, 0x000000066ac00000, 0x000000066b000000|  0%| F|  |TAMS 0x000000066ac00000, 0x000000066ac00000| Untracked 
| 428|0x000000066b000000, 0x000000066b000000, 0x000000066b400000|  0%| F|  |TAMS 0x000000066b000000, 0x000000066b000000| Untracked 
| 429|0x000000066b400000, 0x000000066b400000, 0x000000066b800000|  0%| F|  |TAMS 0x000000066b400000, 0x000000066b400000| Untracked 
| 430|0x000000066b800000, 0x000000066b800000, 0x000000066bc00000|  0%| F|  |TAMS 0x000000066b800000, 0x000000066b800000| Untracked 
| 431|0x000000066bc00000, 0x000000066bc00000, 0x000000066c000000|  0%| F|  |TAMS 0x000000066bc00000, 0x000000066bc00000| Untracked 
| 432|0x000000066c000000, 0x000000066c000000, 0x000000066c400000|  0%| F|  |TAMS 0x000000066c000000, 0x000000066c000000| Untracked 
| 433|0x000000066c400000, 0x000000066c400000, 0x000000066c800000|  0%| F|  |TAMS 0x000000066c400000, 0x000000066c400000| Untracked 
| 434|0x000000066c800000, 0x000000066c800000, 0x000000066cc00000|  0%| F|  |TAMS 0x000000066c800000, 0x000000066c800000| Untracked 
| 435|0x000000066cc00000, 0x000000066cc00000, 0x000000066d000000|  0%| F|  |TAMS 0x000000066cc00000, 0x000000066cc00000| Untracked 
| 436|0x000000066d000000, 0x000000066d000000, 0x000000066d400000|  0%| F|  |TAMS 0x000000066d000000, 0x000000066d000000| Untracked 
| 437|0x000000066d400000, 0x000000066d400000, 0x000000066d800000|  0%| F|  |TAMS 0x000000066d400000, 0x000000066d400000| Untracked 
| 438|0x000000066d800000, 0x000000066d800000, 0x000000066dc00000|  0%| F|  |TAMS 0x000000066d800000, 0x000000066d800000| Untracked 
| 439|0x000000066dc00000, 0x000000066dc00000, 0x000000066e000000|  0%| F|  |TAMS 0x000000066dc00000, 0x000000066dc00000| Untracked 
| 440|0x000000066e000000, 0x000000066e000000, 0x000000066e400000|  0%| F|  |TAMS 0x000000066e000000, 0x000000066e000000| Untracked 
| 441|0x000000066e400000, 0x000000066e400000, 0x000000066e800000|  0%| F|  |TAMS 0x000000066e400000, 0x000000066e400000| Untracked 
| 442|0x000000066e800000, 0x000000066e800000, 0x000000066ec00000|  0%| F|  |TAMS 0x000000066e800000, 0x000000066e800000| Untracked 
| 443|0x000000066ec00000, 0x000000066ec00000, 0x000000066f000000|  0%| F|  |TAMS 0x000000066ec00000, 0x000000066ec00000| Untracked 
| 444|0x000000066f000000, 0x000000066f000000, 0x000000066f400000|  0%| F|  |TAMS 0x000000066f000000, 0x000000066f000000| Untracked 
| 445|0x000000066f400000, 0x000000066f400000, 0x000000066f800000|  0%| F|  |TAMS 0x000000066f400000, 0x000000066f400000| Untracked 
| 446|0x000000066f800000, 0x000000066f800000, 0x000000066fc00000|  0%| F|  |TAMS 0x000000066f800000, 0x000000066f800000| Untracked 
| 447|0x000000066fc00000, 0x000000066fc00000, 0x0000000670000000|  0%| F|  |TAMS 0x000000066fc00000, 0x000000066fc00000| Untracked 
| 448|0x0000000670000000, 0x0000000670000000, 0x0000000670400000|  0%| F|  |TAMS 0x0000000670000000, 0x0000000670000000| Untracked 
| 449|0x0000000670400000, 0x0000000670400000, 0x0000000670800000|  0%| F|  |TAMS 0x0000000670400000, 0x0000000670400000| Untracked 
| 450|0x0000000670800000, 0x0000000670800000, 0x0000000670c00000|  0%| F|  |TAMS 0x0000000670800000, 0x0000000670800000| Untracked 
| 451|0x0000000670c00000, 0x0000000670c00000, 0x0000000671000000|  0%| F|  |TAMS 0x0000000670c00000, 0x0000000670c00000| Untracked 
| 452|0x0000000671000000, 0x0000000671000000, 0x0000000671400000|  0%| F|  |TAMS 0x0000000671000000, 0x0000000671000000| Untracked 
| 453|0x0000000671400000, 0x0000000671400000, 0x0000000671800000|  0%| F|  |TAMS 0x0000000671400000, 0x0000000671400000| Untracked 
| 454|0x0000000671800000, 0x0000000671800000, 0x0000000671c00000|  0%| F|  |TAMS 0x0000000671800000, 0x0000000671800000| Untracked 
| 455|0x0000000671c00000, 0x0000000671c00000, 0x0000000672000000|  0%| F|  |TAMS 0x0000000671c00000, 0x0000000671c00000| Untracked 
| 456|0x0000000672000000, 0x0000000672000000, 0x0000000672400000|  0%| F|  |TAMS 0x0000000672000000, 0x0000000672000000| Untracked 
| 457|0x0000000672400000, 0x0000000672400000, 0x0000000672800000|  0%| F|  |TAMS 0x0000000672400000, 0x0000000672400000| Untracked 
| 458|0x0000000672800000, 0x0000000672800000, 0x0000000672c00000|  0%| F|  |TAMS 0x0000000672800000, 0x0000000672800000| Untracked 
| 459|0x0000000672c00000, 0x0000000672c00000, 0x0000000673000000|  0%| F|  |TAMS 0x0000000672c00000, 0x0000000672c00000| Untracked 
| 460|0x0000000673000000, 0x0000000673000000, 0x0000000673400000|  0%| F|  |TAMS 0x0000000673000000, 0x0000000673000000| Untracked 
| 461|0x0000000673400000, 0x0000000673400000, 0x0000000673800000|  0%| F|  |TAMS 0x0000000673400000, 0x0000000673400000| Untracked 
| 462|0x0000000673800000, 0x0000000673800000, 0x0000000673c00000|  0%| F|  |TAMS 0x0000000673800000, 0x0000000673800000| Untracked 
| 463|0x0000000673c00000, 0x0000000673c00000, 0x0000000674000000|  0%| F|  |TAMS 0x0000000673c00000, 0x0000000673c00000| Untracked 
| 464|0x0000000674000000, 0x0000000674000000, 0x0000000674400000|  0%| F|  |TAMS 0x0000000674000000, 0x0000000674000000| Untracked 
| 465|0x0000000674400000, 0x0000000674400000, 0x0000000674800000|  0%| F|  |TAMS 0x0000000674400000, 0x0000000674400000| Untracked 
| 466|0x0000000674800000, 0x0000000674800000, 0x0000000674c00000|  0%| F|  |TAMS 0x0000000674800000, 0x0000000674800000| Untracked 
| 467|0x0000000674c00000, 0x0000000674c00000, 0x0000000675000000|  0%| F|  |TAMS 0x0000000674c00000, 0x0000000674c00000| Untracked 
| 468|0x0000000675000000, 0x0000000675000000, 0x0000000675400000|  0%| F|  |TAMS 0x0000000675000000, 0x0000000675000000| Untracked 
| 469|0x0000000675400000, 0x0000000675400000, 0x0000000675800000|  0%| F|  |TAMS 0x0000000675400000, 0x0000000675400000| Untracked 
| 470|0x0000000675800000, 0x0000000675800000, 0x0000000675c00000|  0%| F|  |TAMS 0x0000000675800000, 0x0000000675800000| Untracked 
| 471|0x0000000675c00000, 0x0000000675c00000, 0x0000000676000000|  0%| F|  |TAMS 0x0000000675c00000, 0x0000000675c00000| Untracked 
| 472|0x0000000676000000, 0x0000000676000000, 0x0000000676400000|  0%| F|  |TAMS 0x0000000676000000, 0x0000000676000000| Untracked 
| 473|0x0000000676400000, 0x0000000676400000, 0x0000000676800000|  0%| F|  |TAMS 0x0000000676400000, 0x0000000676400000| Untracked 
| 474|0x0000000676800000, 0x0000000676800000, 0x0000000676c00000|  0%| F|  |TAMS 0x0000000676800000, 0x0000000676800000| Untracked 
| 475|0x0000000676c00000, 0x0000000676c00000, 0x0000000677000000|  0%| F|  |TAMS 0x0000000676c00000, 0x0000000676c00000| Untracked 
| 476|0x0000000677000000, 0x0000000677000000, 0x0000000677400000|  0%| F|  |TAMS 0x0000000677000000, 0x0000000677000000| Untracked 
| 477|0x0000000677400000, 0x0000000677400000, 0x0000000677800000|  0%| F|  |TAMS 0x0000000677400000, 0x0000000677400000| Untracked 
| 478|0x0000000677800000, 0x0000000677800000, 0x0000000677c00000|  0%| F|  |TAMS 0x0000000677800000, 0x0000000677800000| Untracked 
| 479|0x0000000677c00000, 0x0000000677c00000, 0x0000000678000000|  0%| F|  |TAMS 0x0000000677c00000, 0x0000000677c00000| Untracked 
| 480|0x0000000678000000, 0x0000000678000000, 0x0000000678400000|  0%| F|  |TAMS 0x0000000678000000, 0x0000000678000000| Untracked 
| 481|0x0000000678400000, 0x0000000678400000, 0x0000000678800000|  0%| F|  |TAMS 0x0000000678400000, 0x0000000678400000| Untracked 
| 482|0x0000000678800000, 0x0000000678800000, 0x0000000678c00000|  0%| F|  |TAMS 0x0000000678800000, 0x0000000678800000| Untracked 
| 483|0x0000000678c00000, 0x0000000678c00000, 0x0000000679000000|  0%| F|  |TAMS 0x0000000678c00000, 0x0000000678c00000| Untracked 
| 484|0x0000000679000000, 0x0000000679000000, 0x0000000679400000|  0%| F|  |TAMS 0x0000000679000000, 0x0000000679000000| Untracked 
| 485|0x0000000679400000, 0x0000000679400000, 0x0000000679800000|  0%| F|  |TAMS 0x0000000679400000, 0x0000000679400000| Untracked 
| 486|0x0000000679800000, 0x0000000679800000, 0x0000000679c00000|  0%| F|  |TAMS 0x0000000679800000, 0x0000000679800000| Untracked 
| 487|0x0000000679c00000, 0x0000000679c00000, 0x000000067a000000|  0%| F|  |TAMS 0x0000000679c00000, 0x0000000679c00000| Untracked 
| 488|0x000000067a000000, 0x000000067a000000, 0x000000067a400000|  0%| F|  |TAMS 0x000000067a000000, 0x000000067a000000| Untracked 
| 489|0x000000067a400000, 0x000000067a400000, 0x000000067a800000|  0%| F|  |TAMS 0x000000067a400000, 0x000000067a400000| Untracked 
| 490|0x000000067a800000, 0x000000067a800000, 0x000000067ac00000|  0%| F|  |TAMS 0x000000067a800000, 0x000000067a800000| Untracked 
| 491|0x000000067ac00000, 0x000000067ac00000, 0x000000067b000000|  0%| F|  |TAMS 0x000000067ac00000, 0x000000067ac00000| Untracked 
| 492|0x000000067b000000, 0x000000067b000000, 0x000000067b400000|  0%| F|  |TAMS 0x000000067b000000, 0x000000067b000000| Untracked 
| 493|0x000000067b400000, 0x000000067b400000, 0x000000067b800000|  0%| F|  |TAMS 0x000000067b400000, 0x000000067b400000| Untracked 
| 494|0x000000067b800000, 0x000000067b800000, 0x000000067bc00000|  0%| F|  |TAMS 0x000000067b800000, 0x000000067b800000| Untracked 
| 495|0x000000067bc00000, 0x000000067bc00000, 0x000000067c000000|  0%| F|  |TAMS 0x000000067bc00000, 0x000000067bc00000| Untracked 
| 496|0x000000067c000000, 0x000000067c000000, 0x000000067c400000|  0%| F|  |TAMS 0x000000067c000000, 0x000000067c000000| Untracked 
| 497|0x000000067c400000, 0x000000067c400000, 0x000000067c800000|  0%| F|  |TAMS 0x000000067c400000, 0x000000067c400000| Untracked 
| 498|0x000000067c800000, 0x000000067c800000, 0x000000067cc00000|  0%| F|  |TAMS 0x000000067c800000, 0x000000067c800000| Untracked 
| 499|0x000000067cc00000, 0x000000067cc00000, 0x000000067d000000|  0%| F|  |TAMS 0x000000067cc00000, 0x000000067cc00000| Untracked 
| 500|0x000000067d000000, 0x000000067d000000, 0x000000067d400000|  0%| F|  |TAMS 0x000000067d000000, 0x000000067d000000| Untracked 
| 501|0x000000067d400000, 0x000000067d400000, 0x000000067d800000|  0%| F|  |TAMS 0x000000067d400000, 0x000000067d400000| Untracked 
| 502|0x000000067d800000, 0x000000067d800000, 0x000000067dc00000|  0%| F|  |TAMS 0x000000067d800000, 0x000000067d800000| Untracked 
| 503|0x000000067dc00000, 0x000000067dc00000, 0x000000067e000000|  0%| F|  |TAMS 0x000000067dc00000, 0x000000067dc00000| Untracked 
| 504|0x000000067e000000, 0x000000067e000000, 0x000000067e400000|  0%| F|  |TAMS 0x000000067e000000, 0x000000067e000000| Untracked 
| 505|0x000000067e400000, 0x000000067e400000, 0x000000067e800000|  0%| F|  |TAMS 0x000000067e400000, 0x000000067e400000| Untracked 
| 506|0x000000067e800000, 0x000000067e800000, 0x000000067ec00000|  0%| F|  |TAMS 0x000000067e800000, 0x000000067e800000| Untracked 
| 507|0x000000067ec00000, 0x000000067ec00000, 0x000000067f000000|  0%| F|  |TAMS 0x000000067ec00000, 0x000000067ec00000| Untracked 
| 508|0x000000067f000000, 0x000000067f000000, 0x000000067f400000|  0%| F|  |TAMS 0x000000067f000000, 0x000000067f000000| Untracked 
| 509|0x000000067f400000, 0x000000067f400000, 0x000000067f800000|  0%| F|  |TAMS 0x000000067f400000, 0x000000067f400000| Untracked 
| 510|0x000000067f800000, 0x000000067f800000, 0x000000067fc00000|  0%| F|  |TAMS 0x000000067f800000, 0x000000067f800000| Untracked 
| 511|0x000000067fc00000, 0x000000067fc00000, 0x0000000680000000|  0%| F|  |TAMS 0x000000067fc00000, 0x000000067fc00000| Untracked 
| 512|0x0000000680000000, 0x0000000680000000, 0x0000000680400000|  0%| F|  |TAMS 0x0000000680000000, 0x0000000680000000| Untracked 
| 513|0x0000000680400000, 0x0000000680400000, 0x0000000680800000|  0%| F|  |TAMS 0x0000000680400000, 0x0000000680400000| Untracked 
| 514|0x0000000680800000, 0x0000000680800000, 0x0000000680c00000|  0%| F|  |TAMS 0x0000000680800000, 0x0000000680800000| Untracked 
| 515|0x0000000680c00000, 0x0000000680c00000, 0x0000000681000000|  0%| F|  |TAMS 0x0000000680c00000, 0x0000000680c00000| Untracked 
| 516|0x0000000681000000, 0x0000000681000000, 0x0000000681400000|  0%| F|  |TAMS 0x0000000681000000, 0x0000000681000000| Untracked 
| 517|0x0000000681400000, 0x0000000681400000, 0x0000000681800000|  0%| F|  |TAMS 0x0000000681400000, 0x0000000681400000| Untracked 
| 518|0x0000000681800000, 0x0000000681800000, 0x0000000681c00000|  0%| F|  |TAMS 0x0000000681800000, 0x0000000681800000| Untracked 
| 519|0x0000000681c00000, 0x0000000681c00000, 0x0000000682000000|  0%| F|  |TAMS 0x0000000681c00000, 0x0000000681c00000| Untracked 
| 520|0x0000000682000000, 0x0000000682000000, 0x0000000682400000|  0%| F|  |TAMS 0x0000000682000000, 0x0000000682000000| Untracked 
| 521|0x0000000682400000, 0x0000000682400000, 0x0000000682800000|  0%| F|  |TAMS 0x0000000682400000, 0x0000000682400000| Untracked 
| 522|0x0000000682800000, 0x0000000682800000, 0x0000000682c00000|  0%| F|  |TAMS 0x0000000682800000, 0x0000000682800000| Untracked 
| 523|0x0000000682c00000, 0x0000000682c00000, 0x0000000683000000|  0%| F|  |TAMS 0x0000000682c00000, 0x0000000682c00000| Untracked 
| 524|0x0000000683000000, 0x0000000683000000, 0x0000000683400000|  0%| F|  |TAMS 0x0000000683000000, 0x0000000683000000| Untracked 
| 525|0x0000000683400000, 0x0000000683400000, 0x0000000683800000|  0%| F|  |TAMS 0x0000000683400000, 0x0000000683400000| Untracked 
| 526|0x0000000683800000, 0x0000000683800000, 0x0000000683c00000|  0%| F|  |TAMS 0x0000000683800000, 0x0000000683800000| Untracked 
| 527|0x0000000683c00000, 0x0000000683c00000, 0x0000000684000000|  0%| F|  |TAMS 0x0000000683c00000, 0x0000000683c00000| Untracked 
| 528|0x0000000684000000, 0x0000000684000000, 0x0000000684400000|  0%| F|  |TAMS 0x0000000684000000, 0x0000000684000000| Untracked 
| 529|0x0000000684400000, 0x0000000684400000, 0x0000000684800000|  0%| F|  |TAMS 0x0000000684400000, 0x0000000684400000| Untracked 
| 530|0x0000000684800000, 0x0000000684800000, 0x0000000684c00000|  0%| F|  |TAMS 0x0000000684800000, 0x0000000684800000| Untracked 
| 531|0x0000000684c00000, 0x0000000684c00000, 0x0000000685000000|  0%| F|  |TAMS 0x0000000684c00000, 0x0000000684c00000| Untracked 
| 532|0x0000000685000000, 0x0000000685000000, 0x0000000685400000|  0%| F|  |TAMS 0x0000000685000000, 0x0000000685000000| Untracked 
| 533|0x0000000685400000, 0x0000000685400000, 0x0000000685800000|  0%| F|  |TAMS 0x0000000685400000, 0x0000000685400000| Untracked 
| 534|0x0000000685800000, 0x0000000685800000, 0x0000000685c00000|  0%| F|  |TAMS 0x0000000685800000, 0x0000000685800000| Untracked 
| 535|0x0000000685c00000, 0x0000000685c00000, 0x0000000686000000|  0%| F|  |TAMS 0x0000000685c00000, 0x0000000685c00000| Untracked 
| 536|0x0000000686000000, 0x0000000686000000, 0x0000000686400000|  0%| F|  |TAMS 0x0000000686000000, 0x0000000686000000| Untracked 
| 537|0x0000000686400000, 0x0000000686400000, 0x0000000686800000|  0%| F|  |TAMS 0x0000000686400000, 0x0000000686400000| Untracked 
| 538|0x0000000686800000, 0x0000000686800000, 0x0000000686c00000|  0%| F|  |TAMS 0x0000000686800000, 0x0000000686800000| Untracked 
| 539|0x0000000686c00000, 0x0000000686c00000, 0x0000000687000000|  0%| F|  |TAMS 0x0000000686c00000, 0x0000000686c00000| Untracked 
| 540|0x0000000687000000, 0x0000000687000000, 0x0000000687400000|  0%| F|  |TAMS 0x0000000687000000, 0x0000000687000000| Untracked 
| 541|0x0000000687400000, 0x0000000687400000, 0x0000000687800000|  0%| F|  |TAMS 0x0000000687400000, 0x0000000687400000| Untracked 
| 542|0x0000000687800000, 0x0000000687800000, 0x0000000687c00000|  0%| F|  |TAMS 0x0000000687800000, 0x0000000687800000| Untracked 
| 543|0x0000000687c00000, 0x0000000687c00000, 0x0000000688000000|  0%| F|  |TAMS 0x0000000687c00000, 0x0000000687c00000| Untracked 
| 544|0x0000000688000000, 0x0000000688000000, 0x0000000688400000|  0%| F|  |TAMS 0x0000000688000000, 0x0000000688000000| Untracked 
| 545|0x0000000688400000, 0x0000000688400000, 0x0000000688800000|  0%| F|  |TAMS 0x0000000688400000, 0x0000000688400000| Untracked 
| 546|0x0000000688800000, 0x0000000688800000, 0x0000000688c00000|  0%| F|  |TAMS 0x0000000688800000, 0x0000000688800000| Untracked 
| 547|0x0000000688c00000, 0x0000000688c00000, 0x0000000689000000|  0%| F|  |TAMS 0x0000000688c00000, 0x0000000688c00000| Untracked 
| 548|0x0000000689000000, 0x0000000689000000, 0x0000000689400000|  0%| F|  |TAMS 0x0000000689000000, 0x0000000689000000| Untracked 
| 549|0x0000000689400000, 0x0000000689400000, 0x0000000689800000|  0%| F|  |TAMS 0x0000000689400000, 0x0000000689400000| Untracked 
| 550|0x0000000689800000, 0x0000000689800000, 0x0000000689c00000|  0%| F|  |TAMS 0x0000000689800000, 0x0000000689800000| Untracked 
| 551|0x0000000689c00000, 0x0000000689c00000, 0x000000068a000000|  0%| F|  |TAMS 0x0000000689c00000, 0x0000000689c00000| Untracked 
| 552|0x000000068a000000, 0x000000068a000000, 0x000000068a400000|  0%| F|  |TAMS 0x000000068a000000, 0x000000068a000000| Untracked 
| 553|0x000000068a400000, 0x000000068a400000, 0x000000068a800000|  0%| F|  |TAMS 0x000000068a400000, 0x000000068a400000| Untracked 
| 554|0x000000068a800000, 0x000000068a800000, 0x000000068ac00000|  0%| F|  |TAMS 0x000000068a800000, 0x000000068a800000| Untracked 
| 555|0x000000068ac00000, 0x000000068ac00000, 0x000000068b000000|  0%| F|  |TAMS 0x000000068ac00000, 0x000000068ac00000| Untracked 
| 556|0x000000068b000000, 0x000000068b000000, 0x000000068b400000|  0%| F|  |TAMS 0x000000068b000000, 0x000000068b000000| Untracked 
| 557|0x000000068b400000, 0x000000068b400000, 0x000000068b800000|  0%| F|  |TAMS 0x000000068b400000, 0x000000068b400000| Untracked 
| 558|0x000000068b800000, 0x000000068b800000, 0x000000068bc00000|  0%| F|  |TAMS 0x000000068b800000, 0x000000068b800000| Untracked 
| 559|0x000000068bc00000, 0x000000068bc00000, 0x000000068c000000|  0%| F|  |TAMS 0x000000068bc00000, 0x000000068bc00000| Untracked 
| 560|0x000000068c000000, 0x000000068c000000, 0x000000068c400000|  0%| F|  |TAMS 0x000000068c000000, 0x000000068c000000| Untracked 
| 561|0x000000068c400000, 0x000000068c400000, 0x000000068c800000|  0%| F|  |TAMS 0x000000068c400000, 0x000000068c400000| Untracked 
| 562|0x000000068c800000, 0x000000068c800000, 0x000000068cc00000|  0%| F|  |TAMS 0x000000068c800000, 0x000000068c800000| Untracked 
| 563|0x000000068cc00000, 0x000000068cc00000, 0x000000068d000000|  0%| F|  |TAMS 0x000000068cc00000, 0x000000068cc00000| Untracked 
| 564|0x000000068d000000, 0x000000068d000000, 0x000000068d400000|  0%| F|  |TAMS 0x000000068d000000, 0x000000068d000000| Untracked 
| 565|0x000000068d400000, 0x000000068d400000, 0x000000068d800000|  0%| F|  |TAMS 0x000000068d400000, 0x000000068d400000| Untracked 
| 566|0x000000068d800000, 0x000000068d800000, 0x000000068dc00000|  0%| F|  |TAMS 0x000000068d800000, 0x000000068d800000| Untracked 
| 567|0x000000068dc00000, 0x000000068dc00000, 0x000000068e000000|  0%| F|  |TAMS 0x000000068dc00000, 0x000000068dc00000| Untracked 
| 568|0x000000068e000000, 0x000000068e000000, 0x000000068e400000|  0%| F|  |TAMS 0x000000068e000000, 0x000000068e000000| Untracked 
| 569|0x000000068e400000, 0x000000068e400000, 0x000000068e800000|  0%| F|  |TAMS 0x000000068e400000, 0x000000068e400000| Untracked 
| 570|0x000000068e800000, 0x000000068e800000, 0x000000068ec00000|  0%| F|  |TAMS 0x000000068e800000, 0x000000068e800000| Untracked 
| 571|0x000000068ec00000, 0x000000068ec00000, 0x000000068f000000|  0%| F|  |TAMS 0x000000068ec00000, 0x000000068ec00000| Untracked 
| 572|0x000000068f000000, 0x000000068f000000, 0x000000068f400000|  0%| F|  |TAMS 0x000000068f000000, 0x000000068f000000| Untracked 
| 573|0x000000068f400000, 0x000000068f400000, 0x000000068f800000|  0%| F|  |TAMS 0x000000068f400000, 0x000000068f400000| Untracked 
| 574|0x000000068f800000, 0x000000068f800000, 0x000000068fc00000|  0%| F|  |TAMS 0x000000068f800000, 0x000000068f800000| Untracked 
| 575|0x000000068fc00000, 0x000000068fc00000, 0x0000000690000000|  0%| F|  |TAMS 0x000000068fc00000, 0x000000068fc00000| Untracked 
| 576|0x0000000690000000, 0x0000000690000000, 0x0000000690400000|  0%| F|  |TAMS 0x0000000690000000, 0x0000000690000000| Untracked 
| 577|0x0000000690400000, 0x0000000690400000, 0x0000000690800000|  0%| F|  |TAMS 0x0000000690400000, 0x0000000690400000| Untracked 
| 578|0x0000000690800000, 0x0000000690800000, 0x0000000690c00000|  0%| F|  |TAMS 0x0000000690800000, 0x0000000690800000| Untracked 
| 579|0x0000000690c00000, 0x0000000690c00000, 0x0000000691000000|  0%| F|  |TAMS 0x0000000690c00000, 0x0000000690c00000| Untracked 
| 580|0x0000000691000000, 0x0000000691000000, 0x0000000691400000|  0%| F|  |TAMS 0x0000000691000000, 0x0000000691000000| Untracked 
| 581|0x0000000691400000, 0x0000000691400000, 0x0000000691800000|  0%| F|  |TAMS 0x0000000691400000, 0x0000000691400000| Untracked 
| 582|0x0000000691800000, 0x0000000691800000, 0x0000000691c00000|  0%| F|  |TAMS 0x0000000691800000, 0x0000000691800000| Untracked 
| 583|0x0000000691c00000, 0x0000000691c00000, 0x0000000692000000|  0%| F|  |TAMS 0x0000000691c00000, 0x0000000691c00000| Untracked 
| 584|0x0000000692000000, 0x0000000692000000, 0x0000000692400000|  0%| F|  |TAMS 0x0000000692000000, 0x0000000692000000| Untracked 
| 585|0x0000000692400000, 0x0000000692400000, 0x0000000692800000|  0%| F|  |TAMS 0x0000000692400000, 0x0000000692400000| Untracked 
| 586|0x0000000692800000, 0x0000000692800000, 0x0000000692c00000|  0%| F|  |TAMS 0x0000000692800000, 0x0000000692800000| Untracked 
| 587|0x0000000692c00000, 0x0000000692c00000, 0x0000000693000000|  0%| F|  |TAMS 0x0000000692c00000, 0x0000000692c00000| Untracked 
| 588|0x0000000693000000, 0x0000000693000000, 0x0000000693400000|  0%| F|  |TAMS 0x0000000693000000, 0x0000000693000000| Untracked 
| 589|0x0000000693400000, 0x0000000693400000, 0x0000000693800000|  0%| F|  |TAMS 0x0000000693400000, 0x0000000693400000| Untracked 
| 590|0x0000000693800000, 0x0000000693800000, 0x0000000693c00000|  0%| F|  |TAMS 0x0000000693800000, 0x0000000693800000| Untracked 
| 591|0x0000000693c00000, 0x0000000693c00000, 0x0000000694000000|  0%| F|  |TAMS 0x0000000693c00000, 0x0000000693c00000| Untracked 
| 592|0x0000000694000000, 0x0000000694000000, 0x0000000694400000|  0%| F|  |TAMS 0x0000000694000000, 0x0000000694000000| Untracked 
| 593|0x0000000694400000, 0x0000000694400000, 0x0000000694800000|  0%| F|  |TAMS 0x0000000694400000, 0x0000000694400000| Untracked 
| 594|0x0000000694800000, 0x0000000694800000, 0x0000000694c00000|  0%| F|  |TAMS 0x0000000694800000, 0x0000000694800000| Untracked 
| 595|0x0000000694c00000, 0x0000000694c00000, 0x0000000695000000|  0%| F|  |TAMS 0x0000000694c00000, 0x0000000694c00000| Untracked 
| 596|0x0000000695000000, 0x0000000695000000, 0x0000000695400000|  0%| F|  |TAMS 0x0000000695000000, 0x0000000695000000| Untracked 
| 597|0x0000000695400000, 0x0000000695400000, 0x0000000695800000|  0%| F|  |TAMS 0x0000000695400000, 0x0000000695400000| Untracked 
| 598|0x0000000695800000, 0x0000000695800000, 0x0000000695c00000|  0%| F|  |TAMS 0x0000000695800000, 0x0000000695800000| Untracked 
| 599|0x0000000695c00000, 0x0000000695c00000, 0x0000000696000000|  0%| F|  |TAMS 0x0000000695c00000, 0x0000000695c00000| Untracked 
| 600|0x0000000696000000, 0x0000000696000000, 0x0000000696400000|  0%| F|  |TAMS 0x0000000696000000, 0x0000000696000000| Untracked 
| 601|0x0000000696400000, 0x0000000696400000, 0x0000000696800000|  0%| F|  |TAMS 0x0000000696400000, 0x0000000696400000| Untracked 
| 602|0x0000000696800000, 0x0000000696800000, 0x0000000696c00000|  0%| F|  |TAMS 0x0000000696800000, 0x0000000696800000| Untracked 
| 603|0x0000000696c00000, 0x0000000696c00000, 0x0000000697000000|  0%| F|  |TAMS 0x0000000696c00000, 0x0000000696c00000| Untracked 
| 604|0x0000000697000000, 0x0000000697000000, 0x0000000697400000|  0%| F|  |TAMS 0x0000000697000000, 0x0000000697000000| Untracked 
| 605|0x0000000697400000, 0x0000000697400000, 0x0000000697800000|  0%| F|  |TAMS 0x0000000697400000, 0x0000000697400000| Untracked 
| 606|0x0000000697800000, 0x0000000697800000, 0x0000000697c00000|  0%| F|  |TAMS 0x0000000697800000, 0x0000000697800000| Untracked 
| 607|0x0000000697c00000, 0x0000000697c00000, 0x0000000698000000|  0%| F|  |TAMS 0x0000000697c00000, 0x0000000697c00000| Untracked 
| 608|0x0000000698000000, 0x0000000698000000, 0x0000000698400000|  0%| F|  |TAMS 0x0000000698000000, 0x0000000698000000| Untracked 
| 609|0x0000000698400000, 0x0000000698400000, 0x0000000698800000|  0%| F|  |TAMS 0x0000000698400000, 0x0000000698400000| Untracked 
| 610|0x0000000698800000, 0x0000000698800000, 0x0000000698c00000|  0%| F|  |TAMS 0x0000000698800000, 0x0000000698800000| Untracked 
| 611|0x0000000698c00000, 0x0000000698c00000, 0x0000000699000000|  0%| F|  |TAMS 0x0000000698c00000, 0x0000000698c00000| Untracked 
| 612|0x0000000699000000, 0x0000000699000000, 0x0000000699400000|  0%| F|  |TAMS 0x0000000699000000, 0x0000000699000000| Untracked 
| 613|0x0000000699400000, 0x0000000699400000, 0x0000000699800000|  0%| F|  |TAMS 0x0000000699400000, 0x0000000699400000| Untracked 
| 614|0x0000000699800000, 0x0000000699800000, 0x0000000699c00000|  0%| F|  |TAMS 0x0000000699800000, 0x0000000699800000| Untracked 
| 615|0x0000000699c00000, 0x0000000699c00000, 0x000000069a000000|  0%| F|  |TAMS 0x0000000699c00000, 0x0000000699c00000| Untracked 
| 616|0x000000069a000000, 0x000000069a000000, 0x000000069a400000|  0%| F|  |TAMS 0x000000069a000000, 0x000000069a000000| Untracked 
| 617|0x000000069a400000, 0x000000069a400000, 0x000000069a800000|  0%| F|  |TAMS 0x000000069a400000, 0x000000069a400000| Untracked 
| 618|0x000000069a800000, 0x000000069a800000, 0x000000069ac00000|  0%| F|  |TAMS 0x000000069a800000, 0x000000069a800000| Untracked 
| 619|0x000000069ac00000, 0x000000069ac00000, 0x000000069b000000|  0%| F|  |TAMS 0x000000069ac00000, 0x000000069ac00000| Untracked 
| 620|0x000000069b000000, 0x000000069b000000, 0x000000069b400000|  0%| F|  |TAMS 0x000000069b000000, 0x000000069b000000| Untracked 
| 621|0x000000069b400000, 0x000000069b400000, 0x000000069b800000|  0%| F|  |TAMS 0x000000069b400000, 0x000000069b400000| Untracked 
| 622|0x000000069b800000, 0x000000069b800000, 0x000000069bc00000|  0%| F|  |TAMS 0x000000069b800000, 0x000000069b800000| Untracked 
| 623|0x000000069bc00000, 0x000000069bc00000, 0x000000069c000000|  0%| F|  |TAMS 0x000000069bc00000, 0x000000069bc00000| Untracked 
| 624|0x000000069c000000, 0x000000069c000000, 0x000000069c400000|  0%| F|  |TAMS 0x000000069c000000, 0x000000069c000000| Untracked 
| 625|0x000000069c400000, 0x000000069c400000, 0x000000069c800000|  0%| F|  |TAMS 0x000000069c400000, 0x000000069c400000| Untracked 
| 626|0x000000069c800000, 0x000000069c800000, 0x000000069cc00000|  0%| F|  |TAMS 0x000000069c800000, 0x000000069c800000| Untracked 
| 627|0x000000069cc00000, 0x000000069cc00000, 0x000000069d000000|  0%| F|  |TAMS 0x000000069cc00000, 0x000000069cc00000| Untracked 
| 628|0x000000069d000000, 0x000000069d000000, 0x000000069d400000|  0%| F|  |TAMS 0x000000069d000000, 0x000000069d000000| Untracked 
| 629|0x000000069d400000, 0x000000069d400000, 0x000000069d800000|  0%| F|  |TAMS 0x000000069d400000, 0x000000069d400000| Untracked 
| 630|0x000000069d800000, 0x000000069d800000, 0x000000069dc00000|  0%| F|  |TAMS 0x000000069d800000, 0x000000069d800000| Untracked 
| 631|0x000000069dc00000, 0x000000069dc00000, 0x000000069e000000|  0%| F|  |TAMS 0x000000069dc00000, 0x000000069dc00000| Untracked 
| 632|0x000000069e000000, 0x000000069e000000, 0x000000069e400000|  0%| F|  |TAMS 0x000000069e000000, 0x000000069e000000| Untracked 
| 633|0x000000069e400000, 0x000000069e400000, 0x000000069e800000|  0%| F|  |TAMS 0x000000069e400000, 0x000000069e400000| Untracked 
| 634|0x000000069e800000, 0x000000069e800000, 0x000000069ec00000|  0%| F|  |TAMS 0x000000069e800000, 0x000000069e800000| Untracked 
| 635|0x000000069ec00000, 0x000000069ec00000, 0x000000069f000000|  0%| F|  |TAMS 0x000000069ec00000, 0x000000069ec00000| Untracked 
| 636|0x000000069f000000, 0x000000069f000000, 0x000000069f400000|  0%| F|  |TAMS 0x000000069f000000, 0x000000069f000000| Untracked 
| 637|0x000000069f400000, 0x000000069f400000, 0x000000069f800000|  0%| F|  |TAMS 0x000000069f400000, 0x000000069f400000| Untracked 
| 638|0x000000069f800000, 0x000000069f800000, 0x000000069fc00000|  0%| F|  |TAMS 0x000000069f800000, 0x000000069f800000| Untracked 
| 639|0x000000069fc00000, 0x000000069fc00000, 0x00000006a0000000|  0%| F|  |TAMS 0x000000069fc00000, 0x000000069fc00000| Untracked 
| 640|0x00000006a0000000, 0x00000006a0000000, 0x00000006a0400000|  0%| F|  |TAMS 0x00000006a0000000, 0x00000006a0000000| Untracked 
| 641|0x00000006a0400000, 0x00000006a0400000, 0x00000006a0800000|  0%| F|  |TAMS 0x00000006a0400000, 0x00000006a0400000| Untracked 
| 642|0x00000006a0800000, 0x00000006a0800000, 0x00000006a0c00000|  0%| F|  |TAMS 0x00000006a0800000, 0x00000006a0800000| Untracked 
| 643|0x00000006a0c00000, 0x00000006a0c00000, 0x00000006a1000000|  0%| F|  |TAMS 0x00000006a0c00000, 0x00000006a0c00000| Untracked 
| 644|0x00000006a1000000, 0x00000006a1000000, 0x00000006a1400000|  0%| F|  |TAMS 0x00000006a1000000, 0x00000006a1000000| Untracked 
| 645|0x00000006a1400000, 0x00000006a1400000, 0x00000006a1800000|  0%| F|  |TAMS 0x00000006a1400000, 0x00000006a1400000| Untracked 
| 646|0x00000006a1800000, 0x00000006a1800000, 0x00000006a1c00000|  0%| F|  |TAMS 0x00000006a1800000, 0x00000006a1800000| Untracked 
| 647|0x00000006a1c00000, 0x00000006a1c00000, 0x00000006a2000000|  0%| F|  |TAMS 0x00000006a1c00000, 0x00000006a1c00000| Untracked 
| 648|0x00000006a2000000, 0x00000006a2000000, 0x00000006a2400000|  0%| F|  |TAMS 0x00000006a2000000, 0x00000006a2000000| Untracked 
| 649|0x00000006a2400000, 0x00000006a2400000, 0x00000006a2800000|  0%| F|  |TAMS 0x00000006a2400000, 0x00000006a2400000| Untracked 
| 650|0x00000006a2800000, 0x00000006a2800000, 0x00000006a2c00000|  0%| F|  |TAMS 0x00000006a2800000, 0x00000006a2800000| Untracked 
| 651|0x00000006a2c00000, 0x00000006a2c00000, 0x00000006a3000000|  0%| F|  |TAMS 0x00000006a2c00000, 0x00000006a2c00000| Untracked 
| 652|0x00000006a3000000, 0x00000006a3000000, 0x00000006a3400000|  0%| F|  |TAMS 0x00000006a3000000, 0x00000006a3000000| Untracked 
| 653|0x00000006a3400000, 0x00000006a3400000, 0x00000006a3800000|  0%| F|  |TAMS 0x00000006a3400000, 0x00000006a3400000| Untracked 
| 654|0x00000006a3800000, 0x00000006a3800000, 0x00000006a3c00000|  0%| F|  |TAMS 0x00000006a3800000, 0x00000006a3800000| Untracked 
| 655|0x00000006a3c00000, 0x00000006a3c00000, 0x00000006a4000000|  0%| F|  |TAMS 0x00000006a3c00000, 0x00000006a3c00000| Untracked 
| 656|0x00000006a4000000, 0x00000006a4000000, 0x00000006a4400000|  0%| F|  |TAMS 0x00000006a4000000, 0x00000006a4000000| Untracked 
| 657|0x00000006a4400000, 0x00000006a4400000, 0x00000006a4800000|  0%| F|  |TAMS 0x00000006a4400000, 0x00000006a4400000| Untracked 
| 658|0x00000006a4800000, 0x00000006a4800000, 0x00000006a4c00000|  0%| F|  |TAMS 0x00000006a4800000, 0x00000006a4800000| Untracked 
| 659|0x00000006a4c00000, 0x00000006a4c00000, 0x00000006a5000000|  0%| F|  |TAMS 0x00000006a4c00000, 0x00000006a4c00000| Untracked 
| 660|0x00000006a5000000, 0x00000006a5000000, 0x00000006a5400000|  0%| F|  |TAMS 0x00000006a5000000, 0x00000006a5000000| Untracked 
| 661|0x00000006a5400000, 0x00000006a5400000, 0x00000006a5800000|  0%| F|  |TAMS 0x00000006a5400000, 0x00000006a5400000| Untracked 
| 662|0x00000006a5800000, 0x00000006a5800000, 0x00000006a5c00000|  0%| F|  |TAMS 0x00000006a5800000, 0x00000006a5800000| Untracked 
| 663|0x00000006a5c00000, 0x00000006a5c00000, 0x00000006a6000000|  0%| F|  |TAMS 0x00000006a5c00000, 0x00000006a5c00000| Untracked 
| 664|0x00000006a6000000, 0x00000006a6000000, 0x00000006a6400000|  0%| F|  |TAMS 0x00000006a6000000, 0x00000006a6000000| Untracked 
| 665|0x00000006a6400000, 0x00000006a6400000, 0x00000006a6800000|  0%| F|  |TAMS 0x00000006a6400000, 0x00000006a6400000| Untracked 
| 666|0x00000006a6800000, 0x00000006a6800000, 0x00000006a6c00000|  0%| F|  |TAMS 0x00000006a6800000, 0x00000006a6800000| Untracked 
| 667|0x00000006a6c00000, 0x00000006a6c00000, 0x00000006a7000000|  0%| F|  |TAMS 0x00000006a6c00000, 0x00000006a6c00000| Untracked 
| 668|0x00000006a7000000, 0x00000006a7000000, 0x00000006a7400000|  0%| F|  |TAMS 0x00000006a7000000, 0x00000006a7000000| Untracked 
| 669|0x00000006a7400000, 0x00000006a7400000, 0x00000006a7800000|  0%| F|  |TAMS 0x00000006a7400000, 0x00000006a7400000| Untracked 
| 670|0x00000006a7800000, 0x00000006a7800000, 0x00000006a7c00000|  0%| F|  |TAMS 0x00000006a7800000, 0x00000006a7800000| Untracked 
| 671|0x00000006a7c00000, 0x00000006a7c00000, 0x00000006a8000000|  0%| F|  |TAMS 0x00000006a7c00000, 0x00000006a7c00000| Untracked 
| 672|0x00000006a8000000, 0x00000006a8000000, 0x00000006a8400000|  0%| F|  |TAMS 0x00000006a8000000, 0x00000006a8000000| Untracked 
| 673|0x00000006a8400000, 0x00000006a8400000, 0x00000006a8800000|  0%| F|  |TAMS 0x00000006a8400000, 0x00000006a8400000| Untracked 
| 674|0x00000006a8800000, 0x00000006a8800000, 0x00000006a8c00000|  0%| F|  |TAMS 0x00000006a8800000, 0x00000006a8800000| Untracked 
| 675|0x00000006a8c00000, 0x00000006a8c00000, 0x00000006a9000000|  0%| F|  |TAMS 0x00000006a8c00000, 0x00000006a8c00000| Untracked 
| 676|0x00000006a9000000, 0x00000006a9000000, 0x00000006a9400000|  0%| F|  |TAMS 0x00000006a9000000, 0x00000006a9000000| Untracked 
| 677|0x00000006a9400000, 0x00000006a9400000, 0x00000006a9800000|  0%| F|  |TAMS 0x00000006a9400000, 0x00000006a9400000| Untracked 
| 678|0x00000006a9800000, 0x00000006a9800000, 0x00000006a9c00000|  0%| F|  |TAMS 0x00000006a9800000, 0x00000006a9800000| Untracked 
| 679|0x00000006a9c00000, 0x00000006a9c00000, 0x00000006aa000000|  0%| F|  |TAMS 0x00000006a9c00000, 0x00000006a9c00000| Untracked 
| 680|0x00000006aa000000, 0x00000006aa000000, 0x00000006aa400000|  0%| F|  |TAMS 0x00000006aa000000, 0x00000006aa000000| Untracked 
| 681|0x00000006aa400000, 0x00000006aa400000, 0x00000006aa800000|  0%| F|  |TAMS 0x00000006aa400000, 0x00000006aa400000| Untracked 
| 682|0x00000006aa800000, 0x00000006aa800000, 0x00000006aac00000|  0%| F|  |TAMS 0x00000006aa800000, 0x00000006aa800000| Untracked 
| 683|0x00000006aac00000, 0x00000006aac00000, 0x00000006ab000000|  0%| F|  |TAMS 0x00000006aac00000, 0x00000006aac00000| Untracked 
| 684|0x00000006ab000000, 0x00000006ab000000, 0x00000006ab400000|  0%| F|  |TAMS 0x00000006ab000000, 0x00000006ab000000| Untracked 
| 685|0x00000006ab400000, 0x00000006ab400000, 0x00000006ab800000|  0%| F|  |TAMS 0x00000006ab400000, 0x00000006ab400000| Untracked 
| 686|0x00000006ab800000, 0x00000006ab800000, 0x00000006abc00000|  0%| F|  |TAMS 0x00000006ab800000, 0x00000006ab800000| Untracked 
| 687|0x00000006abc00000, 0x00000006abc00000, 0x00000006ac000000|  0%| F|  |TAMS 0x00000006abc00000, 0x00000006abc00000| Untracked 
| 688|0x00000006ac000000, 0x00000006ac000000, 0x00000006ac400000|  0%| F|  |TAMS 0x00000006ac000000, 0x00000006ac000000| Untracked 
| 689|0x00000006ac400000, 0x00000006ac400000, 0x00000006ac800000|  0%| F|  |TAMS 0x00000006ac400000, 0x00000006ac400000| Untracked 
| 690|0x00000006ac800000, 0x00000006ac800000, 0x00000006acc00000|  0%| F|  |TAMS 0x00000006ac800000, 0x00000006ac800000| Untracked 
| 691|0x00000006acc00000, 0x00000006acc00000, 0x00000006ad000000|  0%| F|  |TAMS 0x00000006acc00000, 0x00000006acc00000| Untracked 
| 692|0x00000006ad000000, 0x00000006ad000000, 0x00000006ad400000|  0%| F|  |TAMS 0x00000006ad000000, 0x00000006ad000000| Untracked 
| 693|0x00000006ad400000, 0x00000006ad400000, 0x00000006ad800000|  0%| F|  |TAMS 0x00000006ad400000, 0x00000006ad400000| Untracked 
| 694|0x00000006ad800000, 0x00000006ad800000, 0x00000006adc00000|  0%| F|  |TAMS 0x00000006ad800000, 0x00000006ad800000| Untracked 
| 695|0x00000006adc00000, 0x00000006adc00000, 0x00000006ae000000|  0%| F|  |TAMS 0x00000006adc00000, 0x00000006adc00000| Untracked 
| 696|0x00000006ae000000, 0x00000006ae000000, 0x00000006ae400000|  0%| F|  |TAMS 0x00000006ae000000, 0x00000006ae000000| Untracked 
| 697|0x00000006ae400000, 0x00000006ae400000, 0x00000006ae800000|  0%| F|  |TAMS 0x00000006ae400000, 0x00000006ae400000| Untracked 
| 698|0x00000006ae800000, 0x00000006ae800000, 0x00000006aec00000|  0%| F|  |TAMS 0x00000006ae800000, 0x00000006ae800000| Untracked 
| 699|0x00000006aec00000, 0x00000006aec00000, 0x00000006af000000|  0%| F|  |TAMS 0x00000006aec00000, 0x00000006aec00000| Untracked 
| 700|0x00000006af000000, 0x00000006af000000, 0x00000006af400000|  0%| F|  |TAMS 0x00000006af000000, 0x00000006af000000| Untracked 
| 701|0x00000006af400000, 0x00000006af400000, 0x00000006af800000|  0%| F|  |TAMS 0x00000006af400000, 0x00000006af400000| Untracked 
| 702|0x00000006af800000, 0x00000006af800000, 0x00000006afc00000|  0%| F|  |TAMS 0x00000006af800000, 0x00000006af800000| Untracked 
| 703|0x00000006afc00000, 0x00000006afc00000, 0x00000006b0000000|  0%| F|  |TAMS 0x00000006afc00000, 0x00000006afc00000| Untracked 
| 704|0x00000006b0000000, 0x00000006b0000000, 0x00000006b0400000|  0%| F|  |TAMS 0x00000006b0000000, 0x00000006b0000000| Untracked 
| 705|0x00000006b0400000, 0x00000006b0400000, 0x00000006b0800000|  0%| F|  |TAMS 0x00000006b0400000, 0x00000006b0400000| Untracked 
| 706|0x00000006b0800000, 0x00000006b0800000, 0x00000006b0c00000|  0%| F|  |TAMS 0x00000006b0800000, 0x00000006b0800000| Untracked 
| 707|0x00000006b0c00000, 0x00000006b0c00000, 0x00000006b1000000|  0%| F|  |TAMS 0x00000006b0c00000, 0x00000006b0c00000| Untracked 
| 708|0x00000006b1000000, 0x00000006b1000000, 0x00000006b1400000|  0%| F|  |TAMS 0x00000006b1000000, 0x00000006b1000000| Untracked 
| 709|0x00000006b1400000, 0x00000006b1400000, 0x00000006b1800000|  0%| F|  |TAMS 0x00000006b1400000, 0x00000006b1400000| Untracked 
| 710|0x00000006b1800000, 0x00000006b1800000, 0x00000006b1c00000|  0%| F|  |TAMS 0x00000006b1800000, 0x00000006b1800000| Untracked 
| 711|0x00000006b1c00000, 0x00000006b1c00000, 0x00000006b2000000|  0%| F|  |TAMS 0x00000006b1c00000, 0x00000006b1c00000| Untracked 
| 712|0x00000006b2000000, 0x00000006b2000000, 0x00000006b2400000|  0%| F|  |TAMS 0x00000006b2000000, 0x00000006b2000000| Untracked 
| 713|0x00000006b2400000, 0x00000006b2400000, 0x00000006b2800000|  0%| F|  |TAMS 0x00000006b2400000, 0x00000006b2400000| Untracked 
| 714|0x00000006b2800000, 0x00000006b2800000, 0x00000006b2c00000|  0%| F|  |TAMS 0x00000006b2800000, 0x00000006b2800000| Untracked 
| 715|0x00000006b2c00000, 0x00000006b2c00000, 0x00000006b3000000|  0%| F|  |TAMS 0x00000006b2c00000, 0x00000006b2c00000| Untracked 
| 716|0x00000006b3000000, 0x00000006b3000000, 0x00000006b3400000|  0%| F|  |TAMS 0x00000006b3000000, 0x00000006b3000000| Untracked 
| 717|0x00000006b3400000, 0x00000006b3400000, 0x00000006b3800000|  0%| F|  |TAMS 0x00000006b3400000, 0x00000006b3400000| Untracked 
| 718|0x00000006b3800000, 0x00000006b3800000, 0x00000006b3c00000|  0%| F|  |TAMS 0x00000006b3800000, 0x00000006b3800000| Untracked 
| 719|0x00000006b3c00000, 0x00000006b3c00000, 0x00000006b4000000|  0%| F|  |TAMS 0x00000006b3c00000, 0x00000006b3c00000| Untracked 
| 720|0x00000006b4000000, 0x00000006b4000000, 0x00000006b4400000|  0%| F|  |TAMS 0x00000006b4000000, 0x00000006b4000000| Untracked 
| 721|0x00000006b4400000, 0x00000006b4400000, 0x00000006b4800000|  0%| F|  |TAMS 0x00000006b4400000, 0x00000006b4400000| Untracked 
| 722|0x00000006b4800000, 0x00000006b4800000, 0x00000006b4c00000|  0%| F|  |TAMS 0x00000006b4800000, 0x00000006b4800000| Untracked 
| 723|0x00000006b4c00000, 0x00000006b4c00000, 0x00000006b5000000|  0%| F|  |TAMS 0x00000006b4c00000, 0x00000006b4c00000| Untracked 
| 724|0x00000006b5000000, 0x00000006b5000000, 0x00000006b5400000|  0%| F|  |TAMS 0x00000006b5000000, 0x00000006b5000000| Untracked 
| 725|0x00000006b5400000, 0x00000006b5400000, 0x00000006b5800000|  0%| F|  |TAMS 0x00000006b5400000, 0x00000006b5400000| Untracked 
| 726|0x00000006b5800000, 0x00000006b5800000, 0x00000006b5c00000|  0%| F|  |TAMS 0x00000006b5800000, 0x00000006b5800000| Untracked 
| 727|0x00000006b5c00000, 0x00000006b5c00000, 0x00000006b6000000|  0%| F|  |TAMS 0x00000006b5c00000, 0x00000006b5c00000| Untracked 
| 728|0x00000006b6000000, 0x00000006b6000000, 0x00000006b6400000|  0%| F|  |TAMS 0x00000006b6000000, 0x00000006b6000000| Untracked 
| 729|0x00000006b6400000, 0x00000006b6400000, 0x00000006b6800000|  0%| F|  |TAMS 0x00000006b6400000, 0x00000006b6400000| Untracked 
| 730|0x00000006b6800000, 0x00000006b6800000, 0x00000006b6c00000|  0%| F|  |TAMS 0x00000006b6800000, 0x00000006b6800000| Untracked 
| 731|0x00000006b6c00000, 0x00000006b6c00000, 0x00000006b7000000|  0%| F|  |TAMS 0x00000006b6c00000, 0x00000006b6c00000| Untracked 
| 732|0x00000006b7000000, 0x00000006b7000000, 0x00000006b7400000|  0%| F|  |TAMS 0x00000006b7000000, 0x00000006b7000000| Untracked 
| 733|0x00000006b7400000, 0x00000006b7400000, 0x00000006b7800000|  0%| F|  |TAMS 0x00000006b7400000, 0x00000006b7400000| Untracked 
| 734|0x00000006b7800000, 0x00000006b7800000, 0x00000006b7c00000|  0%| F|  |TAMS 0x00000006b7800000, 0x00000006b7800000| Untracked 
| 735|0x00000006b7c00000, 0x00000006b7c00000, 0x00000006b8000000|  0%| F|  |TAMS 0x00000006b7c00000, 0x00000006b7c00000| Untracked 
| 736|0x00000006b8000000, 0x00000006b8000000, 0x00000006b8400000|  0%| F|  |TAMS 0x00000006b8000000, 0x00000006b8000000| Untracked 
| 737|0x00000006b8400000, 0x00000006b8400000, 0x00000006b8800000|  0%| F|  |TAMS 0x00000006b8400000, 0x00000006b8400000| Untracked 
| 738|0x00000006b8800000, 0x00000006b8800000, 0x00000006b8c00000|  0%| F|  |TAMS 0x00000006b8800000, 0x00000006b8800000| Untracked 
| 739|0x00000006b8c00000, 0x00000006b8c00000, 0x00000006b9000000|  0%| F|  |TAMS 0x00000006b8c00000, 0x00000006b8c00000| Untracked 
| 740|0x00000006b9000000, 0x00000006b9000000, 0x00000006b9400000|  0%| F|  |TAMS 0x00000006b9000000, 0x00000006b9000000| Untracked 
| 741|0x00000006b9400000, 0x00000006b9400000, 0x00000006b9800000|  0%| F|  |TAMS 0x00000006b9400000, 0x00000006b9400000| Untracked 
| 742|0x00000006b9800000, 0x00000006b9800000, 0x00000006b9c00000|  0%| F|  |TAMS 0x00000006b9800000, 0x00000006b9800000| Untracked 
| 743|0x00000006b9c00000, 0x00000006b9c00000, 0x00000006ba000000|  0%| F|  |TAMS 0x00000006b9c00000, 0x00000006b9c00000| Untracked 
| 744|0x00000006ba000000, 0x00000006ba000000, 0x00000006ba400000|  0%| F|  |TAMS 0x00000006ba000000, 0x00000006ba000000| Untracked 
| 745|0x00000006ba400000, 0x00000006ba400000, 0x00000006ba800000|  0%| F|  |TAMS 0x00000006ba400000, 0x00000006ba400000| Untracked 
| 746|0x00000006ba800000, 0x00000006ba800000, 0x00000006bac00000|  0%| F|  |TAMS 0x00000006ba800000, 0x00000006ba800000| Untracked 
| 747|0x00000006bac00000, 0x00000006bac00000, 0x00000006bb000000|  0%| F|  |TAMS 0x00000006bac00000, 0x00000006bac00000| Untracked 
| 748|0x00000006bb000000, 0x00000006bb000000, 0x00000006bb400000|  0%| F|  |TAMS 0x00000006bb000000, 0x00000006bb000000| Untracked 
| 749|0x00000006bb400000, 0x00000006bb400000, 0x00000006bb800000|  0%| F|  |TAMS 0x00000006bb400000, 0x00000006bb400000| Untracked 
| 750|0x00000006bb800000, 0x00000006bb800000, 0x00000006bbc00000|  0%| F|  |TAMS 0x00000006bb800000, 0x00000006bb800000| Untracked 
| 751|0x00000006bbc00000, 0x00000006bbc00000, 0x00000006bc000000|  0%| F|  |TAMS 0x00000006bbc00000, 0x00000006bbc00000| Untracked 
| 752|0x00000006bc000000, 0x00000006bc000000, 0x00000006bc400000|  0%| F|  |TAMS 0x00000006bc000000, 0x00000006bc000000| Untracked 
| 753|0x00000006bc400000, 0x00000006bc400000, 0x00000006bc800000|  0%| F|  |TAMS 0x00000006bc400000, 0x00000006bc400000| Untracked 
| 754|0x00000006bc800000, 0x00000006bc800000, 0x00000006bcc00000|  0%| F|  |TAMS 0x00000006bc800000, 0x00000006bc800000| Untracked 
| 755|0x00000006bcc00000, 0x00000006bcc00000, 0x00000006bd000000|  0%| F|  |TAMS 0x00000006bcc00000, 0x00000006bcc00000| Untracked 
| 756|0x00000006bd000000, 0x00000006bd000000, 0x00000006bd400000|  0%| F|  |TAMS 0x00000006bd000000, 0x00000006bd000000| Untracked 
| 757|0x00000006bd400000, 0x00000006bd400000, 0x00000006bd800000|  0%| F|  |TAMS 0x00000006bd400000, 0x00000006bd400000| Untracked 
| 758|0x00000006bd800000, 0x00000006bd800000, 0x00000006bdc00000|  0%| F|  |TAMS 0x00000006bd800000, 0x00000006bd800000| Untracked 
| 759|0x00000006bdc00000, 0x00000006bdc00000, 0x00000006be000000|  0%| F|  |TAMS 0x00000006bdc00000, 0x00000006bdc00000| Untracked 
| 760|0x00000006be000000, 0x00000006be000000, 0x00000006be400000|  0%| F|  |TAMS 0x00000006be000000, 0x00000006be000000| Untracked 
| 761|0x00000006be400000, 0x00000006be400000, 0x00000006be800000|  0%| F|  |TAMS 0x00000006be400000, 0x00000006be400000| Untracked 
| 762|0x00000006be800000, 0x00000006be800000, 0x00000006bec00000|  0%| F|  |TAMS 0x00000006be800000, 0x00000006be800000| Untracked 
| 763|0x00000006bec00000, 0x00000006bec00000, 0x00000006bf000000|  0%| F|  |TAMS 0x00000006bec00000, 0x00000006bec00000| Untracked 
| 764|0x00000006bf000000, 0x00000006bf000000, 0x00000006bf400000|  0%| F|  |TAMS 0x00000006bf000000, 0x00000006bf000000| Untracked 
| 765|0x00000006bf400000, 0x00000006bf400000, 0x00000006bf800000|  0%| F|  |TAMS 0x00000006bf400000, 0x00000006bf400000| Untracked 
| 766|0x00000006bf800000, 0x00000006bf800000, 0x00000006bfc00000|  0%| F|  |TAMS 0x00000006bf800000, 0x00000006bf800000| Untracked 
| 767|0x00000006bfc00000, 0x00000006bfc00000, 0x00000006c0000000|  0%| F|  |TAMS 0x00000006bfc00000, 0x00000006bfc00000| Untracked 
| 768|0x00000006c0000000, 0x00000006c0000000, 0x00000006c0400000|  0%| F|  |TAMS 0x00000006c0000000, 0x00000006c0000000| Untracked 
| 769|0x00000006c0400000, 0x00000006c0400000, 0x00000006c0800000|  0%| F|  |TAMS 0x00000006c0400000, 0x00000006c0400000| Untracked 
| 770|0x00000006c0800000, 0x00000006c0800000, 0x00000006c0c00000|  0%| F|  |TAMS 0x00000006c0800000, 0x00000006c0800000| Untracked 
| 771|0x00000006c0c00000, 0x00000006c0c00000, 0x00000006c1000000|  0%| F|  |TAMS 0x00000006c0c00000, 0x00000006c0c00000| Untracked 
| 772|0x00000006c1000000, 0x00000006c1000000, 0x00000006c1400000|  0%| F|  |TAMS 0x00000006c1000000, 0x00000006c1000000| Untracked 
| 773|0x00000006c1400000, 0x00000006c1400000, 0x00000006c1800000|  0%| F|  |TAMS 0x00000006c1400000, 0x00000006c1400000| Untracked 
| 774|0x00000006c1800000, 0x00000006c1800000, 0x00000006c1c00000|  0%| F|  |TAMS 0x00000006c1800000, 0x00000006c1800000| Untracked 
| 775|0x00000006c1c00000, 0x00000006c1c00000, 0x00000006c2000000|  0%| F|  |TAMS 0x00000006c1c00000, 0x00000006c1c00000| Untracked 
| 776|0x00000006c2000000, 0x00000006c2000000, 0x00000006c2400000|  0%| F|  |TAMS 0x00000006c2000000, 0x00000006c2000000| Untracked 
| 777|0x00000006c2400000, 0x00000006c2400000, 0x00000006c2800000|  0%| F|  |TAMS 0x00000006c2400000, 0x00000006c2400000| Untracked 
| 778|0x00000006c2800000, 0x00000006c2800000, 0x00000006c2c00000|  0%| F|  |TAMS 0x00000006c2800000, 0x00000006c2800000| Untracked 
| 779|0x00000006c2c00000, 0x00000006c2c00000, 0x00000006c3000000|  0%| F|  |TAMS 0x00000006c2c00000, 0x00000006c2c00000| Untracked 
| 780|0x00000006c3000000, 0x00000006c3000000, 0x00000006c3400000|  0%| F|  |TAMS 0x00000006c3000000, 0x00000006c3000000| Untracked 
| 781|0x00000006c3400000, 0x00000006c3400000, 0x00000006c3800000|  0%| F|  |TAMS 0x00000006c3400000, 0x00000006c3400000| Untracked 
| 782|0x00000006c3800000, 0x00000006c3800000, 0x00000006c3c00000|  0%| F|  |TAMS 0x00000006c3800000, 0x00000006c3800000| Untracked 
| 783|0x00000006c3c00000, 0x00000006c3c00000, 0x00000006c4000000|  0%| F|  |TAMS 0x00000006c3c00000, 0x00000006c3c00000| Untracked 
| 784|0x00000006c4000000, 0x00000006c4000000, 0x00000006c4400000|  0%| F|  |TAMS 0x00000006c4000000, 0x00000006c4000000| Untracked 
| 785|0x00000006c4400000, 0x00000006c4400000, 0x00000006c4800000|  0%| F|  |TAMS 0x00000006c4400000, 0x00000006c4400000| Untracked 
| 786|0x00000006c4800000, 0x00000006c4800000, 0x00000006c4c00000|  0%| F|  |TAMS 0x00000006c4800000, 0x00000006c4800000| Untracked 
| 787|0x00000006c4c00000, 0x00000006c4c00000, 0x00000006c5000000|  0%| F|  |TAMS 0x00000006c4c00000, 0x00000006c4c00000| Untracked 
| 788|0x00000006c5000000, 0x00000006c5000000, 0x00000006c5400000|  0%| F|  |TAMS 0x00000006c5000000, 0x00000006c5000000| Untracked 
| 789|0x00000006c5400000, 0x00000006c5400000, 0x00000006c5800000|  0%| F|  |TAMS 0x00000006c5400000, 0x00000006c5400000| Untracked 
| 790|0x00000006c5800000, 0x00000006c5800000, 0x00000006c5c00000|  0%| F|  |TAMS 0x00000006c5800000, 0x00000006c5800000| Untracked 
| 791|0x00000006c5c00000, 0x00000006c5c00000, 0x00000006c6000000|  0%| F|  |TAMS 0x00000006c5c00000, 0x00000006c5c00000| Untracked 
| 792|0x00000006c6000000, 0x00000006c6000000, 0x00000006c6400000|  0%| F|  |TAMS 0x00000006c6000000, 0x00000006c6000000| Untracked 
| 793|0x00000006c6400000, 0x00000006c6400000, 0x00000006c6800000|  0%| F|  |TAMS 0x00000006c6400000, 0x00000006c6400000| Untracked 
| 794|0x00000006c6800000, 0x00000006c6800000, 0x00000006c6c00000|  0%| F|  |TAMS 0x00000006c6800000, 0x00000006c6800000| Untracked 
| 795|0x00000006c6c00000, 0x00000006c6c00000, 0x00000006c7000000|  0%| F|  |TAMS 0x00000006c6c00000, 0x00000006c6c00000| Untracked 
| 796|0x00000006c7000000, 0x00000006c7000000, 0x00000006c7400000|  0%| F|  |TAMS 0x00000006c7000000, 0x00000006c7000000| Untracked 
| 797|0x00000006c7400000, 0x00000006c7400000, 0x00000006c7800000|  0%| F|  |TAMS 0x00000006c7400000, 0x00000006c7400000| Untracked 
| 798|0x00000006c7800000, 0x00000006c7800000, 0x00000006c7c00000|  0%| F|  |TAMS 0x00000006c7800000, 0x00000006c7800000| Untracked 
| 799|0x00000006c7c00000, 0x00000006c7c00000, 0x00000006c8000000|  0%| F|  |TAMS 0x00000006c7c00000, 0x00000006c7c00000| Untracked 
| 800|0x00000006c8000000, 0x00000006c8000000, 0x00000006c8400000|  0%| F|  |TAMS 0x00000006c8000000, 0x00000006c8000000| Untracked 
| 801|0x00000006c8400000, 0x00000006c8400000, 0x00000006c8800000|  0%| F|  |TAMS 0x00000006c8400000, 0x00000006c8400000| Untracked 
| 802|0x00000006c8800000, 0x00000006c8800000, 0x00000006c8c00000|  0%| F|  |TAMS 0x00000006c8800000, 0x00000006c8800000| Untracked 
| 803|0x00000006c8c00000, 0x00000006c8c00000, 0x00000006c9000000|  0%| F|  |TAMS 0x00000006c8c00000, 0x00000006c8c00000| Untracked 
| 804|0x00000006c9000000, 0x00000006c9000000, 0x00000006c9400000|  0%| F|  |TAMS 0x00000006c9000000, 0x00000006c9000000| Untracked 
| 805|0x00000006c9400000, 0x00000006c9400000, 0x00000006c9800000|  0%| F|  |TAMS 0x00000006c9400000, 0x00000006c9400000| Untracked 
| 806|0x00000006c9800000, 0x00000006c9800000, 0x00000006c9c00000|  0%| F|  |TAMS 0x00000006c9800000, 0x00000006c9800000| Untracked 
| 807|0x00000006c9c00000, 0x00000006c9c00000, 0x00000006ca000000|  0%| F|  |TAMS 0x00000006c9c00000, 0x00000006c9c00000| Untracked 
| 808|0x00000006ca000000, 0x00000006ca000000, 0x00000006ca400000|  0%| F|  |TAMS 0x00000006ca000000, 0x00000006ca000000| Untracked 
| 809|0x00000006ca400000, 0x00000006ca400000, 0x00000006ca800000|  0%| F|  |TAMS 0x00000006ca400000, 0x00000006ca400000| Untracked 
| 810|0x00000006ca800000, 0x00000006ca800000, 0x00000006cac00000|  0%| F|  |TAMS 0x00000006ca800000, 0x00000006ca800000| Untracked 
| 811|0x00000006cac00000, 0x00000006cac00000, 0x00000006cb000000|  0%| F|  |TAMS 0x00000006cac00000, 0x00000006cac00000| Untracked 
| 812|0x00000006cb000000, 0x00000006cb000000, 0x00000006cb400000|  0%| F|  |TAMS 0x00000006cb000000, 0x00000006cb000000| Untracked 
| 813|0x00000006cb400000, 0x00000006cb400000, 0x00000006cb800000|  0%| F|  |TAMS 0x00000006cb400000, 0x00000006cb400000| Untracked 
| 814|0x00000006cb800000, 0x00000006cb800000, 0x00000006cbc00000|  0%| F|  |TAMS 0x00000006cb800000, 0x00000006cb800000| Untracked 
| 815|0x00000006cbc00000, 0x00000006cbc00000, 0x00000006cc000000|  0%| F|  |TAMS 0x00000006cbc00000, 0x00000006cbc00000| Untracked 
| 816|0x00000006cc000000, 0x00000006cc000000, 0x00000006cc400000|  0%| F|  |TAMS 0x00000006cc000000, 0x00000006cc000000| Untracked 
| 817|0x00000006cc400000, 0x00000006cc400000, 0x00000006cc800000|  0%| F|  |TAMS 0x00000006cc400000, 0x00000006cc400000| Untracked 
| 818|0x00000006cc800000, 0x00000006cc800000, 0x00000006ccc00000|  0%| F|  |TAMS 0x00000006cc800000, 0x00000006cc800000| Untracked 
| 819|0x00000006ccc00000, 0x00000006ccc00000, 0x00000006cd000000|  0%| F|  |TAMS 0x00000006ccc00000, 0x00000006ccc00000| Untracked 
| 820|0x00000006cd000000, 0x00000006cd000000, 0x00000006cd400000|  0%| F|  |TAMS 0x00000006cd000000, 0x00000006cd000000| Untracked 
| 821|0x00000006cd400000, 0x00000006cd400000, 0x00000006cd800000|  0%| F|  |TAMS 0x00000006cd400000, 0x00000006cd400000| Untracked 
| 822|0x00000006cd800000, 0x00000006cd800000, 0x00000006cdc00000|  0%| F|  |TAMS 0x00000006cd800000, 0x00000006cd800000| Untracked 
| 823|0x00000006cdc00000, 0x00000006cdc00000, 0x00000006ce000000|  0%| F|  |TAMS 0x00000006cdc00000, 0x00000006cdc00000| Untracked 
| 824|0x00000006ce000000, 0x00000006ce000000, 0x00000006ce400000|  0%| F|  |TAMS 0x00000006ce000000, 0x00000006ce000000| Untracked 
| 825|0x00000006ce400000, 0x00000006ce400000, 0x00000006ce800000|  0%| F|  |TAMS 0x00000006ce400000, 0x00000006ce400000| Untracked 
| 826|0x00000006ce800000, 0x00000006ce800000, 0x00000006cec00000|  0%| F|  |TAMS 0x00000006ce800000, 0x00000006ce800000| Untracked 
| 827|0x00000006cec00000, 0x00000006cec00000, 0x00000006cf000000|  0%| F|  |TAMS 0x00000006cec00000, 0x00000006cec00000| Untracked 
| 828|0x00000006cf000000, 0x00000006cf000000, 0x00000006cf400000|  0%| F|  |TAMS 0x00000006cf000000, 0x00000006cf000000| Untracked 
| 829|0x00000006cf400000, 0x00000006cf400000, 0x00000006cf800000|  0%| F|  |TAMS 0x00000006cf400000, 0x00000006cf400000| Untracked 
| 830|0x00000006cf800000, 0x00000006cf800000, 0x00000006cfc00000|  0%| F|  |TAMS 0x00000006cf800000, 0x00000006cf800000| Untracked 
| 831|0x00000006cfc00000, 0x00000006cfc00000, 0x00000006d0000000|  0%| F|  |TAMS 0x00000006cfc00000, 0x00000006cfc00000| Untracked 
| 832|0x00000006d0000000, 0x00000006d0000000, 0x00000006d0400000|  0%| F|  |TAMS 0x00000006d0000000, 0x00000006d0000000| Untracked 
| 833|0x00000006d0400000, 0x00000006d0400000, 0x00000006d0800000|  0%| F|  |TAMS 0x00000006d0400000, 0x00000006d0400000| Untracked 
| 834|0x00000006d0800000, 0x00000006d0800000, 0x00000006d0c00000|  0%| F|  |TAMS 0x00000006d0800000, 0x00000006d0800000| Untracked 
| 835|0x00000006d0c00000, 0x00000006d0c00000, 0x00000006d1000000|  0%| F|  |TAMS 0x00000006d0c00000, 0x00000006d0c00000| Untracked 
| 836|0x00000006d1000000, 0x00000006d1000000, 0x00000006d1400000|  0%| F|  |TAMS 0x00000006d1000000, 0x00000006d1000000| Untracked 
| 837|0x00000006d1400000, 0x00000006d1400000, 0x00000006d1800000|  0%| F|  |TAMS 0x00000006d1400000, 0x00000006d1400000| Untracked 
| 838|0x00000006d1800000, 0x00000006d1800000, 0x00000006d1c00000|  0%| F|  |TAMS 0x00000006d1800000, 0x00000006d1800000| Untracked 
| 839|0x00000006d1c00000, 0x00000006d1c00000, 0x00000006d2000000|  0%| F|  |TAMS 0x00000006d1c00000, 0x00000006d1c00000| Untracked 
| 840|0x00000006d2000000, 0x00000006d2000000, 0x00000006d2400000|  0%| F|  |TAMS 0x00000006d2000000, 0x00000006d2000000| Untracked 
| 841|0x00000006d2400000, 0x00000006d2400000, 0x00000006d2800000|  0%| F|  |TAMS 0x00000006d2400000, 0x00000006d2400000| Untracked 
| 842|0x00000006d2800000, 0x00000006d2800000, 0x00000006d2c00000|  0%| F|  |TAMS 0x00000006d2800000, 0x00000006d2800000| Untracked 
| 843|0x00000006d2c00000, 0x00000006d2c00000, 0x00000006d3000000|  0%| F|  |TAMS 0x00000006d2c00000, 0x00000006d2c00000| Untracked 
| 844|0x00000006d3000000, 0x00000006d3000000, 0x00000006d3400000|  0%| F|  |TAMS 0x00000006d3000000, 0x00000006d3000000| Untracked 
| 845|0x00000006d3400000, 0x00000006d3400000, 0x00000006d3800000|  0%| F|  |TAMS 0x00000006d3400000, 0x00000006d3400000| Untracked 
| 846|0x00000006d3800000, 0x00000006d3800000, 0x00000006d3c00000|  0%| F|  |TAMS 0x00000006d3800000, 0x00000006d3800000| Untracked 
| 847|0x00000006d3c00000, 0x00000006d3c00000, 0x00000006d4000000|  0%| F|  |TAMS 0x00000006d3c00000, 0x00000006d3c00000| Untracked 
| 848|0x00000006d4000000, 0x00000006d4000000, 0x00000006d4400000|  0%| F|  |TAMS 0x00000006d4000000, 0x00000006d4000000| Untracked 
| 849|0x00000006d4400000, 0x00000006d4400000, 0x00000006d4800000|  0%| F|  |TAMS 0x00000006d4400000, 0x00000006d4400000| Untracked 
| 850|0x00000006d4800000, 0x00000006d4800000, 0x00000006d4c00000|  0%| F|  |TAMS 0x00000006d4800000, 0x00000006d4800000| Untracked 
| 851|0x00000006d4c00000, 0x00000006d4c00000, 0x00000006d5000000|  0%| F|  |TAMS 0x00000006d4c00000, 0x00000006d4c00000| Untracked 
| 852|0x00000006d5000000, 0x00000006d5000000, 0x00000006d5400000|  0%| F|  |TAMS 0x00000006d5000000, 0x00000006d5000000| Untracked 
| 853|0x00000006d5400000, 0x00000006d5400000, 0x00000006d5800000|  0%| F|  |TAMS 0x00000006d5400000, 0x00000006d5400000| Untracked 
| 854|0x00000006d5800000, 0x00000006d5800000, 0x00000006d5c00000|  0%| F|  |TAMS 0x00000006d5800000, 0x00000006d5800000| Untracked 
| 855|0x00000006d5c00000, 0x00000006d5c00000, 0x00000006d6000000|  0%| F|  |TAMS 0x00000006d5c00000, 0x00000006d5c00000| Untracked 
| 856|0x00000006d6000000, 0x00000006d6000000, 0x00000006d6400000|  0%| F|  |TAMS 0x00000006d6000000, 0x00000006d6000000| Untracked 
| 857|0x00000006d6400000, 0x00000006d6400000, 0x00000006d6800000|  0%| F|  |TAMS 0x00000006d6400000, 0x00000006d6400000| Untracked 
| 858|0x00000006d6800000, 0x00000006d6800000, 0x00000006d6c00000|  0%| F|  |TAMS 0x00000006d6800000, 0x00000006d6800000| Untracked 
| 859|0x00000006d6c00000, 0x00000006d6c00000, 0x00000006d7000000|  0%| F|  |TAMS 0x00000006d6c00000, 0x00000006d6c00000| Untracked 
| 860|0x00000006d7000000, 0x00000006d7000000, 0x00000006d7400000|  0%| F|  |TAMS 0x00000006d7000000, 0x00000006d7000000| Untracked 
| 861|0x00000006d7400000, 0x00000006d7400000, 0x00000006d7800000|  0%| F|  |TAMS 0x00000006d7400000, 0x00000006d7400000| Untracked 
| 862|0x00000006d7800000, 0x00000006d7800000, 0x00000006d7c00000|  0%| F|  |TAMS 0x00000006d7800000, 0x00000006d7800000| Untracked 
| 863|0x00000006d7c00000, 0x00000006d7c00000, 0x00000006d8000000|  0%| F|  |TAMS 0x00000006d7c00000, 0x00000006d7c00000| Untracked 
| 864|0x00000006d8000000, 0x00000006d8000000, 0x00000006d8400000|  0%| F|  |TAMS 0x00000006d8000000, 0x00000006d8000000| Untracked 
| 865|0x00000006d8400000, 0x00000006d8400000, 0x00000006d8800000|  0%| F|  |TAMS 0x00000006d8400000, 0x00000006d8400000| Untracked 
| 866|0x00000006d8800000, 0x00000006d8800000, 0x00000006d8c00000|  0%| F|  |TAMS 0x00000006d8800000, 0x00000006d8800000| Untracked 
| 867|0x00000006d8c00000, 0x00000006d8c00000, 0x00000006d9000000|  0%| F|  |TAMS 0x00000006d8c00000, 0x00000006d8c00000| Untracked 
| 868|0x00000006d9000000, 0x00000006d9000000, 0x00000006d9400000|  0%| F|  |TAMS 0x00000006d9000000, 0x00000006d9000000| Untracked 
| 869|0x00000006d9400000, 0x00000006d9400000, 0x00000006d9800000|  0%| F|  |TAMS 0x00000006d9400000, 0x00000006d9400000| Untracked 
| 870|0x00000006d9800000, 0x00000006d9800000, 0x00000006d9c00000|  0%| F|  |TAMS 0x00000006d9800000, 0x00000006d9800000| Untracked 
| 871|0x00000006d9c00000, 0x00000006d9c00000, 0x00000006da000000|  0%| F|  |TAMS 0x00000006d9c00000, 0x00000006d9c00000| Untracked 
| 872|0x00000006da000000, 0x00000006da000000, 0x00000006da400000|  0%| F|  |TAMS 0x00000006da000000, 0x00000006da000000| Untracked 
| 873|0x00000006da400000, 0x00000006da400000, 0x00000006da800000|  0%| F|  |TAMS 0x00000006da400000, 0x00000006da400000| Untracked 
| 874|0x00000006da800000, 0x00000006da800000, 0x00000006dac00000|  0%| F|  |TAMS 0x00000006da800000, 0x00000006da800000| Untracked 
| 875|0x00000006dac00000, 0x00000006dac00000, 0x00000006db000000|  0%| F|  |TAMS 0x00000006dac00000, 0x00000006dac00000| Untracked 
| 876|0x00000006db000000, 0x00000006db000000, 0x00000006db400000|  0%| F|  |TAMS 0x00000006db000000, 0x00000006db000000| Untracked 
| 877|0x00000006db400000, 0x00000006db400000, 0x00000006db800000|  0%| F|  |TAMS 0x00000006db400000, 0x00000006db400000| Untracked 
| 878|0x00000006db800000, 0x00000006db800000, 0x00000006dbc00000|  0%| F|  |TAMS 0x00000006db800000, 0x00000006db800000| Untracked 
| 879|0x00000006dbc00000, 0x00000006dbc00000, 0x00000006dc000000|  0%| F|  |TAMS 0x00000006dbc00000, 0x00000006dbc00000| Untracked 
| 880|0x00000006dc000000, 0x00000006dc000000, 0x00000006dc400000|  0%| F|  |TAMS 0x00000006dc000000, 0x00000006dc000000| Untracked 
| 881|0x00000006dc400000, 0x00000006dc400000, 0x00000006dc800000|  0%| F|  |TAMS 0x00000006dc400000, 0x00000006dc400000| Untracked 
| 882|0x00000006dc800000, 0x00000006dc800000, 0x00000006dcc00000|  0%| F|  |TAMS 0x00000006dc800000, 0x00000006dc800000| Untracked 
| 883|0x00000006dcc00000, 0x00000006dcc00000, 0x00000006dd000000|  0%| F|  |TAMS 0x00000006dcc00000, 0x00000006dcc00000| Untracked 
| 884|0x00000006dd000000, 0x00000006dd000000, 0x00000006dd400000|  0%| F|  |TAMS 0x00000006dd000000, 0x00000006dd000000| Untracked 
| 885|0x00000006dd400000, 0x00000006dd400000, 0x00000006dd800000|  0%| F|  |TAMS 0x00000006dd400000, 0x00000006dd400000| Untracked 
| 886|0x00000006dd800000, 0x00000006dd800000, 0x00000006ddc00000|  0%| F|  |TAMS 0x00000006dd800000, 0x00000006dd800000| Untracked 
| 887|0x00000006ddc00000, 0x00000006ddc00000, 0x00000006de000000|  0%| F|  |TAMS 0x00000006ddc00000, 0x00000006ddc00000| Untracked 
| 888|0x00000006de000000, 0x00000006de000000, 0x00000006de400000|  0%| F|  |TAMS 0x00000006de000000, 0x00000006de000000| Untracked 
| 889|0x00000006de400000, 0x00000006de400000, 0x00000006de800000|  0%| F|  |TAMS 0x00000006de400000, 0x00000006de400000| Untracked 
| 890|0x00000006de800000, 0x00000006de800000, 0x00000006dec00000|  0%| F|  |TAMS 0x00000006de800000, 0x00000006de800000| Untracked 
| 891|0x00000006dec00000, 0x00000006dec00000, 0x00000006df000000|  0%| F|  |TAMS 0x00000006dec00000, 0x00000006dec00000| Untracked 
| 892|0x00000006df000000, 0x00000006df000000, 0x00000006df400000|  0%| F|  |TAMS 0x00000006df000000, 0x00000006df000000| Untracked 
| 893|0x00000006df400000, 0x00000006df400000, 0x00000006df800000|  0%| F|  |TAMS 0x00000006df400000, 0x00000006df400000| Untracked 
| 894|0x00000006df800000, 0x00000006df800000, 0x00000006dfc00000|  0%| F|  |TAMS 0x00000006df800000, 0x00000006df800000| Untracked 
| 895|0x00000006dfc00000, 0x00000006dfc00000, 0x00000006e0000000|  0%| F|  |TAMS 0x00000006dfc00000, 0x00000006dfc00000| Untracked 
| 896|0x00000006e0000000, 0x00000006e0000000, 0x00000006e0400000|  0%| F|  |TAMS 0x00000006e0000000, 0x00000006e0000000| Untracked 
| 897|0x00000006e0400000, 0x00000006e0400000, 0x00000006e0800000|  0%| F|  |TAMS 0x00000006e0400000, 0x00000006e0400000| Untracked 
| 898|0x00000006e0800000, 0x00000006e0800000, 0x00000006e0c00000|  0%| F|  |TAMS 0x00000006e0800000, 0x00000006e0800000| Untracked 
| 899|0x00000006e0c00000, 0x00000006e0c00000, 0x00000006e1000000|  0%| F|  |TAMS 0x00000006e0c00000, 0x00000006e0c00000| Untracked 
| 900|0x00000006e1000000, 0x00000006e1000000, 0x00000006e1400000|  0%| F|  |TAMS 0x00000006e1000000, 0x00000006e1000000| Untracked 
| 901|0x00000006e1400000, 0x00000006e1400000, 0x00000006e1800000|  0%| F|  |TAMS 0x00000006e1400000, 0x00000006e1400000| Untracked 
| 902|0x00000006e1800000, 0x00000006e1800000, 0x00000006e1c00000|  0%| F|  |TAMS 0x00000006e1800000, 0x00000006e1800000| Untracked 
| 903|0x00000006e1c00000, 0x00000006e1c00000, 0x00000006e2000000|  0%| F|  |TAMS 0x00000006e1c00000, 0x00000006e1c00000| Untracked 
| 904|0x00000006e2000000, 0x00000006e2000000, 0x00000006e2400000|  0%| F|  |TAMS 0x00000006e2000000, 0x00000006e2000000| Untracked 
| 905|0x00000006e2400000, 0x00000006e2400000, 0x00000006e2800000|  0%| F|  |TAMS 0x00000006e2400000, 0x00000006e2400000| Untracked 
| 906|0x00000006e2800000, 0x00000006e2800000, 0x00000006e2c00000|  0%| F|  |TAMS 0x00000006e2800000, 0x00000006e2800000| Untracked 
| 907|0x00000006e2c00000, 0x00000006e2c00000, 0x00000006e3000000|  0%| F|  |TAMS 0x00000006e2c00000, 0x00000006e2c00000| Untracked 
| 908|0x00000006e3000000, 0x00000006e3000000, 0x00000006e3400000|  0%| F|  |TAMS 0x00000006e3000000, 0x00000006e3000000| Untracked 
| 909|0x00000006e3400000, 0x00000006e3400000, 0x00000006e3800000|  0%| F|  |TAMS 0x00000006e3400000, 0x00000006e3400000| Untracked 
| 910|0x00000006e3800000, 0x00000006e3800000, 0x00000006e3c00000|  0%| F|  |TAMS 0x00000006e3800000, 0x00000006e3800000| Untracked 
| 911|0x00000006e3c00000, 0x00000006e3c00000, 0x00000006e4000000|  0%| F|  |TAMS 0x00000006e3c00000, 0x00000006e3c00000| Untracked 
| 912|0x00000006e4000000, 0x00000006e4000000, 0x00000006e4400000|  0%| F|  |TAMS 0x00000006e4000000, 0x00000006e4000000| Untracked 
| 913|0x00000006e4400000, 0x00000006e4400000, 0x00000006e4800000|  0%| F|  |TAMS 0x00000006e4400000, 0x00000006e4400000| Untracked 
| 914|0x00000006e4800000, 0x00000006e4800000, 0x00000006e4c00000|  0%| F|  |TAMS 0x00000006e4800000, 0x00000006e4800000| Untracked 
| 915|0x00000006e4c00000, 0x00000006e4c00000, 0x00000006e5000000|  0%| F|  |TAMS 0x00000006e4c00000, 0x00000006e4c00000| Untracked 
| 916|0x00000006e5000000, 0x00000006e5000000, 0x00000006e5400000|  0%| F|  |TAMS 0x00000006e5000000, 0x00000006e5000000| Untracked 
| 917|0x00000006e5400000, 0x00000006e5400000, 0x00000006e5800000|  0%| F|  |TAMS 0x00000006e5400000, 0x00000006e5400000| Untracked 
| 918|0x00000006e5800000, 0x00000006e5800000, 0x00000006e5c00000|  0%| F|  |TAMS 0x00000006e5800000, 0x00000006e5800000| Untracked 
| 919|0x00000006e5c00000, 0x00000006e5c00000, 0x00000006e6000000|  0%| F|  |TAMS 0x00000006e5c00000, 0x00000006e5c00000| Untracked 
| 920|0x00000006e6000000, 0x00000006e6000000, 0x00000006e6400000|  0%| F|  |TAMS 0x00000006e6000000, 0x00000006e6000000| Untracked 
| 921|0x00000006e6400000, 0x00000006e6400000, 0x00000006e6800000|  0%| F|  |TAMS 0x00000006e6400000, 0x00000006e6400000| Untracked 
| 922|0x00000006e6800000, 0x00000006e6800000, 0x00000006e6c00000|  0%| F|  |TAMS 0x00000006e6800000, 0x00000006e6800000| Untracked 
| 923|0x00000006e6c00000, 0x00000006e6c00000, 0x00000006e7000000|  0%| F|  |TAMS 0x00000006e6c00000, 0x00000006e6c00000| Untracked 
| 924|0x00000006e7000000, 0x00000006e7000000, 0x00000006e7400000|  0%| F|  |TAMS 0x00000006e7000000, 0x00000006e7000000| Untracked 
| 925|0x00000006e7400000, 0x00000006e7400000, 0x00000006e7800000|  0%| F|  |TAMS 0x00000006e7400000, 0x00000006e7400000| Untracked 
| 926|0x00000006e7800000, 0x00000006e7800000, 0x00000006e7c00000|  0%| F|  |TAMS 0x00000006e7800000, 0x00000006e7800000| Untracked 
| 927|0x00000006e7c00000, 0x00000006e7c00000, 0x00000006e8000000|  0%| F|  |TAMS 0x00000006e7c00000, 0x00000006e7c00000| Untracked 
| 928|0x00000006e8000000, 0x00000006e8000000, 0x00000006e8400000|  0%| F|  |TAMS 0x00000006e8000000, 0x00000006e8000000| Untracked 
| 929|0x00000006e8400000, 0x00000006e8400000, 0x00000006e8800000|  0%| F|  |TAMS 0x00000006e8400000, 0x00000006e8400000| Untracked 
| 930|0x00000006e8800000, 0x00000006e8800000, 0x00000006e8c00000|  0%| F|  |TAMS 0x00000006e8800000, 0x00000006e8800000| Untracked 
| 931|0x00000006e8c00000, 0x00000006e8c00000, 0x00000006e9000000|  0%| F|  |TAMS 0x00000006e8c00000, 0x00000006e8c00000| Untracked 
| 932|0x00000006e9000000, 0x00000006e9000000, 0x00000006e9400000|  0%| F|  |TAMS 0x00000006e9000000, 0x00000006e9000000| Untracked 
| 933|0x00000006e9400000, 0x00000006e9400000, 0x00000006e9800000|  0%| F|  |TAMS 0x00000006e9400000, 0x00000006e9400000| Untracked 
| 934|0x00000006e9800000, 0x00000006e9800000, 0x00000006e9c00000|  0%| F|  |TAMS 0x00000006e9800000, 0x00000006e9800000| Untracked 
| 935|0x00000006e9c00000, 0x00000006e9c00000, 0x00000006ea000000|  0%| F|  |TAMS 0x00000006e9c00000, 0x00000006e9c00000| Untracked 
| 936|0x00000006ea000000, 0x00000006ea000000, 0x00000006ea400000|  0%| F|  |TAMS 0x00000006ea000000, 0x00000006ea000000| Untracked 
| 937|0x00000006ea400000, 0x00000006ea400000, 0x00000006ea800000|  0%| F|  |TAMS 0x00000006ea400000, 0x00000006ea400000| Untracked 
| 938|0x00000006ea800000, 0x00000006ea800000, 0x00000006eac00000|  0%| F|  |TAMS 0x00000006ea800000, 0x00000006ea800000| Untracked 
| 939|0x00000006eac00000, 0x00000006eac00000, 0x00000006eb000000|  0%| F|  |TAMS 0x00000006eac00000, 0x00000006eac00000| Untracked 
| 940|0x00000006eb000000, 0x00000006eb000000, 0x00000006eb400000|  0%| F|  |TAMS 0x00000006eb000000, 0x00000006eb000000| Untracked 
| 941|0x00000006eb400000, 0x00000006eb400000, 0x00000006eb800000|  0%| F|  |TAMS 0x00000006eb400000, 0x00000006eb400000| Untracked 
| 942|0x00000006eb800000, 0x00000006eb800000, 0x00000006ebc00000|  0%| F|  |TAMS 0x00000006eb800000, 0x00000006eb800000| Untracked 
| 943|0x00000006ebc00000, 0x00000006ebc00000, 0x00000006ec000000|  0%| F|  |TAMS 0x00000006ebc00000, 0x00000006ebc00000| Untracked 
| 944|0x00000006ec000000, 0x00000006ec000000, 0x00000006ec400000|  0%| F|  |TAMS 0x00000006ec000000, 0x00000006ec000000| Untracked 
| 945|0x00000006ec400000, 0x00000006ec400000, 0x00000006ec800000|  0%| F|  |TAMS 0x00000006ec400000, 0x00000006ec400000| Untracked 
| 946|0x00000006ec800000, 0x00000006ec800000, 0x00000006ecc00000|  0%| F|  |TAMS 0x00000006ec800000, 0x00000006ec800000| Untracked 
| 947|0x00000006ecc00000, 0x00000006ecc00000, 0x00000006ed000000|  0%| F|  |TAMS 0x00000006ecc00000, 0x00000006ecc00000| Untracked 
| 948|0x00000006ed000000, 0x00000006ed000000, 0x00000006ed400000|  0%| F|  |TAMS 0x00000006ed000000, 0x00000006ed000000| Untracked 
| 949|0x00000006ed400000, 0x00000006ed400000, 0x00000006ed800000|  0%| F|  |TAMS 0x00000006ed400000, 0x00000006ed400000| Untracked 
| 950|0x00000006ed800000, 0x00000006ed800000, 0x00000006edc00000|  0%| F|  |TAMS 0x00000006ed800000, 0x00000006ed800000| Untracked 
| 951|0x00000006edc00000, 0x00000006edc00000, 0x00000006ee000000|  0%| F|  |TAMS 0x00000006edc00000, 0x00000006edc00000| Untracked 
| 952|0x00000006ee000000, 0x00000006ee000000, 0x00000006ee400000|  0%| F|  |TAMS 0x00000006ee000000, 0x00000006ee000000| Untracked 
| 953|0x00000006ee400000, 0x00000006ee400000, 0x00000006ee800000|  0%| F|  |TAMS 0x00000006ee400000, 0x00000006ee400000| Untracked 
| 954|0x00000006ee800000, 0x00000006ee800000, 0x00000006eec00000|  0%| F|  |TAMS 0x00000006ee800000, 0x00000006ee800000| Untracked 
| 955|0x00000006eec00000, 0x00000006eec00000, 0x00000006ef000000|  0%| F|  |TAMS 0x00000006eec00000, 0x00000006eec00000| Untracked 
| 956|0x00000006ef000000, 0x00000006ef000000, 0x00000006ef400000|  0%| F|  |TAMS 0x00000006ef000000, 0x00000006ef000000| Untracked 
| 957|0x00000006ef400000, 0x00000006ef400000, 0x00000006ef800000|  0%| F|  |TAMS 0x00000006ef400000, 0x00000006ef400000| Untracked 
| 958|0x00000006ef800000, 0x00000006ef800000, 0x00000006efc00000|  0%| F|  |TAMS 0x00000006ef800000, 0x00000006ef800000| Untracked 
| 959|0x00000006efc00000, 0x00000006efc00000, 0x00000006f0000000|  0%| F|  |TAMS 0x00000006efc00000, 0x00000006efc00000| Untracked 
| 960|0x00000006f0000000, 0x00000006f0000000, 0x00000006f0400000|  0%| F|  |TAMS 0x00000006f0000000, 0x00000006f0000000| Untracked 
| 961|0x00000006f0400000, 0x00000006f0400000, 0x00000006f0800000|  0%| F|  |TAMS 0x00000006f0400000, 0x00000006f0400000| Untracked 
| 962|0x00000006f0800000, 0x00000006f0800000, 0x00000006f0c00000|  0%| F|  |TAMS 0x00000006f0800000, 0x00000006f0800000| Untracked 
| 963|0x00000006f0c00000, 0x00000006f0c00000, 0x00000006f1000000|  0%| F|  |TAMS 0x00000006f0c00000, 0x00000006f0c00000| Untracked 
| 964|0x00000006f1000000, 0x00000006f1000000, 0x00000006f1400000|  0%| F|  |TAMS 0x00000006f1000000, 0x00000006f1000000| Untracked 
| 965|0x00000006f1400000, 0x00000006f1400000, 0x00000006f1800000|  0%| F|  |TAMS 0x00000006f1400000, 0x00000006f1400000| Untracked 
| 966|0x00000006f1800000, 0x00000006f1800000, 0x00000006f1c00000|  0%| F|  |TAMS 0x00000006f1800000, 0x00000006f1800000| Untracked 
| 967|0x00000006f1c00000, 0x00000006f1c00000, 0x00000006f2000000|  0%| F|  |TAMS 0x00000006f1c00000, 0x00000006f1c00000| Untracked 
| 968|0x00000006f2000000, 0x00000006f2000000, 0x00000006f2400000|  0%| F|  |TAMS 0x00000006f2000000, 0x00000006f2000000| Untracked 
| 969|0x00000006f2400000, 0x00000006f2400000, 0x00000006f2800000|  0%| F|  |TAMS 0x00000006f2400000, 0x00000006f2400000| Untracked 
| 970|0x00000006f2800000, 0x00000006f2800000, 0x00000006f2c00000|  0%| F|  |TAMS 0x00000006f2800000, 0x00000006f2800000| Untracked 
| 971|0x00000006f2c00000, 0x00000006f2c00000, 0x00000006f3000000|  0%| F|  |TAMS 0x00000006f2c00000, 0x00000006f2c00000| Untracked 
| 972|0x00000006f3000000, 0x00000006f3000000, 0x00000006f3400000|  0%| F|  |TAMS 0x00000006f3000000, 0x00000006f3000000| Untracked 
| 973|0x00000006f3400000, 0x00000006f3400000, 0x00000006f3800000|  0%| F|  |TAMS 0x00000006f3400000, 0x00000006f3400000| Untracked 
| 974|0x00000006f3800000, 0x00000006f3800000, 0x00000006f3c00000|  0%| F|  |TAMS 0x00000006f3800000, 0x00000006f3800000| Untracked 
| 975|0x00000006f3c00000, 0x00000006f3c00000, 0x00000006f4000000|  0%| F|  |TAMS 0x00000006f3c00000, 0x00000006f3c00000| Untracked 
| 976|0x00000006f4000000, 0x00000006f4000000, 0x00000006f4400000|  0%| F|  |TAMS 0x00000006f4000000, 0x00000006f4000000| Untracked 
| 977|0x00000006f4400000, 0x00000006f4400000, 0x00000006f4800000|  0%| F|  |TAMS 0x00000006f4400000, 0x00000006f4400000| Untracked 
| 978|0x00000006f4800000, 0x00000006f4800000, 0x00000006f4c00000|  0%| F|  |TAMS 0x00000006f4800000, 0x00000006f4800000| Untracked 
| 979|0x00000006f4c00000, 0x00000006f4c00000, 0x00000006f5000000|  0%| F|  |TAMS 0x00000006f4c00000, 0x00000006f4c00000| Untracked 
| 980|0x00000006f5000000, 0x00000006f5000000, 0x00000006f5400000|  0%| F|  |TAMS 0x00000006f5000000, 0x00000006f5000000| Untracked 
| 981|0x00000006f5400000, 0x00000006f5400000, 0x00000006f5800000|  0%| F|  |TAMS 0x00000006f5400000, 0x00000006f5400000| Untracked 
| 982|0x00000006f5800000, 0x00000006f5800000, 0x00000006f5c00000|  0%| F|  |TAMS 0x00000006f5800000, 0x00000006f5800000| Untracked 
| 983|0x00000006f5c00000, 0x00000006f5f7af40, 0x00000006f6000000| 87%| S|CS|TAMS 0x00000006f5c00000, 0x00000006f5c00000| Complete 
| 984|0x00000006f6000000, 0x00000006f6400000, 0x00000006f6400000|100%| S|CS|TAMS 0x00000006f6000000, 0x00000006f6000000| Complete 
| 985|0x00000006f6400000, 0x00000006f6800000, 0x00000006f6800000|100%| S|CS|TAMS 0x00000006f6400000, 0x00000006f6400000| Complete 
| 986|0x00000006f6800000, 0x00000006f6c00000, 0x00000006f6c00000|100%| S|CS|TAMS 0x00000006f6800000, 0x00000006f6800000| Complete 
| 987|0x00000006f6c00000, 0x00000006f7000000, 0x00000006f7000000|100%| S|CS|TAMS 0x00000006f6c00000, 0x00000006f6c00000| Complete 
| 988|0x00000006f7000000, 0x00000006f7000000, 0x00000006f7400000|  0%| F|  |TAMS 0x00000006f7000000, 0x00000006f7000000| Untracked 
| 989|0x00000006f7400000, 0x00000006f7400000, 0x00000006f7800000|  0%| F|  |TAMS 0x00000006f7400000, 0x00000006f7400000| Untracked 
| 990|0x00000006f7800000, 0x00000006f7800000, 0x00000006f7c00000|  0%| F|  |TAMS 0x00000006f7800000, 0x00000006f7800000| Untracked 
| 991|0x00000006f7c00000, 0x00000006f7c00000, 0x00000006f8000000|  0%| F|  |TAMS 0x00000006f7c00000, 0x00000006f7c00000| Untracked 
| 992|0x00000006f8000000, 0x00000006f8000000, 0x00000006f8400000|  0%| F|  |TAMS 0x00000006f8000000, 0x00000006f8000000| Untracked 
| 993|0x00000006f8400000, 0x00000006f8400000, 0x00000006f8800000|  0%| F|  |TAMS 0x00000006f8400000, 0x00000006f8400000| Untracked 
| 994|0x00000006f8800000, 0x00000006f8800000, 0x00000006f8c00000|  0%| F|  |TAMS 0x00000006f8800000, 0x00000006f8800000| Untracked 
| 995|0x00000006f8c00000, 0x00000006f9000000, 0x00000006f9000000|100%| S|CS|TAMS 0x00000006f8c00000, 0x00000006f8c00000| Complete 
| 996|0x00000006f9000000, 0x00000006f9400000, 0x00000006f9400000|100%| S|CS|TAMS 0x00000006f9000000, 0x00000006f9000000| Complete 
| 997|0x00000006f9400000, 0x00000006f95705b0, 0x00000006f9800000| 35%| E|  |TAMS 0x00000006f9400000, 0x00000006f9400000| Complete 
| 998|0x00000006f9800000, 0x00000006f9c00000, 0x00000006f9c00000|100%| E|CS|TAMS 0x00000006f9800000, 0x00000006f9800000| Complete 
| 999|0x00000006f9c00000, 0x00000006fa000000, 0x00000006fa000000|100%| E|CS|TAMS 0x00000006f9c00000, 0x00000006f9c00000| Complete 
|1000|0x00000006fa000000, 0x00000006fa400000, 0x00000006fa400000|100%| E|CS|TAMS 0x00000006fa000000, 0x00000006fa000000| Complete 
|1001|0x00000006fa400000, 0x00000006fa800000, 0x00000006fa800000|100%| E|CS|TAMS 0x00000006fa400000, 0x00000006fa400000| Complete 
|1002|0x00000006fa800000, 0x00000006fac00000, 0x00000006fac00000|100%| E|CS|TAMS 0x00000006fa800000, 0x00000006fa800000| Complete 
|1003|0x00000006fac00000, 0x00000006fb000000, 0x00000006fb000000|100%| E|  |TAMS 0x00000006fac00000, 0x00000006fac00000| Complete 
|1004|0x00000006fb000000, 0x00000006fb400000, 0x00000006fb400000|100%| E|CS|TAMS 0x00000006fb000000, 0x00000006fb000000| Complete 
|1005|0x00000006fb400000, 0x00000006fb800000, 0x00000006fb800000|100%| E|CS|TAMS 0x00000006fb400000, 0x00000006fb400000| Complete 
|1006|0x00000006fb800000, 0x00000006fbc00000, 0x00000006fbc00000|100%| E|CS|TAMS 0x00000006fb800000, 0x00000006fb800000| Complete 
|1007|0x00000006fbc00000, 0x00000006fc000000, 0x00000006fc000000|100%| E|CS|TAMS 0x00000006fbc00000, 0x00000006fbc00000| Complete 
|1008|0x00000006fc000000, 0x00000006fc400000, 0x00000006fc400000|100%| E|CS|TAMS 0x00000006fc000000, 0x00000006fc000000| Complete 
|1009|0x00000006fc400000, 0x00000006fc800000, 0x00000006fc800000|100%| E|CS|TAMS 0x00000006fc400000, 0x00000006fc400000| Complete 
|1010|0x00000006fc800000, 0x00000006fcc00000, 0x00000006fcc00000|100%| E|CS|TAMS 0x00000006fc800000, 0x00000006fc800000| Complete 
|1011|0x00000006fcc00000, 0x00000006fd000000, 0x00000006fd000000|100%| E|CS|TAMS 0x00000006fcc00000, 0x00000006fcc00000| Complete 
|1012|0x00000006fd000000, 0x00000006fd400000, 0x00000006fd400000|100%| E|CS|TAMS 0x00000006fd000000, 0x00000006fd000000| Complete 
|1013|0x00000006fd400000, 0x00000006fd800000, 0x00000006fd800000|100%| E|CS|TAMS 0x00000006fd400000, 0x00000006fd400000| Complete 
|1014|0x00000006fd800000, 0x00000006fdc00000, 0x00000006fdc00000|100%| E|CS|TAMS 0x00000006fd800000, 0x00000006fd800000| Complete 
|1015|0x00000006fdc00000, 0x00000006fe000000, 0x00000006fe000000|100%| E|CS|TAMS 0x00000006fdc00000, 0x00000006fdc00000| Complete 
|1016|0x00000006fe000000, 0x00000006fe400000, 0x00000006fe400000|100%| E|CS|TAMS 0x00000006fe000000, 0x00000006fe000000| Complete 
|1017|0x00000006fe400000, 0x00000006fe800000, 0x00000006fe800000|100%| E|CS|TAMS 0x00000006fe400000, 0x00000006fe400000| Complete 
|1018|0x00000006fe800000, 0x00000006fec00000, 0x00000006fec00000|100%| E|CS|TAMS 0x00000006fe800000, 0x00000006fe800000| Complete 
|1019|0x00000006fec00000, 0x00000006ff000000, 0x00000006ff000000|100%| E|CS|TAMS 0x00000006fec00000, 0x00000006fec00000| Complete 
|1020|0x00000006ff000000, 0x00000006ff400000, 0x00000006ff400000|100%| E|CS|TAMS 0x00000006ff000000, 0x00000006ff000000| Complete 
|1021|0x00000006ff400000, 0x00000006ff800000, 0x00000006ff800000|100%| E|CS|TAMS 0x00000006ff400000, 0x00000006ff400000| Complete 
|1022|0x00000006ff800000, 0x00000006ffc00000, 0x00000006ffc00000|100%| E|CS|TAMS 0x00000006ff800000, 0x00000006ff800000| Complete 
|1023|0x00000006ffc00000, 0x0000000700000000, 0x0000000700000000|100%| E|CS|TAMS 0x00000006ffc00000, 0x00000006ffc00000| Complete 
|1024|0x0000000700000000, 0x0000000700400000, 0x0000000700400000|100%| E|CS|TAMS 0x0000000700000000, 0x0000000700000000| Complete 
|1025|0x0000000700400000, 0x0000000700800000, 0x0000000700800000|100%| E|CS|TAMS 0x0000000700400000, 0x0000000700400000| Complete 
|1026|0x0000000700800000, 0x0000000700c00000, 0x0000000700c00000|100%| E|CS|TAMS 0x0000000700800000, 0x0000000700800000| Complete 
|1027|0x0000000700c00000, 0x0000000701000000, 0x0000000701000000|100%| E|CS|TAMS 0x0000000700c00000, 0x0000000700c00000| Complete 
|1028|0x0000000701000000, 0x0000000701400000, 0x0000000701400000|100%| E|CS|TAMS 0x0000000701000000, 0x0000000701000000| Complete 
|1029|0x0000000701400000, 0x0000000701800000, 0x0000000701800000|100%| E|CS|TAMS 0x0000000701400000, 0x0000000701400000| Complete 
|1030|0x0000000701800000, 0x0000000701c00000, 0x0000000701c00000|100%| E|CS|TAMS 0x0000000701800000, 0x0000000701800000| Complete 
|1031|0x0000000701c00000, 0x0000000702000000, 0x0000000702000000|100%| E|CS|TAMS 0x0000000701c00000, 0x0000000701c00000| Complete 
|1032|0x0000000702000000, 0x0000000702400000, 0x0000000702400000|100%| E|CS|TAMS 0x0000000702000000, 0x0000000702000000| Complete 
|1033|0x0000000702400000, 0x0000000702800000, 0x0000000702800000|100%| E|CS|TAMS 0x0000000702400000, 0x0000000702400000| Complete 
|1034|0x0000000702800000, 0x0000000702c00000, 0x0000000702c00000|100%| E|CS|TAMS 0x0000000702800000, 0x0000000702800000| Complete 
|1035|0x0000000702c00000, 0x0000000703000000, 0x0000000703000000|100%| E|CS|TAMS 0x0000000702c00000, 0x0000000702c00000| Complete 
|1036|0x0000000703000000, 0x0000000703400000, 0x0000000703400000|100%| E|CS|TAMS 0x0000000703000000, 0x0000000703000000| Complete 
|1037|0x0000000703400000, 0x0000000703800000, 0x0000000703800000|100%| E|CS|TAMS 0x0000000703400000, 0x0000000703400000| Complete 
|1038|0x0000000703800000, 0x0000000703c00000, 0x0000000703c00000|100%| E|CS|TAMS 0x0000000703800000, 0x0000000703800000| Complete 
|1039|0x0000000703c00000, 0x0000000704000000, 0x0000000704000000|100%| E|CS|TAMS 0x0000000703c00000, 0x0000000703c00000| Complete 
|1040|0x0000000704000000, 0x0000000704400000, 0x0000000704400000|100%| E|CS|TAMS 0x0000000704000000, 0x0000000704000000| Complete 
|1041|0x0000000704400000, 0x0000000704800000, 0x0000000704800000|100%| E|CS|TAMS 0x0000000704400000, 0x0000000704400000| Complete 

Card table byte_map: [0x000001d2fdca0000,0x000001d2feca0000] _byte_map_base: 0x000001d2faca0000

Marking Bits (Prev, Next): (CMBitMap*) 0x000001d2fc519630, (CMBitMap*) 0x000001d2fc519670
 Prev Bits: [0x000001d2a7ea0000, 0x000001d2afea0000)
 Next Bits: [0x000001d2afea0000, 0x000001d2b7ea0000)

Polling page: 0x000001d2fa580000

Metaspace:

Usage:
  Non-class:    223.83 MB used.
      Class:     31.59 MB used.
       Both:    255.42 MB used.

Virtual space:
  Non-class space:      256.00 MB reserved,     225.44 MB ( 88%) committed,  4 nodes.
      Class space:        1.00 GB reserved,      33.19 MB (  3%) committed,  1 nodes.
             Both:        1.25 GB reserved,     258.62 MB ( 20%) committed. 

Chunk freelists:
   Non-Class:  2.42 MB
       Class:  2.69 MB
        Both:  5.11 MB

MaxMetaspaceSize: 4.00 GB
CompressedClassSpaceSize: 1.00 GB
Initial GC threshold: 21.00 MB
Current GC threshold: 266.38 MB
CDS: on
MetaspaceReclaimPolicy: balanced
 - commit_granule_bytes: 65536.
 - commit_granule_words: 8192.
 - virtual_space_node_default_size: 8388608.
 - enlarge_chunks_in_place: 1.
 - new_chunks_are_fully_committed: 0.
 - uncommit_free_chunks: 1.
 - use_allocation_guard: 0.


Internal statistics:

num_allocs_failed_limit: 21.
num_arena_births: 5690.
num_arena_deaths: 146.
num_vsnodes_births: 5.
num_vsnodes_deaths: 0.
num_space_committed: 4138.
num_space_uncommitted: 5.
num_chunks_returned_to_freelist: 268.
num_chunks_taken_from_freelist: 18258.
num_chunk_merges: 72.
num_chunk_splits: 11805.
num_chunks_enlarged: 7200.
num_inconsistent_stats: 0.

CodeHeap 'non-profiled nmethods': size=259264Kb used=22548Kb max_used=24354Kb free=236715Kb
 bounds [0x000001d298170000, 0x000001d299940000, 0x000001d2a7ea0000]
CodeHeap 'profiled nmethods': size=259264Kb used=60807Kb max_used=65245Kb free=198456Kb
 bounds [0x000001d287ea0000, 0x000001d28be60000, 0x000001d297bd0000]
CodeHeap 'non-nmethods': size=5760Kb used=2757Kb max_used=2793Kb free=3002Kb
 bounds [0x000001d297bd0000, 0x000001d297e90000, 0x000001d298170000]
 total_blobs=33445 nmethods=32191 adapters=1162
 compilation: enabled
              stopped_count=0, restarted_count=0
 full_count=0

Compilation events (20 events):
Event: 398.303 Thread 0x000001d2ffe98bc0 43499       3       org.jetbrains.kotlin.metadata.ProtoBuf$Annotation$Argument::hasValue (16 bytes)
Event: 398.303 Thread 0x000001d2ffe98bc0 nmethod 43499 0x000001d289a63590 code [0x000001d289a63720, 0x000001d289a63898]
Event: 398.303 Thread 0x000001d2ffe98bc0 43500       3       org.jetbrains.kotlin.metadata.ProtoBuf$Annotation$Argument$1::parsePartialFrom (11 bytes)
Event: 398.303 Thread 0x000001d2ffe98bc0 nmethod 43500 0x000001d28aecff10 code [0x000001d28aed00c0, 0x000001d28aed02c8]
Event: 398.303 Thread 0x000001d2ffe98bc0 43502       3       org.jetbrains.kotlin.metadata.ProtoBuf$Annotation$Argument::<init> (7 bytes)
Event: 398.303 Thread 0x000001d2ffe98bc0 nmethod 43502 0x000001d28b65d210 code [0x000001d28b65d3c0, 0x000001d28b65d508]
Event: 398.303 Thread 0x000001d2ffe98bc0 43516       1       org.jetbrains.kotlin.cli.jvm.index.JavaRoot::component2 (5 bytes)
Event: 398.303 Thread 0x000001d2ffe98bc0 nmethod 43516 0x000001d2998c0410 code [0x000001d2998c05a0, 0x000001d2998c0678]
Event: 398.303 Thread 0x000001d2ffe98bc0 43514       1       org.jetbrains.kotlin.metadata.jvm.JvmModuleProtoBuf$PackageParts::getShortClassNameList (5 bytes)
Event: 398.303 Thread 0x000001d2ffe98bc0 nmethod 43514 0x000001d298806090 code [0x000001d298806220, 0x000001d2988062f8]
Event: 398.303 Thread 0x000001d2ffe98bc0 43513       1       org.jetbrains.kotlin.metadata.jvm.JvmModuleProtoBuf$PackageParts::getClassWithJvmPackageNameShortNameList (5 bytes)
Event: 398.303 Thread 0x000001d2ffe98bc0 nmethod 43513 0x000001d298805d90 code [0x000001d298805f20, 0x000001d298805ff8]
Event: 398.303 Thread 0x000001d2ffe98bc0 43519       1       org.jetbrains.kotlin.cli.jvm.index.JavaRoot::getPrefixFqName (5 bytes)
Event: 398.303 Thread 0x000001d2ffe98bc0 nmethod 43519 0x000001d299885190 code [0x000001d299885320, 0x000001d2998853f8]
Event: 398.309 Thread 0x000001d2ffe98bc0 43521       3       it.unimi.dsi.fastutil.objects.Object2ObjectOpenHashMap::get (114 bytes)
Event: 398.309 Thread 0x000001d2ffe98bc0 nmethod 43521 0x000001d288f6f210 code [0x000001d288f6f440, 0x000001d288f6fc08]
Event: 398.310 Thread 0x000001d2ffe98bc0 43522       3       org.jetbrains.kotlin.cli.jvm.index.JvmDependenciesIndexImpl::getRoots (15 bytes)
Event: 398.311 Thread 0x000001d2ffe98bc0 nmethod 43522 0x000001d288c82890 code [0x000001d288c82a40, 0x000001d288c82d28]
Event: 398.312 Thread 0x000001d2ffe98bc0 43523       3       org.jetbrains.kotlin.name.ClassId$Companion::topLevel (34 bytes)
Event: 398.312 Thread 0x000001d2ffe98bc0 nmethod 43523 0x000001d289529e90 code [0x000001d28952a120, 0x000001d28952a9c8]

GC Heap History (20 events):
Event: 116.681 GC heap before
{Heap before GC invocations=63 (full 0):
 garbage-first heap   total 3198976K, used 509433K [0x0000000600000000, 0x0000000800000000)
  region size 4096K, 39 young (159744K), 4 survivors (16384K)
 Metaspace       used 164826K, committed 167616K, reserved 1245184K
  class space    used 21534K, committed 22976K, reserved 1048576K
}
Event: 116.841 GC heap after
{Heap after GC invocations=64 (full 0):
 garbage-first heap   total 3198976K, used 415317K [0x0000000600000000, 0x0000000800000000)
  region size 4096K, 5 young (20480K), 5 survivors (20480K)
 Metaspace       used 164826K, committed 167616K, reserved 1245184K
  class space    used 21534K, committed 22976K, reserved 1048576K
}
Event: 118.617 GC heap before
{Heap before GC invocations=64 (full 0):
 garbage-first heap   total 3198976K, used 550485K [0x0000000600000000, 0x0000000800000000)
  region size 4096K, 39 young (159744K), 5 survivors (20480K)
 Metaspace       used 164896K, committed 167680K, reserved 1245184K
  class space    used 21534K, committed 22976K, reserved 1048576K
}
Event: 118.723 GC heap after
{Heap after GC invocations=65 (full 0):
 garbage-first heap   total 3198976K, used 432617K [0x0000000600000000, 0x0000000800000000)
  region size 4096K, 4 young (16384K), 4 survivors (16384K)
 Metaspace       used 164896K, committed 167680K, reserved 1245184K
  class space    used 21534K, committed 22976K, reserved 1048576K
}
Event: 120.557 GC heap before
{Heap before GC invocations=65 (full 0):
 garbage-first heap   total 3198976K, used 571881K [0x0000000600000000, 0x0000000800000000)
  region size 4096K, 39 young (159744K), 4 survivors (16384K)
 Metaspace       used 165017K, committed 167808K, reserved 1245184K
  class space    used 21538K, committed 22976K, reserved 1048576K
}
Event: 120.582 GC heap after
{Heap after GC invocations=66 (full 0):
 garbage-first heap   total 3198976K, used 452096K [0x0000000600000000, 0x0000000800000000)
  region size 4096K, 5 young (20480K), 5 survivors (20480K)
 Metaspace       used 165017K, committed 167808K, reserved 1245184K
  class space    used 21538K, committed 22976K, reserved 1048576K
}
Event: 121.306 GC heap before
{Heap before GC invocations=66 (full 0):
 garbage-first heap   total 3198976K, used 644608K [0x0000000600000000, 0x0000000800000000)
  region size 4096K, 45 young (184320K), 5 survivors (20480K)
 Metaspace       used 165305K, committed 168064K, reserved 1245184K
  class space    used 21570K, committed 22976K, reserved 1048576K
}
Event: 121.402 GC heap after
{Heap after GC invocations=67 (full 0):
 garbage-first heap   total 3198976K, used 491962K [0x0000000600000000, 0x0000000800000000)
  region size 4096K, 2 young (8192K), 2 survivors (8192K)
 Metaspace       used 165305K, committed 168064K, reserved 1245184K
  class space    used 21570K, committed 22976K, reserved 1048576K
}
Event: 139.232 GC heap before
{Heap before GC invocations=67 (full 0):
 garbage-first heap   total 3198976K, used 721338K [0x0000000600000000, 0x0000000800000000)
  region size 4096K, 58 young (237568K), 2 survivors (8192K)
 Metaspace       used 168562K, committed 171392K, reserved 1245184K
  class space    used 21783K, committed 23232K, reserved 1048576K
}
Event: 139.255 GC heap after
{Heap after GC invocations=68 (full 0):
 garbage-first heap   total 3198976K, used 474333K [0x0000000600000000, 0x0000000800000000)
  region size 4096K, 5 young (20480K), 5 survivors (20480K)
 Metaspace       used 168562K, committed 171392K, reserved 1245184K
  class space    used 21783K, committed 23232K, reserved 1048576K
}
Event: 376.294 GC heap before
{Heap before GC invocations=68 (full 0):
 garbage-first heap   total 3198976K, used 2452701K [0x0000000600000000, 0x0000000800000000)
  region size 4096K, 468 young (1916928K), 5 survivors (20480K)
 Metaspace       used 225999K, committed 229184K, reserved 1310720K
  class space    used 27877K, committed 29504K, reserved 1048576K
}
Event: 378.150 GC heap after
{Heap after GC invocations=69 (full 0):
 garbage-first heap   total 3198976K, used 557232K [0x0000000600000000, 0x0000000800000000)
  region size 4096K, 23 young (94208K), 23 survivors (94208K)
 Metaspace       used 225999K, committed 229184K, reserved 1310720K
  class space    used 27877K, committed 29504K, reserved 1048576K
}
Event: 379.429 GC heap before
{Heap before GC invocations=69 (full 0):
 garbage-first heap   total 3198976K, used 622768K [0x0000000600000000, 0x0000000800000000)
  region size 4096K, 39 young (159744K), 23 survivors (94208K)
 Metaspace       used 226421K, committed 229504K, reserved 1310720K
  class space    used 27917K, committed 29504K, reserved 1048576K
}
Event: 380.184 GC heap after
{Heap after GC invocations=70 (full 0):
 garbage-first heap   total 3198976K, used 563372K [0x0000000600000000, 0x0000000800000000)
  region size 4096K, 4 young (16384K), 4 survivors (16384K)
 Metaspace       used 226421K, committed 229504K, reserved 1310720K
  class space    used 27917K, committed 29504K, reserved 1048576K
}
Event: 381.865 GC heap before
{Heap before GC invocations=70 (full 0):
 garbage-first heap   total 3198976K, used 702636K [0x0000000600000000, 0x0000000800000000)
  region size 4096K, 39 young (159744K), 4 survivors (16384K)
 Metaspace       used 226821K, committed 229952K, reserved 1310720K
  class space    used 27926K, committed 29504K, reserved 1048576K
}
Event: 382.161 GC heap after
{Heap after GC invocations=71 (full 0):
 garbage-first heap   total 4268032K, used 580890K [0x0000000600000000, 0x0000000800000000)
  region size 4096K, 5 young (20480K), 5 survivors (20480K)
 Metaspace       used 226821K, committed 229952K, reserved 1310720K
  class space    used 27926K, committed 29504K, reserved 1048576K
}
Event: 384.807 GC heap before
{Heap before GC invocations=71 (full 0):
 garbage-first heap   total 4268032K, used 769306K [0x0000000600000000, 0x0000000800000000)
  region size 4096K, 52 young (212992K), 5 survivors (20480K)
 Metaspace       used 228221K, committed 231296K, reserved 1310720K
  class space    used 28050K, committed 29632K, reserved 1048576K
}
Event: 385.137 GC heap after
{Heap after GC invocations=72 (full 0):
 garbage-first heap   total 4268032K, used 612601K [0x0000000600000000, 0x0000000800000000)
  region size 4096K, 7 young (28672K), 7 survivors (28672K)
 Metaspace       used 228221K, committed 231296K, reserved 1310720K
  class space    used 28050K, committed 29632K, reserved 1048576K
}
Event: 386.147 GC heap before
{Heap before GC invocations=72 (full 0):
 garbage-first heap   total 4268032K, used 792825K [0x0000000600000000, 0x0000000800000000)
  region size 4096K, 52 young (212992K), 7 survivors (28672K)
 Metaspace       used 231050K, committed 234176K, reserved 1310720K
  class space    used 28354K, committed 29952K, reserved 1048576K
}
Event: 386.204 GC heap after
{Heap after GC invocations=73 (full 0):
 garbage-first heap   total 4268032K, used 638847K [0x0000000600000000, 0x0000000800000000)
  region size 4096K, 7 young (28672K), 7 survivors (28672K)
 Metaspace       used 231050K, committed 234176K, reserved 1310720K
  class space    used 28354K, committed 29952K, reserved 1048576K
}

Dll operation events (16 events):
Event: 0.031 Loaded shared library C:\Program Files\Java\jdk-19\bin\java.dll
Event: 0.045 Loaded shared library C:\Program Files\Java\jdk-19\bin\jsvml.dll
Event: 0.166 Loaded shared library C:\Program Files\Java\jdk-19\bin\zip.dll
Event: 0.189 Loaded shared library C:\Program Files\Java\jdk-19\bin\instrument.dll
Event: 0.203 Loaded shared library C:\Program Files\Java\jdk-19\bin\net.dll
Event: 0.205 Loaded shared library C:\Program Files\Java\jdk-19\bin\nio.dll
Event: 0.207 Loaded shared library C:\Program Files\Java\jdk-19\bin\zip.dll
Event: 0.619 Loaded shared library C:\Program Files\Java\jdk-19\bin\jimage.dll
Event: 0.786 Loaded shared library C:\Program Files\Java\jdk-19\bin\verify.dll
Event: 0.952 Loaded shared library C:\Users\RAHUL\.gradle\native\c067742578af261105cb4f569cf0c3c89f3d7b1fecec35dd04571415982c5e48\windows-amd64\native-platform.dll
Event: 0.970 Loaded shared library C:\Users\RAHUL\.gradle\native\100fb08df4bc3b14c8652ba06237920a3bd2aa13389f12d3474272988ae205f9\windows-amd64\native-platform-file-events.dll
Event: 2.454 Loaded shared library C:\Program Files\Java\jdk-19\bin\management.dll
Event: 2.458 Loaded shared library C:\Program Files\Java\jdk-19\bin\management_ext.dll
Event: 2.741 Loaded shared library C:\Program Files\Java\jdk-19\bin\extnet.dll
Event: 3.082 Loaded shared library C:\Program Files\Java\jdk-19\bin\sunmscapi.dll
Event: 30.726 Loaded shared library C:\Program Files\Java\jdk-19\bin\rmi.dll

Deoptimization events (20 events):
Event: 398.258 Thread 0x000001d2cc939b90 Uncommon trap: trap_request=0xffffffde fr.pc=0x000001d2998c2270 relative=0x00000000000007f0
Event: 398.258 Thread 0x000001d2cc939b90 Uncommon trap: reason=class_check action=maybe_recompile pc=0x000001d2998c2270 method=com.intellij.psi.stubs.StubBase.<init>(Lcom/intellij/psi/stubs/StubElement;Lcom/intellij/psi/stubs/IStubElementType;)V @ 50 c2
Event: 398.259 Thread 0x000001d2cc939b90 DEOPT PACKING pc=0x000001d2998c2270 sp=0x00000031526fa3c0
Event: 398.259 Thread 0x000001d2cc939b90 DEOPT UNPACKING pc=0x000001d297c36da3 sp=0x00000031526fa3b0 mode 2
Event: 398.259 Thread 0x000001d2cc939b90 Uncommon trap: trap_request=0xffffff45 fr.pc=0x000001d29944b3b4 relative=0x0000000000001cf4
Event: 398.259 Thread 0x000001d2cc939b90 Uncommon trap: reason=unstable_if action=reinterpret pc=0x000001d29944b3b4 method=com.intellij.psi.stubs.StubList.nonDfsOrderDetected(II)Z @ 16 c2
Event: 398.259 Thread 0x000001d2cc939b90 DEOPT PACKING pc=0x000001d29944b3b4 sp=0x00000031526f9ba0
Event: 398.260 Thread 0x000001d2cc939b90 DEOPT UNPACKING pc=0x000001d297c36da3 sp=0x00000031526f9a88 mode 2
Event: 398.286 Thread 0x000001d2cc938650 Uncommon trap: trap_request=0xffffffc6 fr.pc=0x000001d299894b9c relative=0x000000000000073c
Event: 398.286 Thread 0x000001d2cc938650 Uncommon trap: reason=bimorphic_or_optimized_type_check action=maybe_recompile pc=0x000001d299894b9c method=com.intellij.openapi.vfs.VirtualFile.findChild(Ljava/lang/String;)Lcom/intellij/openapi/vfs/VirtualFile; @ 10 c2
Event: 398.286 Thread 0x000001d2cc938650 DEOPT PACKING pc=0x000001d299894b9c sp=0x0000003151dfd250
Event: 398.286 Thread 0x000001d2cc938650 DEOPT UNPACKING pc=0x000001d297c36da3 sp=0x0000003151dfd1f8 mode 2
Event: 398.288 Thread 0x000001d2cc935130 Uncommon trap: trap_request=0xffffffc6 fr.pc=0x000001d299894b9c relative=0x000000000000073c
Event: 398.288 Thread 0x000001d2cc935130 Uncommon trap: reason=bimorphic_or_optimized_type_check action=maybe_recompile pc=0x000001d299894b9c method=com.intellij.openapi.vfs.VirtualFile.findChild(Ljava/lang/String;)Lcom/intellij/openapi/vfs/VirtualFile; @ 10 c2
Event: 398.288 Thread 0x000001d2cc935130 DEOPT PACKING pc=0x000001d299894b9c sp=0x00000031523fcda0
Event: 398.289 Thread 0x000001d2cc935130 DEOPT UNPACKING pc=0x000001d297c36da3 sp=0x00000031523fcd48 mode 2
Event: 398.292 Thread 0x000001d2cc938650 Uncommon trap: trap_request=0xffffffde fr.pc=0x000001d2997fad94 relative=0x0000000000001f54
Event: 398.292 Thread 0x000001d2cc938650 Uncommon trap: reason=class_check action=maybe_recompile pc=0x000001d2997fad94 method=kotlin.collections.CollectionsKt___CollectionsKt.toCollection(Ljava/lang/Iterable;Ljava/util/Collection;)Ljava/util/Collection; @ 14 c2
Event: 398.292 Thread 0x000001d2cc938650 DEOPT PACKING pc=0x000001d2997fad94 sp=0x0000003151dfcdd0
Event: 398.292 Thread 0x000001d2cc938650 DEOPT UNPACKING pc=0x000001d297c36da3 sp=0x0000003151dfce00 mode 2

Classes loaded (20 events):
Event: 368.854 Loading class java/util/concurrent/atomic/AtomicIntegerFieldUpdater$AtomicIntegerFieldUpdaterImpl$1
Event: 368.854 Loading class java/util/concurrent/atomic/AtomicIntegerFieldUpdater$AtomicIntegerFieldUpdaterImpl$1 done
Event: 371.754 Loading class java/nio/channels/Channels$ReadableByteChannelImpl
Event: 371.755 Loading class java/nio/channels/Channels$ReadableByteChannelImpl done
Event: 371.756 Loading class java/nio/channels/NonWritableChannelException
Event: 371.756 Loading class java/nio/channels/NonWritableChannelException done
Event: 375.607 Loading class sun/nio/cs/UTF_32BE
Event: 375.608 Loading class sun/nio/cs/UTF_32BE done
Event: 375.609 Loading class sun/nio/cs/UTF_32LE
Event: 375.609 Loading class sun/nio/cs/UTF_32LE done
Event: 375.609 Loading class sun/nio/cs/MS1251
Event: 375.610 Loading class sun/nio/cs/MS1251 done
Event: 375.641 Loading class java/beans/PropertyChangeSupport
Event: 375.642 Loading class java/beans/PropertyChangeSupport done
Event: 375.643 Loading class java/beans/PropertyChangeSupport$PropertyChangeListenerMap
Event: 375.643 Loading class java/beans/ChangeListenerMap
Event: 375.643 Loading class java/beans/ChangeListenerMap done
Event: 375.643 Loading class java/beans/PropertyChangeSupport$PropertyChangeListenerMap done
Event: 388.798 Loading class java/util/jar/JarInputStream
Event: 388.804 Loading class java/util/jar/JarInputStream done

Classes unloaded (20 events):
Event: 75.608 Thread 0x000001d2ffe74260 Unloading class 0x000000080228ada0 'jdk/internal/jimage/ImageHeader'
Event: 75.608 Thread 0x000001d2ffe74260 Unloading class 0x000000080228ab80 'jdk/internal/jimage/BasicImageReader$2'
Event: 75.608 Thread 0x000001d2ffe74260 Unloading class 0x000000080228a960 'jdk/internal/jimage/BasicImageReader$1'
Event: 75.608 Thread 0x000001d2ffe74260 Unloading class 0x000000080228a708 'jdk/internal/jimage/ImageReader$Resource'
Event: 75.608 Thread 0x000001d2ffe74260 Unloading class 0x000000080228a4b0 'jdk/internal/jimage/ImageReader$LinkNode'
Event: 75.608 Thread 0x000001d2ffe74260 Unloading class 0x000000080228a258 'jdk/internal/jimage/ImageReader$Directory'
Event: 75.608 Thread 0x000001d2ffe74260 Unloading class 0x000000080228a000 'jdk/internal/jimage/ImageReader$Node'
Event: 75.608 Thread 0x000001d2ffe74260 Unloading class 0x0000000802289db0 'jdk/internal/jimage/ImageStrings'
Event: 75.609 Thread 0x000001d2ffe74260 Unloading class 0x0000000802289b00 'jdk/internal/jimage/ImageReader$SharedImageReader'
Event: 75.609 Thread 0x000001d2ffe74260 Unloading class 0x0000000802289850 'jdk/internal/jimage/BasicImageReader'
Event: 75.609 Thread 0x000001d2ffe74260 Unloading class 0x0000000802289640 'jdk/internal/jimage/ImageReader'
Event: 75.609 Thread 0x000001d2ffe74260 Unloading class 0x0000000802289428 'jdk/internal/jrtfs/SystemImage$2'
Event: 75.609 Thread 0x000001d2ffe74260 Unloading class 0x0000000802289220 'jdk/internal/jrtfs/SystemImage$$Lambda$2727+0x0000000802289220'
Event: 75.609 Thread 0x000001d2ffe74260 Unloading class 0x0000000802289000 'jdk/internal/jrtfs/ExplodedImage'
Event: 75.609 Thread 0x000001d2ffe74260 Unloading class 0x0000000802288d78 'jdk/internal/jrtfs/SystemImage$1'
Event: 75.609 Thread 0x000001d2ffe74260 Unloading class 0x0000000802288b70 'jdk/internal/jrtfs/SystemImage'
Event: 75.609 Thread 0x000001d2ffe74260 Unloading class 0x0000000802288920 'jdk/internal/jrtfs/JrtFileStore'
Event: 75.610 Thread 0x000001d2ffe74260 Unloading class 0x00000008022885b8 'jdk/internal/jrtfs/JrtPath'
Event: 75.610 Thread 0x000001d2ffe74260 Unloading class 0x00000008022882d0 'jdk/internal/jrtfs/JrtFileSystem'
Event: 75.610 Thread 0x000001d2ffe74260 Unloading class 0x0000000802288000 'jdk/internal/jrtfs/JrtFileSystemProvider'

Classes redefined (0 events):
No events

Internal exceptions (20 events):
Event: 386.141 Thread 0x000001d2cc938100 Exception <a 'sun/nio/fs/WindowsException'{0x00000006f967a720}> (0x00000006f967a720) 
thrown [s\open\src\hotspot\share\prims\jni.cpp, line 517]
Event: 386.286 Thread 0x000001d2cc939b90 Implicit null exception at 0x000001d29891a650 to 0x000001d29891a724
Event: 386.398 Thread 0x000001d2cc935130 Implicit null exception at 0x000001d299865750 to 0x000001d299865824
Event: 386.456 Thread 0x000001d2cc939b90 Exception <a 'sun/nio/fs/WindowsException'{0x00000007036387d8}> (0x00000007036387d8) 
thrown [s\open\src\hotspot\share\prims\jni.cpp, line 517]
Event: 386.456 Thread 0x000001d2cc939b90 Exception <a 'sun/nio/fs/WindowsException'{0x000000070363a438}> (0x000000070363a438) 
thrown [s\open\src\hotspot\share\prims\jni.cpp, line 517]
Event: 386.530 Thread 0x000001d2cc938100 Exception <a 'sun/nio/fs/WindowsException'{0x0000000702e0a5c8}> (0x0000000702e0a5c8) 
thrown [s\open\src\hotspot\share\prims\jni.cpp, line 517]
Event: 386.531 Thread 0x000001d2cc939b90 Exception <a 'sun/nio/fs/WindowsException'{0x0000000702d81408}> (0x0000000702d81408) 
thrown [s\open\src\hotspot\share\prims\jni.cpp, line 517]
Event: 386.531 Thread 0x000001d2cc939b90 Exception <a 'sun/nio/fs/WindowsException'{0x0000000702d83068}> (0x0000000702d83068) 
thrown [s\open\src\hotspot\share\prims\jni.cpp, line 517]
Event: 387.093 Thread 0x000001d2cc938650 Implicit null exception at 0x000001d2998c7e6f to 0x000001d2998c9ab0
Event: 387.093 Thread 0x000001d2cc935130 Implicit null exception at 0x000001d2998c7e6f to 0x000001d2998c9ab0
Event: 388.423 Thread 0x000001d2cc938100 Exception <a 'java/lang/NoSuchMethodError'{0x00000006fea1df50}: 'java.lang.Object java.lang.invoke.DirectMethodHandle$Holder.invokeStaticInit(java.lang.Object, long)'> (0x00000006fea1df50) 
thrown [s\open\src\hotspot\share\interpreter\linkResolver.cpp, line 774]
Event: 388.423 Thread 0x000001d2cc938650 Exception <a 'java/lang/NoSuchMethodError'{0x00000006fe84c660}: 'java.lang.Object java.lang.invoke.DirectMethodHandle$Holder.invokeStaticInit(java.lang.Object, long)'> (0x00000006fe84c660) 
thrown [s\open\src\hotspot\share\interpreter\linkResolver.cpp, line 774]
Event: 388.671 Thread 0x000001d2cc938100 Implicit null exception at 0x000001d298414971 to 0x000001d298415990
Event: 388.671 Thread 0x000001d2cc939b90 Implicit null exception at 0x000001d298414971 to 0x000001d298415990
Event: 388.671 Thread 0x000001d2cc935130 Implicit null exception at 0x000001d298414971 to 0x000001d298415990
Event: 388.671 Thread 0x000001d2cc938650 Implicit null exception at 0x000001d298414971 to 0x000001d298415990
Event: 398.256 Thread 0x000001d2cc939b90 Implicit null exception at 0x000001d299099d40 to 0x000001d29909a200
Event: 398.310 Thread 0x000001d2cc939b90 Exception <a 'sun/nio/fs/WindowsException'{0x00000006fa20d5b0}> (0x00000006fa20d5b0) 
thrown [s\open\src\hotspot\share\prims\jni.cpp, line 517]
Event: 398.310 Thread 0x000001d2cc939b90 Exception <a 'sun/nio/fs/WindowsException'{0x00000006fa20e8b8}> (0x00000006fa20e8b8) 
thrown [s\open\src\hotspot\share\prims\jni.cpp, line 517]
Event: 398.311 Thread 0x000001d2cc939b90 Exception <a 'sun/nio/fs/WindowsException'{0x00000006fa20fb90}> (0x00000006fa20fb90) 
thrown [s\open\src\hotspot\share\prims\jni.cpp, line 517]

VM Operations (20 events):
Event: 396.254 Executing VM operation: HandshakeAllThreads done
Event: 397.045 Executing VM operation: ICBufferFull
Event: 397.051 Executing VM operation: ICBufferFull done
Event: 397.051 Executing VM operation: HandshakeAllThreads
Event: 397.051 Executing VM operation: HandshakeAllThreads done
Event: 397.054 Executing VM operation: HandshakeAllThreads
Event: 397.054 Executing VM operation: HandshakeAllThreads done
Event: 397.112 Executing VM operation: HandshakeAllThreads
Event: 397.113 Executing VM operation: HandshakeAllThreads done
Event: 397.139 Executing VM operation: HandshakeAllThreads
Event: 397.142 Executing VM operation: HandshakeAllThreads done
Event: 397.142 Executing VM operation: HandshakeAllThreads
Event: 397.143 Executing VM operation: HandshakeAllThreads done
Event: 398.143 Executing VM operation: Cleanup
Event: 398.156 Executing VM operation: Cleanup done
Event: 398.163 Executing VM operation: HandshakeAllThreads
Event: 398.163 Executing VM operation: HandshakeAllThreads done
Event: 398.221 Executing VM operation: HandshakeAllThreads
Event: 398.222 Executing VM operation: HandshakeAllThreads done
Event: 399.222 Executing VM operation: Cleanup

Events (20 events):
Event: 398.217 Thread 0x000001d2ffe99cd0 flushing nmethod 0x000001d28bb2ee90
Event: 398.217 Thread 0x000001d2ffe99cd0 flushing nmethod 0x000001d28bb3a410
Event: 398.217 Thread 0x000001d2ffe99cd0 flushing nmethod 0x000001d28bb40e90
Event: 398.217 Thread 0x000001d2ffe99cd0 flushing nmethod 0x000001d28bb45d10
Event: 398.218 Thread 0x000001d2ffe99cd0 flushing nmethod 0x000001d28bc0cd10
Event: 398.218 Thread 0x000001d2ffe99cd0 flushing nmethod 0x000001d28bc62510
Event: 398.218 Thread 0x000001d2ffe99cd0 flushing nmethod 0x000001d28bc62a10
Event: 398.218 Thread 0x000001d2ffe99cd0 flushing nmethod 0x000001d28bc7c310
Event: 398.218 Thread 0x000001d2ffe99cd0 flushing nmethod 0x000001d28bc7c690
Event: 398.218 Thread 0x000001d2ffe99cd0 flushing nmethod 0x000001d28bc82310
Event: 398.218 Thread 0x000001d2ffe99cd0 flushing nmethod 0x000001d28bc91f90
Event: 398.218 Thread 0x000001d2ffe99cd0 flushing nmethod 0x000001d28bce1f90
Event: 398.218 Thread 0x000001d2ffe99cd0 flushing nmethod 0x000001d28bcf5810
Event: 398.218 Thread 0x000001d2ffe99cd0 flushing nmethod 0x000001d28bd04910
Event: 398.218 Thread 0x000001d2ffe99cd0 flushing nmethod 0x000001d28bd07a10
Event: 398.218 Thread 0x000001d2ffe99cd0 flushing nmethod 0x000001d28bd08990
Event: 398.218 Thread 0x000001d2ffe99cd0 flushing nmethod 0x000001d28bd09090
Event: 398.218 Thread 0x000001d2ffe99cd0 flushing nmethod 0x000001d28bd39d90
Event: 398.218 Thread 0x000001d2ffe99cd0 flushing nmethod 0x000001d28bd4dd10
Event: 398.218 Thread 0x000001d2ffe99cd0 flushing nmethod 0x000001d28bd66110


Dynamic libraries:
0x00007ff6c5980000 - 0x00007ff6c5990000 	C:\Program Files\Java\jdk-19\bin\java.exe
0x00007ffb0a9c0000 - 0x00007ffb0ac29000 	C:\WINDOWS\SYSTEM32\ntdll.dll
0x00007ffb088c0000 - 0x00007ffb08989000 	C:\WINDOWS\System32\KERNEL32.DLL
0x00007ffb07f40000 - 0x00007ffb08333000 	C:\WINDOWS\System32\KERNELBASE.dll
0x00007ffa9b880000 - 0x00007ffa9b898000 	C:\Program Files\Java\jdk-19\bin\jli.dll
0x00007ffa96190000 - 0x00007ffa961ab000 	C:\Program Files\Java\jdk-19\bin\VCRUNTIME140.dll
0x00007ffb0a250000 - 0x00007ffb0a304000 	C:\WINDOWS\System32\ADVAPI32.dll
0x00007ffb094c0000 - 0x00007ffb09569000 	C:\WINDOWS\System32\msvcrt.dll
0x00007ffb09390000 - 0x00007ffb09436000 	C:\WINDOWS\System32\sechost.dll
0x00007ffb08ed0000 - 0x00007ffb08fe8000 	C:\WINDOWS\System32\RPCRT4.dll
0x00007ffb095a0000 - 0x00007ffb09764000 	C:\WINDOWS\System32\USER32.dll
0x00007ffb07f10000 - 0x00007ffb07f37000 	C:\WINDOWS\System32\win32u.dll
0x00007ffaee070000 - 0x00007ffaee303000 	C:\WINDOWS\WinSxS\amd64_microsoft.windows.common-controls_6595b64144ccf1df_6.0.26100.5074_none_3e0d6f78e32fd63f\COMCTL32.dll
0x00007ffb09570000 - 0x00007ffb0959b000 	C:\WINDOWS\System32\GDI32.dll
0x00007ffb07de0000 - 0x00007ffb07f0d000 	C:\WINDOWS\System32\gdi32full.dll
0x00007ffb07ca0000 - 0x00007ffb07d43000 	C:\WINDOWS\System32\msvcp_win.dll
0x00007ffb00d80000 - 0x00007ffb00d8b000 	C:\WINDOWS\SYSTEM32\VERSION.dll
0x00007ffb07b50000 - 0x00007ffb07c9b000 	C:\WINDOWS\System32\ucrtbase.dll
0x00007ffb08c30000 - 0x00007ffb08c5f000 	C:\WINDOWS\System32\IMM32.DLL
0x00007ffac6480000 - 0x00007ffac648c000 	C:\Program Files\Java\jdk-19\bin\vcruntime140_1.dll
0x00007ffa88870000 - 0x00007ffa888fe000 	C:\Program Files\Java\jdk-19\bin\msvcp140.dll
0x00007ffa49a20000 - 0x00007ffa4a6e0000 	C:\Program Files\Java\jdk-19\bin\server\jvm.dll
0x00007ffae2fd0000 - 0x00007ffae2fda000 	C:\WINDOWS\SYSTEM32\WSOCK32.dll
0x00007ffb08b60000 - 0x00007ffb08bd4000 	C:\WINDOWS\System32\WS2_32.dll
0x00007ffb00d40000 - 0x00007ffb00d75000 	C:\WINDOWS\SYSTEM32\WINMM.dll
0x00007ffb06930000 - 0x00007ffb0694b000 	C:\WINDOWS\SYSTEM32\kernel.appcore.dll
0x00007ffac4f00000 - 0x00007ffac4f0a000 	C:\Program Files\Java\jdk-19\bin\jimage.dll
0x00007ffafadc0000 - 0x00007ffafb002000 	C:\WINDOWS\SYSTEM32\DBGHELP.DLL
0x00007ffb09770000 - 0x00007ffb09aeb000 	C:\WINDOWS\System32\combase.dll
0x00007ffb08990000 - 0x00007ffb08a67000 	C:\WINDOWS\System32\OLEAUT32.dll
0x00007ffae7b60000 - 0x00007ffae7b9d000 	C:\WINDOWS\SYSTEM32\dbgcore.DLL
0x00007ffb08340000 - 0x00007ffb083d9000 	C:\WINDOWS\System32\bcryptPrimitives.dll
0x00007ffadbb10000 - 0x00007ffadbb1e000 	C:\Program Files\Java\jdk-19\bin\instrument.dll
0x00007ffa88760000 - 0x00007ffa88786000 	C:\Program Files\Java\jdk-19\bin\java.dll
0x00007ffa70d80000 - 0x00007ffa70e57000 	C:\Program Files\Java\jdk-19\bin\jsvml.dll
0x00007ffb09b00000 - 0x00007ffb0a24d000 	C:\WINDOWS\System32\SHELL32.dll
0x00007ffb083e0000 - 0x00007ffb0854c000 	C:\WINDOWS\System32\wintypes.dll
0x00007ffb057f0000 - 0x00007ffb06049000 	C:\WINDOWS\SYSTEM32\windows.storage.dll
0x00007ffb087b0000 - 0x00007ffb088a0000 	C:\WINDOWS\System32\SHCORE.dll
0x00007ffb08ff0000 - 0x00007ffb09052000 	C:\WINDOWS\System32\shlwapi.dll
0x00007ffb07a70000 - 0x00007ffb07a99000 	C:\WINDOWS\SYSTEM32\profapi.dll
0x00007ffa88740000 - 0x00007ffa88758000 	C:\Program Files\Java\jdk-19\bin\zip.dll
0x00007ffa95b90000 - 0x00007ffa95ba3000 	C:\Program Files\Java\jdk-19\bin\net.dll
0x00007ffafd150000 - 0x00007ffafd26f000 	C:\WINDOWS\SYSTEM32\WINHTTP.dll
0x00007ffb06eb0000 - 0x00007ffb06f1b000 	C:\WINDOWS\system32\mswsock.dll
0x00007ffa95840000 - 0x00007ffa95856000 	C:\Program Files\Java\jdk-19\bin\nio.dll
0x00007ffb02b90000 - 0x00007ffb02ba0000 	C:\Program Files\Java\jdk-19\bin\verify.dll
0x00007ffaaa7f0000 - 0x00007ffaaa817000 	C:\Users\RAHUL\.gradle\native\c067742578af261105cb4f569cf0c3c89f3d7b1fecec35dd04571415982c5e48\windows-amd64\native-platform.dll
0x00007ffaa2880000 - 0x00007ffaa29c4000 	C:\Users\RAHUL\.gradle\native\100fb08df4bc3b14c8652ba06237920a3bd2aa13389f12d3474272988ae205f9\windows-amd64\native-platform-file-events.dll
0x00007ffac4eb0000 - 0x00007ffac4eba000 	C:\Program Files\Java\jdk-19\bin\management.dll
0x00007ffaaba30000 - 0x00007ffaaba3b000 	C:\Program Files\Java\jdk-19\bin\management_ext.dll
0x00007ffb09200000 - 0x00007ffb09208000 	C:\WINDOWS\System32\PSAPI.DLL
0x00007ffb07150000 - 0x00007ffb0716b000 	C:\WINDOWS\SYSTEM32\CRYPTSP.dll
0x00007ffb06890000 - 0x00007ffb068cb000 	C:\WINDOWS\system32\rsaenh.dll
0x00007ffb06f50000 - 0x00007ffb06f7b000 	C:\WINDOWS\SYSTEM32\USERENV.dll
0x00007ffb07a40000 - 0x00007ffb07a66000 	C:\WINDOWS\SYSTEM32\bcrypt.dll
0x00007ffb07170000 - 0x00007ffb0717c000 	C:\WINDOWS\SYSTEM32\CRYPTBASE.dll
0x00007ffb06350000 - 0x00007ffb06384000 	C:\WINDOWS\SYSTEM32\IPHLPAPI.DLL
0x00007ffb088b0000 - 0x00007ffb088ba000 	C:\WINDOWS\System32\NSI.dll
0x00007ffafdb60000 - 0x00007ffafdb7e000 	C:\WINDOWS\SYSTEM32\dhcpcsvc6.DLL
0x00007ffafd490000 - 0x00007ffafd4b3000 	C:\WINDOWS\SYSTEM32\dhcpcsvc.DLL
0x00007ffb063e0000 - 0x00007ffb06506000 	C:\WINDOWS\SYSTEM32\DNSAPI.dll
0x00007ffaab5b0000 - 0x00007ffaab5b8000 	C:\Program Files\Java\jdk-19\bin\extnet.dll
0x00007ffaab5e0000 - 0x00007ffaab5ee000 	C:\Program Files\Java\jdk-19\bin\sunmscapi.dll
0x00007ffb08550000 - 0x00007ffb086c7000 	C:\WINDOWS\System32\CRYPT32.dll
0x00007ffb07370000 - 0x00007ffb073a0000 	C:\WINDOWS\SYSTEM32\ncrypt.dll
0x00007ffb07320000 - 0x00007ffb0735f000 	C:\WINDOWS\SYSTEM32\NTASN1.dll
0x00007ffae68e0000 - 0x00007ffae68e8000 	C:\WINDOWS\system32\wshunix.dll
0x00007ffae2320000 - 0x00007ffae2338000 	C:\WINDOWS\system32\napinsp.dll
0x00007ffae17d0000 - 0x00007ffae17e2000 	C:\WINDOWS\System32\winrnr.dll
0x00007ffae15b0000 - 0x00007ffae15d8000 	C:\WINDOWS\system32\nlansp_c.dll
0x00007ffafe2a0000 - 0x00007ffafe2b6000 	C:\WINDOWS\system32\wshbth.dll
0x0000000050010000 - 0x0000000050036000 	C:\Program Files\Bonjour\mdnsNSP.dll
0x00007ffafe290000 - 0x00007ffafe29b000 	C:\Windows\System32\rasadhlp.dll
0x00007ffafc3f0000 - 0x00007ffafc476000 	C:\WINDOWS\System32\fwpuclnt.dll
0x00007ffb06a50000 - 0x00007ffb06a86000 	C:\WINDOWS\SYSTEM32\ntmarta.dll
0x00007ffaabac0000 - 0x00007ffaabac7000 	C:\Program Files\Java\jdk-19\bin\rmi.dll

dbghelp: loaded successfully - version: 4.0.5 - missing functions: none
symbol engine: initialized successfully - sym options: 0x614 - pdb path: .;C:\Program Files\Java\jdk-19\bin;C:\WINDOWS\SYSTEM32;C:\WINDOWS\WinSxS\amd64_microsoft.windows.common-controls_6595b64144ccf1df_6.0.26100.5074_none_3e0d6f78e32fd63f;C:\Program Files\Java\jdk-19\bin\server;C:\Users\RAHUL\.gradle\native\c067742578af261105cb4f569cf0c3c89f3d7b1fecec35dd04571415982c5e48\windows-amd64;C:\Users\RAHUL\.gradle\native\100fb08df4bc3b14c8652ba06237920a3bd2aa13389f12d3474272988ae205f9\windows-amd64;C:\Program Files\Bonjour

VM Arguments:
jvm_args: -XX:MaxMetaspaceSize=4G -XX:ReservedCodeCacheSize=512m -XX:+HeapDumpOnOutOfMemoryError --add-opens=java.base/java.util=ALL-UNNAMED --add-opens=java.base/java.lang=ALL-UNNAMED --add-opens=java.base/java.lang.invoke=ALL-UNNAMED --add-opens=java.prefs/java.util.prefs=ALL-UNNAMED --add-exports=jdk.compiler/com.sun.tools.javac.api=ALL-UNNAMED --add-exports=jdk.compiler/com.sun.tools.javac.util=ALL-UNNAMED --add-opens=java.base/java.nio.charset=ALL-UNNAMED --add-opens=java.base/java.net=ALL-UNNAMED --add-opens=java.base/java.util.concurrent.atomic=ALL-UNNAMED -Xmx8G -Dfile.encoding=UTF-8 -Duser.country=IN -Duser.language=en -Duser.variant -javaagent:C:\Users\RAHUL\.gradle\wrapper\dists\gradle-8.10.2-all\7iv73wktx1xtkvlq19urqw1wm\gradle-8.10.2\lib\agents\gradle-instrumentation-agent-8.10.2.jar 
java_command: org.gradle.launcher.daemon.bootstrap.GradleDaemon 8.10.2
java_class_path (initial): C:\Users\RAHUL\.gradle\wrapper\dists\gradle-8.10.2-all\7iv73wktx1xtkvlq19urqw1wm\gradle-8.10.2\lib\gradle-daemon-main-8.10.2.jar
Launcher Type: SUN_STANDARD

[Global flags]
     intx CICompilerCount                          = 4                                         {product} {ergonomic}
     uint ConcGCThreads                            = 3                                         {product} {ergonomic}
     uint G1ConcRefinementThreads                  = 10                                        {product} {ergonomic}
   size_t G1HeapRegionSize                         = 4194304                                   {product} {ergonomic}
    uintx GCDrainStackTargetSize                   = 64                                        {product} {ergonomic}
     bool HeapDumpOnOutOfMemoryError               = true                                   {manageable} {command line}
   size_t InitialHeapSize                          = 125829120                                 {product} {ergonomic}
   size_t MarkStackSize                            = 4194304                                   {product} {ergonomic}
   size_t MaxHeapSize                              = 8589934592                                {product} {command line}
   size_t MaxMetaspaceSize                         = 4294967296                                {product} {command line}
   size_t MaxNewSize                               = 5150605312                                {product} {ergonomic}
   size_t MinHeapDeltaBytes                        = 4194304                                   {product} {ergonomic}
   size_t MinHeapSize                              = 8388608                                   {product} {ergonomic}
    uintx NonNMethodCodeHeapSize                   = 5839372                                {pd product} {ergonomic}
    uintx NonProfiledCodeHeapSize                  = 265515770                              {pd product} {ergonomic}
    uintx ProfiledCodeHeapSize                     = 265515770                              {pd product} {ergonomic}
    uintx ReservedCodeCacheSize                    = 536870912                              {pd product} {command line}
     bool SegmentedCodeCache                       = true                                      {product} {ergonomic}
   size_t SoftMaxHeapSize                          = 8589934592                             {manageable} {ergonomic}
   double SweeperThreshold                         = 0.234375                                  {product} {ergonomic}
     bool UseCompressedClassPointers               = true                           {product lp64_product} {ergonomic}
     bool UseCompressedOops                        = true                           {product lp64_product} {ergonomic}
     bool UseG1GC                                  = true                                      {product} {ergonomic}
     bool UseLargePagesIndividualAllocation        = false                                  {pd product} {ergonomic}

Logging:
Log output configuration:
 #0: stdout all=warning uptime,level,tags foldmultilines=false
 #1: stderr all=off uptime,level,tags foldmultilines=false

Environment Variables:
JAVA_HOME=C:\Program Files\Java\jdk-19
CLASSPATH=L:\flutter Projects\moodmate\moodmate\android\\gradle\wrapper\gradle-wrapper.jar
PATH=C:\Program Files\Java\jdk-19\bin;C:\Program Files\Java\jdk-19\bin;C:\Program Files\Common Files\Oracle\Java\javapath;C:\windows\system32;C:\windows;C:\windows\System32\Wbem;C:\windows\System32\WindowsPowerShell\v1.0\;C:\windows\System32\OpenSSH\;C:\Program Files (x86)\NVIDIA Corporation\PhysX\Common;C:\Program Files\NVIDIA Corporation\NVIDIA NvDLISR;C:\MinGW\bin;C:\WINDOWS\system32;C:\WINDOWS;C:\WINDOWS\System32\Wbem;C:\WINDOWS\System32\WindowsPowerShell\v1.0\;C:\WINDOWS\System32\OpenSSH\;L:\android studio\flutter\bin;C:\Users\RAHUL\AppData\Local\Pub\Cache\bin;C:\Program Files\Git\cmd;C:\Program Files (x86)\Incredibuild;C:\Program Files (x86)\Windows Kits\10\Windows Performance Toolkit\;L:\Nodejs\;C:\Users\RAHUL\AppData\Local\Programs\Eclipse Adoptium\jdk-17.0.12.7-hotspot\bin;C:\Users\RAHUL\AppData\Local\Programs\Eclipse Adoptium\jdk-17.0.16.8-hotspot\bin;C:\Users\RAHUL\AppData\Local\Programs\Python\Launcher\;C:\Users\RAHUL\AppData\Local\Microsoft\WindowsApps;C:\Users\RAHUL\AppData\Local\Programs\Microsoft VS Code\bin;C:\Users\RAHUL\AppData\Local\Microsoft\WindowsApps;C:\Users\RAHUL\AppData\Local\GitHubDesktop\bin;L:\flutter apps\new\flutter\bin;L:\android studio\flutter\bin;C:\Users\RAHUL\AppData\Roaming\npm;L:\flutter sdk\flutter\bin\mingit\cmd;L:\flutter sdk\flutter\bin\mingit\cmd
USERNAME=RAHUL
OS=Windows_NT
PROCESSOR_IDENTIFIER=AMD64 Family 25 Model 80 Stepping 0, AuthenticAMD
TMP=C:\Users\RAHUL\AppData\Local\Temp
TEMP=C:\Users\RAHUL\AppData\Local\Temp



---------------  S Y S T E M  ---------------

OS:
 Windows 11 , 64 bit Build 26100 (10.0.26100.5074)
OS uptime: 1 days 1:10 hours

CPU: total 12 (initial active 12) (12 cores per cpu, 2 threads per core) family 25 model 80 stepping 0 microcode 0xa50000d, cx8, cmov, fxsr, ht, mmx, 3dnowpref, sse, sse2, sse3, ssse3, sse4a, sse4.1, sse4.2, popcnt, lzcnt, tsc, tscinvbit, avx, avx2, aes, erms, clmul, bmi1, bmi2, adx, sha, fma, vzeroupper, clflush, clflushopt, rdtscp, rdpid, fsrm

Memory: 4k page, system-wide physical 7521M (338M free)
TotalPageFile size 31073M (AvailPageFile size 2M)
current process WorkingSet (physical memory assigned to process): 450M, peak: 988M
current process commit charge ("private bytes"): 5029M, peak: 5035M

vm_info: Java HotSpot(TM) 64-Bit Server VM (19.0.1+10-21) for windows-amd64 JRE (19.0.1+10-21), built on 2022-09-14T12:45:06Z by "mach5one" with MS VC++ 17.1 (VS2022)

END.
